"R", "0x4380a8"
"W", "0x211a2b", "0x443c9094"
"W", "0x35df4b", "0x2678a205"
"R", "0x33ecd0"
"R", "0x10e02a"
"W", "0x1f27b0", "0x7148606a"
"R", "0x264b73"
"R", "0x33ecd0"
"R", "0x3c5ce5"
"W", "0xda15d", "0x1b57b136"
"R", "0x1c8f0c"
"R", "0x1be8e3"
"W", "0x2b7cbb", "0x61324ad2"
"W", "0x31fa55", "0x13cf3452"
"W", "0x2f61b1", "0x4dfac7e5"
"W", "0x2c22e4", "0x7f6f8003"
"R", "0x353922"
"W", "0x1fcdd9", "0x6a3eca0e"
"R", "0x3877ef"
"R", "0x87015"
"W", "0xcfb34", "0x7d530b1b"
"W", "0xda15d", "0x3375f3c2"
"W", "0x3d030e", "0x75da35ae"
"R", "0x2ad692"
"R", "0x42da7f"
"R", "0x2b7cbb"
"R", "0x2ebb88"
"W", "0x30ae03", "0xa94323b"
"R", "0x87015"
"W", "0xe4786", "0xcf2c8ed"
"R", "0x1d3535"
"R", "0x67d9a"
"R", "0x2e155f"
"R", "0x48b1f"
"R", "0x161172"
"R", "0x4380a8"
"R", "0x2458f8"
"R", "0x2c22e4"
"W", "0x1c8f0c", "0x96cef23"
"R", "0x2c22e4"
"W", "0x21c054", "0x7f5836f7"
"W", "0x14c52", "0xd0ee968"
"W", "0x141ef7", "0x591f06d9"
"W", "0x40e804", "0x56d8c84"
"W", "0x24ff21", "0x5b0585b2"
"R", "0x418e2d"
"R", "0x48b1f"
"R", "0x46194c"
"W", "0x230ca6", "0x108390cb"
"W", "0x3a6a6a", "0x5153cbb9"
"R", "0xcfb34"
"W", "0x1803ed", "0x15beab0"
"R", "0xe4786"
"W", "0xb08b9", "0x48b88ac6"
"W", "0x161172", "0x6046a85a"
"R", "0x283dee"
"W", "0x2e155f", "0x50891743"
"R", "0x28e417"
"R", "0x2cc90d"
"R", "0x175dc4"
"R", "0x46194c"
"W", "0x457323", "0x1b986ab4"
"R", "0x2f61b1"
"W", "0x24ff21", "0x59c3027f"
"R", "0x3f9bb2"
"W", "0xc550b", "0x4320f0b7"
"W", "0x19503f", "0x3879c57c"
"W", "0x264b73", "0x7211f6fb"
"R", "0x3b1093"
"W", "0x3877ef", "0x549374e9"
"R", "0x1e8187"
"W", "0x10e02a", "0x20be7fa3"
"R", "0x3007da"
"W", "0x26f19c", "0x9109561"
"R", "0x298a40"
"W", "0x67d9a", "0x16f06d3a"
"R", "0x1e8187"
"R", "0xcfb34"
"W", "0x10e02a", "0x3bd8688e"
"R", "0x103a01"
"W", "0x35df4b", "0x3c78f1c"
"R", "0x2ebb88"
"R", "0xda15d"
"R", "0x33ecd0"
"W", "0x3bb6bc", "0x61f5f680"
"W", "0x2b7cbb", "0x512993c6"
"W", "0x9bc67", "0x127724a9"
"R", "0x18aa16"
"W", "0x40e804", "0xb19ab1d"
"W", "0x4380a8", "0x6c4afd36"
"R", "0x16b79b"
"R", "0x12d2a5"
"R", "0x31fa55"
"W", "0x1c8f0c", "0x220a3344"
"W", "0x4041db", "0x67bcc18f"
"W", "0x1803ed", "0x202bbbbd"
"W", "0x1f27b0", "0x690bd3f9"
"R", "0x2a3069"
"R", "0x4041db"
"R", "0x21c054"
"R", "0x1803ed"
"R", "0x53148"
"R", "0x4041db"
"R", "0x35df4b"
"R", "0x264b73"
"W", "0x1e8187", "0x7cf06461"
"R", "0x2d6f36"
"R", "0x1f27b0"
"R", "0x25a54a"
"W", "0x1fcdd9", "0x171fe1e9"
"R", "0x25a54a"
"W", "0x4426d1", "0x5e5cae12"
"W", "0x19f668", "0xac18f31"
"R", "0x2797c5"
"W", "0x4380a8", "0xb492ded"
"W", "0x67d9a", "0x735f290f"
"W", "0x16b79b", "0x33324181"
"W", "0x37d1c6", "0x6d6f04f7"
"R", "0x30ae03"
"W", "0x33ecd0", "0x955043d"
"R", "0xf93d8"
"R", "0x298a40"
"R", "0x3f9bb2"
"R", "0xda15d"
"R", "0x16b79b"
"W", "0x12d2a5", "0x1c52ee2f"
"R", "0x39c441"
"W", "0x3da937", "0x6d8267ad"
"R", "0x1be8e3"
"R", "0x207402"
"R", "0xb08b9"
"W", "0x31fa55", "0x196d66f1"
"R", "0xc550b"
"W", "0x2f61b1", "0x1eee3cf"
"W", "0x12d2a5", "0x537628bc"
"R", "0x161172"
"R", "0x298a40"
"W", "0x2a3069", "0x259bc749"
"W", "0x30ae03", "0x55fb73eb"
"R", "0x7c9ec"
"W", "0x23b2cf", "0x56930f4e"
"W", "0x9163e", "0x12fed473"
"W", "0x16b79b", "0x33e9c0de"
"W", "0x3007da", "0x542d1473"
"W", "0x3f9bb2", "0x4212083f"
"R", "0x1f27b0"
"W", "0x1c8f0c", "0x4c537e96"
"W", "0x28e417", "0x6136adab"
"R", "0x118653"
"W", "0x4426d1", "0x762543d1"
"W", "0x2ad692", "0x397149d8"
"R", "0x3a6a6a"
"R", "0x31542c"
"R", "0x1b42ba"
"R", "0x2c22e4"
"R", "0x2458f8"
"R", "0x353922"
"W", "0x48b1f", "0x1f2b22e0"
"W", "0x33ecd0", "0x2510e923"
"R", "0x1e8187"
"R", "0x16b79b"
"W", "0x3b1093", "0x16023a88"
"R", "0x67d9a"
"W", "0xb08b9", "0x2ec78d92"
"R", "0x22667d"
"R", "0x39c441"
"R", "0x3d030e"
"W", "0xbaee2", "0x11f73dac"
"W", "0x103a01", "0x3e95b003"
"R", "0x28e417"
"W", "0x37d1c6", "0x4e75c26f"
"W", "0x1ddb5e", "0x288bac10"
"R", "0x1be8e3"
"W", "0xa629", "0x397e3a86"
"W", "0x3f9bb2", "0x58506f0e"
"W", "0x40e804", "0x2c17dad3"
"W", "0x3346a7", "0x4ca617b4"
"W", "0x2f61b1", "0x6f8a837a"
"W", "0x175dc4", "0x1c780c1e"
"W", "0x2ad692", "0x6d8043e8"
"R", "0x26f19c"
"R", "0x2e155f"
"R", "0x3b1093"
"W", "0x353922", "0x2d64032d"
"R", "0x1f27b"
"W", "0x3e4f60", "0x5134a215"
"W", "0x31fa55", "0x2c56c819"
"R", "0x4426d1"
"R", "0x7c9ec"
"W", "0x372b9d", "0x66539366"
"R", "0x103a01"
"W", "0x122c7c", "0x4cdf94d3"
"W", "0x19f668", "0x78855fc1"
"W", "0x22667d", "0x621e1705"
"W", "0x7c9ec", "0x98583e8"
"R", "0x3bb6bc"
"W", "0x3c5ce5", "0x8813912"
"R", "0x723c3"
"W", "0x1c8f0c", "0x31d2c71b"
"R", "0x87015"
"R", "0x1d3535"
"R", "0x2e155f"
"R", "0xb08b9"
"W", "0x35df4b", "0x4c4fcce3"
"R", "0x23b2cf"
"W", "0x118653", "0x60961693"
"R", "0x37d1c6"
"R", "0x283dee"
"W", "0x4426d1", "0x343a3a46"
"R", "0x39c441"
"W", "0x39c441", "0x38362da5"
"W", "0x3346a7", "0x2bc68786"
"W", "0x1f27b0", "0x3b78768c"
"R", "0x42da7f"
"R", "0x21c054"
"R", "0x33ecd"
"R", "0x1fcdd9"
"W", "0x10e02a", "0x19822eb8"
"W", "0x7c9ec", "0x714fbbd0"
"W", "0x122c7c", "0x4c610133"
"W", "0x723c3", "0x7f9690f2"
"W", "0x33ecd0", "0x330e2f3d"
"R", "0x1378ce"
"W", "0x14c520", "0x3a74d70e"
"W", "0x298a40", "0x5f8461a5"
"R", "0x175dc4"
"R", "0x3346a7"
"R", "0x3c5ce5"
"W", "0x418e2d", "0x6984e58a"
"R", "0x2797c5"
"W", "0x2ebb88", "0x5a933316"
"W", "0x298a4", "0x725b2c4c"
"W", "0x1d3535", "0x62be6901"
"W", "0x3d030e", "0x39a26df4"
"R", "0x118653"
"R", "0xeedaf"
"R", "0x3877ef"
"R", "0x39c441"
"R", "0x353922"
"R", "0x1c8f0c"
"W", "0x87015", "0x10546db6"
"W", "0x37d1c6", "0x2d743638"
"R", "0x3bb6bc"
"R", "0x2797c5"
"R", "0x7c9ec"
"R", "0x175dc4"
"R", "0xa6290"
"R", "0x31fa55"
"R", "0x418e2d"
"R", "0x53148"
"W", "0x1e8187", "0x5b1bf594"
"W", "0x10e02a", "0x582ddf68"
"W", "0x1ddb5e", "0x7fea2968"
"W", "0x3007da", "0x1e260a48"
"W", "0x1b42ba", "0x39a6c9fa"
"R", "0xf93d8"
"R", "0x2ebb88"
"R", "0x2ebb88"
"W", "0x103a01", "0x11eeb935"
"W", "0x12d2a5", "0x49230d5e"
"W", "0x283dee", "0x45ecb721"
"R", "0x230ca6"
"W", "0x3ef589", "0x5cadea4a"
"R", "0x42da7f"
"W", "0x2c22e4", "0x7ceead49"
"R", "0x3da937"
"R", "0xc550b"
"W", "0x1be8e3", "0xbc5352d"
"R", "0x175dc4"
"R", "0x3877ef"
"W", "0x2d6f36", "0x678c9152"
"R", "0x39c441"
"R", "0x87015"
"R", "0x37d1c6"
"R", "0x122c7c"
"R", "0x5d771"
"R", "0x2b7cbb"
"W", "0x161172", "0x638fc115"
"R", "0x2ebb88"
"R", "0x2ebb88"
"W", "0x2f61b1", "0x419d2f8e"
"R", "0x2d6f36"
"W", "0x161172", "0x1512920d"
"W", "0x161172", "0xd92f847"
"R", "0xc550b"
"W", "0x31542c", "0x18ef7a42"
"W", "0xb08b9", "0x5ed0bbdb"
"R", "0x368574"
"R", "0x35df4b"
"R", "0x723c3"
"W", "0x26f19c", "0x4b89f5f2"
"R", "0x3a6a6a"
"W", "0x1a9c91", "0x3fb48c3e"
"W", "0x391e18", "0x313d7a64"
"W", "0x5d771", "0x51000aee"
"W", "0x9bc67", "0xdcea48b"
"R", "0x2458f8"
"W", "0x2c22e4", "0x2564b454"
"W", "0x32a07e", "0x761a3c59"
"W", "0x207402", "0x739d126d"
"W", "0x53148", "0x1f77571a"
"R", "0x283dee"
"W", "0xcfb34", "0x3994ee9a"
"R", "0x18aa16"
"W", "0x1b42ba", "0x2ba8b5ea"
"W", "0x16b79b", "0x29d0350c"
"W", "0x118653", "0x4d1426c8"
"R", "0x1378ce"
"R", "0x87015"
"R", "0x368574"
"R", "0x3e4f60"
"R", "0x3d030e"
"R", "0xeedaf"
"W", "0x353922", "0x49538012"
"R", "0x9163e"
"R", "0x23b2cf"
"W", "0x1378ce", "0x3952c9f4"
"R", "0x3d030e"
"W", "0xc550b", "0x32b2b6cb"
"R", "0x3e4f60"
"R", "0x2ad692"
"W", "0x3007da", "0x490e2829"
"W", "0x2ebb88", "0x48403937"
"W", "0x207402", "0x4c14bed2"
"R", "0xe4786"
"R", "0x12d2a5"
"W", "0x2458f8", "0x4834633e"
"W", "0x230ca6", "0x344557b6"
"R", "0x3a6a6a"
"W", "0x723c3", "0x5d4a37c0"
"W", "0x3a6a6a", "0x27ed07b7"
"W", "0x33ecd0", "0x15acfd4f"
"R", "0xf93d8"
"R", "0x3d030e"
"R", "0x141ef7"
"W", "0x3e4f60", "0x71bc815c"
"W", "0x3e4f60", "0x17f72ea3"
"R", "0xda15d"
"W", "0x2b7cbb", "0x47d254b1"
"W", "0xcfb34", "0x65d5ffe7"
"R", "0xe4786"
"W", "0x2f61b1", "0xdae95a0"
"R", "0x42da7f"
"R", "0x723c3"
"W", "0x2c22e4", "0x6ccd6cdb"
"R", "0x141ef7"
"W", "0x35df4b", "0x24290f9e"
"W", "0x3007da", "0x77597959"
"W", "0x3007da", "0x181c236d"
"R", "0xb08b9"
"R", "0x30ae03"
"W", "0x2ebb88", "0x662dfd81"
"W", "0x211a2b", "0x209d2147"
"R", "0x5d771"
"W", "0x264b73", "0x5a315b52"
"W", "0x2c22e4", "0xebcbb71"
"W", "0x48b1f", "0x3106246d"
"R", "0x1d3535"
"R", "0x264b73"
"R", "0x9bc67"
"W", "0x283dee", "0x5e3aeffb"
"R", "0xda15d"
"R", "0x3a6a6a"
"W", "0x23b2cf", "0x8b52ea1"
"W", "0x2d6f36", "0x3d906400"
"R", "0x24ff21"
"W", "0x3d030e", "0xd8eb7d"
"R", "0x33ecd"
"R", "0x39c441"
"R", "0x19f668"
"W", "0x2cc90d", "0x3ec00043"
"R", "0x4041db"
"R", "0x2cc90d"
"W", "0xe4786", "0x41386e93"
"W", "0x3bb6bc", "0x631b7ef4"
"W", "0xcfb34", "0x4bba593"
"R", "0x372b9d"
"R", "0x44ccfa"
"W", "0xb08b9", "0x7cd8b093"
"R", "0x723c3"
"R", "0x3877ef"
"R", "0x103a01"
"R", "0x25a54a"
"W", "0x19503f", "0x171364ab"
"W", "0x30ae03", "0x31f0c283"
"W", "0x1378ce", "0x2a8f9b69"
"R", "0x3e4f6"
"W", "0x2f61b1", "0x7db194a4"
"W", "0x207402", "0x2d8e0fce"
"R", "0x3492f9"
"W", "0x1b42ba", "0x3839efe5"
"W", "0x298a40", "0x600681e"
"R", "0x298a40"
"W", "0xeedaf", "0x3e697caa"
"W", "0x298a4", "0x2cd120c9"
"R", "0x372b9d"
"W", "0xe4786", "0x2381c643"
"R", "0x283dee"
"W", "0x207402", "0x4b423985"
"R", "0x3a6a6a"
"R", "0x37d1c6"
"W", "0x264b73", "0x7afc1346"
"W", "0x264b73", "0x4fcad2b6"
"W", "0x4380a8", "0x5350c9bc"
"W", "0x3877ef", "0x34173d2"
"W", "0xbaee2", "0x3d0fe2ae"
"W", "0x14c520", "0x2056bbed"
"W", "0x3f9bb2", "0x5469c01e"
"W", "0x18aa16", "0x9b9d7ea"
"R", "0x3f9bb2"
"R", "0x2797c5"
"W", "0x14c520", "0x128dd62d"
"R", "0x298a40"
"W", "0x3ef589", "0x6cb99aec"
"W", "0x1ddb5e", "0x65153edd"
"W", "0x141ef7", "0x55dab78a"
"W", "0x46bf75", "0x5218715c"
"R", "0x230ca6"
"R", "0x368574"
"R", "0x368574"
"W", "0x3b1093", "0x444ed88a"
"W", "0x14c520", "0x69a3c119"
"R", "0x1d3535"
"W", "0x28e417", "0x4f2d1cff"
"W", "0x19503f", "0x575d297a"
"W", "0x3877ef", "0x231d4241"
"R", "0x175dc4"
"W", "0x1c8f0c", "0x5ba8a267"
"W", "0x31542c", "0x3347607f"
"W", "0x48b1f", "0x68d7dedd"
"W", "0x1ddb5e", "0x544f05fc"
"R", "0x3346a7"
"R", "0x423456"
"R", "0x48b1f"
"R", "0x4380a8"
"R", "0x207402"
"R", "0x25a54a"
"R", "0xb08b9"
"R", "0x33ecd0"
"R", "0x156b49"
"W", "0x39c441", "0x449e9823"
"W", "0x3da937", "0x6416a1a2"
"W", "0x23b2cf", "0x4b6d11aa"
"R", "0x3a6a6a"
"R", "0x39c441"
"W", "0x103a01", "0x344f0daf"
"R", "0x7c9ec"
"R", "0x298a40"
"R", "0x16b79b"
"W", "0x2e155f", "0x44f1702b"
"R", "0xcfb34"
"W", "0xe4786", "0x6ae6118"
"R", "0x2cc90d"
"W", "0x67d9a", "0x9280adb"
"W", "0x26f19c", "0x1a08b39e"
"W", "0x18aa16", "0x3edb82c7"
"W", "0x2ad692", "0x42b7354c"
"R", "0x418e2d"
"W", "0x2458f8", "0x4d0d97f6"
"W", "0x1a9c91", "0xd0c9bfd"
"R", "0xc550b"
"R", "0x3007da"
"W", "0x368574", "0x30f0f164"
"W", "0x1ddb5e", "0x168d4605"
"R", "0xc550b"
"W", "0x4380a8", "0x6231980c"
"W", "0x103a01", "0x7cd1029a"
"R", "0x35df4b"
"W", "0x16b79b", "0x73ca3912"
"W", "0xcfb34", "0x1cce2305"
"W", "0x298a40", "0x67caf716"
"W", "0x67d9a", "0x7078d950"
"R", "0x3877ef"
"W", "0x2a3069", "0x132255f7"
"W", "0x1f27b", "0x5389ff90"
"W", "0xf93d8", "0x1f778e96"
"W", "0x53148", "0x5335e8cc"
"R", "0x35df4b"
"W", "0x3e4f60", "0x279e8d3b"
"W", "0x33ecd0", "0x184ae26"
"W", "0x1378ce", "0x467360b5"
"R", "0xc550b"
"R", "0x32a07e"
"W", "0x10e02a", "0x175df794"
"R", "0x3da937"
"R", "0x3bb6bc"
"R", "0x2ebb88"
"W", "0x3007da", "0x7a862e91"
"W", "0x24ff21", "0x64fb4fdd"
"R", "0xcfb34"
"R", "0x175dc4"
"R", "0x3da937"
"W", "0x211a2b", "0x59eae1f9"
"W", "0x175dc4", "0x200a5db7"
"W", "0x156b49", "0x6c2b379f"
"R", "0x353922"
"R", "0x3bb6bc"
"W", "0x207402", "0x6b09714a"
"W", "0x264b73", "0x653ef35e"
"R", "0x25a54a"
"W", "0x39c441", "0x48f0a86e"
"R", "0x1e8187"
"R", "0xc550b"
"R", "0x264b73"
"W", "0x1378ce", "0x7c733119"
"W", "0x1be8e3", "0x3eed5404"
"W", "0x423456", "0x9b25e90"
"R", "0x40e804"
"W", "0x18aa16", "0x51352974"
"R", "0x372b9d"
"W", "0x3e4f6", "0x51ce3a16"
"R", "0x39c441"
"W", "0x207402", "0x59483e59"
"R", "0x16b79b"
"W", "0x2e155f", "0x18202850"
"R", "0x24ff21"
"R", "0x44ccfa"
"R", "0x2458f8"
"R", "0x156b49"
"R", "0xbaee2"
"R", "0x298a40"
"R", "0x5d771"
"W", "0x2ebb88", "0xc7a68e1"
"W", "0x3da937", "0x3c790ef"
"W", "0x3e4f6", "0x725dd25f"
"R", "0x14c520"
"R", "0x3492f9"
"W", "0x368574", "0xd806c52"
"W", "0x1c8f0c", "0x6dd936b3"
"R", "0x2ebb88"
"R", "0xeedaf"
"W", "0x9bc67", "0x22fa4aa9"
"R", "0x24ff21"
"W", "0x39c441", "0x3265be5d"
"R", "0x3e4f6"
"W", "0x31542c", "0x551d5e87"
"R", "0x1803ed"
"R", "0x33ecd"
"R", "0x1b42ba"
"W", "0x298a4", "0x1ecfc58b"
"R", "0xf93d8"
"R", "0xc550b"
"R", "0x3a6a6a"
"R", "0x10e02a"
"R", "0x44ccfa"
"R", "0xda15d"
"R", "0x1be8e3"
"W", "0x1d3535", "0x686e6fc"
"R", "0x391e18"
"W", "0x9163e", "0x7e674430"
"R", "0xf93d8"
"R", "0x2c22e4"
"W", "0x24ff21", "0x40fa3c22"
"R", "0x1be8e3"
"W", "0x3da937", "0x5bb56836"
"R", "0x3e4f60"
"W", "0x3c5ce5", "0x756671ee"
"W", "0x12d2a5", "0x618e7811"
"W", "0xcfb34", "0xa3fc2cc"
"R", "0x23b2cf"
"R", "0x2cc90d"
"W", "0x67d9a", "0x353494e7"
"R", "0x2c22e4"
"R", "0x1378ce"
"W", "0x67d9a", "0x2e60592e"
"R", "0x1be8e3"
"W", "0x33ecd0", "0x3db9275a"
"W", "0x23b2cf", "0x1e49557e"
"R", "0x23b2cf"
"R", "0x391e18"
"W", "0x2c22e4", "0x5070dd04"
"W", "0x3a6a6a", "0x79622bcb"
"W", "0x3d030e", "0x45d940b3"
"R", "0x3e4f60"
"R", "0x26f19c"
"R", "0x103a01"
"R", "0x4041db"
"W", "0x1e8187", "0x3a66a166"
"W", "0x283dee", "0x4f55522e"
"R", "0x3b1093"
"R", "0x30ae03"
"R", "0x391e18"
"R", "0xe4786"
"R", "0x46bf75"
"R", "0x24ff21"
"R", "0xb08b9"
"R", "0x283dee"
"W", "0x3e4f60", "0x3286aff9"
"R", "0x423456"
"W", "0x122c7c", "0x2940dfc6"
"W", "0x141ef7", "0x638d843d"
"R", "0x48b1f"
"W", "0x23b2cf", "0x749c0c86"
"W", "0x264b73", "0x2c8776e4"
"R", "0x22667d"
"W", "0x156b49", "0x1d0a902d"
"R", "0x2797c5"
"R", "0x23b2cf"
"W", "0x14c520", "0x7a12e66a"
"R", "0x298a4"
"R", "0x264b73"
"W", "0x230ca6", "0x6f105019"
"W", "0x16b79b", "0x2c1beb25"
"W", "0x298a4", "0x2a38cecf"
"R", "0x28e417"
"R", "0x48b1f"
"R", "0x3492f9"
"R", "0x2d6f36"
"W", "0x5d771", "0x35269d52"
"W", "0x87015", "0x5bd79160"
"W", "0x1c8f0c", "0x7743eca9"
"W", "0x23b2cf", "0x6c21ad66"
"W", "0x3e4f60", "0x3d5629ab"
"W", "0x22667d", "0x58c6774e"
"R", "0x1378ce"
"W", "0x87015", "0x546c818f"
"W", "0x30ae03", "0xe0242c0"
"R", "0x3877ef"
"R", "0x3007da"
"R", "0x1e8187"
"R", "0x1fcdd9"
"R", "0x16b79b"
"W", "0x3346a7", "0x6b01d164"
"R", "0x2d6f36"
"R", "0x118653"
"W", "0x7c9ec", "0x46d450d9"
"W", "0x12d2a5", "0x7cf19bdd"
"W", "0x4041db", "0x4fb9e944"
"R", "0x14c520"
"R", "0xf93d8"
"R", "0xc550b"
"W", "0x2f61b1", "0x560f0156"
"W", "0x9bc67", "0x63208efa"
"W", "0x1c8f0c", "0x634d4ff4"
"R", "0x211a2b"
"R", "0x2e155f"
"W", "0x372b9d", "0x7aff6224"
"R", "0x28e417"
"W", "0xe4786", "0x2eeff5c7"
"W", "0x4380a8", "0x539a2af0"
"W", "0x28e417", "0x51a17c33"
"W", "0x33ecd", "0x2cb6c30f"
"R", "0x368574"
"W", "0x12d2a5", "0x1d4f466c"
"R", "0x264b73"
"W", "0x19f668", "0x23324c45"
"R", "0x26f19c"
"R", "0x9bc67"
"W", "0x32a07e", "0x54848ff"
"R", "0x207402"
"R", "0x1d3535"
"R", "0x10e02a"
"R", "0x3bb6bc"
"W", "0x2ebb88", "0x50d17a5"
"R", "0xc550b"
"W", "0x3877ef", "0x6ac1b5d4"
"W", "0x3f9bb2", "0x795fec26"
"W", "0x2e155f", "0x63bd050b"
"R", "0x3bb6bc"
"R", "0x21c054"
"W", "0x35df4b", "0x3c00e7fb"
"W", "0xb08b9", "0x7d0464b9"
"W", "0x18aa16", "0x2afec8cb"
"R", "0x3e4f60"
"R", "0x26f19c"
"W", "0x14c52", "0x68aaf42f"
"W", "0x2f61b1", "0x5afca465"
"R", "0x1a9c91"
"R", "0x3c5ce5"
"R", "0x22667d"
"R", "0x44ccfa"
"R", "0x2c22e4"
"R", "0x372b9d"
"R", "0x1a9c91"
"R", "0x3bb6bc"
"R", "0xe4786"
"R", "0x391e18"
"R", "0x87015"
"R", "0x3bb6bc"
"R", "0x19503f"
"R", "0x3492f9"
"W", "0x3c5ce5", "0x1547797f"
"R", "0x2f61b1"
"R", "0x19f668"
"W", "0x1803ed", "0x59de077e"
"W", "0x25a54a", "0x20e557bc"
"W", "0x3a6a6a", "0x270f344e"
"W", "0x14c520", "0x63bb2ba3"
"W", "0x141ef7", "0x1660d75b"
"R", "0x3ef589"
"R", "0x2d6f36"
"R", "0x1e8187"
"W", "0x230ca6", "0x3108ee48"
"W", "0x4380a8", "0x1b6cb556"
"R", "0x3bb6bc"
"R", "0x1ddb5e"
"R", "0x14c520"
"R", "0x32a07e"
"R", "0x3a6a6a"
"W", "0xa6290", "0x116288d1"
"R", "0x423456"
"R", "0xa6290"
"R", "0x19503f"
"R", "0x4041db"
"R", "0x2d6f36"
"W", "0x418e2d", "0x33d47a59"
"W", "0x1ddb5e", "0x3e3d843f"
"R", "0x1ddb5e"
"R", "0x1a9c91"
"R", "0x141ef7"
"R", "0x9bc67"
"R", "0x87015"
"W", "0x1be8e3", "0x53206fd3"
"W", "0x391e18", "0x7066cac5"
"R", "0x1803ed"
"R", "0x118653"
"R", "0x3bb6bc"
"R", "0x3b1093"
"W", "0x2cc90d", "0x5be5a721"
"R", "0x391e18"
"R", "0xe4786"
"R", "0x22667d"
"R", "0x42da7f"
"R", "0x7c9ec"
"R", "0x3f9bb2"
"W", "0x2a3069", "0x24ed9892"
"R", "0x10e02a"
"W", "0x3007da", "0x1f580757"
"R", "0x87015"
"W", "0x16b79b", "0x8d5a09c"
"R", "0x156b49"
"R", "0x2a3069"
"R", "0x10e02a"
"W", "0x3d030e", "0x1d3de8be"
"R", "0x283dee"
"R", "0xf93d8"
"W", "0x103a01", "0x6c116051"
"R", "0x1be8e3"
"W", "0x103a01", "0x34a98890"
"W", "0x3a6a6a", "0x37b9090f"
"R", "0x67d9a"
"R", "0x161172"
"W", "0xc550b", "0x14ef9e4e"
"R", "0x19503f"
"W", "0x2a3069", "0xf6dd7d1"
"W", "0xa6290", "0x53bd97f7"
"W", "0x175dc4", "0x4369c7fd"
"R", "0x141ef7"
"W", "0x9bc67", "0x49e28d21"
"W", "0x31fa55", "0x17c645c6"
"R", "0x2ad692"
"R", "0x18aa16"
"W", "0xeedaf", "0x734d175e"
"W", "0x368574", "0x3a750aa"
"R", "0x30ae03"
"R", "0x3f9bb2"
"R", "0x2e155f"
"W", "0x2458f8", "0x5ab64c4b"
"R", "0x3c5ce5"
"W", "0x103a01", "0x40c0c74d"
"R", "0xa6290"
"R", "0x2f61b1"
"R", "0x3e4f60"
"W", "0x3d030e", "0x73ba6174"
"R", "0x67d9a"
"R", "0x161172"
"W", "0x21c054", "0x2ca7cb64"
"R", "0x40e804"
"R", "0xf93d8"
"W", "0x2e155f", "0x7b910dcd"
"W", "0x103a01", "0x55c005d2"
"R", "0x1fcdd9"
"W", "0x1b42ba", "0x482789c5"
"W", "0x3877ef", "0x4b38dc6d"
"W", "0x31542c", "0x3ad0b3d"
"W", "0x2f61b1", "0x30942be9"
"R", "0x141ef7"
"W", "0x44ccfa", "0x36b8bd05"
"W", "0x28e417", "0x1a34cc5b"
"W", "0xc550b", "0x25796a13"
"W", "0x3bb6bc", "0x5e268c15"
"W", "0x230ca6", "0x3aa88ec7"
"W", "0x2797c5", "0x5eaf624c"
"W", "0x391e18", "0x1046fdb0"
"R", "0x2a3069"
"R", "0x23b2cf"
"R", "0x141ef7"
"R", "0x457323"
"R", "0x14c52"
"W", "0x283dee", "0x5de7d330"
"R", "0x1f27b0"
"R", "0x18aa16"
"W", "0x156b49", "0x3a8df07c"
"R", "0xf93d8"
"W", "0x2f61b1", "0x56b25bb6"
"R", "0x24ff21"
"R", "0x2797c5"
"R", "0x2d6f36"
"W", "0xda15d", "0x1cd24dc3"
"R", "0x298a40"
"R", "0x19503f"
"W", "0x3007da", "0x49faec54"
"W", "0x35df4b", "0x6a50768c"
"W", "0x18aa16", "0x67d8d33e"
"R", "0x9bc67"
"W", "0x175dc4", "0x55a1c5f1"
"R", "0x3b1093"
"W", "0x2f61b1", "0x7288212"
"W", "0x67d9a", "0x7055b77a"
"W", "0x28e417", "0x29f4cacf"
"W", "0x3b1093", "0x2554f68b"
"R", "0x2b7cbb"
"R", "0xc550b"
"W", "0x418e2d", "0x7ba8753e"
"W", "0x1be8e3", "0x57ccfbaa"
"R", "0x24ff21"
"W", "0x12d2a5", "0xd2251e1"
"R", "0x1e8187"
"W", "0x2f61b1", "0x775fbff9"
"R", "0x1b42ba"
"R", "0x298a4"
"R", "0x3a6a6a"
"R", "0x175dc4"
"W", "0x103a01", "0x4215a8e9"
"R", "0x122c7c"
"R", "0x418e2d"
"R", "0x298a40"
"R", "0x118653"
"R", "0x2458f8"
"W", "0x298a4", "0x179edf4c"
"R", "0x2cc90d"
"W", "0x230ca6", "0x71be95af"
"R", "0x1be8e3"
"W", "0x16b79b", "0x4e15e9a1"
"R", "0xe4786"
"R", "0x46194c"
"W", "0xf93d8", "0x172c0bb1"
"R", "0x3ef589"
"R", "0x1a9c91"
"W", "0x3a6a6a", "0xc26c8a4"
"R", "0x1ddb5e"
"W", "0x39c441", "0xf95db0f"
"W", "0x37d1c6", "0x4a6f613b"
"R", "0x3d030e"
"W", "0x372b9d", "0x729c23f4"
"R", "0x2d6f36"
"W", "0x21c054", "0x639d5f09"
"R", "0x53148"
"R", "0xa6290"
"R", "0xbaee2"
"R", "0x3d030e"
"W", "0x48b1f", "0x3b7c0a06"
"W", "0x283dee", "0x2d80647c"
"W", "0x1b42ba", "0x6c6fe6b7"
"R", "0x423456"
"W", "0xc550b", "0x6f1293f5"
"R", "0x3e4f6"
"R", "0x3e4f6"
"W", "0x3e4f60", "0x7a5bdf5c"
"R", "0xa6290"
"R", "0x141ef7"
"R", "0x9bc67"
"R", "0x372b9d"
"R", "0x3ef589"
"R", "0x31fa55"
"W", "0x3346a7", "0x77941e67"
"W", "0x175dc4", "0x18c23e8"
"R", "0x19f668"
"W", "0x30ae03", "0x124859ce"
"R", "0x44ccfa"
"W", "0x23b2cf", "0x409a426b"
"R", "0x723c3"
"R", "0x2d6f36"
"W", "0x2f61b1", "0x188afee7"
"W", "0x423456", "0x3ca41dad"
"R", "0x35df4b"
"W", "0x2ad692", "0x553f4100"
"R", "0x368574"
"W", "0x3b1093", "0x116675b4"
"W", "0x723c3", "0x273d4f99"
"R", "0x7c9ec"
"R", "0x2f61b1"
"R", "0x33ecd0"
"W", "0x1d3535", "0x6671bcc9"
"W", "0x7c9ec", "0x14d304d"
"R", "0x1378ce"
"W", "0x1803ed", "0x4109cd71"
"W", "0x418e2d", "0x18768f65"
"W", "0x230ca6", "0x9ea8aa"
"W", "0x1c8f0c", "0x2915446d"
"W", "0x3bb6bc", "0x22788c62"
"W", "0x1a9c91", "0x6854451c"
"R", "0x33ecd0"
"R", "0x3d030e"
"R", "0x211a2b"
"W", "0x2ebb88", "0x1689e0c1"
"R", "0x2ebb88"
"W", "0x353922", "0xa0b97c6"
"W", "0x2ebb88", "0x6c90af38"
"R", "0x19503f"
"W", "0x1fcdd9", "0x4ffbe743"
"R", "0x3f9bb2"
"R", "0x1be8e3"
"W", "0x5d771", "0x442f49"
"W", "0x2f61b1", "0x73419766"
"R", "0x141ef7"
"W", "0x3007da", "0x2ff88742"
"R", "0x3bb6bc"
"W", "0x31fa55", "0x48292b94"
"R", "0x2d6f36"
"W", "0x3492f9", "0x3851ec21"
"W", "0x372b9d", "0x43f75426"
"R", "0x22667d"
"W", "0x4380a8", "0x529e4187"
"R", "0x156b49"
"W", "0x25a54a", "0x5a2100f0"
"R", "0x1a9c91"
"R", "0x3a6a6a"
"W", "0x19f668", "0x3451b285"
"W", "0x230ca6", "0x4c5cfcd8"
"W", "0x37d1c6", "0x2aeadd8f"
"W", "0x24ff21", "0x2529d890"
"W", "0x31542c", "0x683c7c61"
"R", "0x21c054"
"R", "0xb08b9"
"W", "0x1f27b0", "0x2da0aa55"
"W", "0x48b1f", "0x24b7eb97"
"W", "0x5d771", "0x28e9d190"
"R", "0x264b73"
"W", "0x25a54a", "0x2d2837c4"
"W", "0x53148", "0x775a47f1"
"R", "0x28e417"
"W", "0xda15d", "0x4a711644"
"W", "0x3c5ce5", "0x2d052ff4"
"W", "0x2d6f36", "0xf2eaae5"
"R", "0x25a54a"
"R", "0x141ef7"
"W", "0x21c054", "0x5ca093b5"
"W", "0x32a07e", "0x35268710"
"R", "0x2b7cbb"
"R", "0x2ad692"
"R", "0x161172"
"W", "0x4380a8", "0x7d75049a"
"R", "0x156b49"
"R", "0x3877ef"
"W", "0x2d6f36", "0x578e3279"
"R", "0x67d9a"
"R", "0x3d030e"
"W", "0xf93d8", "0x541383c0"
"R", "0x31fa55"
"W", "0x2b7cbb", "0x7342b851"
"W", "0xeedaf", "0x497679bb"
"R", "0x3c5ce5"
"R", "0x23b2cf"
"R", "0x264b73"
"W", "0x3b1093", "0x3d3d2fc5"
"W", "0x2f61b1", "0x10f22c69"
"R", "0x53148"
"R", "0x1ddb5e"
"W", "0x2b7cbb", "0x471c9b94"
"R", "0x122c7c"
"W", "0xa6290", "0x4b002cb2"
"R", "0x30ae03"
"W", "0x230ca6", "0x712a511d"
"W", "0x2c22e4", "0x2f437f91"
"R", "0xf93d8"
"R", "0x353922"
"W", "0x3c5ce5", "0x352e21ed"
"W", "0x2e155f", "0x137d9cae"
"W", "0x2b7cbb", "0x4759cafc"
"R", "0x5d771"
"W", "0x391e18", "0x1cd53ff6"
"W", "0x67d9a", "0x3e68c816"
"W", "0x25a54a", "0x468f3f6b"
"W", "0x40e804", "0x369c20f3"
"W", "0x19503f", "0x48ed85e5"
"R", "0xf93d8"
"W", "0xa6290", "0x2f78236b"
"W", "0x264b73", "0xda29d81"
"W", "0x3007da", "0x79a335f1"
"W", "0x21c054", "0x1a393b43"
"W", "0x2458f8", "0x15b397b9"
"W", "0x67d9a", "0x5a746e75"
"R", "0x9163e"
"W", "0x103a01", "0xc3937c4"
"R", "0x3492f9"
"R", "0x2ad692"
"W", "0x28e417", "0xa6a92e6"
"W", "0x40e804", "0x1a0078c8"
"W", "0x19503f", "0x65f15412"
"R", "0x21c054"
"R", "0x23b2cf"
"R", "0x3ef589"
"R", "0x1378ce"
"R", "0x7c9ec"
"R", "0x10e02a"
"R", "0x33ecd"
"W", "0x1a9c91", "0xc48b6c"
"W", "0x33ecd", "0x2d58e61e"
"R", "0x3ef589"
"R", "0x25a54a"
"R", "0x175dc4"
"W", "0x1803ed", "0x291f9e50"
"R", "0x264b73"
"R", "0x2a3069"
"W", "0x3f9bb2", "0x7f8e6a7b"
"W", "0x28e417", "0x4b80ba8a"
"W", "0x39c441", "0x7215a778"
"W", "0x10e02a", "0x3aa72eae"
"R", "0x207402"
"W", "0x118653", "0x20a7fec7"
"W", "0x24ff21", "0xd1c2949"
"W", "0x3d030e", "0x7d46b556"
"W", "0x418e2d", "0x17eaaab2"
"W", "0x211a2b", "0xc6f4933"
"R", "0x418e2d"
"W", "0x3f9bb2", "0x75118eab"
"W", "0x3e4f6", "0x2e20162e"
"R", "0xa6290"
"R", "0x3346a7"
"R", "0x3c5ce5"
"R", "0x1ddb5e"
"R", "0x2d6f36"
"W", "0x3bb6bc", "0x643f5ff"
"W", "0x2ebb88", "0x170a3183"
"R", "0x26f19c"
"W", "0x3bb6bc", "0x36b37923"
"W", "0x1a9c91", "0x30c3c11f"
"R", "0x1ddb5e"
"W", "0x18aa16", "0x4ecfd937"
"R", "0x141ef7"
"R", "0x2f61b1"
"R", "0x3c5ce5"
"W", "0x372b9d", "0x19edfd7a"
"W", "0x118653", "0x5e61685b"
"W", "0x1a9c91", "0x4b4bcead"
"W", "0x1b42ba", "0x36d0925f"
"W", "0x2cc90d", "0x2a947167"
"W", "0x87015", "0x28b2360f"
"R", "0x230ca6"
"W", "0x353922", "0x6d0fbee1"
"W", "0x1fcdd9", "0x201cc464"
"W", "0x40e804", "0x4c6df5d6"
"W", "0x1a9c91", "0x4768c3a3"
"R", "0x161172"
"W", "0x2f61b1", "0x1de3f3c3"
"R", "0x1378ce"
"R", "0x9163e"
"W", "0xcfb34", "0x33e4ce62"
"W", "0xbaee2", "0x872e6c0"
"W", "0x161172", "0x7282b1f6"
"W", "0x87015", "0x5576a168"
"W", "0x2c22e4", "0x25063e88"
"W", "0x22667d", "0x5f9eca21"
"W", "0x2c22e4", "0x419fa545"
"R", "0x9163e"
"R", "0xf93d8"
"R", "0xcfb34"
"R", "0x35df4b"
"R", "0x211a2b"
"R", "0x283dee"
"W", "0x211a2b", "0x3461e1b0"
"R", "0x37d1c6"
"W", "0x230ca6", "0x2c8b0030"
"W", "0x723c3", "0x335b1623"
"R", "0x2cc90d"
"W", "0x3c5ce5", "0x4e04b0e3"
"R", "0x25a54a"
"W", "0x19f668", "0x355b72fc"
"W", "0xf93d8", "0x3aa2b405"
"W", "0xbaee2", "0x61057f71"
"R", "0xbaee2"
"W", "0x10e02a", "0x5bd599ee"
"R", "0xb08b9"
"W", "0x264b73", "0x4086143e"
"W", "0x4426d1", "0x2f9399cb"
"R", "0x21c054"
"R", "0x2ad692"
"W", "0xda15d", "0x40a1a90b"
"W", "0x19f668", "0x2d49c843"
"R", "0x25a54a"
"W", "0x372b9d", "0x11f9c72f"
"W", "0x103a01", "0x600356c8"
"W", "0x1ddb5e", "0x63260967"
"W", "0x2a3069", "0x6ab4c262"
"W", "0x353922", "0x171daf33"
"R", "0x37d1c6"
"W", "0xe4786", "0x662413e0"
"R", "0x1803ed"
"W", "0x31fa55", "0x7eb192b7"
"R", "0x2ad692"
"W", "0x298a4", "0x20624fd1"
"W", "0xa629", "0x58604dde"
"R", "0x264b73"
"W", "0x1ddb5e", "0x6c80c5e6"
"R", "0x3007da"
"R", "0x42da7f"
"R", "0x1378ce"
"W", "0x391e18", "0x4dfb5e4c"
"R", "0x2797c5"
"W", "0x3007da", "0x1b9d7973"
"W", "0x35df4b", "0x38fe441"
"W", "0x118653", "0x6935c01c"
"R", "0x3e4f6"
"W", "0x353922", "0x79a5f98"
"R", "0x3877ef"
"R", "0x1803ed"
"R", "0x37d1c6"
"W", "0x39c441", "0x5da3dddf"
"W", "0xda15d", "0x20e252f5"
"W", "0x1d3535", "0x10ce61eb"
"R", "0x372b9d"
"W", "0x211a2b", "0x4fbc4b5d"
"W", "0x33ecd", "0x2a3ec48"
"W", "0x1c8f0c", "0x6cc35d0a"
"W", "0x283dee", "0x5f43ad98"
"W", "0xb08b9", "0x8fb2538"
"W", "0x23b2cf", "0x573c4456"
"W", "0x423456", "0x162acf4f"
"R", "0x175dc4"
"R", "0x418e2d"
"R", "0x5d771"
"R", "0x103a01"
"W", "0x298a4", "0x5effa3d5"
"W", "0x2458f8", "0x4200c62e"
"W", "0x3b1093", "0x6c9ea829"
"W", "0x1be8e3", "0x493fa64a"
"W", "0x40e804", "0x5794d2fb"
"R", "0x42da7f"
"R", "0xa6290"
"R", "0x16b79b"
"W", "0x4380a8", "0x435e0344"
"W", "0x16b79b", "0x64c11f63"
"R", "0x2458f8"
"R", "0x1fcdd9"
"W", "0x2c22e4", "0x7bd5738b"
"R", "0x3c5ce5"
"R", "0x3877ef"
"R", "0x14c520"
"R", "0x283dee"
"W", "0x175dc4", "0x3294abf2"
"R", "0x31542c"
"W", "0x3346a7", "0x3e08e607"
"W", "0x3007da", "0x71cf8aa"
"W", "0x30ae03", "0x6edb4864"
"R", "0x353922"
"W", "0x2458f8", "0x2f5b56c3"
"W", "0x14c520", "0x470d9cb7"
"W", "0xe4786", "0x74d57a2b"
"W", "0x3c5ce5", "0x352a6cb6"
"W", "0x3877ef", "0x66c8ea59"
"R", "0x39c441"
"R", "0x23b2cf"
"W", "0x25a54a", "0x3e8b0d4"
"W", "0x3877ef", "0x15ba5f57"
"W", "0x2d6f36", "0x3948f649"
"W", "0x3d030e", "0x77d89390"
"W", "0x4041db", "0x5e911c0f"
"R", "0x5d771"
"W", "0x2a3069", "0x1a691338"
"W", "0x32a07e", "0x7751f947"
"W", "0x2e155f", "0x127ad8b2"
"W", "0x40e804", "0xf095929"
"R", "0x353922"
"W", "0x10e02a", "0x2e7e69bb"
"R", "0x19503f"
"R", "0x22667d"
"W", "0x21c054", "0x6f5b1f9d"
"R", "0x31fa55"
"W", "0x2d6f36", "0x6d7a99f5"
"R", "0x230ca6"
"W", "0x2a3069", "0x17c41b4e"
"W", "0x2797c5", "0x710607ca"
"W", "0x2458f8", "0x5a108398"
"R", "0x264b73"
"W", "0x1f27b", "0x278f7c1b"
"R", "0x1b42ba"
"W", "0x30ae03", "0x2c22c4a5"
"R", "0x3e4f6"
"W", "0x3b1093", "0x395e5cc"
"R", "0x7c9ec"
"W", "0x3e4f60", "0x73962e7a"
"R", "0x298a4"
"W", "0x283dee", "0x2ff8a7e"
"R", "0x25a54a"
"W", "0x103a01", "0x5bd41dfe"
"R", "0x207402"
"R", "0x33ecd"
"R", "0x3bb6bc"
"W", "0x67d9a", "0x4cde3a14"
"R", "0x3da937"
"W", "0x723c3", "0x5416ce38"
"W", "0x5d771", "0x4d857d"
"R", "0x175dc4"
"W", "0x368574", "0x21b3ef87"
"R", "0x1a9c91"
"R", "0x2cc90d"
"R", "0x19f668"
"R", "0x1f27b0"
"R", "0x2c22e4"
"W", "0x264b73", "0x2e4079c0"
"R", "0x31542c"
"W", "0x141ef7", "0x64963651"
"W", "0x2b7cbb", "0x73695c2"
"R", "0x283dee"
"W", "0x31fa55", "0x1a5ebf2c"
"W", "0x298a40", "0x8df7854"
"R", "0x175dc4"
"R", "0x2a3069"
"R", "0x25a54a"
"W", "0x1a9c91", "0x3cd72155"
"W", "0x24ff21", "0x71214f07"
"W", "0xa6290", "0x44794068"
"R", "0x48b1f"
"W", "0x31fa55", "0x31c40a8f"
"W", "0x18aa16", "0x650f9ea1"
"W", "0x2b7cbb", "0xb86c2ae"
"R", "0x14c52"
"W", "0x161172", "0x3b593d49"
"W", "0x4426d1", "0x40366a6a"
"W", "0x298a40", "0x703795e9"
"W", "0x1ddb5e", "0xec0f2a2"
"R", "0x3d030e"
"R", "0x1f27b0"
"R", "0x1be8e3"
"W", "0x103a01", "0x311a2e90"
"W", "0x2797c5", "0x3d85ed14"
"W", "0x3e4f60", "0x68bdedf9"
"W", "0x1ddb5e", "0x656e0baf"
"R", "0x35df4b"
"W", "0x2c22e4", "0x602d4e2b"
"R", "0x1be8e3"
"W", "0x2b7cbb", "0x35960198"
"R", "0x1fcdd9"
"R", "0x22667d"
"W", "0xda15d", "0x2afe5eba"
"R", "0x39c441"
"W", "0x2ebb88", "0x718b83b7"
"R", "0xb08b9"
"W", "0x207402", "0x4674b910"
"W", "0xda15d", "0x58c616d1"
"R", "0x40e804"
"W", "0x1e8187", "0x17ff8378"
"R", "0x1d3535"
"W", "0x368574", "0x57625d3b"
"W", "0x3346a7", "0x62df4b42"
"W", "0x1f27b0", "0x422c8d0"
"W", "0x19f668", "0x1e8cda68"
"W", "0x26f19c", "0x16e0b01e"
"W", "0x9163e", "0x486bfd7b"
"R", "0x19f668"
"R", "0x3ef589"
"W", "0x31542c", "0x146ab29e"
"W", "0x298a40", "0x7127a625"
"W", "0x103a01", "0x5c1b9f5c"
"R", "0x298a40"
"W", "0x118653", "0x48eff03a"
"W", "0x21c054", "0x1a111eb2"
"W", "0x22667d", "0x4098103f"
"W", "0x2797c5", "0x26892d0b"
"R", "0x3f9bb2"
"W", "0x30ae03", "0x4dd8a169"
"W", "0x35df4b", "0x5c235db3"
"W", "0x298a4", "0x10b82e08"
"W", "0x26f19c", "0x390caa29"
"W", "0x7c9ec", "0x70acd97e"
"W", "0x122c7c", "0x58070a2f"
"W", "0x10e02a", "0x414272ea"
"W", "0x26f19c", "0x2eb19a54"
"R", "0x2ebb88"
"W", "0x4041db", "0x6e446d6f"
"R", "0x3e4f6"
"R", "0x14c52"
"R", "0x3d030e"
"W", "0x5d771", "0x61e933f2"
"W", "0x207402", "0x2b238fc0"
"W", "0x3c5ce5", "0x6c125f14"
"W", "0x1378ce", "0x256911d7"
"R", "0x298a4"
"W", "0x156b49", "0x2b0720bf"
"W", "0xda15d", "0x5cd32389"
"R", "0x33ecd0"
"R", "0x391e18"
"W", "0x31fa55", "0x5734d53e"
"W", "0x1d3535", "0x57ca0cce"
"W", "0x87015", "0x64835ac4"
"R", "0x2cc90d"
"W", "0x33ecd0", "0x2f01db2e"
"R", "0x67d9a"
"R", "0x3f9bb2"
"W", "0x16b79b", "0x69dd1b4b"
"R", "0x723c3"
"W", "0x1378ce", "0x7ae7e896"
"R", "0x2cc90d"
"W", "0x3007da", "0x6afdeec0"
"R", "0x2458f8"
"W", "0x2d6f36", "0x4f1fa3c8"
"R", "0x31542c"
"W", "0x23b2cf", "0x2e2b346e"
"W", "0x103a01", "0x7799fb90"
"W", "0x3bb6bc", "0x40a0a812"
"R", "0x3e4f60"
"W", "0x18aa16", "0x74437766"
"R", "0x35df4b"
"W", "0x4380a8", "0x493822eb"
"W", "0x1a9c91", "0x23b80561"
"W", "0x39c441", "0x17a2dffd"
"W", "0x53148", "0x45df08d8"
"R", "0x1a9c91"
"R", "0x39c441"
"W", "0x103a01", "0x1423aad5"
"R", "0x3877ef"
"R", "0x19f668"
"W", "0x3bb6bc", "0x260ca9fb"
"W", "0x3346a7", "0x33796f5b"
"W", "0x42da7f", "0x22fa1cba"
"R", "0x4426d1"
"R", "0x39c441"
"W", "0x3f9bb2", "0x4e765243"
"R", "0x9bc67"
"R", "0x19f668"
"R", "0x1f27b0"
"W", "0x9163e", "0x6b62976f"
"R", "0x2cc90d"
"W", "0x30ae03", "0x8e70920"
"W", "0x3d030e", "0x1250b84a"
"R", "0x423456"
"W", "0x12d2a5", "0x708306a2"
"W", "0x141ef7", "0x2ec69964"
"R", "0x3e4f6"
"R", "0x5d771"
"W", "0x16b79b", "0x52001b55"
"W", "0x1e8187", "0x4dcd68b4"
"W", "0x3007da", "0x463f69ec"
"W", "0x9163e", "0x66846cfe"
"W", "0x230ca6", "0x77b9801c"
"W", "0x3c5ce5", "0x2fb577b5"
"R", "0xcfb34"
"R", "0x723c3"
"W", "0x3e4f6", "0x563b8fd8"
"R", "0x14c52"
"R", "0x118653"
"W", "0x1e8187", "0x454cb17b"
"R", "0x1d3535"
"R", "0x1803ed"
"W", "0x3a6a6a", "0x5187d51f"
"W", "0xda15d", "0x4f6e2f03"
"W", "0x3877ef", "0x61302b14"
"R", "0xf93d8"
"W", "0x9163e", "0x66df658c"
"R", "0xbaee2"
"W", "0x53148", "0x5360c15d"
"W", "0x16b79b", "0x7f968ae9"
"W", "0x44ccfa", "0x3080f63d"
"W", "0x28e417", "0x3d1411b2"
"W", "0x283dee", "0x62ac6502"
"R", "0x1ddb5e"
"W", "0x2e155f", "0x4b693991"
"W", "0xf93d8", "0x3710253d"
"R", "0xda15d"
"W", "0x298a40", "0x4dbcf876"
"W", "0x1378ce", "0x20665c4b"
"W", "0x1be8e3", "0x6aa7d314"
"W", "0x4041db", "0x7f68797c"
"W", "0x9bc67", "0xf12214c"
"W", "0x4041db", "0x8ea4bd0"
"W", "0x3007da", "0x56382b34"
"R", "0x9163e"
"R", "0x25a54a"
"W", "0x298a40", "0x68758018"
"W", "0x391e18", "0x3a52ddef"
"W", "0x211a2b", "0x4e3d79c9"
"R", "0x1ddb5e"
"R", "0x1be8e3"
"R", "0x4426d1"
"W", "0x2d6f36", "0x57526066"
"R", "0x2ad692"
"W", "0x3ef589", "0x28557b98"
"W", "0x5d771", "0x19dbe705"
"W", "0x10e02a", "0x2a438248"
"R", "0x1fcdd9"
"W", "0xc550b", "0xc619e0a"
"W", "0x53148", "0x707bdcc0"
"R", "0x33ecd0"
"R", "0x30ae03"
"R", "0x7c9ec"
"W", "0x21c054", "0x352924cc"
"R", "0xeedaf"
"W", "0x118653", "0x1ca5d3c4"
"R", "0x3b1093"
"R", "0x723c3"
"W", "0x1378ce", "0x7a232a0d"
"W", "0x2b7cbb", "0x1ddda0e9"
"R", "0x2f61b1"
"W", "0x723c3", "0x59431968"
"R", "0x2ad692"
"W", "0x16b79b", "0x8a71db7"
"R", "0x372b9d"
"R", "0x1803ed"
"W", "0xe4786", "0x5cdb5ce9"
"W", "0x2d6f36", "0x5c5fb2a2"
"W", "0x103a01", "0x6f1e12ab"
"R", "0xbaee2"
"W", "0x5d771", "0x23886de4"
"R", "0x48b1f"
"W", "0x3f9bb2", "0x67efa1f8"
"W", "0x4426d1", "0x7a3a5196"
"R", "0x19f668"
"R", "0x30ae03"
"R", "0x18aa16"
"R", "0x19f668"
"W", "0x122c7c", "0x3f38c768"
"R", "0x423456"
"R", "0x3f9bb2"
"R", "0xeedaf"
"R", "0x9163e"
"W", "0x3b1093", "0x5e232d76"
"W", "0x37d1c6", "0x735714db"
"R", "0x230ca6"
"R", "0x40e804"
"R", "0x40e804"
"R", "0x53148"
"W", "0x3e4f60", "0x314083d4"
"W", "0x5d771", "0x617a5de1"
"R", "0x3b1093"
"W", "0x48b1f", "0x35b15d85"
"R", "0x31542c"
"W", "0x207402", "0x10b06dce"
"R", "0x1c8f0c"
"W", "0x14c520", "0x31630bfa"
"W", "0xeedaf", "0x615b88c8"
"W", "0x3a6a6a", "0x87b343d"
"R", "0x5d771"
"W", "0x19f668", "0x7410a0fc"
"R", "0x2e155f"
"R", "0x16b79b"
"R", "0xc550b"
"R", "0xf93d8"
"W", "0x3e4f60", "0x39482597"
"R", "0x5d771"
"R", "0x67d9a"
"W", "0x3a6a6a", "0x5358aead"
"W", "0x723c3", "0x64555396"
"W", "0x283dee", "0x789618da"
"R", "0x1be8e3"
"R", "0x9163e"
"R", "0x9163e"
"R", "0x9bc67"
"R", "0xcfb34"
"R", "0x12d2a5"
"W", "0x28e417", "0x265b899"
"R", "0xc550b"
"W", "0x2f61b1", "0x773bca56"
"W", "0x264b73", "0xf8f3853"
"R", "0x230ca6"
"W", "0x3492f9", "0x835867e"
"R", "0x1c8f0c"
"R", "0x3e4f60"
"W", "0x2a3069", "0x4dd03d98"
"R", "0x230ca6"
"R", "0x230ca6"
"R", "0x3492f9"
"W", "0x22667d", "0x31bbcef0"
"W", "0x207402", "0x174658d5"
"W", "0xbaee2", "0x396a4344"
"W", "0x118653", "0x578d8ada"
"R", "0xb08b9"
"W", "0x298a4", "0x54a78bb5"
"R", "0x21c054"
"W", "0x2f61b1", "0x73082d47"
"R", "0x2797c5"
"W", "0x9bc67", "0x73f96bd1"
"W", "0x37d1c6", "0xd5bb3dd"
"W", "0x391e18", "0x70ef0796"
"W", "0x18aa16", "0x3a36a5a8"
"R", "0x32a07e"
"W", "0x264b73", "0x1ded07b8"
"W", "0x391e18", "0x5feaa2bd"
"W", "0x423456", "0x2b897454"
"R", "0x156b49"
"R", "0xb08b9"
"W", "0x2a3069", "0x14a20077"
"W", "0x156b49", "0x42f7121d"
"W", "0x2ad692", "0xa6d6e2c"
"W", "0x264b73", "0x4601d86e"
"R", "0x3b1093"
"W", "0x14c520", "0x1bd79a0f"
"R", "0x22667d"
"R", "0xa6290"
"R", "0x5d771"
"W", "0x2e155f", "0xb44e0cc"
"W", "0x1f27b0", "0x7b1abae9"
"W", "0x2c22e4", "0x71d6ea68"
"R", "0x122c7c"
"W", "0x118653", "0x1d1e5683"
"R", "0xa6290"
"R", "0x48b1f"
"W", "0x12d2a5", "0x5057bc0d"
"R", "0x9bc67"
"W", "0x298a40", "0x6f619714"
"W", "0x2f61b1", "0x2a1d5ae0"
"R", "0x19503f"
"W", "0x141ef7", "0x5116d713"
"R", "0x3c5ce5"
"W", "0x372b9d", "0x622ed74b"
"R", "0x1d3535"
"R", "0x31542c"
"W", "0x1803ed", "0xbc7bae8"
"W", "0x418e2d", "0x55a09c15"
"R", "0x33ecd"
"W", "0x368574", "0x199755a4"
"W", "0xc550b", "0x6a74936c"
"W", "0xf93d8", "0x43210f1f"
"R", "0x3f9bb2"
"R", "0x207402"
"W", "0x298a40", "0x546bfcfd"
"W", "0x10e02a", "0x3991e794"
"R", "0x4041db"
"W", "0x372b9d", "0x521b9500"
"W", "0x3bb6bc", "0x68c5ca18"
"R", "0x3a6a6a"
"R", "0x37d1c6"
"W", "0x122c7c", "0x58c2e8c6"
"R", "0x372b9d"
"R", "0x211a2b"
"R", "0xc550b"
"R", "0x4041db"
"R", "0x4426d1"
"R", "0x1be8e3"
"W", "0x283dee", "0x5de3515b"
"W", "0xbaee2", "0x213f75bc"
"R", "0x3a6a6a"
"W", "0x211a2b", "0x3a09e73"
"W", "0x19f668", "0x3650ef60"
"W", "0x3007da", "0x788089e0"
"W", "0x19503f", "0x7486a4b1"
"W", "0x264b73", "0x7711e17f"
"W", "0x44ccfa", "0x7697a5e6"
"R", "0x16b79b"
"R", "0x40e804"
"R", "0x391e18"
"W", "0x33ecd0", "0x7987b3a4"
"R", "0x14c520"
"W", "0x1f27b0", "0x7e6649f2"
"W", "0x3c5ce5", "0x2283a7c9"
"W", "0x25a54a", "0x13cbbcf8"
"R", "0x40e804"
"R", "0x368574"
"W", "0x418e2d", "0x24a753b3"
"W", "0x32a07e", "0x386406e0"
"W", "0x207402", "0x744f34ba"
"W", "0x353922", "0x365d757e"
"W", "0x1c8f0c", "0x63a81401"
"R", "0x7c9ec"
"R", "0x175dc4"
"W", "0x1f27b", "0x50bb0e8d"
"R", "0x2ebb88"
"R", "0x3da937"
"R", "0x3346a7"
"R", "0x22667d"
"R", "0x26f19c"
"R", "0x423456"
"R", "0x161172"
"R", "0x53148"
"W", "0x391e18", "0x52579b74"
"R", "0x1d3535"
"R", "0x23b2cf"
"W", "0x1fcdd9", "0x1eb86286"
"R", "0x10e02a"
"W", "0x1803ed", "0x10fdd4d4"
"W", "0xf93d8", "0x10368033"
"R", "0xc550b"
"R", "0x31fa55"
"R", "0x2a3069"
"W", "0x118653", "0x6a9ba9e"
"W", "0x1be8e3", "0x521933f0"
"W", "0x9bc67", "0x77b6e2a9"
"R", "0x9163e"
"R", "0x3bb6bc"
"R", "0x16b79b"
"W", "0x4380a8", "0x259fc068"
"W", "0x35df4b", "0x708a18a0"
"R", "0xb08b9"
"W", "0xe4786", "0x59fe58f3"
"W", "0x9163e", "0x33babb3c"
"W", "0x2ebb88", "0x2674cb7f"
"W", "0x33ecd0", "0x8da2da3"
"R", "0x3da937"
"R", "0x2cc90d"
"R", "0x5d771"
"R", "0x156b49"
"R", "0x37d1c6"
"W", "0x53148", "0x230e1dfc"
"R", "0x2e155f"
"R", "0x264b73"
"R", "0x16b79b"
"W", "0x3007da", "0x6f0f4dc4"
"R", "0x1b42ba"
"R", "0x207402"
"W", "0x1fcdd9", "0x4f192ebb"
"R", "0x122c7c"
"W", "0x353922", "0x221e3d4"
"R", "0xe4786"
"W", "0x39c441", "0x71bbc6f9"
"W", "0x3bb6bc", "0x2ecbdf85"
"W", "0x418e2d", "0x42fd7646"
"W", "0xda15d", "0x1b3781d0"
"W", "0x3492f9", "0x2e267220"
"W", "0x1a9c91", "0x3af57a"
"W", "0x67d9a", "0xa503e7"
"R", "0x12d2a5"
"W", "0x42da7f", "0x1328751b"
"R", "0x18aa16"
"R", "0x31542c"
"R", "0x3da937"
"W", "0x372b9d", "0x7784c5e6"
"R", "0x1e8187"
"R", "0x87015"
"R", "0xa6290"
"R", "0x3bb6bc"
"R", "0x2a3069"
"R", "0x10e02a"
"R", "0xda15d"
"R", "0xc550b"
"R", "0x35df4b"
"R", "0x418e2d"
"W", "0x423456", "0x222fc817"
"R", "0x1be8e3"
"W", "0x3d030e", "0x3fc2d90d"
"W", "0x391e18", "0x12427222"
"W", "0x14c520", "0x5ce2a6c1"
"W", "0xa629", "0x5e502d99"
"W", "0x1a9c91", "0x798805f0"
"R", "0x24ff21"
"R", "0x1f27b0"
"W", "0x3007da", "0x3d2180f"
"W", "0x4041db", "0x5265ef2a"
"W", "0x19503f", "0x3affb884"
"W", "0x32a07e", "0x5ee676d1"
"W", "0x19f668", "0x7206bdd8"
"R", "0x230ca6"
"R", "0x1b42ba"
"W", "0x2ad692", "0x791e5e9f"
"R", "0x87015"
"W", "0x2458f8", "0x1af066c"
"W", "0xcfb34", "0x1bfd2673"
"W", "0x3ef589", "0x1b6d793d"
"W", "0x3007da", "0x164427b3"
"R", "0xbaee2"
"R", "0x264b73"
"R", "0x46194c"
"R", "0x14c520"
"R", "0xa6290"
"R", "0x1ddb5e"
"R", "0x122c7c"
"W", "0x161172", "0x734ae73b"
"R", "0x23b2cf"
"W", "0x30ae03", "0x280f8b9e"
"R", "0x35df4b"
"W", "0x122c7c", "0x63dd7837"
"W", "0x103a01", "0x79582eba"
"W", "0x87015", "0x33b5149c"
"W", "0xcfb34", "0x3710e7c5"
"W", "0x156b49", "0x12828e34"
"W", "0x23b2cf", "0x6937382f"
"W", "0x2458f8", "0x6b988afa"
"W", "0x37d1c6", "0x4b5d240"
"R", "0x353922"
"R", "0x3bb6bc"
"W", "0x3da937", "0x6c5b2d53"
"W", "0x230ca6", "0x66feb1de"
"W", "0x3da937", "0x446c2025"
"R", "0x2ad692"
"R", "0x3ef589"
"R", "0xf93d8"
"R", "0xf93d8"
"R", "0x1e8187"
"W", "0x2a3069", "0x1b7b327e"
"R", "0x457323"
"R", "0xda15d"
"R", "0x46194c"
"R", "0x67d9a"
"R", "0x423456"
"W", "0xb08b9", "0x7a8638be"
"R", "0x3da937"
"W", "0x2d6f36", "0x380b70fc"
"R", "0x230ca6"
"R", "0x372b9d"
"R", "0x2458f8"
"W", "0x3c5ce5", "0x5a55884c"
"R", "0x1e8187"
"W", "0x32a07e", "0x46d0e043"
"W", "0x103a01", "0x20d45d07"
"R", "0x3f9bb2"
"R", "0x30ae03"
"R", "0x30ae03"
"R", "0x2ad692"
"W", "0x3346a7", "0x3c02ad4d"
"R", "0x2c22e4"
"R", "0xcfb34"
"R", "0x723c3"
"R", "0x2ad692"
"R", "0x423456"
"W", "0x3ef589", "0xbdee1bf"
"R", "0x35df4b"
"W", "0x2e155f", "0x4330dfcf"
"R", "0x1fcdd9"
"R", "0x353922"
"R", "0x3f9bb2"
"R", "0x2c22e4"
"W", "0x3da937", "0x437dfed2"
"R", "0x53148"
"W", "0x298a40", "0x35e9f0e9"
"W", "0x25a54a", "0xcb9a6d7"
"W", "0x2f61b1", "0x6167af17"
"W", "0x1be8e3", "0x2168b900"
"W", "0x4426d1", "0x1bc6916c"
"R", "0x211a2b"
"W", "0x175dc4", "0x2d197a5e"
"R", "0x32a07e"
"R", "0x9163e"
"R", "0x14c520"
"W", "0x161172", "0x4e6594f2"
"W", "0xb08b9", "0x67a077c6"
"R", "0x372b9d"
"W", "0x31542c", "0x1e620dd7"
"W", "0x122c7c", "0x363ffc1d"
"W", "0x2797c5", "0xc343ce"
"R", "0x87015"
"W", "0x353922", "0x4165983e"
"R", "0x67d9a"
"W", "0x18aa16", "0x48e54d5f"
"W", "0x26f19c", "0x5fed11f0"
"W", "0x19f668", "0x6822b5f8"
"W", "0x2458f8", "0x4da58680"
"W", "0x122c7c", "0x3af969e4"
"R", "0x4041db"
"W", "0x87015", "0x18a46255"
"W", "0x230ca6", "0x5a1fa04d"
"R", "0x28e417"
"W", "0x19503f", "0x690d67fd"
"R", "0x353922"
"R", "0x2d6f36"
"W", "0x30ae03", "0x1d294c31"
"W", "0x2e155f", "0x28ad30d8"
"W", "0x4380a8", "0x2c519f27"
"R", "0x24ff21"
"R", "0x31fa55"
"R", "0x1f27b"
"W", "0x67d9a", "0x7f515550"
"R", "0x353922"
"W", "0x4380a8", "0x346686ad"
"R", "0x3492f9"
"W", "0x391e18", "0x65f8ac71"
"R", "0x1803ed"
"R", "0x230ca6"
"R", "0x1be8e3"
"W", "0x30ae03", "0x4429c255"
"W", "0x3492f9", "0x16c22d2e"
"W", "0xcfb34", "0xe1b8bbf"
"R", "0x2a3069"
"W", "0x2ebb88", "0x526d6a1"
"R", "0x264b73"
"R", "0x1c8f0c"
"R", "0x3492f9"
"W", "0x207402", "0x6b816e26"
"W", "0x3d030e", "0x6744ec97"
"R", "0x30ae03"
"R", "0x23b2cf"
"W", "0x423456", "0x7f050250"
"W", "0x18aa16", "0x4fde1244"
"R", "0xda15d"
"R", "0x40e804"
"R", "0x3d030e"
"R", "0x3007da"
"W", "0x175dc4", "0x152fcbf0"
"R", "0x7c9ec"
"R", "0x22667d"
"W", "0x264b73", "0x4f16fa04"
"W", "0x21c054", "0x1ccc0c97"
"W", "0x1be8e3", "0x2e67d83e"
"W", "0x21c054", "0x356e59f1"
"R", "0x1c8f0c"
"W", "0xda15d", "0x4060fd17"
"R", "0x1be8e3"
"R", "0x67d9a"
"W", "0x118653", "0x7aaf1905"
"R", "0x2ebb88"
"R", "0x230ca6"
"R", "0xb08b9"
"W", "0x22667d", "0x36628377"
"R", "0x2458f8"
"W", "0x28e417", "0x13c80749"
"R", "0x1d3535"
"R", "0xa6290"
"W", "0x2cc90d", "0x4ff0fae9"
"W", "0x118653", "0x719cf731"
"R", "0x3007da"
"W", "0x2c22e4", "0x5bfea660"
"W", "0x2797c5", "0x42a65e9b"
"W", "0x42da7f", "0x10cc2620"
"W", "0x40e804", "0x33c98c5c"
"R", "0xc550b"
"W", "0x14c520", "0x16f0e651"
"R", "0x14c520"
"R", "0x33ecd0"
"R", "0x4041db"
"R", "0x2e155f"
"W", "0x2ebb88", "0x16ae1067"
"R", "0x2ad692"
"R", "0x23b2cf"
"R", "0x368574"
"R", "0x2ad692"
"W", "0x161172", "0x3470d169"
"R", "0xc550b"
"R", "0x2c22e4"
"R", "0x2cc90d"
"R", "0x230ca6"
"R", "0x48b1f"
"R", "0x40e804"
"R", "0x67d9a"
"R", "0x28e417"
"R", "0x22667d"
"W", "0x283dee", "0x7eebec26"
"R", "0x353922"
"R", "0x25a54a"
"R", "0x3e4f60"
"R", "0x1a9c91"
"R", "0x5d771"
"W", "0x418e2d", "0x5a5bb065"
"W", "0x25a54a", "0x683a92b3"
"R", "0x10e02a"
"W", "0x298a4", "0x7afd8b71"
"R", "0x3007da"
"W", "0x31fa55", "0x279a59b6"
"W", "0x37d1c6", "0x4d409cff"
"R", "0x3ef589"
"W", "0x14c520", "0x444ccc12"
"R", "0x14c52"
"W", "0x1ddb5e", "0x59bad732"
"R", "0xe4786"
"R", "0x207402"
"W", "0x298a40", "0x7cb5ae18"
"W", "0x1c8f0c", "0x7da88b1f"
"R", "0x16b79b"
"R", "0x3da937"
"W", "0x723c3", "0x4f271a01"
"R", "0x2ebb88"
"R", "0x3877ef"
"W", "0xeedaf", "0x10513ab2"
"R", "0x1b42ba"
"R", "0xe4786"
"R", "0x2b7cbb"
"R", "0x1b42ba"
"W", "0x283dee", "0x174aeda5"
"W", "0xf93d8", "0x63a2a8d9"
"R", "0x207402"
"R", "0x3f9bb2"
"R", "0x9163e"
"W", "0x4041db", "0x66821d32"
"W", "0x4041db", "0x2be257b8"
"R", "0x2ebb88"
"W", "0x1ddb5e", "0x56f9cbe6"
"W", "0x33ecd0", "0x28eadaad"
"R", "0x1be8e3"
"W", "0xb08b9", "0x52409ea0"
"R", "0x16b79b"
"R", "0x4380a8"
"R", "0x1ddb5e"
"R", "0x1803ed"
"R", "0x283dee"
"R", "0x3c5ce5"
"W", "0x42da7f", "0x564fc1f6"
"W", "0x10e02a", "0x24d618fc"
"W", "0x14c520", "0x704c74f3"
"W", "0xf93d8", "0xa33e7fe"
"R", "0x2a3069"
"W", "0x161172", "0x1309aa41"
"W", "0x16b79b", "0x7061a1f5"
"R", "0x3bb6bc"
"W", "0x24ff21", "0x22ef7f04"
"W", "0x67d9a", "0x744129a2"
"W", "0x4426d1", "0x56bd6586"
"W", "0x2b7cbb", "0x49052865"
"W", "0x2e155f", "0x4d4a21ac"
"R", "0x2797c5"
"W", "0x28e417", "0x482dc0ca"
"R", "0x7c9ec"
"W", "0x372b9d", "0x4e582c60"
"R", "0x175dc4"
"R", "0x3007da"
"R", "0x1378ce"
"R", "0x175dc4"
"R", "0x2f61b1"
"W", "0x1d3535", "0xf706018"
"W", "0x372b9d", "0x6f3eaf03"
"W", "0x2b7cbb", "0x5b079a4b"
"W", "0x5d771", "0x5a681b84"
"W", "0x35df4b", "0x15b64b1c"
"R", "0x87015"
"W", "0x9bc67", "0x234232e3"
"W", "0x1fcdd9", "0x32890b51"
"W", "0x368574", "0x4b5f3f94"
"R", "0x16b79b"
"R", "0xda15d"
"W", "0x25a54a", "0x954b19f"
"W", "0x1be8e3", "0x6e7f9dc4"
"R", "0x19503f"
"W", "0xc550b", "0x57cae61d"
"R", "0x3ef589"
"R", "0x31542c"
"W", "0x33ecd0", "0x4b78fba8"
"R", "0x30ae03"
"R", "0x2f61b1"
"R", "0x723c3"
"W", "0x3a6a6a", "0x4c4bfebf"
"W", "0x2a3069", "0x223788f9"
"R", "0x32a07e"
"R", "0x298a4"
"W", "0x1e8187", "0x65975db"
"R", "0x3492f9"
"W", "0x31542c", "0x2983e04a"
"R", "0xbaee2"
"W", "0x230ca6", "0x5f166ed9"
"R", "0x175dc4"
"R", "0x298a4"
"R", "0x1f27b0"
"R", "0x3a6a6a"
"W", "0x14c520", "0x7e18f2da"
"R", "0x3ef589"
"R", "0x2c22e4"
"W", "0x2a3069", "0x16b9bf24"
"W", "0x2a3069", "0x257e534f"
"W", "0x372b9d", "0x70fecd1c"
"R", "0x118653"
"W", "0x87015", "0x5f97435c"
"R", "0x10e02a"
"R", "0xda15d"
"R", "0xcfb34"
"R", "0x24ff21"
"R", "0x9163e"
"W", "0x44ccfa", "0x5dd24e53"
"W", "0x39c441", "0x8d89d20"
"R", "0x353922"
"W", "0x31542c", "0x44d2431c"
"W", "0x3346a7", "0x4b3add33"
"W", "0x33ecd0", "0x1ddcfcf6"
"W", "0x2797c5", "0x45c7cc88"
"W", "0x32a07e", "0x26453ff5"
"W", "0x3346a7", "0x9d8e701"
"R", "0x3f9bb2"
"R", "0x25a54a"
"R", "0x40e804"
"W", "0x12d2a5", "0x92c6ebb"
"R", "0xcfb34"
"R", "0x33ecd0"
"R", "0x18aa16"
"W", "0x25a54a", "0x5384c449"
"R", "0x3a6a6a"
"W", "0x14c520", "0x16f791b5"
"W", "0x3c5ce5", "0x19ff9df9"
"W", "0x2cc90d", "0x44b58d3"
"R", "0x175dc4"
"R", "0xc550b"
"W", "0x418e2d", "0x6242f4ae"
"W", "0x1be8e3", "0x6d691c33"
"W", "0x1a9c91", "0x72ac3b9"
"W", "0x31fa55", "0x6267113d"
"R", "0x87015"
"W", "0x5d771", "0x3f0dd5b9"
"W", "0x31fa55", "0x8ec7e40"
"R", "0x32a07e"
"R", "0x48b1f"
"R", "0x30ae03"
"W", "0x1c8f0c", "0x6f035240"
"R", "0x1c8f0c"
"R", "0x12d2a5"
"W", "0x3ef589", "0x60fd8437"
"W", "0x368574", "0x455f41eb"
"R", "0x353922"
"W", "0x3d030e", "0x1fc93db2"
"R", "0x2cc90d"
"W", "0x3c5ce5", "0x377c7db4"
"W", "0x67d9a", "0x56227b82"
"W", "0x103a01", "0x125c2ab1"
"W", "0x723c3", "0x6bf1c41"
"W", "0x40e804", "0x213076a7"
"W", "0x3ef589", "0x6a9ffcf1"
"R", "0x423456"
"W", "0x264b73", "0x2c37e050"
"W", "0x9bc67", "0x6d9d62fb"
"W", "0xa6290", "0x76aa20ef"
"W", "0x67d9a", "0x9304700"
"R", "0x2b7cbb"
"R", "0x26f19c"
"W", "0x264b73", "0x708e22f7"
"R", "0x30ae03"
"W", "0xda15d", "0x4740834b"
"W", "0xf93d8", "0x1966c699"
"R", "0x2cc90d"
"R", "0x26f19c"
"R", "0x423456"
"W", "0x37d1c6", "0x5ea00f0f"
"W", "0xda15d", "0x10c266c1"
"R", "0x5d771"
"R", "0x264b73"
"R", "0x283dee"
"R", "0x31542c"
"W", "0x28e417", "0x661c2688"
"R", "0x103a01"
"R", "0x4380a8"
"R", "0x7c9ec"
"W", "0x24ff21", "0x73258c2d"
"W", "0xf93d8", "0x4ee03b15"
"R", "0x141ef7"
"R", "0x2f61b1"
"W", "0x67d9a", "0x511674a6"
"W", "0x44ccfa", "0x9c34ef5"
"R", "0x2797c5"
"R", "0x37d1c6"
"W", "0x10e02a", "0x19db92ff"
"R", "0x1c8f0c"
"W", "0x26f19c", "0x48232165"
"R", "0x31542c"
"R", "0x2b7cbb"
"R", "0x31542c"
"R", "0x31fa55"
"R", "0x31542c"
"R", "0x298a40"
"W", "0x3da937", "0x2170cf11"
"R", "0x2ad692"
"R", "0x353922"
"W", "0x7c9ec", "0x67069afe"
"R", "0x3492f9"
"R", "0x298a4"
"W", "0x7c9ec", "0x6ae974f7"
"R", "0x207402"
"W", "0x24ff21", "0x6ff8d6"
"W", "0x1c8f0c", "0x268b2dcc"
"R", "0x372b9d"
"W", "0x3da937", "0x775e7d5c"
"W", "0x103a01", "0x22dbb34c"
"R", "0x1fcdd9"
"W", "0x391e18", "0x82a1f4c"
"W", "0xc550b", "0x2da959be"
"R", "0x31542c"
"R", "0x2d6f36"
"R", "0x2cc90d"
"W", "0x2ebb88", "0x48d89e9e"
"R", "0x1b42ba"
"R", "0x264b73"
"W", "0x2797c5", "0x52ad9359"
"W", "0x4041db", "0x6737d6f5"
"W", "0x4041db", "0x2496924d"
"W", "0x122c7c", "0x3c8f85d4"
"R", "0x4380a8"
"W", "0x298a40", "0x3b1db7a5"
"W", "0x42da7f", "0x46eb4f42"
"W", "0x3492f9", "0x76657392"
"W", "0xc550b", "0x5990564d"
"R", "0x19f668"
"R", "0x4426d1"
"W", "0x122c7c", "0x8e6e06f"
"R", "0x2d6f36"
"R", "0x10e02a"
"R", "0x42da7f"
"R", "0xda15d"
"R", "0x3d030e"
"R", "0x3346a7"
"W", "0x9bc67", "0x6ff3b8e2"
"W", "0x2ad692", "0x4db09b3d"
"W", "0xf93d8", "0xb633f1f"
"W", "0x723c3", "0x3b323f4b"
"R", "0x4380a8"
"R", "0x3007da"
"W", "0x31fa55", "0x5e72647f"
"R", "0x1b42ba"
"W", "0x3e4f60", "0x6729964f"
"R", "0x7c9ec"
"R", "0x44ccfa"
"R", "0x3346a7"
"R", "0x3e4f6"
"R", "0x4041db"
"R", "0x230ca6"
"R", "0x723c3"
"R", "0x2458f8"
"W", "0x207402", "0x3fb8ef34"
"R", "0x3d030e"
"R", "0xda15d"
"R", "0x21c054"
"R", "0x723c3"
"R", "0x1fcdd9"
"R", "0x283dee"
"W", "0x2f61b1", "0x898f752"
"R", "0x1d3535"
"W", "0x391e18", "0x25cfa311"
"R", "0x7c9ec"
"W", "0x1d3535", "0x17e38325"
"W", "0x3da937", "0x7667f5bf"
"W", "0x3f9bb2", "0x21021377"
"R", "0x42da7f"
"W", "0x33ecd0", "0xfab3c16"
"R", "0x19f668"
"R", "0x1378ce"
"R", "0x30ae03"
"R", "0x1fcdd9"
"R", "0x3e4f60"
"R", "0x1a9c91"
"W", "0x22667d", "0x4c4d8a41"
"W", "0x39c441", "0xbb1cea4"
"R", "0x2458f8"
"R", "0x264b73"
"R", "0x207402"
"R", "0x35df4b"
"R", "0x2e155f"
"W", "0xbaee2", "0x6b482fa5"
"W", "0x122c7c", "0x4519132a"
"R", "0x42da7f"
"W", "0x175dc4", "0x57baa7f"
"R", "0x2ebb88"
"W", "0x39c441", "0x704e09e9"
"W", "0x3f9bb2", "0x571c6c12"
"W", "0x1d3535", "0x1cefb91"
"R", "0x1be8e3"
"W", "0x3e4f60", "0x5558e659"
"R", "0x418e2d"
"R", "0x67d9a"
"W", "0x122c7c", "0x1a91524a"
"W", "0x353922", "0x6a2ebc73"
"W", "0x2c22e4", "0x29d78aed"
"R", "0x25a54a"
"W", "0x32a07e", "0x3a1256d4"
"R", "0x1f27b0"
"R", "0x1f27b0"
"R", "0x24ff21"
"W", "0x1c8f0c", "0x535769c"
"W", "0x1803ed", "0x3f0a713e"
"R", "0x3e4f6"
"R", "0x16b79b"
"R", "0x31fa55"
"W", "0x37d1c6", "0x4840a6ff"
"R", "0x3007da"
"W", "0x2f61b1", "0x27917cc"
"W", "0xb08b9", "0x5dc4a0da"
"R", "0x156b49"
"W", "0x2a3069", "0x1b478fa1"
"R", "0x10e02a"
"R", "0x9163e"
"R", "0x1be8e3"
"R", "0x1ddb5e"
"R", "0x368574"
"W", "0x1be8e3", "0x55cab6cc"
"R", "0x48b1f"
"R", "0x723c3"
"W", "0x1a9c91", "0x433e05ed"
"W", "0x141ef7", "0x7963dcc6"
"R", "0x103a01"
"W", "0x3d030e", "0x435d0382"
"R", "0x5d771"
"R", "0x2d6f36"
"R", "0x12d2a5"
"R", "0xbaee2"
"R", "0x156b49"
"W", "0x1ddb5e", "0x5ce0e6b6"
"W", "0xe4786", "0x79dcc9f0"
"R", "0x16b79b"
"W", "0xb08b9", "0x2f12465d"
"R", "0x2cc90d"
"R", "0x40e804"
"W", "0x5d771", "0x19878a32"
"R", "0x2cc90d"
"W", "0x1e8187", "0x4a76910e"
"W", "0x30ae03", "0x1bb6d712"
"R", "0x3a6a6a"
"R", "0xa6290"
"W", "0x2458f8", "0x1f607f6"
"W", "0x2ad692", "0x8f5999d"
"R", "0x2458f8"
"W", "0x1c8f0c", "0x4bb3f226"
"W", "0x2797c5", "0x2b52f3b5"
"W", "0x2b7cbb", "0x1c152a85"
"R", "0x40e804"
"R", "0x14c520"
"R", "0x9bc67"
"R", "0x264b73"
"W", "0x2f61b1", "0x129b76df"
"R", "0x31fa55"
"W", "0x1fcdd9", "0x610ff0a6"
"W", "0xa6290", "0x587021f"
"W", "0x1f27b", "0x492d87cc"
"R", "0x211a2b"
"R", "0x207402"
"W", "0x2a3069", "0x60ebe66b"
"R", "0x3e4f60"
"R", "0xf93d8"
"W", "0x211a2b", "0x74fcb197"
"W", "0x48b1f", "0x2ed5ac9f"
"R", "0x3bb6bc"
"W", "0x161172", "0xd31f4ab"
"W", "0x3877ef", "0x754e24ad"
"W", "0x423456", "0x5c7533a8"
"R", "0xeedaf"
"W", "0x161172", "0x57059481"
"W", "0x2e155f", "0xc5c6bd"
"W", "0x44ccfa", "0xf9bee33"
"W", "0x3f9bb2", "0x16941f8d"
"R", "0x3e4f6"
"W", "0x3a6a6a", "0x740565ed"
"R", "0x9bc67"
"R", "0x28e417"
"R", "0x31542c"
"R", "0x372b9d"
"W", "0x156b49", "0x67bd263c"
"W", "0xe4786", "0x1d0943d5"
"R", "0x118653"
"W", "0x14c520", "0x3309a1df"
"W", "0x3ef589", "0x33861c04"
"R", "0x31542c"
"W", "0x12d2a5", "0x7606e023"
"W", "0x4380a8", "0x12bf84dc"
"W", "0x37d1c6", "0x58fc10d4"
"W", "0x2b7cbb", "0x43565370"
"W", "0x19503f", "0xf97474b"
"W", "0x2ebb88", "0x659cafe6"
"R", "0x1c8f0c"
"R", "0x32a07e"
"W", "0x67d9a", "0x142e559c"
"R", "0x3da937"
"R", "0x67d9a"
"R", "0x3e4f60"
"W", "0x1e8187", "0x51d36840"
"R", "0x1e8187"
"R", "0x391e18"
"W", "0x2ad692", "0x367c60b"
"R", "0xda15d"
"R", "0x3f9bb2"
"W", "0x40e804", "0x3273dad4"
"W", "0x372b9d", "0x5106687d"
"W", "0x3877ef", "0x3b77e2f0"
"W", "0x156b49", "0x5ddd9740"
"R", "0x3d030e"
"W", "0x24ff21", "0x6793855d"
"R", "0x28e417"
"W", "0xeedaf", "0x652b9c46"
"R", "0xc550b"
"R", "0x298a40"
"R", "0x7c9ec"
"W", "0x1be8e3", "0x6bd53f6b"
"R", "0x3d030e"
"W", "0x161172", "0x61db26a5"
"W", "0x372b9d", "0xa6541cf"
"W", "0xa6290", "0x2b202505"
"R", "0x9bc67"
"R", "0x12d2a5"
"R", "0x3877ef"
"W", "0x3346a7", "0x2dfa288b"
"W", "0x418e2d", "0x72f5ad6a"
"W", "0x35df4b", "0x1d96040e"
"W", "0x264b73", "0x4b1a7c6b"
"R", "0x1f27b0"
"R", "0x1d3535"
"R", "0x19f668"
"R", "0x7c9ec"
"W", "0x2d6f36", "0x655cdb9f"
"W", "0x1d3535", "0x7aaaa94e"
"W", "0x2d6f36", "0x2f329693"
"R", "0x3f9bb2"
"R", "0x3c5ce5"
"W", "0x3e4f60", "0x58e6f2d"
"R", "0x2e155f"
"W", "0x423456", "0x5593a8e6"
"R", "0x2a3069"
"R", "0x19f668"
"W", "0x3da937", "0x17e3239e"
"W", "0xa6290", "0x785d7ae6"
"W", "0x40e804", "0x3a401fbc"
"W", "0x2e155f", "0x5cfbb42d"
"W", "0x2b7cbb", "0x237c5edf"
"W", "0x141ef7", "0x35d3b1ef"
"R", "0x122c7c"
"W", "0xeedaf", "0x21cfc801"
"W", "0x14c52", "0x44ae86e2"
"R", "0x3a6a6a"
"R", "0x31fa55"
"R", "0x33ecd0"
"W", "0x264b73", "0x57ba4074"
"W", "0x5d771", "0x39a31da4"
"R", "0x14c520"
"W", "0x9bc67", "0x6d98a845"
"R", "0x372b9d"
"R", "0x2ad692"
"R", "0x1378ce"
"W", "0x37d1c6", "0x627fe515"
"W", "0x23b2cf", "0x64796ea4"
"R", "0x141ef7"
"W", "0x1b42ba", "0x85ec372"
"R", "0x264b73"
"W", "0x1f27b", "0x3261d25b"
"R", "0x2f61b1"
"W", "0x1ddb5e", "0x12691fe"
"W", "0x4380a8", "0x3ee9f186"
"W", "0x32a07e", "0x2ad7e126"
"W", "0x368574", "0x321bd810"
"R", "0x42da7f"
"R", "0x3a6a6a"
"R", "0x2b7cbb"
"W", "0x28e417", "0x56b0bdb"
"R", "0x22667d"
"W", "0xda15d", "0x20910377"
"R", "0x3bb6bc"
"W", "0x16b79b", "0x16cb5537"
"W", "0x3da937", "0x2e66baf9"
"W", "0x723c3", "0x58edd674"
"W", "0x3f9bb2", "0x20eacc42"
"W", "0x3346a7", "0x9f6b540"
"W", "0x23b2cf", "0x70c94e51"
"R", "0x1fcdd9"
"W", "0x48b1f", "0x5660c709"
"R", "0x33ecd0"
"W", "0x30ae03", "0x3b692737"
"R", "0x31fa55"
"W", "0x19f668", "0x3cf7171b"
"R", "0xb08b9"
"R", "0x2d6f36"
"R", "0x48b1f"
"R", "0x16b79b"
"W", "0x2b7cbb", "0x55897987"
"R", "0xa6290"
"R", "0x1a9c91"
"W", "0x67d9a", "0x4147f5bd"
"W", "0xf93d8", "0x8077709"
"W", "0x35df4b", "0xee5cf95"
"W", "0x53148", "0x6336762"
"W", "0xb08b9", "0x1ae06ea3"
"R", "0x283dee"
"W", "0x42da7f", "0x4e13e69f"
"W", "0xf93d8", "0x798d1609"
"R", "0x211a2b"
"W", "0x2e155f", "0x10b4b0ad"
"R", "0x4426d1"
"W", "0x19503f", "0x28fe3019"
"W", "0x3c5ce5", "0x1d7b5a7"
"R", "0x33ecd0"
"R", "0x423456"
"R", "0x103a01"
"R", "0x1d3535"
"W", "0x9bc67", "0x1746cbca"
"W", "0x2ad692", "0x24f34ec6"
"W", "0x1f27b0", "0x79359596"
"R", "0x2cc90d"
"W", "0x3c5ce5", "0x35dcceb4"
"R", "0x42da7f"
"W", "0x3da937", "0x157ff3a8"
"R", "0x1803ed"
"R", "0x1fcdd9"
"R", "0x7c9ec"
"R", "0x14c52"
"R", "0x3a6a6a"
"W", "0x2d6f36", "0xed1d4c"
"W", "0x2458f8", "0x36c3c571"
"W", "0x2e155f", "0x3bb5217"
"R", "0xcfb34"
"W", "0x156b49", "0x2230ac42"
"W", "0x1ddb5e", "0x31d7ebc6"
"W", "0x3bb6bc", "0x1318945a"
"R", "0xb08b9"
"W", "0x3877ef", "0x39d49be6"
"W", "0x3492f9", "0x1a7ac50a"
"W", "0x3b1093", "0xd52bde"
"W", "0x3007da", "0x678ed45c"
"W", "0x1378ce", "0x590d80a8"
"R", "0x391e18"
"W", "0x122c7c", "0x3a3e4c56"
"W", "0xda15d", "0x68d4503a"
"R", "0x264b73"
"W", "0x264b73", "0xb740ce0"
"W", "0x3da937", "0x4f397290"
"R", "0x1f27b0"
"W", "0x423456", "0xe51e93b"
"R", "0x175dc4"
"R", "0x53148"
"R", "0x283dee"
"W", "0x10e02a", "0x5d80bd9f"
"W", "0x3a6a6a", "0x752bfc6d"
"W", "0x4380a8", "0x12ddc7c0"
"R", "0x1378ce"
"R", "0x16b79b"
"W", "0x3a6a6a", "0x2dc0c7f9"
"W", "0x211a2b", "0x6e42563e"
"W", "0x28e417", "0x6a4faa9c"
"R", "0x2cc90d"
"R", "0x2c22e4"
"R", "0x31fa55"
"R", "0x1e8187"
"R", "0x264b73"
"W", "0x2e155f", "0x1f863c9b"
"W", "0x19503f", "0x50027f03"
"W", "0x19503f", "0x7e7ce431"
"W", "0x1f27b", "0x1ad806b"
"R", "0x3da937"
"W", "0x353922", "0x279038fa"
"W", "0x1ddb5e", "0x6d31cabb"
"R", "0x46194c"
"R", "0xbaee2"
"W", "0x141ef7", "0x491abd0"
"R", "0x264b73"
"R", "0x1a9c91"
"W", "0x12d2a5", "0x74d9a65b"
"W", "0x3da937", "0x74fde1a3"
"R", "0x368574"
"W", "0xb08b9", "0x5f3e7415"
"W", "0x1e8187", "0x493f5bd3"
"W", "0x141ef7", "0x15eaacfc"
"W", "0x26f19c", "0x38315957"
"W", "0x24ff21", "0x2af2ed18"
"R", "0x67d9a"
"W", "0xcfb34", "0x184427c6"
"W", "0x211a2b", "0x3c123416"
"W", "0x156b49", "0x5433b67a"
"R", "0xbaee2"
"R", "0x53148"
"W", "0x3ef589", "0x9967b88"
"R", "0x3f9bb2"
"W", "0x3bb6bc", "0x68149e14"
"R", "0x21c054"
"W", "0x3d030e", "0x6655ddf6"
"R", "0x37d1c6"
"R", "0x141ef7"
"R", "0x283dee"
"R", "0x2797c5"
"W", "0x3e4f6", "0x7b0011c5"
"R", "0x175dc4"
"R", "0x1ddb5e"
"R", "0x103a01"
"W", "0xcfb34", "0x33f13864"
"R", "0x9163e"
"W", "0x2458f8", "0x2ae652e1"
"W", "0x5d771", "0x376c2e86"
"R", "0xa6290"
"W", "0xc550b", "0x2bcc2a2b"
"R", "0x24ff21"
"R", "0x2e155f"
"W", "0x40e804", "0x25c1d7b4"
"W", "0x25a54a", "0x2f405b5c"
"R", "0x3ef589"
"W", "0x53148", "0x73d4ab5"
"R", "0x25a54a"
"R", "0x21c054"
"W", "0x1e8187", "0xcf4708d"
"W", "0xf93d8", "0x50f46b67"
"W", "0x19f668", "0x4636df34"
"R", "0x3a6a6a"
"W", "0x264b73", "0x48733fd1"
"W", "0x9163e", "0x7636d23e"
"R", "0x4380a8"
"R", "0x3d030e"
"R", "0x19f668"
"R", "0x16b79b"
"R", "0x3e4f60"
"W", "0x2458f8", "0x3b523126"
"R", "0x2ad692"
"W", "0x40e804", "0x2b65aa31"
"R", "0x4041db"
"W", "0x22667d", "0x42187428"
"R", "0x37d1c6"
"W", "0x16b79b", "0x64379a8"
"W", "0x175dc4", "0x59b7f971"
"R", "0x3da937"
"W", "0x26f19c", "0x366c66ec"
"W", "0x87015", "0x2e6f434b"
"W", "0x26f19c", "0x1210dd18"
"W", "0x3e4f60", "0x4b35e5f6"
"W", "0xda15d", "0x2b3287ff"
"W", "0x3346a7", "0x73f46b35"
"R", "0x3f9bb2"
"W", "0x9bc67", "0x6f8341bd"
"R", "0x298a40"
"W", "0x28e417", "0x3aa68f2c"
"R", "0x33ecd0"
"R", "0x1378ce"
"R", "0x175dc4"
"W", "0x156b49", "0x7c363ae8"
"W", "0xb08b9", "0x17ef323e"
"W", "0x207402", "0x34798937"
"W", "0x418e2d", "0x5c1508f4"
"R", "0x2f61b1"
"R", "0x10e02a"
"W", "0xb08b9", "0x527febbd"
"W", "0x87015", "0x433594d4"
"R", "0x1803ed"
"R", "0x44ccfa"
"R", "0x67d9a"
"W", "0x122c7c", "0x59d89f71"
"W", "0x10e02a", "0x4adbbfd0"
"W", "0x161172", "0x721893d2"
"W", "0xa6290", "0xf44b980"
"W", "0x2a3069", "0x6dc35093"
"R", "0x7c9ec"
"W", "0x161172", "0x28502fd7"
"W", "0x230ca6", "0x4b897545"
"W", "0x12d2a5", "0x702987c1"
"W", "0x14c520", "0x308594ef"
"R", "0x28e417"
"W", "0x4041db", "0x71485a31"
"W", "0x18aa16", "0x7c880455"
"R", "0x2c22e4"
"W", "0xc550b", "0x56d9ae37"
"R", "0x230ca6"
"W", "0xcfb34", "0x464b0ab2"
"W", "0x3da937", "0x2a23d22c"
"R", "0x372b9d"
"R", "0x25a54a"
"R", "0x7c9ec"
"W", "0x1e8187", "0x56128c54"
"W", "0x18aa16", "0x7630897a"
"R", "0x1be8e3"
"W", "0x418e2d", "0x2105dc55"
"W", "0x7c9ec", "0x37228553"
"R", "0x418e2d"
"R", "0x16b79b"
"R", "0x12d2a5"
"W", "0x207402", "0x57e6c34"
"W", "0x3c5ce5", "0x28230102"
"W", "0x18aa16", "0x5eaa0fc"
"W", "0x3e4f6", "0x5aa3abd8"
"W", "0x3ef589", "0x2196882e"
"R", "0x9163e"
"W", "0x24ff21", "0x13428536"
"R", "0x31fa55"
"R", "0x368574"
"R", "0x3b1093"
"R", "0x67d9a"
"W", "0x298a4", "0x1c1634f8"
"R", "0x3f9bb2"
"W", "0x1803ed", "0x5cfc9f35"
"W", "0x391e18", "0xd497c86"
"W", "0x156b49", "0x459ab883"
"R", "0x87015"
"W", "0xc550b", "0x68f9dbab"
"R", "0x31542c"
"W", "0x35df4b", "0x4aa29fe"
"R", "0x3c5ce5"
"W", "0x87015", "0x32ac5770"
"R", "0xbaee2"
"W", "0x1b42ba", "0x58321a57"
"R", "0x283dee"
"R", "0x372b9d"
"W", "0x2a3069", "0x4dab52d6"
"W", "0xb08b9", "0x885c171"
"R", "0x2c22e4"
"R", "0x298a4"
"W", "0x2ad692", "0x1b3bf8bd"
"W", "0x9bc67", "0x7c334c3d"
"W", "0x5d771", "0x122cc51e"
"W", "0x39c441", "0x1fbac098"
"W", "0x1f27b0", "0x66485db7"
"R", "0x35df4b"
"W", "0xa6290", "0xb7a9bb4"
"R", "0x25a54a"
"R", "0x1be8e3"
"R", "0x3007da"
"R", "0x3a6a6a"
"W", "0x53148", "0x685e622"
"R", "0x103a01"
"W", "0x21c054", "0x3fa87ec5"
"W", "0x37d1c6", "0x36219972"
"R", "0x2ad692"
"R", "0x2a3069"
"R", "0x2d6f36"
"W", "0x368574", "0x89ba049"
"W", "0x44ccfa", "0x1809b16"
"W", "0x1a9c91", "0x60f8025b"
"R", "0x2797c5"
"W", "0x5d771", "0x3601d94a"
"W", "0x118653", "0x2008c456"
"R", "0x372b9d"
"R", "0x1378ce"
"W", "0x122c7c", "0x106c8bbc"
"W", "0x1a9c91", "0x612eafce"
"R", "0x5d771"
"R", "0xbaee2"
"R", "0x26f19c"
"R", "0x298a40"
"W", "0x2cc90d", "0x60683a50"
"R", "0x2cc90d"
"W", "0x368574", "0x665f8261"
"R", "0x3b1093"
"R", "0x1be8e3"
"R", "0x2f61b1"
"W", "0xc550b", "0x34ba55f0"
"R", "0x3da937"
"W", "0x46194c", "0x4131a564"
"R", "0x3bb6bc"
"W", "0x3e4f60", "0x66c2d813"
"W", "0xe4786", "0x3cbb471d"
"R", "0x19f668"
"R", "0x19f668"
"R", "0xe4786"
"W", "0x3bb6bc", "0x152d4276"
"R", "0x33ecd"
"R", "0x10e02a"
"W", "0xda15d", "0x7aa28781"
"R", "0x2cc90d"
"R", "0x368574"
"R", "0x2458f8"
"R", "0xc550b"
"R", "0x31fa55"
"W", "0x211a2b", "0x2b67426d"
"W", "0x141ef7", "0x2224349e"
"R", "0x1fcdd9"
"W", "0x12d2a5", "0x59603a65"
"W", "0x141ef7", "0x7c54add7"
"R", "0xcfb34"
"W", "0x2a3069", "0x17c86083"
"R", "0x31fa55"
"R", "0x7c9ec"
"W", "0x14c520", "0x5066a573"
"R", "0x391e18"
"R", "0x1c8f0c"
"R", "0x24ff21"
"W", "0x3877ef", "0x67c5e2d7"
"R", "0xda15d"
"R", "0x2f61b1"
"W", "0x372b9d", "0x54d1d04d"
"W", "0x103a01", "0x22d1e14f"
"R", "0x12d2a5"
"W", "0x118653", "0x3816b145"
"R", "0x2e155f"
"W", "0x3c5ce5", "0x556d7fb1"
"R", "0x1e8187"
"R", "0x368574"
"R", "0x423456"
"W", "0x723c3", "0x1a81dd01"
"R", "0x207402"
"W", "0x35df4b", "0x59a8fdd1"
"R", "0x298a40"
"W", "0x161172", "0x66e5edb2"
"R", "0x2b7cbb"
"W", "0xeedaf", "0x1dd3c355"
"R", "0x19f668"
"R", "0x42da7f"
"R", "0x19f668"
"R", "0xe4786"
"R", "0x1803ed"
"W", "0x10e02a", "0x2d752834"
"W", "0x40e804", "0x7748af60"
"W", "0x5d771", "0x284ebceb"
"W", "0x32a07e", "0x66973269"
"W", "0x3d030e", "0x51073229"
"R", "0xbaee2"
"R", "0xa6290"
"R", "0x33ecd"
"R", "0x161172"
"W", "0x31542c", "0x2cc523a7"
"W", "0x28e417", "0x32efa256"
"R", "0x37d1c6"
"R", "0x2c22e4"
"R", "0x207402"
"W", "0x31542c", "0x45e40336"
"R", "0x2458f8"
"R", "0x9bc67"
"R", "0x3877ef"
"W", "0x1378ce", "0x7ffa3010"
"R", "0xb08b9"
"R", "0x141ef7"
"W", "0x3d030e", "0x3d49a5ac"
"W", "0x1ddb5e", "0x68046cfe"
"R", "0x2f61b1"
"W", "0x9bc67", "0x583bb99b"
"W", "0x298a40", "0x2f5f0ab0"
"W", "0xeedaf", "0x4da0c487"
"W", "0x87015", "0x21ded1f3"
"R", "0xa6290"
"R", "0x67d9a"
"W", "0x4426d1", "0x45c74962"
"W", "0x67d9a", "0x7c8931e6"
"W", "0x33ecd", "0x31649f55"
"W", "0xda15d", "0x2c1c125"
"R", "0x16b79b"
"W", "0xa6290", "0x73a0c18d"
"W", "0xa6290", "0x361ebb70"
"W", "0x14c52", "0x49d07311"
"R", "0xb08b9"
"W", "0x207402", "0x1b909949"
"W", "0x10e02a", "0x28d4e24f"
"W", "0x2cc90d", "0x4e160a75"
"R", "0x3c5ce5"
"W", "0x22667d", "0x79632e0e"
"W", "0x3da937", "0x5129de1b"
"R", "0x3ef589"
"R", "0x24ff21"
"R", "0x33ecd0"
"W", "0x1803ed", "0x54f6d48b"
"R", "0x122c7c"
"W", "0x118653", "0x50398afc"
"R", "0x3da937"
"R", "0xcfb34"
"R", "0x7c9ec"
"R", "0x1d3535"
"W", "0x42da7f", "0x4490005a"
"R", "0x2ebb88"
"R", "0x32a07e"
"R", "0x35df4b"
"W", "0xcfb34", "0x29c48c86"
"R", "0x122c7c"
"R", "0x1be8e3"
"W", "0x2ad692", "0x78e436eb"
"W", "0x28e417", "0x9688b15"
"W", "0x1e8187", "0x6f5c7e08"
"R", "0x1e8187"
"R", "0x2ad692"
"R", "0x283dee"
"W", "0x1ddb5e", "0x79c0640a"
"W", "0xa6290", "0x6bcaa54f"
"R", "0x9163e"
"R", "0x1f27b0"
"R", "0x2f61b1"
"R", "0x3877ef"
"W", "0x9163e", "0xd1bb2f0"
"R", "0x103a01"
"W", "0x12d2a5", "0x379b7625"
"W", "0x23b2cf", "0x2b33688c"
"R", "0x5d771"
"R", "0x19503f"
"R", "0x3ef589"
"W", "0x33ecd0", "0x4293c9f4"
"R", "0x2458f8"
"R", "0x30ae03"
"W", "0xe4786", "0x27b77aa6"
"R", "0x230ca6"
"R", "0x207402"
"W", "0x31542c", "0x7cfe8344"
"R", "0x28e417"
"R", "0xcfb34"
"W", "0x1d3535", "0x4156748b"
"R", "0x26f19c"
"W", "0x14c520", "0x2b0ec9e0"
"W", "0x3da937", "0x154a3194"
"W", "0x37d1c6", "0x17fc514d"
"W", "0x372b9d", "0x63e3b4ca"
"R", "0x19f668"
"R", "0x1fcdd9"
"W", "0x5d771", "0x493aab74"
"W", "0x1d3535", "0x63a8afd9"
"R", "0x2f61b1"
"W", "0x2ebb88", "0x10efad5d"
"R", "0x368574"
"W", "0xe4786", "0x7890b4d7"
"R", "0xe4786"
"W", "0xda15d", "0x24f0b782"
"W", "0xeedaf", "0x563432fb"
"R", "0x1c8f0c"
"R", "0x391e18"
"W", "0x264b73", "0x1641813c"
"W", "0x3d030e", "0xca3025f"
"R", "0x30ae03"
"W", "0x3e4f6", "0x4952337a"
"R", "0x1be8e3"
"R", "0x118653"
"R", "0x7c9ec"
"W", "0x3bb6bc", "0x1e6e904d"
"R", "0x25a54a"
"R", "0x39c441"
"W", "0x48b1f", "0x342ec23d"
"R", "0x298a4"
"R", "0xa6290"
"W", "0x37d1c6", "0x2ef82ca8"
"R", "0xf93d8"
"W", "0x161172", "0x3ca1d19f"
"W", "0xa6290", "0x6cb7e56b"
"R", "0x118653"
"W", "0x3007da", "0x42caba92"
"W", "0x3492f9", "0x2e30fd02"
"R", "0x2cc90d"
"W", "0x2ebb88", "0x238ec452"
"R", "0x1803ed"
"R", "0x2a3069"
"R", "0x37d1c6"
"W", "0x3bb6bc", "0x5dc5b8a0"
"W", "0x423456", "0x1856d36"
"W", "0x1378ce", "0x75931a16"
"W", "0x33ecd0", "0x1a9559f6"
"R", "0x1c8f0c"
"R", "0x35df4b"
"W", "0x264b73", "0x7f0e2151"
"W", "0x3346a7", "0x147fb73a"
"R", "0x418e2d"
"W", "0x391e18", "0x181fcf0f"
"R", "0x2c22e4"
"R", "0x19f668"
"W", "0x2f61b1", "0x440ffc9f"
"W", "0x298a40", "0x51a23031"
"W", "0x37d1c6", "0x29f47630"
"W", "0x3e4f6", "0x7c4ad3fe"
"W", "0x372b9d", "0x1d910316"
"W", "0x161172", "0x3b37bfce"
"R", "0x1803ed"
"W", "0x19503f", "0x7ab1dd49"
"W", "0x26f19c", "0x5ed35125"
"R", "0x3b1093"
"W", "0x1b42ba", "0x28ee09b4"
"W", "0x723c3", "0x165855f"
"W", "0x122c7c", "0x12ee886d"
"W", "0x2458f8", "0x6f1a07ef"
"R", "0x3ef589"
"R", "0x2797c5"
"R", "0x353922"
"R", "0x3007da"
"R", "0x25a54a"
"W", "0x1be8e3", "0xfaa869a"
"R", "0xb08b9"
"W", "0x18aa16", "0x54eaab4b"
"W", "0x161172", "0x5aee08ff"
"R", "0x2d6f36"
"R", "0x1ddb5e"
"W", "0x2b7cbb", "0x5ad20afd"
"R", "0x368574"
"W", "0x4041db", "0xadd8275"
"R", "0xb08b9"
"W", "0x1e8187", "0x26a3fcf"
"R", "0x39c441"
"W", "0x16b79b", "0x5223deb4"
"R", "0x3877ef"
"W", "0x1a9c91", "0x2928878c"
"R", "0x30ae03"
"R", "0xc550b"
"W", "0x3a6a6a", "0x6098d6f9"
"R", "0x1ddb5e"
"R", "0x32a07e"
"W", "0x21c054", "0x269e1c49"
"R", "0x24ff21"
"R", "0x2c22e4"
"R", "0x391e18"
"W", "0x1be8e3", "0x12aa803"
"W", "0x1378ce", "0x12a3fea"
"W", "0x2e155f", "0x295b43"
"W", "0x21c054", "0x396943eb"
"R", "0x1e8187"
"R", "0x3c5ce5"
"W", "0x25a54a", "0x22b81afa"
"R", "0x1ddb5e"
"W", "0x19503f", "0x4a461b81"
"W", "0x3e4f60", "0x6b20aa90"
"R", "0x3f9bb2"
"W", "0x19f668", "0x386736cf"
"R", "0x211a2b"
"W", "0x298a40", "0x19361f41"
"W", "0x2e155f", "0x53bffb87"
"W", "0x723c3", "0x30babca5"
"R", "0x67d9a"
"R", "0x161172"
"W", "0x3a6a6a", "0x71690a89"
"R", "0xbaee2"
"W", "0x457323", "0x55039b83"
"W", "0x2cc90d", "0x7f7428e"
"W", "0x35df4b", "0x5fa7b0de"
"W", "0x22667d", "0x4045e0fd"
"W", "0x207402", "0x6ecf27a8"
"W", "0x3c5ce5", "0x2dd7887f"
"R", "0x5d771"
"R", "0x3346a7"
"R", "0x3e4f60"
"R", "0x3a6a6a"
"W", "0x1a9c91", "0x49903618"
"R", "0x3b1093"
"W", "0x19f668", "0x74bf8895"
"R", "0x1a9c91"
"R", "0x40e804"
"R", "0x1b42ba"
"R", "0xc550b"
"W", "0x35df4b", "0x3bf5fc64"
"R", "0x24ff21"
"R", "0x2458f8"
"R", "0x1378ce"
"R", "0xcfb34"
"R", "0x3877ef"
"R", "0x207402"
"W", "0x39c441", "0x78be394f"
"W", "0x1a9c91", "0xa8ec48"
"W", "0xda15d", "0x7e8a6b76"
"W", "0xa6290", "0x9f56c7"
"R", "0x3b1093"
"W", "0x3b1093", "0x303b3042"
"W", "0x23b2cf", "0x523c3db9"
"R", "0x4041db"
"W", "0x353922", "0x1d29386"
"W", "0xbaee2", "0x71a10b43"
"W", "0x1d3535", "0x1d3b6fb6"
"R", "0x1ddb5e"
"W", "0x1b42ba", "0xc6a14a7"
"R", "0x9bc67"
"R", "0x2b7cbb"
"R", "0xa6290"
"R", "0x723c3"
"R", "0xbaee2"
"R", "0x5d771"
"R", "0x298a4"
"R", "0x21c054"
"W", "0x1d3535", "0x16e7c727"
"W", "0x1be8e3", "0x7c48ced3"
"W", "0x1be8e3", "0x2d8c52be"
"W", "0x2c22e4", "0x2227903a"
"R", "0x1803ed"
"W", "0x10e02a", "0x4e3d014c"
"R", "0x1378ce"
"W", "0x457323", "0x2c3989b8"
"W", "0x3d030e", "0x7e66f012"
"R", "0x87015"
"R", "0x141ef7"
"R", "0xb08b9"
"W", "0x1d3535", "0x689bc10"
"R", "0x156b49"
"R", "0x32a07e"
"R", "0x1be8e3"
"W", "0x2ebb88", "0x3095ecbe"
"W", "0x1c8f0c", "0x6463edaf"
"W", "0x103a01", "0x7be80a7e"
"W", "0x368574", "0x78afe290"
"W", "0x283dee", "0x3b857e55"
"W", "0x2ad692", "0x72a1462a"
"W", "0x3a6a6a", "0x788ac3e5"
"W", "0x2b7cbb", "0x2fb92a05"
"R", "0x53148"
"W", "0x3007da", "0x253cfe5d"
"W", "0x1803ed", "0x1d6f8ac2"
"W", "0x175dc4", "0x3f5488a0"
"W", "0x21c054", "0x36f2c8fd"
"W", "0x21c054", "0x39caa444"
"W", "0x14c520", "0x4e6271b4"
"R", "0x175dc4"
"R", "0x2f61b1"
"W", "0x1ddb5e", "0x9e5ce25"
"R", "0x2ebb88"
"R", "0x31fa55"
"W", "0x5d771", "0x3983b615"
"W", "0x2d6f36", "0x74f9f100"
"R", "0x18aa16"
"R", "0xa6290"
"W", "0x161172", "0x2277b87f"
"W", "0xda15d", "0x6567942d"
"R", "0x24ff21"
"W", "0x2e155f", "0x5da5ec0c"
"W", "0x1a9c91", "0x561dfdc7"
"R", "0x87015"
"W", "0x230ca6", "0x6994bfd3"
"R", "0x4426d1"
"R", "0x207402"
"R", "0x53148"
"R", "0x3c5ce5"
"R", "0x230ca6"
"R", "0x9163e"
"W", "0x23b2cf", "0x45da7aa"
"W", "0x39c441", "0x39179d94"
"W", "0x3f9bb2", "0xceca594"
"W", "0x3007da", "0xeed0e8c"
"R", "0x3e4f6"
"R", "0x353922"
"W", "0x391e18", "0x712953b6"
"R", "0x23b2cf"
"R", "0x3877ef"
"R", "0x3f9bb2"
"W", "0x35df4b", "0x41d8232a"
"W", "0x2ebb88", "0x344117a1"
"W", "0x1f27b0", "0xc890112"
"W", "0x2cc90d", "0x5a694b91"
"R", "0x3e4f60"
"W", "0x40e804", "0x1133eb5f"
"R", "0x67d9a"
"R", "0xeedaf"
"R", "0xeedaf"
"R", "0x14c520"
"R", "0x39c441"
"R", "0xcfb34"
"R", "0x28e417"
"R", "0x28e417"
"W", "0x19f668", "0x1e41ddb1"
"W", "0xeedaf", "0x6873fd6a"
"W", "0x723c3", "0x39b173db"
"R", "0x1803ed"
"R", "0x3f9bb2"
"W", "0x1c8f0c", "0x2580da50"
"R", "0x1d3535"
"R", "0x19f668"
"W", "0x23b2cf", "0x5daf9c65"
"R", "0x1ddb5e"
"W", "0xb08b9", "0x76521577"
"W", "0x40e804", "0x5e27cb65"
"W", "0x3ef589", "0x7a1c08d7"
"W", "0x31fa55", "0x70d39760"
"R", "0x31fa55"
"R", "0x418e2d"
"R", "0x3007da"
"R", "0x2e155f"
"W", "0x37d1c6", "0x49f39abb"
"R", "0x3c5ce5"
"W", "0xe4786", "0x1c1a8487"
"W", "0x1b42ba", "0x1b8deeab"
"W", "0x1be8e3", "0x33e16fd3"
"W", "0x3007da", "0x443d5832"
"W", "0x31542c", "0x506a6d19"
"R", "0x122c7c"
"R", "0xeedaf"
"W", "0x283dee", "0x21640b76"
"W", "0xeedaf", "0x639e7979"
"R", "0x2c22e4"
"R", "0x40e804"
"W", "0x3007da", "0x6a7b334d"
"W", "0x28e417", "0x7bfbe671"
"R", "0x391e18"
"W", "0x298a40", "0x3cf0b3c4"
"R", "0x2e155f"
"R", "0x2ebb88"
"W", "0x1803ed", "0x567e5ccd"
"R", "0x2ebb88"
"W", "0xda15d", "0x4d95bb7"
"W", "0x161172", "0x1fc3516b"
"R", "0xe4786"
"W", "0x39c441", "0x7411949a"
"W", "0x32a07e", "0x3102aca9"
"R", "0x1c8f0c"
"W", "0x230ca6", "0x4ac0062b"
"W", "0x14c520", "0x36bb9d7b"
"R", "0x25a54a"
"R", "0x24ff21"
"W", "0x2ebb88", "0x3d156b67"
"R", "0x1d3535"
"W", "0x3bb6bc", "0x3b5d13a4"
"R", "0x3c5ce5"
"W", "0x33ecd", "0x2487df41"
"W", "0x161172", "0x6b511ba2"
"R", "0x26f19c"
"R", "0x9163e"
"W", "0x298a40", "0x44bed078"
"W", "0x2ad692", "0xea34260"
"R", "0x2ebb88"
"R", "0x1ddb5e"
"R", "0xf93d8"
"R", "0x3ef589"
"W", "0x42da7f", "0x50638dc0"
"W", "0x53148", "0x45322194"
"W", "0x35df4b", "0xf2c851c"
"R", "0xeedaf"
"R", "0xda15d"
"R", "0x31542c"
"R", "0x211a2b"
"R", "0x2a3069"
"W", "0x32a07e", "0x36a51791"
"R", "0x3007da"
"R", "0x39c441"
"R", "0x3492f9"
"R", "0x3da937"
"W", "0x207402", "0x1aee1ef9"
"W", "0x1a9c91", "0x25a6721d"
"R", "0x4380a8"
"R", "0x22667d"
"R", "0x298a4"
"W", "0x3e4f60", "0x2ec3e61a"
"R", "0x32a07e"
"R", "0x19f668"
"W", "0x53148", "0x4fbf3c91"
"W", "0x33ecd0", "0x1c224eb5"
"R", "0x1e8187"
"R", "0x16b79b"
"R", "0x1be8e3"
"W", "0x2a3069", "0x1d2121af"
"R", "0x37d1c6"
"W", "0x3bb6bc", "0x550ba77f"
"R", "0x3e4f60"
"W", "0x25a54a", "0x73d26189"
"R", "0x3492f9"
"W", "0x35df4b", "0x14037543"
"R", "0x211a2b"
"R", "0x2458f8"
"R", "0x16b79b"
"W", "0x3346a7", "0x1a3ccc40"
"R", "0x1fcdd9"
"R", "0x42da7f"
"R", "0x23b2cf"
"W", "0xe4786", "0x41e92989"
"W", "0x161172", "0x6641bc6d"
"W", "0x1fcdd9", "0x2676c6fb"
"W", "0xe4786", "0x1a01e77b"
"R", "0x3346a7"
"W", "0x2a3069", "0x56a89b12"
"R", "0x298a4"
"W", "0x211a2b", "0x4bc0bb30"
"W", "0x2c22e4", "0x7c615666"
"R", "0x9bc67"
"W", "0x418e2d", "0x54a183c"
"W", "0x1e8187", "0x24503cba"
"R", "0x14c520"
"R", "0x211a2b"
"R", "0x175dc4"
"W", "0xda15d", "0x49ac5758"
"W", "0x1803ed", "0x6b8663a7"
"R", "0x175dc4"
"R", "0xa6290"
"R", "0x3f9bb2"
"R", "0x1e8187"
"W", "0x298a4", "0x57c66c3b"
"W", "0x21c054", "0x4561af86"
"W", "0x3a6a6a", "0x2e711266"
"W", "0x3c5ce5", "0x1fce4499"
"W", "0x2cc90d", "0x4c942db4"
"R", "0x1c8f0c"
"W", "0x1fcdd9", "0x10965422"
"W", "0x2ebb88", "0x7706b142"
"R", "0x122c7c"
"R", "0x22667d"
"W", "0xbaee2", "0x4c12e78b"
"W", "0x3007da", "0x720bf3a1"
"W", "0x141ef7", "0x560058d9"
"R", "0x298a40"
"R", "0x67d9a"
"W", "0xcfb34", "0x35b40a0e"
"W", "0x7c9ec", "0x4db6316b"
"W", "0xf93d8", "0x6c233ab6"
"W", "0x3877ef", "0x3e362411"
"W", "0x3ef589", "0x6ea8fcd"
"R", "0x67d9a"
"W", "0x161172", "0x52a9aac5"
"R", "0x298a40"
"W", "0x26f19c", "0x5c5eecd7"
"R", "0x33ecd"
"R", "0x22667d"
"W", "0x3da937", "0x7408e2d"
"W", "0x28e417", "0x28a890a7"
"W", "0xf93d8", "0x415ae749"
"R", "0x12d2a5"
"R", "0x1c8f0c"
"R", "0xf93d8"
"W", "0x10e02a", "0x5c8203d3"
"W", "0x391e18", "0x201a88d6"
"W", "0x25a54a", "0x5eeb1d78"
"W", "0xb08b9", "0x165b176f"
"R", "0x1ddb5e"
"R", "0x42da7f"
"R", "0x24ff21"
"W", "0x3877ef", "0x5aee7fb2"
"W", "0x418e2d", "0x707c846e"
"R", "0x368574"
"W", "0x25a54a", "0x45d0988a"
"R", "0x5d771"
"R", "0x3e4f60"
"R", "0x4041db"
"R", "0xeedaf"
"R", "0x264b73"
"R", "0x103a01"
"R", "0x2ad692"
"R", "0x48b1f"
"W", "0x368574", "0x5c65aedd"
"W", "0x42da7f", "0xa17687e"
"R", "0x2b7cbb"
"W", "0x3a6a6a", "0xa235eba"
"R", "0x1ddb5e"
"R", "0x53148"
"W", "0x141ef7", "0x5818ab53"
"R", "0xe4786"
"W", "0x230ca6", "0x424258f"
"R", "0x33ecd"
"R", "0x2ebb88"
"W", "0x2b7cbb", "0x6cc1348c"
"W", "0xf93d8", "0x60f014fe"
"R", "0xeedaf"
"R", "0x2b7cbb"
"R", "0x207402"
"R", "0x48b1f"
"R", "0x418e2d"
"R", "0x122c7c"
"R", "0x44ccfa"
"W", "0x37d1c6", "0x5888d1d5"
"W", "0x23b2cf", "0xb533bf7"
"W", "0x3492f9", "0x6cc2a009"
"W", "0x5d771", "0x1badd980"
"R", "0x16b79b"
"W", "0x156b49", "0x7a85a2e9"
"W", "0x175dc4", "0x390aa143"
"R", "0x31542c"
"W", "0x230ca6", "0x63720965"
"W", "0x156b49", "0x7d2f3d1e"
"W", "0x2ad692", "0x2552be3a"
"W", "0x175dc4", "0x70060896"
"W", "0x33ecd", "0x94fccb7"
"W", "0x48b1f", "0x996dc5d"
"W", "0x118653", "0x107e5e82"
"W", "0x2458f8", "0x4cfc4c6a"
"W", "0x40e804", "0x34ab3499"
"R", "0x25a54a"
"R", "0x4041db"
"R", "0x423456"
"W", "0x3007da", "0x2f43c21f"
"R", "0xda15d"
"R", "0x39c441"
"R", "0x24ff21"
"R", "0x1be8e3"
"R", "0x1f27b0"
"W", "0x1378ce", "0x66bfad5b"
"R", "0x264b73"
"R", "0x19503f"
"W", "0x418e2d", "0x2418e608"
"R", "0x353922"
"W", "0x1803ed", "0x79746eb9"
"R", "0x391e18"
"R", "0x46194c"
"R", "0x2b7cbb"
"W", "0x353922", "0x79a73ece"
"R", "0x35df4b"
"W", "0xa6290", "0x1006caeb"
"R", "0x22667d"
"W", "0x37d1c6", "0x388e519b"
"W", "0x32a07e", "0x179176cb"
"R", "0x3c5ce5"
"R", "0x31542c"
"R", "0x230ca6"
"W", "0x3007da", "0x6534d1b1"
"R", "0x7c9ec"
"R", "0x14c520"
"R", "0x3877ef"
"R", "0x3007da"
"W", "0x1e8187", "0x74f85362"
"R", "0x16b79b"
"W", "0xa6290", "0x7b09ad6d"
"W", "0x1d3535", "0x66695ea6"
"W", "0x87015", "0x97dae8d"
"W", "0x32a07e", "0x6153ae4b"
"R", "0x2d6f36"
"W", "0x9163e", "0x7c9ba8ac"
"W", "0x372b9d", "0x287cacd3"
"R", "0x211a2b"
"R", "0xbaee2"
"R", "0xc550b"
"W", "0x42da7f", "0x2c2faeda"
"W", "0xda15d", "0x44741a9f"
"R", "0x298a40"
"W", "0x3a6a6a", "0x544a573a"
"W", "0xda15d", "0x3fb8228d"
"R", "0x1d3535"
"W", "0x32a07e", "0x7eb83bdf"
"R", "0x2ad692"
"W", "0x2b7cbb", "0x6d0548ad"
"R", "0x3492f9"
"W", "0xa6290", "0x33c09d81"
"W", "0x2ad692", "0x6bfdf708"
"W", "0x48b1f", "0x66820666"
"W", "0x1d3535", "0x5485ae42"
"R", "0x368574"
"R", "0x2797c5"
"R", "0x391e18"
"W", "0x1f27b0", "0x1e7282e2"
"R", "0x19503f"
"W", "0x230ca6", "0x2e941e0f"
"W", "0x2e155f", "0x4ee5d5fc"
"W", "0x283dee", "0x6f0c53d7"
"R", "0x1378ce"
"R", "0xcfb34"
"R", "0x723c3"
"W", "0x14c520", "0x24f6cbbe"
"R", "0x298a40"
"W", "0x33ecd0", "0x330267b4"
"R", "0x353922"
"W", "0x2797c5", "0x6225c869"
"W", "0xe4786", "0xf8918c0"
"W", "0xf93d8", "0x6f65e260"
"R", "0x230ca6"
"R", "0x3346a7"
"W", "0x87015", "0x7e9986eb"
"W", "0x3bb6bc", "0x2a82f509"
"W", "0x3492f9", "0x41d10205"
"W", "0x2e155f", "0x716c5be1"
"W", "0x175dc4", "0x3426471b"
"R", "0x2ad692"
"R", "0x141ef7"
"R", "0x1378ce"
"W", "0x3877ef", "0x798e660d"
"R", "0x3c5ce5"
"R", "0x16b79b"
"W", "0xf93d8", "0x3c3759e8"
"W", "0x156b49", "0x2cf06c68"
"W", "0x1a9c91", "0x37fdb5db"
"W", "0xc550b", "0x5029a088"
"W", "0x31fa55", "0x496e21fd"
"R", "0x3492f9"
"W", "0x298a4", "0x91a3df5"
"R", "0x3877ef"
"W", "0xda15d", "0x16c0ffc4"
"R", "0x423456"
"R", "0x32a07e"
"R", "0x391e18"
"W", "0x7c9ec", "0x1c6ef8bd"
"W", "0x418e2d", "0x39761128"
"W", "0x211a2b", "0x6a1a677e"
"W", "0xa6290", "0x62ec8d4d"
"W", "0x31fa55", "0x7523ca6a"
"W", "0x7c9ec", "0x4346a5cd"
"R", "0x423456"
"W", "0x3bb6bc", "0x747c176e"
"R", "0x3877ef"
"R", "0x1a9c91"
"R", "0x39c441"
"R", "0xf93d8"
"R", "0x175dc4"
"W", "0x1f27b0", "0x4cad66df"
"R", "0x1a9c91"
"W", "0x3e4f6", "0x4ccd627c"
"W", "0x298a4", "0x4157ff36"
"R", "0x1c8f0c"
"W", "0x156b49", "0x7cdf9f8c"
"W", "0x2e155f", "0x2ee3324a"
"R", "0x161172"
"W", "0x264b73", "0x61486b7b"
"W", "0x2458f8", "0x55953b81"
"R", "0x207402"
"R", "0x3ef589"
"R", "0x3bb6bc"
"R", "0x31542c"
"R", "0x33ecd"
"R", "0x1be8e3"
"W", "0x33ecd0", "0x35843b26"
"R", "0x372b9d"
"R", "0x87015"
"R", "0x423456"
"W", "0x19503f", "0x63219a5f"
"W", "0x175dc4", "0x2bcee552"
"W", "0x2c22e4", "0x2f5b4e8a"
"R", "0xe4786"
"R", "0x1fcdd9"
"W", "0xb08b9", "0x4500eb06"
"R", "0x28e417"
"R", "0x9bc67"
"R", "0x3da937"
"W", "0x141ef7", "0xa01f449"
"R", "0x21c054"
"W", "0x24ff21", "0x417f7536"
"R", "0x19503f"
"R", "0x28e417"
"R", "0x3007da"
"W", "0x1f27b0", "0x4ba5d088"
"R", "0x3346a7"
"R", "0x3a6a6a"
"W", "0x175dc4", "0x7a9fb4ba"
"R", "0x3e4f60"
"R", "0x2e155f"
"R", "0xe4786"
"R", "0x211a2b"
"R", "0x211a2b"
"R", "0x48b1f"
"R", "0x31fa55"
"W", "0x372b9d", "0x427dfa50"
"R", "0x37d1c6"
"W", "0x230ca6", "0xc9f65f9"
"R", "0x3877ef"
"W", "0x156b49", "0xef48e38"
"R", "0xeedaf"
"R", "0x2b7cbb"
"W", "0x2f61b1", "0xfe937e8"
"R", "0x372b9d"
"W", "0x353922", "0x7e35963"
"W", "0xc550b", "0x7c3d3297"
"W", "0x264b73", "0x3cafe523"
"W", "0x283dee", "0x23d2246e"
"W", "0xa6290", "0x68736436"
"W", "0x19503f", "0x6768989b"
"R", "0x7c9ec"
"W", "0x391e18", "0x70f301ec"
"W", "0x141ef7", "0x758248c4"
"R", "0x9163e"
"R", "0x67d9a"
"W", "0x22667d", "0x75544b59"
"W", "0x353922", "0xcd9fa4f"
"R", "0xcfb34"
"W", "0xc550b", "0x3b1abc71"
"W", "0x18aa16", "0x3280c276"
"W", "0x1d3535", "0x3aac66f"
"R", "0x39c441"
"W", "0x40e804", "0x55dc04e3"
"W", "0x1d3535", "0x543b65e9"
"W", "0x32a07e", "0x705782ed"
"W", "0x2d6f36", "0x3b4d86f9"
"R", "0x37d1c6"
"R", "0x103a01"
"W", "0x26f19c", "0x27d80ad4"
"R", "0x28e417"
"R", "0x28e417"
"R", "0x368574"
"W", "0x2f61b1", "0x3409cf14"
"R", "0x23b2cf"
"R", "0x2cc90d"
"W", "0x12d2a5", "0x210060d7"
"W", "0x118653", "0x45544947"
"R", "0x3b1093"
"W", "0x723c3", "0x28adf3fb"
"W", "0x298a40", "0x16b12af"
"R", "0x391e18"
"W", "0x12d2a5", "0xf80aade"
"R", "0x9bc67"
"R", "0x2d6f36"
"W", "0x3ef589", "0x8ff79e7"
"R", "0xbaee2"
"R", "0x391e18"
"R", "0x723c3"
"W", "0x10e02a", "0x788befdc"
"W", "0x1803ed", "0x7da0c913"
"W", "0x368574", "0x2498bd33"
"R", "0x353922"
"W", "0x118653", "0x341e5fb7"
"R", "0x118653"
"R", "0x53148"
"W", "0x2c22e4", "0x834e260"
"R", "0x1378ce"
"W", "0xda15d", "0x53e84bf0"
"R", "0x18aa16"
"R", "0x1b42ba"
"W", "0x353922", "0x66d914e8"
"R", "0x1fcdd9"
"W", "0x31fa55", "0xeda7cff"
"W", "0x1e8187", "0x92e4134"
"R", "0x3d030e"
"R", "0x53148"
"R", "0xe4786"
"W", "0x3a6a6a", "0x7b8da519"
"W", "0x31542c", "0x6e12e273"
"W", "0x2797c5", "0x123a76a3"
"W", "0x175dc4", "0x7f372466"
"R", "0x21c054"
"R", "0x25a54a"
"R", "0x1378ce"
"W", "0x4380a8", "0xf8071f8"
"W", "0x391e18", "0x55b52147"
"W", "0x21c054", "0x7127d8aa"
"W", "0x2ebb88", "0x1d91e752"
"R", "0x2458f8"
"R", "0x1803ed"
"R", "0x2458f8"
"W", "0xeedaf", "0x14bfa4f2"
"W", "0x5d771", "0x6d8bcff7"
"R", "0x10e02a"
"R", "0x418e2d"
"W", "0x25a54a", "0x5e96d51d"
"W", "0x3d030e", "0x234f07df"
"R", "0x4041db"
"W", "0x1d3535", "0x616c205d"
"W", "0x723c3", "0x24e0b090"
"R", "0x87015"
"R", "0x2d6f36"
"R", "0x32a07e"
"W", "0x21c054", "0x4ed97dc"
"R", "0x2cc90d"
"W", "0x264b73", "0xb894da2"
"R", "0x16b79b"
"R", "0x1a9c91"
"R", "0x1b42ba"
"W", "0x1fcdd9", "0x59cd5c22"
"W", "0x19503f", "0x5f386a58"
"R", "0x87015"
"W", "0x3346a7", "0x48e4664a"
"R", "0x3007da"
"R", "0x283dee"
"W", "0x423456", "0x2d7fb0a4"
"R", "0xc550b"
"W", "0x118653", "0x1637e262"
"R", "0x14c520"
"W", "0x175dc4", "0x2e300a93"
"W", "0x1f27b0", "0x655a36bf"
"R", "0x14c520"
"W", "0x1be8e3", "0x64b2cca2"
"R", "0x33ecd0"
"W", "0x12d2a5", "0x832797f"
"R", "0x2b7cbb"
"R", "0x1fcdd9"
"R", "0x1f27b0"
"W", "0xcfb34", "0x1503e36e"
"W", "0x103a01", "0x3176689f"
"R", "0x1c8f0c"
"W", "0x32a07e", "0x4a308958"
"W", "0x207402", "0x32a9087e"
"W", "0x1a9c91", "0x7a6df29e"
"W", "0x1f27b0", "0x443d2e6a"
"R", "0xda15d"
"R", "0x10e02a"
"R", "0xe4786"
"R", "0x1fcdd9"
"W", "0x3877ef", "0x5173c674"
"W", "0x32a07e", "0x273590a8"
"W", "0x40e804", "0x64405111"
"W", "0x4380a8", "0x12edf3e6"
"R", "0x3492f9"
"R", "0x12d2a5"
"R", "0x175dc4"
"W", "0x175dc4", "0x2d6eb5f"
"R", "0x2797c5"
"R", "0x3c5ce5"
"R", "0x14c520"
"W", "0x9163e", "0x3e7162da"
"R", "0x372b9d"
"R", "0x39c441"
"W", "0x25a54a", "0x358819f1"
"R", "0x31fa55"
"W", "0x353922", "0x6861edd4"
"W", "0x19503f", "0x649448c5"
"R", "0xe4786"
"R", "0x1803ed"
"W", "0x2cc90d", "0xd5eee00"
"R", "0x418e2d"
"R", "0x723c3"
"W", "0x3346a7", "0x3dba7e06"
"R", "0x1ddb5e"
"W", "0x42da7f", "0x739fb5ec"
"W", "0x18aa16", "0x5f65abc0"
"R", "0x2cc90d"
"R", "0x2c22e4"
"W", "0x1803ed", "0x3165349f"
"R", "0x1378ce"
"W", "0x2e155f", "0xbf7f47b"
"R", "0x1fcdd9"
"W", "0x37d1c6", "0x55930b21"
"W", "0xbaee2", "0x44b73d11"
"R", "0x2f61b1"
"R", "0x298a40"
"W", "0xa629", "0x4234b5a"
"W", "0x141ef7", "0x3a91bac8"
"R", "0x1b42ba"
"R", "0x32a07e"
"W", "0x3a6a6a", "0x4fe14c7f"
"W", "0x2b7cbb", "0x646036a9"
"R", "0x298a4"
"W", "0x1fcdd9", "0x1c5ef949"
"R", "0x35df4b"
"R", "0x3da937"
"R", "0x2ebb88"
"R", "0x24ff21"
"W", "0x3c5ce5", "0x1599be5c"
"R", "0x2f61b1"
"R", "0x10e02a"
"R", "0x67d9a"
"W", "0x9bc67", "0x7e84a35c"
"W", "0x423456", "0x2f010216"
"R", "0x1ddb5e"
"R", "0xb08b9"
"W", "0x1a9c91", "0x67f12fb5"
"W", "0x3e4f60", "0xfe72a86"
"R", "0x9bc67"
"W", "0x48b1f", "0x562736ce"
"W", "0x9163e", "0x119aae03"
"W", "0xf93d8", "0x36817f63"
"R", "0x211a2b"
"R", "0x264b73"
"R", "0xa6290"
"W", "0x3007da", "0x6f4dde78"
"R", "0x3e4f6"
"R", "0x161172"
"R", "0x2c22e4"
"R", "0x67d9a"
"W", "0xc550b", "0x7187cada"
"W", "0x457323", "0x794c6730"
"R", "0xc550b"
"W", "0x175dc4", "0x793a28b4"
"R", "0x3bb6bc"
"R", "0x1a9c91"
"W", "0x2f61b1", "0x68092f1b"
"W", "0x368574", "0xae4555f"
"W", "0x26f19c", "0x17f06d66"
"W", "0x4041db", "0x4604969e"
"R", "0x4380a8"
"R", "0x264b73"
"R", "0x3d030e"
"W", "0x1b42ba", "0x765ff35a"
"R", "0x1fcdd9"
"W", "0x9bc67", "0x13071a3b"
"W", "0x1f27b0", "0x4c5db906"
"R", "0x1803ed"
"R", "0x230ca6"
"R", "0x175dc4"
"R", "0x1e8187"
"W", "0x48b1f", "0x4bb5bf10"
"R", "0x3346a7"
"W", "0x39c441", "0x6295ddce"
"W", "0x1fcdd9", "0x1175e256"
"W", "0x353922", "0x14656f3d"
"W", "0x4041db", "0x124d949d"
"W", "0x4380a8", "0x4a215b3c"
"W", "0x3c5ce5", "0x1731bc19"
"R", "0x283dee"
"W", "0x16b79b", "0x4192de3a"
"W", "0x156b49", "0x31f90a5"
"W", "0x4041db", "0x78659b3c"
"R", "0x3f9bb2"
"W", "0x2e155f", "0x26ea020"
"W", "0x25a54a", "0x362c1856"
"W", "0x723c3", "0x6ef6ece9"
"R", "0x37d1c6"
"R", "0x33ecd"
"R", "0xf93d8"
"R", "0x18aa16"
"R", "0x230ca6"
"W", "0x9163e", "0x3786fc1b"
"R", "0x2e155f"
"R", "0x230ca6"
"W", "0x372b9d", "0x366d8190"
"W", "0x4041db", "0xa20b84c"
"R", "0x16b79b"
"R", "0x2e155f"
"R", "0x141ef7"
"R", "0x53148"
"R", "0x103a01"
"W", "0xcfb34", "0x68e3100a"
"W", "0x353922", "0xeec66e8"
"R", "0x372b9d"
"R", "0x161172"
"R", "0xda15d"
"R", "0x32a07e"
"R", "0x2458f8"
"R", "0x9163e"
"W", "0x283dee", "0x6fad98d8"
"W", "0x32a07e", "0x4c75cb2e"
"W", "0x3ef589", "0x44984602"
"R", "0x21c054"
"R", "0x1ddb5e"
"W", "0x21c054", "0x37e3dc04"
"R", "0xf93d8"
"W", "0x103a01", "0x64fe8c13"
"R", "0x31542c"
"W", "0x264b73", "0x193b4e62"
"W", "0x3877ef", "0x7547efe6"
"R", "0x12d2a5"
"R", "0x26f19c"
"R", "0x3346a7"
"W", "0xe4786", "0x5fd3eca8"
"W", "0xeedaf", "0x3335ed21"
"W", "0xc550b", "0x3bd95c83"
"R", "0x2cc90d"
"W", "0x1c8f0c", "0x1e705d60"
"R", "0x2458f8"
"W", "0x122c7c", "0x428e816a"
"R", "0x87015"
"W", "0x3877ef", "0x551b1f77"
"W", "0x53148", "0x307f462a"
"R", "0x175dc4"
"W", "0x1fcdd9", "0x2183344f"
"W", "0x3ef589", "0x2da9b266"
"W", "0x10e02a", "0x39ac53d3"
"W", "0x1d3535", "0x2d057965"
"R", "0x1b42ba"
"R", "0x207402"
"R", "0x33ecd"
"W", "0x1c8f0c", "0x19b23e71"
"W", "0x2ebb88", "0x9c3a75f"
"R", "0x353922"
"R", "0x2c22e4"
"R", "0xc550b"
"W", "0x3f9bb2", "0x6745c239"
"W", "0x1ddb5e", "0x462afd0f"
"R", "0x1c8f0c"
"W", "0x423456", "0x451e954f"
"W", "0x3007da", "0x1a3eb11d"
"R", "0xbaee2"
"R", "0x3bb6bc"
"W", "0x1ddb5e", "0x60bc9197"
"W", "0x2d6f36", "0x43102472"
"R", "0x42da7f"
"R", "0x23b2cf"
"R", "0x31542c"
"R", "0x3b1093"
"W", "0xeedaf", "0x5b052fed"
"R", "0x3e4f6"
"R", "0x156b49"
"W", "0x5d771", "0x11a7f965"
"R", "0x33ecd"
"R", "0xda15d"
"W", "0x175dc4", "0x59c2658c"
"R", "0x264b73"
"R", "0x3e4f6"
"W", "0x3007da", "0x2b52bcc6"
"R", "0xbaee2"
"W", "0x175dc4", "0x8c2eb8a"
"R", "0x1803ed"
"W", "0x3bb6bc", "0x9f95945"
"W", "0x230ca6", "0xe0d5a77"
"W", "0x40e804", "0x46a1d66e"
"W", "0x1f27b0", "0x573f988b"
"W", "0x18aa16", "0x71fe6a8c"
"W", "0x368574", "0x5fcc041d"
"R", "0x118653"
"R", "0x2a3069"
"R", "0x283dee"
"R", "0x2ebb88"
"W", "0x2458f8", "0x271654b4"
"R", "0xcfb34"
"W", "0x2f61b1", "0x33bd1472"
"R", "0x2ebb88"
"W", "0x2e155f", "0x4ecb06f6"
"W", "0xe4786", "0x7815ccdd"
"R", "0xeedaf"
"W", "0x103a01", "0x73f334ca"
"W", "0x33ecd", "0x1bb03d78"
"W", "0x372b9d", "0x44357b11"
"R", "0x2a3069"
"R", "0x87015"
"W", "0x2c22e4", "0xbbde01c"
"W", "0x3346a7", "0x1df8709e"
"R", "0x1c8f0c"
"W", "0x161172", "0x5c319ca1"
"W", "0x1c8f0c", "0x3cee5427"
"W", "0x2c22e4", "0x22cca1f"
"R", "0x2ebb88"
"R", "0xf93d8"
"R", "0x19503f"
"W", "0x26f19c", "0x5c921f3c"
"R", "0x31fa55"
"W", "0x3bb6bc", "0x43809fda"
"R", "0x21c054"
"R", "0x7c9ec"
"W", "0x4041db", "0x5eaaaec5"
"R", "0x24ff21"
"W", "0x230ca6", "0x71bfe6e1"
"R", "0x35df4b"
"R", "0x3c5ce5"
"R", "0x1ddb5e"
"R", "0xf93d8"
"R", "0x12d2a5"
"R", "0x2458f8"
"R", "0x175dc4"
"W", "0x230ca6", "0x4de2c821"
"W", "0x4041db", "0x5d276597"
"R", "0x39c441"
"W", "0x1c8f0c", "0x5e19fd1d"
"W", "0x283dee", "0x44727099"
"R", "0x32a07e"
"R", "0x21c054"
"R", "0x1ddb5e"
"R", "0xa6290"
"R", "0x3a6a6a"
"W", "0x30ae03", "0x6f59a81"
"W", "0x2d6f36", "0x163c8bdd"
"R", "0x3d030e"
"W", "0x23b2cf", "0x56442206"
"W", "0xc550b", "0xca44946"
"W", "0xc550b", "0x390d1c0"
"W", "0x22667d", "0x200b975e"
"R", "0x2ad692"
"W", "0x32a07e", "0x141cfdec"
"R", "0x2ad692"
"R", "0x3e4f6"
"R", "0x9163e"
"W", "0x26f19c", "0x5c364af9"
"R", "0x19f668"
"R", "0x2b7cbb"
"R", "0x12d2a5"
"W", "0x32a07e", "0x42791ce6"
"R", "0x7c9ec"
"R", "0x1c8f0c"
"W", "0x3b1093", "0x41ad933c"
"W", "0xeedaf", "0x5803e690"
"R", "0x118653"
"W", "0x1ddb5e", "0x5f1c7514"
"R", "0x39c441"
"R", "0x353922"
"W", "0x23b2cf", "0xfa9e696"
"R", "0x3492f9"
"R", "0x2b7cbb"
"R", "0x5d771"
"W", "0x1f27b0", "0x4837510f"
"R", "0x2cc90d"
"R", "0x35df4b"
"W", "0x31542c", "0x497d1d16"
"W", "0x19503f", "0x50e4ed57"
"R", "0x1d3535"
"W", "0x1378ce", "0x7e09f8d0"
"W", "0x2d6f36", "0x526e5eae"
"W", "0x14c520", "0xb4d9230"
"R", "0x4041db"
"R", "0x22667d"
"W", "0xbaee2", "0x14623c9a"
"R", "0x1be8e3"
"W", "0x1c8f0c", "0x2d70f242"
"R", "0x18aa16"
"W", "0x1ddb5e", "0x68bca91f"
"R", "0x283dee"
"R", "0xcfb34"
"R", "0x211a2b"
"R", "0x264b73"
"R", "0x1a9c91"
"R", "0x7c9ec"
"W", "0x26f19c", "0x2c048942"
"R", "0x10e02a"
"R", "0x67d9a"
"R", "0x1378ce"
"R", "0x353922"
"R", "0x175dc4"
"W", "0x2458f8", "0x4c23f7a3"
"W", "0xa6290", "0x6b7a0d31"
"R", "0x14c520"
"W", "0x1e8187", "0x7598b193"
"W", "0x2c22e4", "0x99de72e"
"R", "0x33ecd0"
"W", "0x2ad692", "0x56a8201c"
"R", "0x9163e"
"W", "0x2c22e4", "0x5b1fffee"
"W", "0x2d6f36", "0x5ec91d76"
"R", "0x18aa16"
"W", "0x1d3535", "0x1d7fc6c1"
"W", "0x37d1c6", "0x3612b7fe"
"W", "0x175dc4", "0x41bf7ec8"
"R", "0x3877ef"
"R", "0x3346a7"
"R", "0x2ad692"
"W", "0x10e02a", "0x3c5a8081"
"W", "0x372b9d", "0x28536ce6"
"R", "0x19503f"
"W", "0x4041db", "0x918edc"
"R", "0x19503f"
"W", "0x4041db", "0x2429d6a3"
"R", "0x19f668"
"R", "0x3bb6bc"
"R", "0x5d771"
"W", "0x23b2cf", "0x6b9326d"
"R", "0x122c7c"
"R", "0x2458f8"
"R", "0x3e4f60"
"W", "0x4426d1", "0x4d3e0fb0"
"W", "0x298a4", "0x7da22a62"
"W", "0x12d2a5", "0x70d386e4"
"R", "0x3da937"
"R", "0x118653"
"W", "0xa6290", "0x5c7b7e47"
"R", "0xc550b"
"W", "0x21c054", "0x6f8ddea2"
"R", "0x3da937"
"R", "0x391e18"
"R", "0x1803ed"
"W", "0x4380a8", "0x551b440d"
"R", "0x2d6f36"
"R", "0x19503f"
"W", "0x19f668", "0x72c24176"
"R", "0x2a3069"
"W", "0xf93d8", "0x32edc4a8"
"R", "0x1e8187"
"R", "0x2b7cbb"
"R", "0x3ef589"
"W", "0x1378ce", "0x204fb840"
"R", "0x122c7c"
"R", "0x141ef7"
"R", "0x19f668"
"R", "0x9163e"
"W", "0x2a3069", "0x49ba0b19"
"R", "0x156b49"
"R", "0x1b42ba"
"W", "0x2797c5", "0x5bb5a474"
"W", "0x30ae03", "0x154745a4"
"W", "0x175dc4", "0x1366887d"
"R", "0x1b42ba"
"R", "0x32a07e"
"W", "0x423456", "0x5b80345d"
"W", "0x283dee", "0x68c91d42"
"W", "0x283dee", "0x245d6910"
"R", "0x457323"
"R", "0xcfb34"
"R", "0x3f9bb2"
"R", "0x298a4"
"R", "0x230ca6"
"R", "0x9bc67"
"R", "0x372b9d"
"R", "0xbaee2"
"W", "0x33ecd0", "0x49839e94"
"R", "0x118653"
"W", "0x25a54a", "0x1875bf12"
"R", "0x141ef7"
"R", "0x3bb6bc"
"W", "0x33ecd", "0x3e0f0767"
"W", "0x3d030e", "0x1f4daefa"
"R", "0x2c22e4"
"W", "0x372b9d", "0x46364f22"
"R", "0x46bf75"
"R", "0x48b1f"
"R", "0x1f27b"
"W", "0xda15d", "0x5dd9df37"
"W", "0x2e155f", "0x79adcbe7"
"W", "0x161172", "0x41fc79cf"
"R", "0x141ef7"
"W", "0x19f668", "0x6e27748f"
"W", "0x372b9d", "0x12b17498"
"R", "0xda15d"
"R", "0x3e4f6"
"R", "0x2ad692"
"W", "0x35df4b", "0x4c2b7991"
"W", "0x3c5ce5", "0x7d14fde4"
"W", "0x156b49", "0x683aa3b7"
"R", "0x2ebb88"
"W", "0x21c054", "0x41519483"
"R", "0x4426d1"
"R", "0xeedaf"
"R", "0x1b42ba"
"W", "0x211a2b", "0x138c7f85"
"W", "0x161172", "0x69486717"
"W", "0x2c22e4", "0x34935c4"
"W", "0x1fcdd9", "0x4f41630c"
"R", "0xe4786"
"W", "0x1c8f0c", "0x5e22f6db"
"W", "0xbaee2", "0x7f69886"
"W", "0x156b49", "0x7277cf1f"
"W", "0x14c520", "0x62ce20f6"
"W", "0x12d2a5", "0x3b4fb0d0"
"W", "0x25a54a", "0x1f6f3904"
"R", "0x3e4f6"
"W", "0x9bc67", "0x210a2b39"
"R", "0x1be8e3"
"R", "0x3da937"
"R", "0x25a54a"
"W", "0x2f61b1", "0xeb8f3e0"
"R", "0x2e155f"
"W", "0x372b9d", "0x4fdbb390"
"W", "0xf93d8", "0x34d8bf"
"R", "0x3e4f6"
"R", "0x3877ef"
"R", "0x33ecd0"
"R", "0x32a07e"
"W", "0xe4786", "0x563f210f"
"R", "0x3ef589"
"R", "0x283dee"
"R", "0x87015"
"R", "0xcfb34"
"R", "0x31542c"
"R", "0x1fcdd9"
"W", "0xf93d8", "0x7a4eafad"
"W", "0x723c3", "0x5e128ca8"
"R", "0x368574"
"W", "0x156b49", "0x6aff2af0"
"W", "0xf93d8", "0x32fb478c"
"W", "0x31542c", "0x7bdc93fb"
"W", "0x33ecd0", "0x46670b6a"
"R", "0x1fcdd9"
"W", "0x298a40", "0x297155de"
"R", "0x9163e"
"W", "0x2f61b1", "0x83a4d2a"
"R", "0x35df4b"
"R", "0x3877ef"
"R", "0x9163e"
"R", "0x28e417"
"R", "0x2c22e4"
"W", "0x37d1c6", "0x3d12ad95"
"W", "0x18aa16", "0x32afda43"
"W", "0x9163e", "0x3972016a"
"W", "0x28e417", "0x4c9bd056"
"W", "0x1be8e3", "0x41a169fd"
"R", "0x1b42ba"
"W", "0x3ef589", "0x2f5a9ace"
"R", "0x40e804"
"R", "0x3f9bb2"
"R", "0x207402"
"R", "0x175dc4"
"W", "0x9163e", "0x27dddee2"
"W", "0x7c9ec", "0x28024204"
"W", "0x19f668", "0xcd03017"
"R", "0x25a54a"
"W", "0x23b2cf", "0xd210004"
"R", "0x211a2b"
"R", "0xc550b"
"R", "0xeedaf"
"R", "0x28e417"
"R", "0x1f27b"
"R", "0x2ad692"
"W", "0x7c9ec", "0x3c532d30"
"R", "0x3b1093"
"R", "0xa6290"
"W", "0x67d9a", "0x33090ab"
"R", "0x19503f"
"R", "0xb08b9"
"R", "0x2c22e4"
"W", "0x12d2a5", "0x19eceb61"
"R", "0x1fcdd9"
"W", "0x3346a7", "0x68da749c"
"R", "0x2ad692"
"W", "0x48b1f", "0x65d78500"
"W", "0x372b9d", "0x5ab2085e"
"W", "0x3d030e", "0x2c16cb30"
"W", "0x2c22e4", "0x547e1209"
"R", "0x19f668"
"R", "0x175dc4"
"W", "0xe4786", "0x2567ce2b"
"R", "0x67d9a"
"W", "0xe4786", "0x68eb2271"
"R", "0x37d1c6"
"W", "0x230ca6", "0x63855411"
"W", "0x3d030e", "0xaa63888"
"W", "0x67d9a", "0x520c255f"
"R", "0x723c3"
"W", "0x18aa16", "0x4f1e03f2"
"R", "0x3da937"
"W", "0x723c3", "0x1272aaae"
"R", "0x3e4f6"
"R", "0x40e804"
"R", "0x3492f9"
"R", "0xb08b9"
"R", "0x18aa16"
"R", "0x3e4f60"
"R", "0x207402"
"W", "0xeedaf", "0x33d33a50"
"W", "0x4426d1", "0x323c716b"
"R", "0x2c22e4"
"W", "0x2f61b1", "0xfcebe3d"
"W", "0x7c9ec", "0x17b2e38d"
"W", "0x3b1093", "0x8a56cd8"
"W", "0x87015", "0x12e512fc"
"W", "0x156b49", "0x72b0d1d9"
"W", "0x2e155f", "0x2284a236"
"W", "0x3b1093", "0x37db3c4c"
"R", "0x3492f9"
"R", "0xf93d8"
"W", "0x1378ce", "0x1b8452d8"
"W", "0xa6290", "0x567bf076"
"W", "0x18aa16", "0x4fe4a50c"
"R", "0x1f27b0"
"R", "0x156b49"
"R", "0x9bc67"
"R", "0x14c520"
"W", "0x230ca6", "0x56321668"
"W", "0x25a54a", "0x4aef9123"
"W", "0x230ca6", "0x3dd46abb"
"R", "0x1378ce"
"W", "0x16b79b", "0x5254d09"
"R", "0x118653"
"W", "0x18aa16", "0xab406e4"
"R", "0x40e804"
"R", "0x353922"
"W", "0x1e8187", "0x52d97751"
"W", "0x2c22e4", "0x791995c9"
"W", "0x30ae03", "0x77f35aa2"
"W", "0x33ecd0", "0x694b7522"
"W", "0x298a40", "0x6a753593"
"W", "0x4041db", "0x30815a49"
"W", "0x161172", "0x27c06743"
"R", "0x3c5ce5"
"R", "0x3007da"
"R", "0x19503f"
"R", "0x1f27b0"
"W", "0x1d3535", "0xcff65a7"
"R", "0x3877ef"
"R", "0x19f668"
"R", "0x67d9a"
"R", "0x53148"
"R", "0x264b73"
"R", "0x353922"
"R", "0x1d3535"
"W", "0x457323", "0x3ee76e16"
"R", "0x211a2b"
"W", "0x31542c", "0x335eef1b"
"W", "0x211a2b", "0x1f86512e"
"R", "0x39c441"
"R", "0x391e18"
"R", "0x2f61b1"
"R", "0x2a3069"
"R", "0x2a3069"
"W", "0x25a54a", "0x3069deb1"
"R", "0x1a9c91"
"W", "0x4426d1", "0x50ad62b"
"W", "0x353922", "0x63a137d6"
"W", "0x48b1f", "0x2d6b7fe2"
"R", "0x1f27b"
"W", "0x28e417", "0x6d68fe75"
"R", "0x2ad692"
"R", "0x14c52"
"R", "0x9163e"
"W", "0x67d9a", "0x7d00823e"
"R", "0x14c520"
"W", "0x353922", "0x30ddd1c6"
"W", "0x1e8187", "0x41f415cb"
"W", "0x230ca6", "0x7bec2079"
"R", "0x16b79b"
"W", "0x87015", "0x793e29ff"
"W", "0xe4786", "0x78fd72b"
"R", "0x3492f9"
"R", "0x3346a7"
"W", "0x175dc4", "0x4c246fe3"
"R", "0x28e417"
"R", "0x12d2a5"
"W", "0x18aa16", "0x12abb9a7"
"R", "0x67d9a"
"R", "0x39c441"
"W", "0x18aa16", "0x77edd416"
"R", "0x3346a7"
"R", "0x9bc67"
"R", "0x418e2d"
"W", "0x35df4b", "0x1900516c"
"R", "0x3b1093"
"R", "0x26f19c"
"R", "0xb08b9"
"W", "0x23b2cf", "0x75a5a727"
"W", "0x5d771", "0x1bb52e3a"
"R", "0x3da937"
"W", "0x1d3535", "0x4171ec24"
"R", "0x33ecd"
"R", "0x1ddb5e"
"R", "0x211a2b"
"R", "0x2ebb88"
"R", "0xa6290"
"R", "0x22667d"
"R", "0x18aa16"
"R", "0x118653"
"W", "0x26f19c", "0x3087c4db"
"W", "0x21c054", "0x52e10af0"
"R", "0x122c7c"
"R", "0x3d030e"
"W", "0x4380a8", "0x79deb991"
"W", "0xc550b", "0x4f7071fc"
"W", "0x3877ef", "0x6a476dc"
"R", "0x53148"
"R", "0x2b7cbb"
"R", "0x18aa16"
"W", "0x21c054", "0x4ca3a73a"
"W", "0x3d030e", "0x35483a12"
"R", "0x2f61b1"
"R", "0x35df4b"
"R", "0xa629"
"R", "0xb08b9"
"W", "0x368574", "0x1cf8bb04"
"R", "0xc550b"
"R", "0x2ad692"
"W", "0x53148", "0x24586ae0"
"W", "0x21c054", "0x39bfd0b3"
"W", "0x87015", "0x7b1b8353"
"R", "0x3e4f60"
"W", "0x1fcdd9", "0x13584d8"
"W", "0xe4786", "0x3214d639"
"W", "0xbaee2", "0x1ad4ed19"
"R", "0x39c441"
"W", "0x372b9d", "0x45aff99d"
"R", "0x1e8187"
"W", "0x2458f8", "0x7311750"
"R", "0x1d3535"
"W", "0x22667d", "0x4bbb8f1"
"R", "0x16b79b"
"R", "0x2ebb88"
"R", "0xf93d8"
"W", "0x3b1093", "0x5f231988"
"W", "0x1b42ba", "0x9e100fd"
"R", "0x418e2d"
"R", "0x1e8187"
"R", "0x10e02a"
"R", "0x1c8f0c"
"R", "0x19503f"
"R", "0x298a4"
"R", "0x175dc4"
"W", "0x28e417", "0x7af3b4d2"
"R", "0x372b9d"
"R", "0x2458f8"
"W", "0x1fcdd9", "0x61f09f66"
"W", "0xb08b9", "0x20f8b252"
"W", "0x10e02a", "0x66856752"
"W", "0x230ca6", "0xac8417d"
"W", "0x3d030e", "0x2fe707ee"
"W", "0x22667d", "0x12734c81"
"W", "0xb08b9", "0x4c747a02"
"R", "0x161172"
"R", "0x723c3"
"W", "0xc550b", "0x1c747985"
"W", "0x3a6a6a", "0x61801135"
"R", "0x2b7cbb"
"W", "0x28e417", "0x1a404222"
"R", "0x3ef589"
"W", "0x14c520", "0x1d9d8934"
"R", "0x4426d1"
"R", "0x1be8e3"
"W", "0x3a6a6a", "0x4a5619e6"
"R", "0x418e2d"
"W", "0x1a9c91", "0x36e7af"
"W", "0x53148", "0x4dedec0a"
"W", "0x2b7cbb", "0x3693120b"
"R", "0x372b9d"
"W", "0x18aa16", "0x665fb269"
"R", "0x3b1093"
"R", "0xe4786"
"R", "0x3ef589"
"W", "0x1fcdd9", "0x7bc1bbcb"
"W", "0xc550b", "0x37ec5720"
"W", "0x33ecd", "0x1a63fd3b"
"W", "0x2797c5", "0x5e6c3b81"
"W", "0x42da7f", "0x4c04598b"
"W", "0x368574", "0x54eaa798"
"R", "0x1b42ba"
"R", "0x37d1c6"
"W", "0x2797c5", "0x7973702b"
"R", "0x418e2d"
"R", "0x87015"
"W", "0x25a54a", "0x37f01741"
"W", "0x1fcdd9", "0x502686fb"
"W", "0x2cc90d", "0x17ccc376"
"W", "0x372b9d", "0x4618709e"
"R", "0x39c441"
"R", "0xb08b9"
"R", "0x10e02a"
"W", "0x48b1f", "0x7781a051"
"W", "0x1be8e3", "0x543f1be7"
"W", "0x2ebb88", "0x431cf43d"
"R", "0x33ecd"
"W", "0x44ccfa", "0x22530890"
"W", "0x175dc4", "0x17184a65"
"R", "0x423456"
"W", "0x175dc4", "0x7ebd54a5"
"R", "0xc550b"
"R", "0x2cc90d"
"W", "0x2cc90d", "0x6f08b031"
"R", "0x7c9ec"
"R", "0x3bb6bc"
"W", "0x3a6a6a", "0xb5e187c"
"W", "0x23b2cf", "0x4e38d496"
"R", "0x230ca6"
"W", "0x35df4b", "0x21598f71"
"W", "0x18aa16", "0x24f76670"
"R", "0x19f668"
"R", "0x14c520"
"W", "0x103a01", "0x138965b8"
"R", "0xa629"
"W", "0x32a07e", "0x3ce29bbc"
"R", "0x175dc4"
"R", "0x23b2cf"
"W", "0x3e4f60", "0x2ba4abeb"
"W", "0x298a40", "0x3955f48f"
"R", "0x21c054"
"W", "0x2e155f", "0x3cf0809f"
"R", "0x3877ef"
"W", "0xe4786", "0x7167349d"
"W", "0x10e02a", "0x5dffbb22"
"W", "0x298a40", "0x399d4312"
"R", "0x3e4f6"
"W", "0x39c441", "0x747b31ad"
"W", "0x103a01", "0x46b683dd"
"W", "0x3c5ce5", "0x1fff6a0d"
"R", "0x1be8e3"
"W", "0x87015", "0x6e1a0b17"
"W", "0x18aa16", "0xd5c5743"
"W", "0x211a2b", "0x327d0f59"
"W", "0x40e804", "0xadef39a"
"W", "0xb08b9", "0x5ce8695d"
"W", "0x3bb6bc", "0x1e8a753c"
"R", "0x1f27b"
"R", "0x175dc4"
"R", "0x14c520"
"R", "0x264b73"
"W", "0x1b42ba", "0x1041f92a"
"R", "0x418e2d"
"W", "0x2c22e4", "0x3d51e04a"
"W", "0x2458f8", "0x4e9c94d"
"R", "0x2f61b1"
"W", "0x44ccfa", "0x3c2ccd6d"
"R", "0x33ecd0"
"W", "0x368574", "0x4abae086"
"R", "0x418e2d"
"R", "0x161172"
"W", "0xbaee2", "0x7ed60afe"
"R", "0x122c7c"
"W", "0x3346a7", "0x70db4715"
"R", "0x103a01"
"R", "0x298a40"
"R", "0x175dc4"
"W", "0x28e417", "0x78175cff"
"R", "0x283dee"
"R", "0x1a9c91"
"W", "0x33ecd0", "0xb458541"
"W", "0x3346a7", "0x1008ec66"
"R", "0x18aa16"
"W", "0x26f19c", "0x540252a4"
"W", "0x161172", "0x4066eb5f"
"W", "0xa6290", "0x3109b4ec"
"R", "0x44ccfa"
"R", "0x2c22e4"
"R", "0x1fcdd9"
"R", "0x14c52"
"W", "0x9163e", "0x48a4bf92"
"W", "0xeedaf", "0x147d152c"
"W", "0x1b42ba", "0x54889102"
"R", "0x28e417"
"W", "0x7c9ec", "0x6d2ef576"
"R", "0x2a3069"
"W", "0x2d6f36", "0x57730db3"
"R", "0x2ebb88"
"R", "0xeedaf"
"R", "0x35df4b"
"R", "0x2b7cbb"
"W", "0x3e4f6", "0x253a5b52"
"W", "0x3007da", "0x2031050f"
"R", "0x5d771"
"W", "0x48b1f", "0xf5d1f4c"
"R", "0x1fcdd9"
"W", "0x18aa16", "0x4ade34b8"
"R", "0x3b1093"
"R", "0x10e02a"
"W", "0x2ad692", "0x5af53209"
"W", "0x368574", "0x3d1387c6"
"W", "0x1e8187", "0x760697c"
"W", "0x19503f", "0x9f49394"
"W", "0x3a6a6a", "0x5680c49d"
"R", "0xda15d"
"W", "0x3346a7", "0x11ee301c"
"R", "0x10e02a"
"R", "0x1ddb5e"
"R", "0x3346a7"
"W", "0x3f9bb2", "0x6220704e"
"R", "0x1fcdd9"
"R", "0x19503f"
"R", "0x230ca6"
"R", "0x35df4b"
"W", "0x3007da", "0x4f89a0bc"
"R", "0x161172"
"W", "0x2c22e4", "0x236e2f79"
"W", "0xbaee2", "0x3d0ba447"
"W", "0x103a01", "0x6bd5ea32"
"R", "0x1c8f0c"
"R", "0x48b1f"
"R", "0x2b7cbb"
"W", "0x418e2d", "0x33a1042e"
"W", "0x723c3", "0x734ba5b1"
"R", "0x141ef7"
"R", "0x1f27b0"
"W", "0x1fcdd9", "0x14e7ff24"
"W", "0x391e18", "0x113c1bae"
"R", "0xb08b9"
"W", "0x1c8f0c", "0x1a527554"
"W", "0x391e18", "0xe327f69"
"R", "0x40e804"
"R", "0x372b9d"
"R", "0x2e155f"
"R", "0x28e417"
"W", "0x10e02a", "0x395dc625"
"W", "0x3e4f6", "0x224df982"
"R", "0x1e8187"
"W", "0x3492f9", "0x4d55bc3"
"R", "0x7c9ec"
"R", "0x2e155f"
"R", "0x2d6f36"
"R", "0x207402"
"R", "0x2a3069"
"W", "0x1d3535", "0x43722e80"
"W", "0x7c9ec", "0x124dab4"
"W", "0x46194c", "0x50478c1b"
"W", "0x3e4f60", "0x3181aa79"
"W", "0x53148", "0x5a6b0cdb"
"R", "0xa6290"
"W", "0x211a2b", "0x5e3fb2dd"
"R", "0x103a01"
"R", "0x4041db"
"R", "0x1f27b0"
"R", "0x2cc90d"
"W", "0x3e4f60", "0x7271ad52"
"W", "0x24ff21", "0x6638903d"
"W", "0x353922", "0x48f4784c"
"R", "0x19503f"
"W", "0x207402", "0x2ae78895"
"R", "0x175dc4"
"R", "0x19f668"
"W", "0x122c7c", "0x381eb122"
"R", "0x24ff21"
"W", "0x19f668", "0x214c243d"
"R", "0x19f668"
"R", "0x368574"
"R", "0x14c520"
"R", "0x3ef589"
"R", "0x1e8187"
"R", "0x10e02a"
"W", "0x3346a7", "0x4be9f187"
"R", "0x3007da"
"R", "0x31542c"
"R", "0x3e4f60"
"W", "0x3a6a6a", "0x596db806"
"W", "0xf93d8", "0x54de8241"
"W", "0x39c441", "0x15d94adb"
"R", "0x3492f9"
"R", "0x1a9c91"
"R", "0x31fa55"
"R", "0x31542c"
"W", "0x87015", "0x6f94c68a"
"W", "0x1ddb5e", "0x60e58440"
"W", "0x3b1093", "0x25e22831"
"W", "0x9bc67", "0x4f607506"
"W", "0x23b2cf", "0x7ddae15a"
"R", "0x22667d"
"W", "0x2458f8", "0x7d365c8e"
"R", "0x3ef589"
"R", "0x26f19c"
"R", "0x353922"
"W", "0x1803ed", "0x479ead4f"
"W", "0x4380a8", "0x14fa2626"
"W", "0x298a4", "0x79daf44d"
"R", "0x391e18"
"R", "0x1c8f0c"
"W", "0x22667d", "0x266e6d82"
"W", "0x48b1f", "0x30de2e48"
"R", "0x23b2cf"
"R", "0x211a2b"
"R", "0xb08b9"
"R", "0xbaee2"
"R", "0xbaee2"
"W", "0x3007da", "0x52416015"
"W", "0x1c8f0c", "0x1164cb5c"
"W", "0x40e804", "0x1f675ed3"
"W", "0x3ef589", "0x6d5deaee"
"W", "0x3346a7", "0x28b12a5e"
"R", "0x4041db"
"W", "0x2e155f", "0x53eb9aad"
"W", "0x16b79b", "0x7a24bc20"
"R", "0x2ad692"
"R", "0x2ebb88"
"W", "0x1d3535", "0x5c3bff64"
"R", "0x423456"
"W", "0x141ef7", "0x6ca08774"
"R", "0x1be8e3"
"R", "0x32a07e"
"W", "0x1be8e3", "0x1af0a26c"
"W", "0x1b42ba", "0x4f06c60f"
"R", "0x32a07e"
"R", "0x3f9bb2"
"R", "0x25a54a"
"R", "0x31fa55"
"R", "0xe4786"
"R", "0x3492f9"
"W", "0x3e4f60", "0x297571ee"
"W", "0x122c7c", "0x58034831"
"W", "0x33ecd", "0x2b074178"
"R", "0x16b79b"
"R", "0x2b7cbb"
"W", "0xda15d", "0x24c1ee98"
"W", "0x122c7c", "0x4e8d215f"
"R", "0x35df4b"
"W", "0x3d030e", "0x50e1ca47"
"R", "0x3b1093"
"W", "0x1b42ba", "0x1643cf00"
"R", "0x19f668"
"R", "0x175dc4"
"W", "0x46194c", "0x54b5b896"
"W", "0x1fcdd9", "0x7e794853"
"W", "0x3bb6bc", "0x1b8802ad"
"W", "0x2458f8", "0x5421d7cb"
"R", "0x1a9c91"
"R", "0x3346a7"
"W", "0x2b7cbb", "0x5abf3a7f"
"W", "0x31fa55", "0x3d2f2155"
"W", "0x48b1f", "0x68d45f29"
"R", "0x2c22e4"
"R", "0x23b2cf"
"R", "0x1e8187"
"R", "0x1c8f0c"
"R", "0x24ff21"
"R", "0x23b2cf"
"W", "0x46194c", "0x3da3f44d"
"W", "0x2458f8", "0x7b07fb75"
"R", "0x2b7cbb"
"W", "0x230ca6", "0x50ad25e1"
"R", "0x3ef589"
"R", "0x31542c"
"R", "0x48b1f"
"W", "0x1ddb5e", "0x31ef08fc"
"R", "0x211a2b"
"W", "0x28e417", "0x6b9546c8"
"R", "0x4041db"
"R", "0x1f27b0"
"W", "0x418e2d", "0x5962b671"
"R", "0x353922"
"R", "0x3c5ce5"
"W", "0x1b42ba", "0x3014d713"
"W", "0x1ddb5e", "0x6bb8d5f5"
"R", "0xc550b"
"R", "0x3f9bb2"
"W", "0x14c520", "0x55f39c5e"
"R", "0x2e155f"
"W", "0x9163e", "0xf16e4e7"
"W", "0x1d3535", "0x50cf0ce1"
"R", "0x156b49"
"W", "0x3b1093", "0x4bd5fd8"
"R", "0x48b1f"
"R", "0x2f61b1"
"W", "0x2a3069", "0x6f9d7b45"
"W", "0x19f668", "0x657059f5"
"R", "0xc550b"
"R", "0x19f668"
"W", "0x3d030e", "0x35ed917d"
"R", "0x26f19c"
"R", "0x31fa55"
"R", "0xa6290"
"R", "0x37d1c6"
"W", "0x1f27b", "0x5a38ee52"
"R", "0x723c3"
"R", "0x418e2d"
"R", "0x1a9c91"
"W", "0x28e417", "0x5db8bedd"
"W", "0x28e417", "0xb64a026"
"R", "0x16b79b"
"R", "0x7c9ec"
"W", "0x2f61b1", "0x2f1a9fa"
"W", "0x31542c", "0x20940218"
"W", "0x211a2b", "0x4f5f1496"
"R", "0xf93d8"
"W", "0x2b7cbb", "0x13749c5b"
"W", "0x298a40", "0x3d9980ef"
"W", "0x2d6f36", "0x4ff82d72"
"R", "0x24ff21"
"R", "0x31fa55"
"W", "0x175dc4", "0x243a8549"
"R", "0x264b73"
"W", "0x22667d", "0x4298ab7f"
"W", "0xf93d8", "0x19892cbc"
"R", "0x10e02a"
"W", "0x2ebb88", "0x9239d8"
"W", "0x48b1f", "0x60e9e38b"
"R", "0x3f9bb2"
"R", "0x3a6a6a"
"W", "0x3346a7", "0x25b76e67"
"R", "0x19f668"
"W", "0x3ef589", "0x72256b32"
"W", "0x391e18", "0xb92c63e"
"W", "0x33ecd", "0x1eb0da95"
"W", "0x264b73", "0xcd9cfae"
"R", "0x3b1093"
"W", "0x1e8187", "0x2220a5c8"
"W", "0x3877ef", "0x72359c4d"
"W", "0x31fa55", "0x8f74e5c"
"R", "0x3007da"
"R", "0x24ff21"
"W", "0x14c520", "0x397ef1b0"
"R", "0x12d2a5"
"R", "0x24ff21"
"W", "0x3bb6bc", "0x503fe2d6"
"R", "0x23b2cf"
"R", "0x207402"
"W", "0x1a9c91", "0x22e1e263"
"W", "0x1803ed", "0x7ccf6515"
"R", "0x103a01"
"W", "0x21c054", "0x364d0696"
"W", "0x40e804", "0x2c96e45f"
"W", "0x48b1f", "0x5363da0b"
"R", "0xa6290"
"R", "0x9163e"
"W", "0x3da937", "0x10fdf983"
"W", "0x211a2b", "0x2020468b"
"W", "0x21c054", "0x3974d7a2"
"W", "0x283dee", "0x311b84c4"
"W", "0x156b49", "0x4c556428"
"W", "0x14c520", "0x52495915"
"R", "0x37d1c6"
"R", "0x37d1c6"
"R", "0x24ff21"
"R", "0xc550b"
"W", "0x161172", "0x21fe8036"
"R", "0x1ddb5e"
"R", "0x37d1c6"
"R", "0x9bc67"
"W", "0x2797c5", "0x32400d5e"
"W", "0x1ddb5e", "0x4b27a24"
"W", "0x24ff21", "0x4e2fdb5a"
"W", "0x44ccfa", "0x254c0d39"
"W", "0x1fcdd9", "0x310c567a"
"R", "0x2ad692"
"W", "0x3f9bb2", "0x420c7b4b"
"W", "0x103a01", "0x423eee78"
"W", "0xcfb34", "0x65523b87"
"W", "0x283dee", "0x3c0b240e"
"W", "0x3492f9", "0x2155f053"
"R", "0x25a54a"
"W", "0xbaee2", "0x4bbdc121"
"R", "0x4041db"
"W", "0x368574", "0x5bf63008"
"W", "0x3b1093", "0x416fa123"
"R", "0xa6290"
"W", "0x156b49", "0x6d1b4ba9"
"R", "0x368574"
"W", "0x19f668", "0x364aba4c"
"R", "0x2ad692"
"W", "0x1f27b0", "0x15695c44"
"W", "0x10e02a", "0x204d82bb"
"W", "0x1a9c91", "0xf10dd1b"
"W", "0xa6290", "0x33b26e8e"
"W", "0x2f61b1", "0x113a08d1"
"W", "0x230ca6", "0x501d1f63"
"W", "0x1be8e3", "0x4c51e4f2"
"R", "0x26f19c"
"R", "0x53148"
"R", "0x48b1f"
"W", "0x3b1093", "0x223dade0"
"W", "0x2a3069", "0x3d1f1c35"
"W", "0x283dee", "0x789bac0a"
"R", "0x14c520"
"W", "0x103a01", "0x51344d98"
"R", "0x207402"
"R", "0x7c9ec"
"W", "0x9bc67", "0x4c3157fb"
"R", "0x48b1f"
"R", "0x3007da"
"W", "0x1f27b0", "0x78c1e09b"
"R", "0x10e02a"
"R", "0x1e8187"
"R", "0xf93d8"
"R", "0x31542c"
"W", "0x31542c", "0x408277e"
"W", "0x39c441", "0x15135df9"
"W", "0x230ca6", "0x19d846c1"
"W", "0x21c054", "0xa4f4377"
"W", "0x31fa55", "0x3bcab893"
"W", "0x35df4b", "0xb3d135f"
"R", "0x3e4f60"
"R", "0x1803ed"
"W", "0x2a3069", "0x64344a00"
"R", "0x1d3535"
"W", "0x14c520", "0x9d7d7eb"
"R", "0x16b79b"
"R", "0x156b49"
"R", "0x264b73"
"W", "0x5d771", "0x20219ed3"
"R", "0x103a01"
"W", "0x3c5ce5", "0x2737ef17"
"R", "0x24ff21"
"W", "0xcfb34", "0x1812f480"
"W", "0x3f9bb2", "0x4a29b374"
"R", "0x3e4f60"
"R", "0x103a01"
"R", "0x2cc90d"
"R", "0x3da937"
"R", "0x2b7cbb"
"W", "0x2ad692", "0x30efbb30"
"W", "0x10e02a", "0x50fc3ae6"
"R", "0xa6290"
"W", "0x31fa55", "0x5e67b7b3"
"W", "0x103a01", "0x13d38e23"
"R", "0x3e4f6"
"R", "0x2a3069"
"W", "0x19f668", "0x5c63436a"
"W", "0x9bc67", "0xe980859"
"R", "0x2797c5"
"W", "0x368574", "0x433f5f10"
"R", "0x2cc90d"
"R", "0x230ca6"
"R", "0x44ccfa"
"R", "0x283dee"
"R", "0x39c441"
"W", "0x3877ef", "0x24d74df8"
"W", "0x4426d1", "0x76d571e7"
"R", "0x32a07e"
"R", "0x2f61b1"
"R", "0x3346a7"
"R", "0x118653"
"W", "0x3bb6bc", "0x59690bd2"
"W", "0x2ebb88", "0x253b3432"
"R", "0x5d771"
"R", "0x298a40"
"R", "0x31542c"
"W", "0x2458f8", "0x711f6251"
"W", "0x3877ef", "0x3226693c"
"W", "0x28e417", "0x65726d0f"
"R", "0x207402"
"R", "0x368574"
"W", "0x2cc90d", "0x4c136397"
"R", "0x3d030e"
"W", "0x2ad692", "0x23101a10"
"W", "0x23b2cf", "0x311ea2d3"
"R", "0x10e02a"
"W", "0x2f61b1", "0x400f3675"
"W", "0x3ef589", "0x5a02b104"
"W", "0x1fcdd9", "0x66a27faa"
"W", "0x10e02a", "0x7c45e596"
"W", "0x9bc67", "0x4d17c39c"
"W", "0x283dee", "0x2d7421db"
"R", "0x25a54a"
"R", "0xcfb34"
"R", "0x2d6f36"
"W", "0x39c441", "0x6b461075"
"R", "0x30ae03"
"W", "0x12d2a5", "0x499c159a"
"W", "0x353922", "0x25cbc95"
"R", "0x3492f9"
"R", "0x3007da"
"W", "0x230ca6", "0x148f315a"
"R", "0x2ebb88"
"R", "0x40e804"
"W", "0xeedaf", "0x398d9447"
"W", "0x372b9d", "0x1d9984c7"
"W", "0x18aa16", "0x15031083"
"R", "0x1a9c91"
"W", "0x283dee", "0x19547a80"
"W", "0x3d030e", "0x325f0fd0"
"R", "0x1fcdd9"
"W", "0x19503f", "0x522ebb6a"
"W", "0x161172", "0x5658807d"
"W", "0x48b1f", "0x27cfed87"
"R", "0x1fcdd9"
"W", "0xb08b9", "0x729965dd"
"R", "0x14c520"
"W", "0x10e02a", "0x1f156c"
"R", "0x12d2a5"
"W", "0x37d1c6", "0x270c4e84"
"R", "0x16b79b"
"W", "0x40e804", "0x18f5ea9e"
"W", "0x3ef589", "0x40403f39"
"W", "0x39c441", "0x74fafaea"
"R", "0x207402"
"W", "0xe4786", "0x6d75c977"
"W", "0x3e4f6", "0x3dadef36"
"R", "0x1f27b0"
"R", "0x31542c"
"R", "0x1f27b"
"W", "0x264b73", "0x979a37e"
"W", "0x2b7cbb", "0x3b66e2ca"
"R", "0x39c441"
"W", "0x16b79b", "0x638ac672"
"R", "0x24ff21"
"R", "0x25a54a"
"R", "0x3e4f60"
"R", "0x161172"
"R", "0x40e804"
"W", "0x1b42ba", "0x52e789d"
"R", "0x18aa16"
"R", "0x175dc4"
"W", "0xda15d", "0x40c3270"
"W", "0x368574", "0x3d5391af"
"W", "0x32a07e", "0x2fefaab4"
"R", "0x3ef589"
"W", "0x2d6f36", "0x5d10d70d"
"R", "0x2f61b1"
"R", "0x23b2cf"
"R", "0x298a40"
"R", "0x31542c"
"R", "0x298a4"
"R", "0x161172"
"W", "0x10e02a", "0x77acfe67"
"W", "0x2c22e4", "0x3c896cd9"
"W", "0x1378ce", "0x1b2587b6"
"W", "0x3bb6bc", "0x7acfa56"
"R", "0x3a6a6a"
"W", "0x3877ef", "0x2c05cdf1"
"W", "0x2a3069", "0x37c18839"
"W", "0x161172", "0x28ffd923"
"W", "0x31542c", "0x4b151560"
"R", "0x2cc90d"
"R", "0x230ca6"
"W", "0x67d9a", "0x620336e4"
"R", "0x2e155f"
"R", "0x2f61b1"
"R", "0x3ef589"
"R", "0x2d6f36"
"W", "0x44ccfa", "0x4c4a1683"
"R", "0x3a6a6a"
"R", "0x2458f8"
"R", "0x211a2b"
"R", "0x1be8e3"
"W", "0x2c22e4", "0x53a98db2"
"W", "0x28e417", "0x5bd3f9a5"
"R", "0x2797c5"
"W", "0x2ebb88", "0x796820f5"
"R", "0x4041db"
"W", "0x2797c5", "0x19cde858"
"R", "0x7c9ec"
"W", "0x3492f9", "0x3c190e44"
"W", "0x7c9ec", "0x4d0775a1"
"W", "0x10e02a", "0x40163824"
"R", "0xda15d"
"W", "0x2b7cbb", "0x26dec2a9"
"R", "0x25a54a"
"W", "0x264b73", "0x57205347"
"R", "0x2ebb88"
"R", "0x3007da"
"W", "0x1fcdd9", "0x6dedc44f"
"W", "0x2458f8", "0x4e824987"
"W", "0xbaee2", "0xc88427e"
"W", "0x1e8187", "0x17d6ba05"
"W", "0xcfb34", "0x7e47674f"
"W", "0x353922", "0x7cd1797f"
"R", "0x418e2d"
"R", "0x118653"
"W", "0x3007da", "0x5fcfa6b3"
"R", "0x9163e"
"R", "0x3007da"
"W", "0x3c5ce5", "0x6658a817"
"R", "0x10e02a"
"R", "0xf93d8"
"W", "0x10e02a", "0x3c43ae6e"
"R", "0x298a4"
"R", "0x1ddb5e"
"R", "0x3346a7"
"R", "0x103a01"
"W", "0x207402", "0xd4776c"
"W", "0x2797c5", "0x566f20ce"
"W", "0x39c441", "0x737a9146"
"W", "0x19503f", "0x2c1eea0e"
"R", "0x19503f"
"R", "0x3007da"
"R", "0x3bb6bc"
"W", "0x175dc4", "0x1315e4b7"
"W", "0x39c441", "0x555bb0b6"
"W", "0x3d030e", "0x5eabe857"
"W", "0x4041db", "0x122bc8ff"
"W", "0x2ebb88", "0x30bc0571"
"W", "0x31542c", "0x6648e127"
"R", "0x723c3"
"W", "0x30ae03", "0x6faa246b"
"W", "0x18aa16", "0x1202d7b5"
"R", "0x22667d"
"W", "0x3a6a6a", "0x6b0f1e70"
"R", "0x12d2a5"
"R", "0x25a54a"
"R", "0x31fa55"
"W", "0x3e4f6", "0x2fbd150b"
"W", "0x30ae03", "0x35b1f968"
"R", "0x141ef7"
"R", "0x3007da"
"R", "0x1c8f0c"
"R", "0x156b49"
"W", "0x10e02a", "0x3b3a813e"
"W", "0x16b79b", "0x7f80a48f"
"R", "0x4426d1"
"R", "0xbaee2"
"W", "0x10e02a", "0x7a69f79"
"W", "0xe4786", "0x1288483d"
"R", "0x264b73"
"W", "0x3da937", "0x356cb3fa"
"R", "0x23b2cf"
"W", "0x2797c5", "0x98afd1a"
"R", "0x3ef589"
"W", "0xcfb34", "0x1e03ee3"
"W", "0x1e8187", "0x49c690ed"
"W", "0xa6290", "0x348bb24b"
"R", "0x298a4"
"R", "0x10e02a"
"R", "0xbaee2"
"W", "0x418e2d", "0x4ef258c"
"R", "0x53148"
"W", "0x2c22e4", "0x2e7d1a27"
"W", "0x141ef7", "0x148c09f5"
"R", "0x1c8f0c"
"W", "0x161172", "0x645981b0"
"W", "0x283dee", "0x31f8786a"
"R", "0x3492f9"
"R", "0x3c5ce5"
"W", "0xbaee2", "0x45f3fe02"
"R", "0x23b2cf"
"R", "0x2458f8"
"W", "0xda15d", "0x27fde201"
"R", "0x1ddb5e"
"W", "0x1ddb5e", "0x5f1c7d57"
"R", "0x3da937"
"R", "0x2797c5"
"W", "0x32a07e", "0x2c935b16"
"R", "0x3c5ce5"
"W", "0x4426d1", "0x6249dc3a"
"R", "0x9163e"
"W", "0x3f9bb2", "0x4c7dbcc9"
"R", "0x28e417"
"W", "0x1b42ba", "0x5aec446e"
"W", "0x2b7cbb", "0x65289bd3"
"R", "0x23b2cf"
"R", "0x44ccfa"
"W", "0x3bb6bc", "0x4c5ab1f2"
"W", "0x19f668", "0x7add38a8"
"W", "0x1b42ba", "0xcc6b659"
"R", "0x4426d1"
"W", "0x1fcdd9", "0x51541298"
"R", "0x2b7cbb"
"R", "0x264b73"
"W", "0x122c7c", "0x4e6b282"
"W", "0x23b2cf", "0x4748d6"
"W", "0x423456", "0x51345f3a"
"R", "0xf93d8"
"W", "0x2ad692", "0x55ac087f"
"W", "0x1d3535", "0x4ecf88e"
"R", "0x4041db"
"R", "0x19f668"
"R", "0x1f27b0"
"R", "0x22667d"
"W", "0x372b9d", "0x39e42ab7"
"R", "0x298a40"
"R", "0x5d771"
"W", "0x19f668", "0x707f1711"
"R", "0x26f19c"
"R", "0x353922"
"W", "0x2ebb88", "0x581c48d6"
"R", "0x2ebb88"
"W", "0x2b7cbb", "0x2330fd84"
"W", "0x1be8e3", "0x158b2d0c"
"W", "0x18aa16", "0x16ebcd61"
"W", "0x22667d", "0x300539a"
"R", "0x418e2d"
"R", "0x353922"
"R", "0x141ef7"
"W", "0x2f61b1", "0xba3d56b"
"W", "0xc550b", "0x736b685c"
"R", "0xcfb34"
"R", "0x31fa55"
"R", "0x24ff21"
"R", "0x18aa16"
"W", "0x2797c5", "0x5c55f390"
"R", "0x2b7cbb"
"W", "0x3e4f60", "0x5f661d38"
"W", "0x3877ef", "0x45c6e15"
"R", "0x19f668"
"R", "0x2a3069"
"R", "0x230ca6"
"R", "0x1ddb5e"
"R", "0x21c054"
"R", "0xb08b9"
"W", "0x1f27b0", "0x1fce3562"
"R", "0xe4786"
"R", "0x31542c"
"W", "0x372b9d", "0x1eed021a"
"R", "0x4380a8"
"R", "0xcfb34"
"W", "0x26f19c", "0x68771e33"
"R", "0x1be8e3"
"R", "0x391e18"
"R", "0xbaee2"
"W", "0x1803ed", "0x7b007556"
"R", "0x122c7c"
"R", "0x353922"
"R", "0x3da937"
"W", "0x3492f9", "0x7afdba2"
"W", "0x2458f8", "0x103cba0f"
"R", "0x4041db"
"W", "0x2f61b1", "0x38898355"
"R", "0x211a2b"
"W", "0x4426d1", "0x4f068e58"
"R", "0xda15d"
"R", "0x211a2b"
"W", "0x1b42ba", "0x15c774c7"
"R", "0x1e8187"
"R", "0x18aa16"
"R", "0x31542c"
"W", "0xa6290", "0x96589b5"
"R", "0x372b9d"
"W", "0x32a07e", "0x33696bb0"
"R", "0x1a9c91"
"R", "0xcfb34"
"W", "0x230ca6", "0x318f9483"
"W", "0x7c9ec", "0x115aadda"
"R", "0x5d771"
"R", "0x2c22e4"
"R", "0x24ff21"
"R", "0x1e8187"
"R", "0x87015"
"R", "0x19503f"
"R", "0x1fcdd9"
"R", "0x4041db"
"R", "0x298a40"
"R", "0x21c054"
"R", "0x3007da"
"R", "0x3b1093"
"W", "0x3346a7", "0x4d60121b"
"W", "0x3007da", "0x63d20a0b"
"W", "0x3492f9", "0x6b021b0b"
"R", "0x3a6a6a"
"W", "0x1be8e3", "0x6d38c53b"
"R", "0x156b49"
"W", "0x1b42ba", "0x2134fcb6"
"W", "0x1f27b", "0x3365988d"
"W", "0x103a01", "0x3d5c7b53"
"R", "0x3a6a6a"
"W", "0x264b73", "0x177db85"
"W", "0x3e4f60", "0x79728b74"
"W", "0x31fa55", "0x31910189"
"W", "0x33ecd0", "0x5ead6145"
"W", "0x3877ef", "0x289a48df"
"R", "0x25a54a"
"W", "0x1a9c91", "0x154aef60"
"W", "0x391e18", "0x71034540"
"R", "0x1f27b"
"W", "0x283dee", "0x29558c4b"
"R", "0x3877ef"
"R", "0x48b1f"
"W", "0x3877ef", "0x76f53b67"
"W", "0x1fcdd9", "0x375b4f2d"
"W", "0x230ca6", "0x1ccefd9d"
"W", "0x9bc67", "0x23cba3fc"
"R", "0x368574"
"W", "0x161172", "0x63826f85"
"R", "0x3b1093"
"W", "0x418e2d", "0x33c9ad45"
"R", "0x2ebb88"
"R", "0x3877ef"
"W", "0x31542c", "0x6e88a160"
"R", "0x26f19c"
"W", "0x3007da", "0x2e937651"
"W", "0x19f668", "0x66836acf"
"W", "0x33ecd", "0x1538294b"
"W", "0x2797c5", "0x70bfaac1"
"R", "0x3346a7"
"R", "0x298a40"
"R", "0x25a54a"
"W", "0x48b1f", "0x569283b9"
"W", "0xe4786", "0x6a9af502"
"W", "0x3a6a6a", "0x73a4532e"
"W", "0x18aa16", "0x4418e7e8"
"W", "0xc550b", "0x729ccecb"
"R", "0x2797c5"
"W", "0x3877ef", "0x5d8e18d"
"W", "0x39c441", "0x64f6d52b"
"W", "0x2e155f", "0x57372ad5"
"R", "0x26f19c"
"W", "0x156b49", "0x17d94f7d"
"W", "0xbaee2", "0x93e754a"
"R", "0x353922"
"W", "0x368574", "0x315d773e"
"R", "0x31fa55"
"R", "0x283dee"
"R", "0x24ff21"
"W", "0x9163e", "0x2b602eb8"
"R", "0x122c7c"
"R", "0x161172"
"W", "0x1d3535", "0x1dcd0ae3"
"W", "0x2d6f36", "0x64268a6b"
"W", "0x2ebb88", "0x596dd50c"
"W", "0x28e417", "0x261a7727"
"W", "0x4380a8", "0x4dea1b66"
"R", "0x1e8187"
"R", "0x3e4f6"
"W", "0x1c8f0c", "0x1e31fbbb"
"W", "0x33ecd0", "0x3f49e7fb"
"W", "0x2458f8", "0x4b7df87b"
"R", "0x141ef7"
"R", "0x28e417"
"W", "0x3e4f6", "0x1c02effb"
"R", "0x24ff21"
"W", "0x4041db", "0x42279584"
"W", "0x19f668", "0x73c43d22"
"W", "0x31fa55", "0x27b91286"
"W", "0xcfb34", "0x5645f016"
"R", "0x14c52"
"W", "0x3877ef", "0x47522687"
"W", "0x7c9ec", "0x7c128449"
"R", "0x39c441"
"R", "0x5d771"
"W", "0x53148", "0x1ef66de8"
"R", "0x1b42ba"
"R", "0x175dc4"
"R", "0x1803ed"
"W", "0x2797c5", "0x2c156c95"
"W", "0x141ef7", "0x361b7c0e"
"R", "0x3d030e"
"R", "0x1e8187"
"R", "0x2b7cbb"
"W", "0x31fa55", "0x3494a303"
"R", "0x10e02a"
"R", "0x1f27b0"
"W", "0x1c8f0c", "0x3e90d4ac"
"W", "0x53148", "0x66ac186c"
"R", "0x3346a7"
"R", "0x423456"
"R", "0x3bb6bc"
"W", "0x175dc4", "0x7b763eda"
"R", "0x264b73"
"R", "0x103a01"
"R", "0xcfb34"
"R", "0x207402"
"W", "0x2f61b1", "0x6003d4ef"
"R", "0x3d030e"
"W", "0x1b42ba", "0xda2dfea"
"W", "0x3b1093", "0x57a48371"
"R", "0x1b42ba"
"W", "0x368574", "0x30cf9952"
"W", "0x156b49", "0x2cead0a8"
"W", "0x3da937", "0x6a6384bd"
"W", "0x3346a7", "0x59b10150"
"W", "0x31fa55", "0x79dccd1f"
"W", "0x19f668", "0x6682ef48"
"W", "0x4426d1", "0x38bcbd5f"
"R", "0x32a07e"
"W", "0x723c3", "0x6b7f41e6"
"R", "0x18aa16"
"W", "0x30ae03", "0x627cdca1"
"R", "0x32a07e"
"R", "0x230ca6"
"R", "0x9bc67"
"W", "0x1ddb5e", "0x518e2250"
"W", "0x1a9c91", "0x53eb91f8"
"W", "0x156b49", "0x61fb160"
"W", "0x1d3535", "0x1a59046f"
"R", "0x1378ce"
"W", "0x2797c5", "0x250f47b9"
"R", "0x175dc4"
"R", "0x2cc90d"
"R", "0x230ca6"
"W", "0x22667d", "0x7c812e3f"
"W", "0x1378ce", "0x5c890476"
"W", "0x3bb6bc", "0x59a74097"
"R", "0x25a54a"
"W", "0x40e804", "0x23e667b3"
"W", "0x53148", "0xa7055f5"
"R", "0x103a01"
"R", "0x42da7f"
"W", "0x1d3535", "0x5468dde7"
"R", "0x418e2d"
"R", "0x37d1c6"
"R", "0x9163e"
"W", "0x3492f9", "0x1404205e"
"W", "0xe4786", "0x2d76921a"
"R", "0x1ddb5e"
"R", "0xcfb34"
"W", "0x1b42ba", "0x39052d61"
"R", "0x1e8187"
"R", "0x391e18"
"W", "0xa6290", "0x46ff0538"
"R", "0x2797c5"
"W", "0x3b1093", "0x52af6397"
"W", "0x103a01", "0x5760acee"
"W", "0x3ef589", "0x25fd66fe"
"R", "0xcfb34"
"W", "0x4041db", "0x5c3e4a2b"
"R", "0x48b1f"
"W", "0x3e4f60", "0x6554735"
"R", "0x18aa16"
"R", "0x33ecd"
"R", "0x3da937"
"R", "0xb08b9"
"R", "0x141ef7"
"R", "0x2ad692"
"R", "0x3007da"
"W", "0x14c520", "0x7b5bd97a"
"R", "0x391e18"
"R", "0x2797c5"
"W", "0x2ad692", "0x1ed9ac5"
"R", "0x1d3535"
"W", "0x40e804", "0x101bd2e0"
"R", "0x122c7c"
"W", "0x22667d", "0x5e995739"
"W", "0x2cc90d", "0x60de24d3"
"R", "0x156b49"
"W", "0x3d030e", "0x60a62686"
"W", "0x3ef589", "0xc25a6b8"
"R", "0x2a3069"
"W", "0x31fa55", "0x5062598f"
"R", "0x1e8187"
"W", "0x3f9bb2", "0x779c7762"
"W", "0x1e8187", "0x5ea690ac"
"W", "0x19503f", "0x123cabe7"
"R", "0x21c054"
"R", "0x32a07e"
"W", "0x141ef7", "0x34ef610e"
"W", "0x30ae03", "0x8b9829b"
"W", "0xda15d", "0x78c962b0"
"W", "0xcfb34", "0x18753008"
"R", "0x1be8e3"
"W", "0x353922", "0x701e0e9a"
"R", "0xa6290"
"R", "0x19503f"
"W", "0x368574", "0x6ac450ef"
"R", "0x3a6a6a"
"W", "0xbaee2", "0x724a78dd"
"W", "0x5d771", "0x73d59aea"
"R", "0x40e804"
"W", "0x9bc67", "0x46645c43"
"W", "0x1e8187", "0x37a3386e"
"W", "0x32a07e", "0x7c2519ce"
"W", "0x3346a7", "0x5bcc4ff8"
"W", "0x1ddb5e", "0x357177b0"
"W", "0x33ecd0", "0x29254aec"
"W", "0x28e417", "0x44443968"
"R", "0x1a9c91"
"R", "0x141ef7"
"W", "0x18aa16", "0x6949d95c"
"R", "0x39c441"
"R", "0x4426d1"
"W", "0x3ef589", "0x76816054"
"W", "0x23b2cf", "0x1c9ba09f"
"R", "0x7c9ec"
"W", "0x33ecd", "0x44fbb066"
"R", "0x67d9a"
"W", "0xbaee2", "0x175bac1e"
"R", "0x3bb6bc"
"R", "0x3bb6bc"
"W", "0x22667d", "0x477a001f"
"W", "0x3ef589", "0x42d577f2"
"R", "0x39c441"
"W", "0x3d030e", "0x3727bd84"
"R", "0x67d9a"
"R", "0x156b49"
"W", "0x18aa16", "0x4ff9dff5"
"W", "0x39c441", "0x5eb3ec17"
"R", "0x40e804"
"R", "0x368574"
"R", "0x3e4f6"
"W", "0x7c9ec", "0x7b408092"
"W", "0x1d3535", "0x392381b7"
"W", "0x1d3535", "0x17781346"
"W", "0x423456", "0xe27919"
"R", "0x48b1f"
"W", "0x418e2d", "0x33f6b98b"
"W", "0x7c9ec", "0x343fdc66"
"R", "0x26f19c"
"R", "0x3007da"
"R", "0x3da937"
"R", "0x2d6f36"
"W", "0x1c8f0c", "0x524cc99c"
"W", "0x2e155f", "0x2d5345f5"
"W", "0x103a01", "0x5b8bf423"
"W", "0x3e4f60", "0x3726a095"
"R", "0x103a01"
"R", "0x4041db"
"R", "0x3f9bb2"
"W", "0x31fa55", "0x4c5c735e"
"W", "0x53148", "0x27b07bb0"
"W", "0x21c054", "0x29693c9f"
"W", "0x1fcdd9", "0x7533a6a2"
"W", "0x103a01", "0x1cc155b0"
"R", "0x3b1093"
"W", "0x103a01", "0x3154f7ba"
"W", "0x2a3069", "0x627dc1e2"
"W", "0x48b1f", "0xc365907"
"R", "0x161172"
"W", "0x1be8e3", "0x2d8d2ec4"
"R", "0x211a2b"
"W", "0x298a4", "0x5a454c06"
"W", "0x32a07e", "0x5e0862cf"
"R", "0x3f9bb2"
"R", "0x31542c"
"W", "0x12d2a5", "0x44dfd541"
"W", "0x2a3069", "0x662aeb71"
"W", "0x7c9ec", "0x452b39fc"
"R", "0x3c5ce5"
"R", "0x103a01"
"R", "0x24ff21"
"R", "0x264b73"
"R", "0x31fa55"
"W", "0x211a2b", "0x50ba9e43"
"W", "0x2458f8", "0x4734960e"
"W", "0x19f668", "0x4010251b"
"W", "0x3492f9", "0x81234b7"
"W", "0x118653", "0x3cc4db66"
"R", "0x3e4f60"
"W", "0x3f9bb2", "0x8bf55a7"
"R", "0x211a2b"
"W", "0x264b73", "0x5e2b6b2b"
"R", "0x175dc4"
"R", "0x1f27b0"
"R", "0x87015"
"W", "0x3877ef", "0x33ac6783"
"W", "0x2cc90d", "0x63780c4"
"R", "0x103a01"
"R", "0x2cc90d"
"R", "0x3877ef"
"W", "0x18aa16", "0x2bd0762c"
"R", "0x175dc4"
"R", "0x2b7cbb"
"R", "0x33ecd0"
"R", "0x16b79b"
"R", "0x3d030e"
"W", "0x67d9a", "0x43e93161"
"W", "0xb08b9", "0x15cd9118"
"R", "0x23b2cf"
"W", "0x10e02a", "0x1e89262f"
"R", "0x18aa16"
"R", "0xbaee2"
"W", "0x2d6f36", "0x7e3d00c6"
"R", "0x2f61b1"
"R", "0xb08b9"
"R", "0xbaee2"
"W", "0x423456", "0x28e4fa8e"
"R", "0x2c22e4"
"R", "0x2e155f"
"W", "0x103a01", "0x52727380"
"W", "0x175dc4", "0x22bcd7c1"
"W", "0x207402", "0x2bbdf488"
"W", "0x2e155f", "0x67bb9d26"
"R", "0x122c7c"
"R", "0xcfb34"
"R", "0x1be8e3"
"R", "0x31fa55"
"R", "0x67d9a"
"W", "0x1c8f0c", "0x255fb339"
"W", "0x10e02a", "0x1cf38b17"
"W", "0x1d3535", "0x6b75ca7a"
"R", "0x22667d"
"W", "0x1d3535", "0x23b6ffc1"
"W", "0x5d771", "0xbabcea2"
"R", "0x4426d1"
"W", "0x3d030e", "0x6e9c513d"
"R", "0x18aa16"
"R", "0x1b42ba"
"W", "0x141ef7", "0x76a45671"
"R", "0xa6290"
"W", "0x19503f", "0x6047d005"
"R", "0x1e8187"
"R", "0x1be8e3"
"R", "0x1803ed"
"W", "0x7c9ec", "0x56f457f9"
"R", "0x46194c"
"R", "0x118653"
"W", "0x39c441", "0x620c43f0"
"W", "0x2e155f", "0x1ad6705d"
"W", "0x3a6a6a", "0x747a119e"
"W", "0x37d1c6", "0x20021081"
"W", "0x35df4b", "0x7eff6186"
"R", "0x3e4f6"
"R", "0x1e8187"
"W", "0x18aa16", "0x24e73b4a"
"W", "0x391e18", "0x50db23b0"
"W", "0xcfb34", "0x39721a72"
"W", "0x3f9bb2", "0x6ad5bbb1"
"W", "0x353922", "0x25ee3f13"
"W", "0x9163e", "0x69a37c34"
"W", "0x2e155f", "0x632236e3"
"R", "0x3a6a6a"
"R", "0x40e804"
"W", "0x103a01", "0x1b364cca"
"R", "0x418e2d"
"R", "0x35df4b"
"W", "0x207402", "0x326a2bfe"
"W", "0x118653", "0x5341fb32"
"W", "0x2797c5", "0x34f48d3b"
"R", "0x35df4b"
"R", "0x87015"
"R", "0x3d030e"
"R", "0x368574"
"R", "0x3492f9"
"R", "0x207402"
"R", "0x1a9c91"
"R", "0x3bb6bc"
"R", "0x211a2b"
"W", "0xeedaf", "0x2f524f66"
"W", "0x31fa55", "0x219cedae"
"R", "0x12d2a5"
"R", "0x3c5ce5"
"R", "0x353922"
"R", "0x2c22e4"
"R", "0x87015"
"W", "0x141ef7", "0xe325404"
"W", "0x4426d1", "0x2bd662e"
"R", "0xeedaf"
"W", "0x26f19c", "0x7b34ac8a"
"R", "0x1a9c91"
"W", "0x4041db", "0x3bd3fe77"
"R", "0x3007da"
"W", "0x1f27b", "0x99f9f"
"R", "0x3b1093"
"W", "0x368574", "0x36b0ffe0"
"R", "0xda15d"
"W", "0x32a07e", "0xa5a7df0"
"R", "0xcfb34"
"R", "0x211a2b"
"R", "0x19f668"
"W", "0x3c5ce5", "0x1eb62f31"
"W", "0x3ef589", "0x74fc89e4"
"R", "0x264b73"
"R", "0x19503f"
"W", "0x207402", "0x52709a25"
"R", "0x3bb6bc"
"W", "0x18aa16", "0x1f3a0791"
"W", "0x3e4f60", "0x67c5533f"
"R", "0x3f9bb2"
"R", "0x28e417"
"W", "0x2a3069", "0x44db13a9"
"W", "0x1d3535", "0x5583e8e9"
"R", "0xa6290"
"R", "0x87015"
"W", "0x4041db", "0x40badf37"
"R", "0x9163e"
"R", "0x3007da"
"R", "0x156b49"
"W", "0x2f61b1", "0x1b2da470"
"W", "0x87015", "0x612d707"
"W", "0x16b79b", "0x615e0634"
"R", "0x2c22e4"
"W", "0x1e8187", "0x59d01220"
"R", "0x28e417"
"W", "0x1ddb5e", "0x24efcab8"
"R", "0x3d030e"
"R", "0x31fa55"
"W", "0x283dee", "0x24fd79c7"
"W", "0x42da7f", "0x61b8cf3a"
"W", "0x87015", "0x6ce66b5c"
"R", "0x353922"
"R", "0x16b79b"
"R", "0x2cc90d"
"W", "0x19503f", "0x3af66fe3"
"R", "0x39c441"
"W", "0x3007da", "0x2a77167c"
"R", "0x9163e"
"W", "0x3a6a6a", "0x53014461"
"W", "0x1a9c91", "0x771b0da2"
"W", "0x1a9c91", "0x4e155782"
"R", "0x283dee"
"R", "0x141ef7"
"R", "0x3bb6bc"
"W", "0x14c520", "0x4a118baf"
"W", "0x25a54a", "0x1db56a4e"
"W", "0x264b73", "0x23f7cea6"
"R", "0x33ecd0"
"W", "0x122c7c", "0x25e56b6a"
"R", "0xb08b9"
"R", "0x1be8e3"
"W", "0x103a01", "0x2cc8fdd2"
"R", "0x14c520"
"R", "0x30ae03"
"R", "0x2f61b1"
"R", "0x19f668"
"W", "0x2e155f", "0x4140253a"
"W", "0x31542c", "0x70dfc8c6"
"R", "0x283dee"
"R", "0x2cc90d"
"R", "0x141ef7"
"R", "0x4426d1"
"W", "0x9163e", "0x6bd2b612"
"R", "0x23b2cf"
"W", "0x2ebb88", "0x440822a9"
"R", "0x42da7f"
"W", "0x67d9a", "0xd9b36d9"
"W", "0x207402", "0x30573e17"
"R", "0x2a3069"
"R", "0x141ef7"
"W", "0x118653", "0x4ad20aa1"
"W", "0x30ae03", "0x6c811836"
"R", "0x26f19c"
"R", "0x28e417"
"R", "0x33ecd0"
"R", "0x31542c"
"R", "0x31fa55"
"R", "0x2d6f36"
"R", "0x7c9ec"
"R", "0x31fa55"
"R", "0x368574"
"W", "0x5d771", "0x7e0f3a96"
"W", "0xe4786", "0x5fdab6f6"
"W", "0x39c441", "0x4227ef69"
"R", "0x2d6f36"
"R", "0x9163e"
"W", "0x1b42ba", "0x7f2f66ea"
"W", "0x33ecd", "0x69015be8"
"W", "0x4426d1", "0x459807ee"
"W", "0x4041db", "0x25f3bcda"
"W", "0x31fa55", "0x77180ce5"
"W", "0x87015", "0x541053f0"
"W", "0x2797c5", "0x5a6506b2"
"W", "0x5d771", "0x4352cba6"
"R", "0x1b42ba"
"R", "0x67d9a"
"W", "0x141ef7", "0x78b262e"
"W", "0x1803ed", "0x6dd82280"
"R", "0x1f27b0"
"R", "0x40e804"
"W", "0x23b2cf", "0x5d38702"
"W", "0x1be8e3", "0x227818e8"
"R", "0x9bc67"
"R", "0x423456"
"W", "0x3877ef", "0x4c98bc21"
"R", "0x2797c5"
"R", "0xc550b"
"R", "0x391e18"
"W", "0x35df4b", "0x3a2f3ee0"
"W", "0x3f9bb2", "0x4a8c9910"
"W", "0x122c7c", "0x27823ca3"
"W", "0x141ef7", "0x2071d7f3"
"W", "0xa6290", "0x4d0f324c"
"W", "0x21c054", "0x70758a86"
"W", "0x1e8187", "0x63b27c97"
"R", "0x1378ce"
"R", "0x23b2cf"
"R", "0x175dc4"
"R", "0x24ff21"
"R", "0x28e417"
"W", "0x207402", "0x31e09eb6"
"W", "0x3ef589", "0x54074536"
"R", "0x122c7c"
"R", "0x2a3069"
"R", "0x1d3535"
"R", "0x22667d"
"W", "0x35df4b", "0x55b2e00e"
"R", "0x118653"
"R", "0x3ef589"
"W", "0x2d6f36", "0x52b87cba"
"R", "0x1a9c91"
"R", "0x1378ce"
"R", "0x298a4"
"R", "0x3c5ce5"
"W", "0x423456", "0x5e21ffdb"
"R", "0x3346a7"
"W", "0x2b7cbb", "0x3d5ff327"
"W", "0x31542c", "0x109c3eba"
"R", "0x31542c"
"W", "0x3d030e", "0x40e206db"
"R", "0x16b79b"
"W", "0x2d6f36", "0xc18429b"
"R", "0x12d2a5"
"R", "0x9bc67"
"R", "0x2e155f"
"R", "0x1f27b0"
"R", "0x24ff21"
"R", "0x353922"
"W", "0x230ca6", "0x24b029c3"
"R", "0x103a01"
"R", "0x16b79b"
"W", "0x33ecd0", "0x24f08704"
"W", "0x1ddb5e", "0x560e5a93"
"W", "0x25a54a", "0x241680d6"
"W", "0x16b79b", "0xca8d1af"
"R", "0x37d1c6"
"W", "0x4380a8", "0x2a0723e4"
"R", "0xc550b"
"W", "0x1803ed", "0x51fb63af"
"R", "0xc550b"
"R", "0x16b79b"
"R", "0x35df4b"
"W", "0x3c5ce5", "0x6c10215c"
"W", "0xf93d8", "0x7ad1ac28"
"R", "0x9bc67"
"R", "0x3c5ce5"
"R", "0x1e8187"
"R", "0x21c054"
"W", "0x9163e", "0x55c929ab"
"W", "0x28e417", "0x3bc90d3"
"R", "0x2cc90d"
"R", "0x3d030e"
"W", "0xb08b9", "0x61792786"
"W", "0x1803ed", "0xfd4a96f"
"W", "0x1a9c91", "0x636390d7"
"R", "0x175dc4"
"W", "0x3d030e", "0x5331489b"
"W", "0x4041db", "0x503b082b"
"R", "0x103a01"
"W", "0x1b42ba", "0x162e1cf"
"R", "0x283dee"
"R", "0x24ff21"
"W", "0x39c441", "0x28a6d96a"
"R", "0x298a40"
"R", "0x2458f8"
"W", "0x423456", "0x679f88f6"
"W", "0x2c22e4", "0x366ffa9d"
"R", "0xbaee2"
"W", "0xb08b9", "0x26557b37"
"R", "0x3d030e"
"R", "0x19f668"
"W", "0x18aa16", "0x57cefbc3"
"R", "0x372b9d"
"R", "0x3492f9"
"W", "0x230ca6", "0x553827f0"
"R", "0x2f61b1"
"R", "0x1378ce"
"W", "0x3a6a6a", "0x3700eb7f"
"W", "0x3a6a6a", "0x6105fe7a"
"W", "0x46bf75", "0x67062c7b"
"W", "0x118653", "0x5e74ad90"
"R", "0x3b1093"
"R", "0x2d6f36"
"R", "0x32a07e"
"W", "0x368574", "0xb067868"
"R", "0x298a40"
"W", "0x30ae03", "0x72b27308"
"W", "0x3ef589", "0xaf8977c"
"W", "0x1b42ba", "0x7f2701f1"
"R", "0x26f19c"
"R", "0x1e8187"
"W", "0x3da937", "0x4a7c8f8e"
"R", "0x298a40"
"W", "0x283dee", "0x1a1675f9"
"R", "0x211a2b"
"R", "0x22667d"
"R", "0x39c441"
"W", "0x283dee", "0x503d2fea"
"R", "0x298a40"
"W", "0x2e155f", "0x69c574ac"
"W", "0x2ebb88", "0x5ac52380"
"R", "0x28e417"
"W", "0x2b7cbb", "0x1f747a7e"
"W", "0x33ecd0", "0x59813e70"
"W", "0x31542c", "0x1e615ed4"
"R", "0x298a4"
"W", "0x230ca6", "0x22e00526"
"W", "0x2f61b1", "0x5f90fd66"
"W", "0x3bb6bc", "0x239382fb"
"R", "0x1e8187"
"R", "0x48b1f"
"R", "0x42da7f"
"W", "0x161172", "0x2410955e"
"W", "0x3d030e", "0x7d5eed2c"
"R", "0x40e804"
"R", "0x33ecd0"
"R", "0x4041db"
"W", "0x2458f8", "0x6ce9d1da"
"R", "0x1be8e3"
"W", "0x3c5ce5", "0x1ad9b0d8"
"R", "0x723c3"
"R", "0x67d9a"
"R", "0x353922"
"W", "0x28e417", "0x253b86c0"
"R", "0x1ddb5e"
"R", "0x30ae03"
"W", "0x3b1093", "0x58eac58e"
"W", "0x19f668", "0x1b7cfd8e"
"W", "0x31542c", "0x555bf3ac"
"R", "0x16b79b"
"R", "0x2797c5"
"W", "0x25a54a", "0x2f863c90"
"R", "0x264b73"
"W", "0x423456", "0x68ad8355"
"W", "0x2b7cbb", "0x4d7b1f3e"
"R", "0x18aa16"
"W", "0x22667d", "0x5366d266"
"R", "0x207402"
"R", "0xcfb34"
"R", "0x3bb6bc"
"W", "0x40e804", "0x67e37343"
"R", "0x423456"
"R", "0x2c22e4"
"W", "0x19503f", "0x2784820d"
"W", "0x122c7c", "0x1f6c3633"
"W", "0x4041db", "0x442729cb"
"R", "0x3877ef"
"W", "0x368574", "0x45a26d2c"
"W", "0x33ecd", "0x68926478"
"W", "0x3e4f6", "0x61677e8d"
"W", "0x3bb6bc", "0x6cc0cfdd"
"W", "0x264b73", "0x6e6c1bda"
"R", "0x298a40"
"R", "0x40e804"
"R", "0x3e4f6"
"R", "0x10e02a"
"W", "0x37d1c6", "0x4a67a3bc"
"W", "0x423456", "0x6b75ca66"
"W", "0x32a07e", "0x6971ff0b"
"R", "0x5d771"
"W", "0x1f27b0", "0x1b1fbec7"
"R", "0x14c520"
"R", "0x19f668"
"W", "0x3007da", "0x595b0210"
"R", "0x103a01"
"W", "0x2cc90d", "0x13703c51"
"R", "0x9bc67"
"W", "0x1c8f0c", "0x4d787ec4"
"W", "0x37d1c6", "0x5c9d7da2"
"W", "0x31fa55", "0x120a889d"
"R", "0x1d3535"
"W", "0x7c9ec", "0x1b4ae66a"
"W", "0xe4786", "0x62474a29"
"R", "0x418e2d"
"R", "0xe4786"
"R", "0x37d1c6"
"R", "0x4426d1"
"R", "0x39c441"
"W", "0x3bb6bc", "0x78c76863"
"W", "0xbaee2", "0x4333353b"
"W", "0x230ca6", "0x40d43b0e"
"R", "0xbaee2"
"W", "0x1378ce", "0x73b29a1a"
"R", "0x23b2cf"
"R", "0x1e8187"
"W", "0x1378ce", "0x16599e84"
"W", "0x1c8f0c", "0x327c7539"
"R", "0xda15d"
"W", "0x175dc4", "0x38f363b8"
"R", "0x4041db"
"R", "0xcfb34"
"W", "0x42da7f", "0x7b92a23d"
"R", "0xc550b"
"W", "0x3f9bb2", "0x5b672f80"
"W", "0x211a2b", "0x7627091d"
"R", "0x230ca6"
"W", "0x32a07e", "0x2ba845ad"
"W", "0x10e02a", "0x15d3fa2"
"W", "0x156b49", "0x3eb8d02c"
"R", "0x23b2cf"
"R", "0x298a40"
"R", "0x2ebb88"
"W", "0x3e4f60", "0x63b8d57d"
"R", "0x22667d"
"R", "0x2ebb88"
"W", "0x2ebb88", "0x61e466b8"
"W", "0x25a54a", "0x259e18be"
"W", "0x18aa16", "0x553d19d7"
"W", "0x67d9a", "0x61c1e89e"
"W", "0x22667d", "0x417ef2c6"
"W", "0x12d2a5", "0x7a57e2e0"
"W", "0x1d3535", "0x98633fd"
"W", "0x39c441", "0x9440ce8"
"R", "0x33ecd0"
"R", "0xc550b"
"W", "0x2b7cbb", "0xe6e1981"
"W", "0x18aa16", "0x2d053113"
"R", "0x1e8187"
"W", "0x368574", "0x59620156"
"R", "0x2ebb88"
"R", "0x4426d1"
"R", "0x32a07e"
"R", "0x3877ef"
"R", "0x2cc90d"
"W", "0x19f668", "0x392d1e25"
"W", "0x1e8187", "0x7782bb27"
"W", "0x33ecd0", "0x7d356b4d"
"R", "0xcfb34"
"W", "0xc550b", "0x4a7c9bde"
"R", "0x19503f"
"W", "0xcfb34", "0x3c7d6c54"
"R", "0x1803ed"
"R", "0x37d1c6"
"W", "0x12d2a5", "0x11784dde"
"W", "0x18aa16", "0x69fd02c4"
"R", "0xcfb34"
"W", "0x264b73", "0x7cd0aaf1"
"R", "0x418e2d"
"W", "0x103a01", "0x3647a0a0"
"R", "0x33ecd0"
"W", "0x87015", "0x73f75ca9"
"W", "0x1c8f0c", "0xa375dc6"
"R", "0x372b9d"
"R", "0x12d2a5"
"R", "0x1c8f0c"
"R", "0xe4786"
"R", "0x1b42ba"
"R", "0x283dee"
"R", "0x14c520"
"R", "0x1be8e3"
"W", "0x67d9a", "0x716aa10d"
"R", "0x211a2b"
"W", "0x33ecd0", "0x2a23dd3c"
"W", "0x3492f9", "0x3bd68a0d"
"R", "0x1ddb5e"
"W", "0xcfb34", "0x762d3c9b"
"W", "0x9163e", "0x127f4f80"
"R", "0x3d030e"
"R", "0x1be8e3"
"R", "0x25a54a"
"R", "0x14c520"
"W", "0x24ff21", "0x43193f26"
"R", "0x1be8e3"
"W", "0x42da7f", "0x7cf12925"
"R", "0x391e18"
"W", "0x26f19c", "0x44de16b"
"W", "0x418e2d", "0x554f85f3"
"R", "0x3bb6bc"
"R", "0x3346a7"
"R", "0x24ff21"
"W", "0x31542c", "0x1db893ec"
"R", "0x53148"
"R", "0x2a3069"
"R", "0x3ef589"
"R", "0x53148"
"R", "0x22667d"
"W", "0x122c7c", "0x63f500a6"
"R", "0x1ddb5e"
"W", "0x35df4b", "0x1ea8eec2"
"R", "0x1c8f0c"
"W", "0x723c3", "0x7be786ea"
"W", "0x141ef7", "0x5c8f8770"
"W", "0x3346a7", "0x26341d15"
"R", "0x2c22e4"
"W", "0xbaee2", "0x7ab331a6"
"R", "0x1e8187"
"R", "0xcfb34"
"W", "0x161172", "0x3f722fdf"
"W", "0x4380a8", "0x5574ca5e"
"W", "0x230ca6", "0x66d6e86e"
"R", "0x18aa16"
"R", "0x5d771"
"W", "0x418e2d", "0x5978cbec"
"W", "0x368574", "0x28c0f87a"
"R", "0x12d2a5"
"W", "0x19503f", "0x604a291e"
"W", "0x3ef589", "0x47aeebbc"
"R", "0x2cc90d"
"R", "0x3a6a6a"
"R", "0x723c3"
"W", "0x368574", "0x5976bb73"
"R", "0x21c054"
"W", "0x33ecd", "0x61f8d69c"
"R", "0x3492f9"
"R", "0x5d771"
"R", "0x457323"
"W", "0x10e02a", "0xb447785"
"R", "0x31542c"
"R", "0xf93d8"
"R", "0x87015"
"R", "0x3da937"
"W", "0x31fa55", "0x48f9fc1a"
"W", "0xc550b", "0x65d58b7d"
"R", "0x18aa16"
"R", "0x3007da"
"W", "0x2e155f", "0x266dc8d"
"W", "0x1378ce", "0x7a52f57"
"R", "0x211a2b"
"W", "0x3007da", "0x66ddc6d"
"W", "0x35df4b", "0x2e193ea6"
"W", "0x175dc4", "0x4eb8a1c4"
"R", "0x1803ed"
"W", "0x1803ed", "0x6d317a5b"
"R", "0x391e18"
"R", "0x40e804"
"R", "0x31542c"
"W", "0x156b49", "0x5530853e"
"R", "0x2cc90d"
"R", "0x1ddb5e"
"R", "0x4380a8"
"R", "0xeedaf"
"W", "0x2a3069", "0x1165650"
"R", "0x353922"
"W", "0x37d1c6", "0x3578b33"
"R", "0x22667d"
"R", "0x53148"
"R", "0x3e4f60"
"R", "0x4041db"
"W", "0x353922", "0x3483b7a4"
"R", "0x39c441"
"W", "0x3e4f60", "0x51d2e052"
"W", "0x32a07e", "0x7ecb8044"
"W", "0x3877ef", "0x76f7b617"
"W", "0x16b79b", "0x2158d18f"
"W", "0x3e4f60", "0x779c456b"
"R", "0x4041db"
"W", "0x35df4b", "0x59be9ce6"
"R", "0x1803ed"
"W", "0x423456", "0x3a3d45cc"
"W", "0x39c441", "0x6a766122"
"W", "0x156b49", "0x7a23176c"
"R", "0x372b9d"
"W", "0x16b79b", "0x39b23b30"
"W", "0x42da7f", "0x44546e51"
"W", "0xf93d8", "0xa6ec193"
"W", "0xe4786", "0x7807d012"
"W", "0x18aa16", "0x21cd0a2f"
"R", "0x3c5ce5"
"R", "0x23b2cf"
"W", "0x418e2d", "0x252a588c"
"R", "0x122c7c"
"R", "0x26f19c"
"W", "0x1b42ba", "0x6215ee63"
"W", "0x3e4f60", "0xe516da9"
"R", "0x2d6f36"
"W", "0x1803ed", "0x2cb58c76"
"W", "0x3346a7", "0x46be3392"
"R", "0x2458f8"
"R", "0x2f61b1"
"W", "0x12d2a5", "0x62fce06c"
"W", "0x353922", "0x3629f3e8"
"W", "0x1a9c91", "0x5dabccbc"
"W", "0x1803ed", "0x485f9cd0"
"R", "0x23b2cf"
"W", "0x16b79b", "0xa584ff7"
"R", "0x2797c5"
"R", "0x3ef589"
"W", "0x1be8e3", "0x126abbe8"
"W", "0x42da7f", "0x30641b2"
"R", "0xf93d8"
"W", "0x33ecd0", "0x4403bf2e"
"W", "0x1fcdd9", "0x83df855"
"R", "0x32a07e"
"W", "0x207402", "0x1e317357"
"W", "0x1803ed", "0x5a1a00f2"
"R", "0x2ebb88"
"W", "0xda15d", "0x42b05d65"
"W", "0x48b1f", "0x719fa91e"
"W", "0x1803ed", "0x59344adb"
"R", "0xa6290"
"W", "0x2d6f36", "0x79f2b2ad"
"R", "0x7c9ec"
"W", "0x3ef589", "0x10456615"
"W", "0xf93d8", "0x6727b6ff"
"W", "0x40e804", "0x3d964d6f"
"W", "0x48b1f", "0x10689954"
"R", "0x2d6f36"
"R", "0x23b2cf"
"W", "0x40e804", "0x42ff313c"
"R", "0x31fa55"
"R", "0x1fcdd9"
"W", "0x207402", "0x63273665"
"W", "0x4426d1", "0x76c22811"
"R", "0x1a9c91"
"W", "0x32a07e", "0x657cc711"
"W", "0x2f61b1", "0xba9e65"
"R", "0x2797c5"
"W", "0xc550b", "0x56f2df17"
"W", "0x207402", "0x66b59279"
"W", "0x2cc90d", "0x3d374740"
"R", "0x2f61b1"
"W", "0x1e8187", "0x190bb99f"
"R", "0x1a9c91"
"W", "0x33ecd0", "0x2a64d7b4"
"W", "0x37d1c6", "0x1c0f7f19"
"W", "0x44ccfa", "0x7653d209"
"W", "0x372b9d", "0x7215f93c"
"R", "0x122c7c"
"R", "0x3ef589"
"W", "0x4426d1", "0x2aec37b3"
"W", "0xe4786", "0x6caa18c1"
"R", "0x19f668"
"W", "0xcfb34", "0x2f85c24c"
"W", "0x33ecd", "0x19e864a5"
"W", "0x87015", "0x40f7dfb4"
"W", "0x457323", "0x5d40f342"
"R", "0x21c054"
"R", "0x3c5ce5"
"W", "0xda15d", "0x5c79a201"
"W", "0x2cc90d", "0x74539469"
"W", "0x9163e", "0x515eb21f"
"R", "0xda15d"
"W", "0x1fcdd9", "0xd7eb0b4"
"R", "0x5d771"
"W", "0x3f9bb2", "0x1d052d4"
"W", "0x2ebb88", "0x181c782"
"W", "0x23b2cf", "0x5c85d529"
"R", "0x9163e"
"W", "0x423456", "0x2a63725b"
"R", "0x24ff21"
"R", "0x2ebb88"
"W", "0x26f19c", "0x3196e4a3"
"W", "0x264b73", "0x1b58f99a"
"R", "0x53148"
"W", "0x3f9bb2", "0x5dbff530"
"W", "0x2458f8", "0x569f45cd"
"R", "0x3a6a6a"
"R", "0x33ecd0"
"W", "0x1d3535", "0xde3ad79"
"W", "0x1fcdd9", "0x509bd2db"
"W", "0x2ad692", "0x77cd339b"
"W", "0x4041db", "0x134fe5d9"
"R", "0x10e02a"
"W", "0x4041db", "0x24027203"
"W", "0x37d1c6", "0x48d571df"
"W", "0x9163e", "0x74dcb50a"
"W", "0x3877ef", "0x166ef29f"
"W", "0x31fa55", "0x71dbcf86"
"R", "0x39c441"
"W", "0x298a4", "0x1328b1e4"
"R", "0x1d3535"
"W", "0x1ddb5e", "0x66cd0fe1"
"W", "0x25a54a", "0x3a16b42f"
"W", "0x30ae03", "0x6a7c32e4"
"W", "0x122c7c", "0x7a00e82c"
"R", "0x122c7c"
"W", "0x2b7cbb", "0xa800dcd"
"R", "0x30ae03"
"W", "0x24ff21", "0x60d7987"
"R", "0x1d3535"
"W", "0xbaee2", "0x6da1a36a"
"R", "0x67d9a"
"W", "0x3ef589", "0x1504f8"
"W", "0x2e155f", "0x14054e2e"
"R", "0x283dee"
"W", "0x3f9bb2", "0x67a615d3"
"W", "0x2458f8", "0x3906ddd8"
"W", "0x207402", "0x7e1f778d"
"W", "0x156b49", "0x20666c33"
"R", "0x87015"
"W", "0x2e155f", "0x37a575c8"
"W", "0x1d3535", "0x5cbe67ad"
"W", "0x3c5ce5", "0x6c9f9e37"
"R", "0x1ddb5e"
"R", "0x283dee"
"R", "0x283dee"
"W", "0x207402", "0x6d1d4c53"
"R", "0x19503f"
"W", "0xa6290", "0x34c53bc7"
"W", "0x3007da", "0x1257525f"
"W", "0x40e804", "0x1ea56a39"
"W", "0x33ecd0", "0x3721b5d0"
"R", "0xc550b"
"R", "0xeedaf"
"R", "0x122c7c"
"W", "0x298a40", "0x2d868e1e"
"R", "0x3492f9"
"R", "0x3e4f6"
"R", "0x26f19c"
"R", "0x264b73"
"W", "0x3ef589", "0x749850be"
"R", "0x3d030e"
"R", "0x141ef7"
"W", "0x1fcdd9", "0x5e49dd26"
"R", "0x118653"
"W", "0x39c441", "0x7cca005e"
"W", "0x9163e", "0x49a70df1"
"W", "0x37d1c6", "0x4e8fd26"
"R", "0xbaee2"
"W", "0x156b49", "0x1ff97832"
"R", "0x207402"
"W", "0x368574", "0x1e364d0d"
"W", "0x3346a7", "0x56ff21e9"
"R", "0xf93d8"
"R", "0x28e417"
"W", "0x283dee", "0xdea5d7d"
"R", "0x16b79b"
"W", "0x4041db", "0x7891581c"
"R", "0x31542c"
"R", "0x2cc90d"
"R", "0x2d6f36"
"W", "0x25a54a", "0x17b0f9d"
"W", "0x2ad692", "0x456e5d37"
"R", "0x1fcdd9"
"R", "0x19503f"
"W", "0xe4786", "0x1bbb09d0"
"W", "0x230ca6", "0x284fa1db"
"R", "0x230ca6"
"W", "0x1fcdd9", "0x3898a952"
"R", "0x3e4f60"
"W", "0x2ebb88", "0x1cdb8b3e"
"W", "0x7c9ec", "0x813dfd0"
"R", "0x2cc90d"
"W", "0x3da937", "0x1a22be6c"
"W", "0x2f61b1", "0xbc0114"
"R", "0x3e4f60"
"W", "0xcfb34", "0x2e79705c"
"W", "0xf93d8", "0x2836c778"
"R", "0x1b42ba"
"R", "0x207402"
"W", "0x372b9d", "0x241f1ee7"
"W", "0xeedaf", "0x5dc92220"
"R", "0x156b49"
"W", "0x122c7c", "0x24c888cb"
"W", "0x457323", "0x7c576aac"
"R", "0x3b1093"
"R", "0x5d771"
"R", "0x1ddb5e"
"W", "0x2458f8", "0x569d7053"
"W", "0xb08b9", "0x3a76c398"
"R", "0x1f27b0"
"R", "0x5d771"
"R", "0x368574"
"R", "0x2c22e4"
"W", "0x2ad692", "0x249fad9f"
"R", "0x283dee"
"R", "0x44ccfa"
"R", "0x9bc67"
"R", "0x264b73"
"W", "0x141ef7", "0x451f971c"
"R", "0xbaee2"
"W", "0x298a40", "0x3146ad05"
"R", "0x48b1f"
"R", "0x33ecd0"
"W", "0x1a9c91", "0x5a60875a"
"R", "0x48b1f"
"W", "0x3b1093", "0x4be377f"
"R", "0x2458f8"
"W", "0x12d2a5", "0x7ede7c4b"
"R", "0x31542c"
"W", "0xb08b9", "0x1dcfb240"
"W", "0x3e4f60", "0x44aa4e42"
"R", "0x25a54a"
"W", "0x3ef589", "0x67959419"
"W", "0x23b2cf", "0x20f65225"
"R", "0x3a6a6a"
"R", "0x298a40"
"R", "0x1378ce"
"R", "0x161172"
"W", "0xf93d8", "0x7b3add51"
"W", "0x22667d", "0x254056a"
"W", "0xc550b", "0x307cfbfe"
"W", "0x30ae03", "0xa7b2c6d"
"R", "0x32a07e"
"W", "0x2b7cbb", "0x65ac075b"
"R", "0xb08b9"
"R", "0x87015"
"R", "0x1b42ba"
"R", "0x21c054"
"R", "0x40e804"
"R", "0x3c5ce5"
"W", "0x2a3069", "0x45d5067c"
"R", "0x3ef589"
"W", "0x39c441", "0x20336709"
"W", "0xf93d8", "0x26c8e6ea"
"R", "0x25a54a"
"W", "0x10e02a", "0x216cceb1"
"R", "0x211a2b"
"W", "0x4380a8", "0x3207e0b5"
"W", "0x175dc4", "0x13b59d66"
"R", "0x723c3"
"W", "0x368574", "0x3c37eeef"
"R", "0xbaee2"
"R", "0xf93d8"
"W", "0xc550b", "0x1628bfe2"
"R", "0x31542c"
"R", "0x3e4f60"
"R", "0x1378ce"
"W", "0x3d030e", "0x5dee9317"
"W", "0x40e804", "0x43a9fa57"
"R", "0x156b49"
"R", "0xcfb34"
"R", "0x44ccfa"
"R", "0x372b9d"
"W", "0x67d9a", "0x5587c4f8"
"W", "0x3492f9", "0x1543e303"
"W", "0x3f9bb2", "0x26e1dc1b"
"W", "0xf93d8", "0x276d858f"
"R", "0x3b1093"
"R", "0x25a54a"
"W", "0x298a40", "0x528bca72"
"R", "0x3c5ce5"
"W", "0x723c3", "0x7adf6469"
"R", "0x1b42ba"
"W", "0x1f27b0", "0x2c3438f2"
"W", "0x1378ce", "0x2036cab4"
"R", "0x1c8f0c"
"W", "0x141ef7", "0x401b9457"
"W", "0x1b42ba", "0x311c9a7a"
"W", "0xa6290", "0x6dbc1a74"
"W", "0x10e02a", "0x4cfd8662"
"R", "0x3346a7"
"R", "0x3e4f60"
"W", "0x3da937", "0x174f26c8"
"W", "0x16b79b", "0x2929a90e"
"W", "0x3e4f6", "0x762e5e69"
"W", "0x1e8187", "0x7388f7a2"
"R", "0x1a9c91"
"R", "0x2797c5"
"R", "0x16b79b"
"R", "0x211a2b"
"W", "0x18aa16", "0x345b576e"
"W", "0x3b1093", "0x13a03de6"
"R", "0x35df4b"
"W", "0x3da937", "0x527c3c4b"
"R", "0x12d2a5"
"W", "0x1f27b0", "0x413f8210"
"W", "0x21c054", "0x50de49d4"
"W", "0x2a3069", "0x1264a0fd"
"R", "0x26f19c"
"W", "0x40e804", "0xa2f4453"
"W", "0x3346a7", "0x72f3c75f"
"W", "0x3c5ce5", "0x3cb2dae8"
"W", "0x1f27b0", "0x1fcc509d"
"W", "0x4380a8", "0x2b5e7923"
"W", "0x25a54a", "0x799c34bd"
"W", "0x1b42ba", "0x7c3ccac0"
"W", "0x3a6a6a", "0x4f768b03"
"W", "0x1a9c91", "0x7f1534c8"
"W", "0xe4786", "0x2a5d283b"
"R", "0x423456"
"W", "0x103a01", "0x52e827dd"
"W", "0x353922", "0x404dc0c9"
"R", "0x3bb6bc"
"W", "0x2d6f36", "0x5c2af3fa"
"W", "0x1f27b0", "0x1b3f0922"
"W", "0x3346a7", "0x67f336cb"
"R", "0x3e4f6"
"R", "0x175dc4"
"R", "0x122c7c"
"R", "0x19f668"
"W", "0x391e18", "0x25e606f4"
"W", "0x22667d", "0x4f29a91d"
"R", "0x1d3535"
"R", "0x3bb6bc"
"W", "0x9bc67", "0x2323889c"
"W", "0x3f9bb2", "0x58deb0dd"
"W", "0x3a6a6a", "0x65dc3802"
"R", "0x1378ce"
"W", "0x3c5ce5", "0x630afb25"
"W", "0x723c3", "0xe76fb3"
"W", "0x368574", "0x36144337"
"W", "0x3877ef", "0x62581c8d"
"R", "0x211a2b"
"R", "0x353922"
"W", "0x3b1093", "0x5530c884"
"R", "0x5d771"
"W", "0x418e2d", "0x28994b6d"
"W", "0x4041db", "0x140d10fa"
"R", "0x12d2a5"
"W", "0x2a3069", "0x7be194c0"
"W", "0x3ef589", "0x4833472f"
"W", "0x28e417", "0x72cd7ae8"
"W", "0x3da937", "0x1f8d9282"
"R", "0x31542c"
"R", "0x53148"
"W", "0x9bc67", "0x3a4249a8"
"R", "0xb08b9"
"R", "0x372b9d"
"R", "0xa6290"
"W", "0x1fcdd9", "0x1166fe32"
"R", "0x1f27b"
"W", "0x3ef589", "0x36140106"
"R", "0x1803ed"
"R", "0xeedaf"
"W", "0x3ef589", "0x78c6a074"
"R", "0x3bb6bc"
"R", "0x391e18"
"R", "0x368574"
"W", "0x7c9ec", "0x60b8593a"
"W", "0xc550b", "0x58f759a4"
"R", "0x53148"
"R", "0xcfb34"
"R", "0x33ecd"
"W", "0x3492f9", "0x40ff00bd"
"W", "0x2458f8", "0x58ceb9e0"
"R", "0x10e02a"
"W", "0x4041db", "0x207bb813"
"W", "0x3007da", "0x59f94618"
"R", "0x1d3535"
"W", "0x230ca6", "0x584bdc35"
"R", "0x122c7c"
"W", "0x1e8187", "0x1356f377"
"W", "0xda15d", "0x3df03501"
"R", "0x3da937"
"W", "0xbaee2", "0x77873458"
"R", "0x3f9bb2"
"R", "0x118653"
"R", "0x283dee"
"R", "0x53148"
"R", "0x46194c"
"R", "0x3b1093"
"R", "0x53148"
"R", "0x16b79b"
"R", "0xeedaf"
"W", "0x1803ed", "0x2b18b963"
"W", "0xe4786", "0x4995e09e"
"R", "0x87015"
"R", "0xa6290"
"W", "0x12d2a5", "0x62798bd1"
"W", "0x32a07e", "0x34a5708e"
"W", "0x40e804", "0x275ac8ab"
"W", "0x2d6f36", "0x787c53e8"
"W", "0x26f19c", "0x476a338e"
"W", "0x9163e", "0x5115aef9"
"R", "0x39c441"
"R", "0x33ecd0"
"W", "0xf93d8", "0x78bf6003"
"W", "0x2ebb88", "0x68e2ffd6"
"W", "0x4380a8", "0x52e646c"
"W", "0x1378ce", "0x776a3167"
"R", "0x39c441"
"R", "0x12d2a5"
"W", "0xc550b", "0x3d9d8f2e"
"W", "0x2b7cbb", "0x6504f266"
"W", "0x37d1c6", "0x2786a0ba"
"W", "0x30ae03", "0x626c8b04"
"W", "0x53148", "0x381aebae"
"R", "0x118653"
"W", "0x2e155f", "0x7cff9570"
"R", "0x40e804"
"R", "0x18aa16"
"W", "0x2ebb88", "0x6f81f2a6"
"R", "0x2c22e4"
"R", "0x2b7cbb"
"R", "0x18aa16"
"R", "0x1d3535"
"W", "0x122c7c", "0x46664a96"
"W", "0x37d1c6", "0xa51d8aa"
"W", "0x30ae03", "0x7792399d"
"W", "0x1e8187", "0x535b4183"
"R", "0x32a07e"
"W", "0x28e417", "0x4ac73914"
"R", "0x16b79b"
"R", "0x298a40"
"R", "0xb08b9"
"R", "0x1e8187"
"W", "0x3877ef", "0x188c20ae"
"W", "0x3492f9", "0x51fe6f46"
"W", "0x12d2a5", "0x1295575"
"R", "0x211a2b"
"W", "0x3346a7", "0x5cf8ade7"
"R", "0x3a6a6a"
"W", "0xb08b9", "0x725a5366"
"W", "0x118653", "0x4778fd3a"
"W", "0x9163e", "0x1808ce61"
"R", "0x2ad692"
"R", "0x103a01"
"W", "0x1be8e3", "0x41240fdb"
"W", "0x141ef7", "0x42d5fca6"
"W", "0x211a2b", "0x3c1a29ac"
"W", "0x283dee", "0x618f3565"
"R", "0x1be8e3"
"W", "0x2797c5", "0x39acacc0"
"W", "0x5d771", "0x47fcca1f"
"R", "0x4380a8"
"R", "0x2ebb88"
"R", "0x44ccfa"
"W", "0x37d1c6", "0x595ff5c0"
"R", "0x9bc67"
"R", "0x24ff21"
"R", "0x1a9c91"
"W", "0xa6290", "0x4fbe4700"
"W", "0x264b73", "0x47e26815"
"R", "0x24ff21"
"R", "0xa6290"
"W", "0x22667d", "0x5a7a6759"
"R", "0xb08b9"
"R", "0x3bb6bc"
"R", "0xeedaf"
"R", "0xb08b9"
"W", "0x14c520", "0x57d74011"
"W", "0x2f61b1", "0xb7525cc"
"W", "0x2e155f", "0x37e7ad89"
"W", "0x24ff21", "0x17ed0ac6"
"R", "0x1b42ba"
"R", "0xbaee2"
"W", "0xcfb34", "0x21ef6b51"
"R", "0x418e2d"
"W", "0x14c520", "0x662e5d53"
"R", "0x2e155f"
"W", "0x2ebb88", "0x7c57427e"
"R", "0x2d6f36"
"W", "0x12d2a5", "0x45ae51b9"
"R", "0x5d771"
"R", "0x28e417"
"W", "0x24ff21", "0x5b067d95"
"W", "0x372b9d", "0x5203cc6a"
"R", "0x9bc67"
"W", "0x7c9ec", "0x514418b7"
"R", "0x1f27b0"
"W", "0x156b49", "0x71bedfe5"
"W", "0x230ca6", "0x40446b96"
"W", "0x53148", "0x7c0a5ca3"
"W", "0x3b1093", "0x45ee5c5e"
"R", "0x2a3069"
"R", "0x31542c"
"R", "0x283dee"
"R", "0x264b73"
"W", "0x3e4f60", "0x5ce5420d"
"W", "0x211a2b", "0x4d1f6800"
"R", "0x87015"
"R", "0x368574"
"W", "0x28e417", "0x456d7857"
"W", "0x3da937", "0x5f650fb7"
"R", "0x9bc67"
"R", "0x12d2a5"
"W", "0x23b2cf", "0x68f9bd99"
"W", "0x5d771", "0x4430b75"
"R", "0xcfb34"
"R", "0x4426d1"
"R", "0x264b73"
"W", "0xc550b", "0x7b43667f"
"W", "0x175dc4", "0x2e25ef8a"
"W", "0x21c054", "0x7e43eea6"
"W", "0x2a3069", "0x526ef498"
"W", "0x3bb6bc", "0x12940cdd"
"W", "0x2cc90d", "0x7d277806"
"R", "0x353922"
"R", "0x35df4b"
"W", "0x32a07e", "0x770436e1"
"R", "0x175dc4"
"W", "0x1378ce", "0x1dfd99a2"
"R", "0x3b1093"
"R", "0x264b73"
"W", "0x3346a7", "0xb3efccc"
"W", "0x298a40", "0x7aca82f9"
"R", "0x3da937"
"R", "0x3bb6bc"
"W", "0xda15d", "0x1f1259d4"
"R", "0x19f668"
"W", "0x2a3069", "0x3a34a874"
"R", "0x118653"
"W", "0x2f61b1", "0x2a5d1c49"
"R", "0x1378ce"
"W", "0x33ecd0", "0x486fb372"
"W", "0x2f61b1", "0x1b330dfd"
"W", "0x418e2d", "0x657c6254"
"R", "0x9163e"
"R", "0x33ecd0"
"W", "0x32a07e", "0x4c96913"
"R", "0x175dc4"
"R", "0x24ff21"
"R", "0x723c3"
"W", "0x1be8e3", "0x106cb1c5"
"R", "0x2d6f36"
"R", "0x3492f9"
"R", "0x2c22e4"
"R", "0x298a40"
"W", "0x372b9d", "0x7213a1d5"
"R", "0x283dee"
"W", "0x2797c5", "0x1ff7d52d"
"W", "0x457323", "0x74ca4301"
"R", "0x3877ef"
"R", "0x1378ce"
"W", "0x1f27b", "0x3abf5a2d"
"R", "0x33ecd"
"R", "0x1d3535"
"R", "0x156b49"
"W", "0x2ad692", "0x197d3365"
"R", "0x391e18"
"R", "0x2a3069"
"R", "0x1b42ba"
"R", "0x46194c"
"W", "0x23b2cf", "0x499d899b"
"W", "0x1ddb5e", "0x69d90259"
"W", "0x723c3", "0x2bc683e6"
"R", "0x53148"
"R", "0x48b1f"
"W", "0x19f668", "0x11cad68a"
"W", "0x2d6f36", "0x5dd1f245"
"W", "0x25a54a", "0x3d2e02f0"
"W", "0x67d9a", "0x1c3f40fa"
"R", "0x39c441"
"R", "0x2ebb88"
"R", "0x103a01"
"W", "0x4041db", "0x3c3699c7"
"W", "0x2b7cbb", "0x6ea0b536"
"W", "0x7c9ec", "0x2863f2ac"
"W", "0x391e18", "0x15b0b29e"
"R", "0x48b1f"
"W", "0xeedaf", "0x6bf75b99"
"W", "0x30ae03", "0x7e02567a"
"W", "0x1ddb5e", "0x1b874602"
"W", "0x30ae03", "0x1c424e6"
"R", "0x372b9d"
"R", "0x48b1f"
"R", "0x2ebb88"
"R", "0x3a6a6a"
"W", "0x37d1c6", "0x2eeb7ace"
"R", "0x4426d1"
"W", "0x2e155f", "0x65b7cffe"
"R", "0x2b7cbb"
"W", "0x3e4f60", "0x655496ba"
"R", "0xf93d8"
"R", "0x28e417"
"R", "0x423456"
"W", "0xa6290", "0x13154e75"
"W", "0x48b1f", "0x40af85b3"
"W", "0xe4786", "0x7dc592d6"
"R", "0x30ae03"
"R", "0x12d2a5"
"R", "0x2797c5"
"W", "0x103a01", "0x7066d903"
"W", "0x12d2a5", "0xa15831a"
"W", "0x391e18", "0x18a3b179"
"W", "0x1803ed", "0x506035eb"
"W", "0x4041db", "0x5fb71501"
"R", "0x3a6a6a"
"W", "0x103a01", "0x7d3c267a"
"W", "0x9163e", "0x640a3a65"
"R", "0x3492f9"
"R", "0x1378ce"
"W", "0x161172", "0x4f6d9be0"
"W", "0x12d2a5", "0xfa2e35e"
"W", "0xb08b9", "0x69731020"
"W", "0xcfb34", "0x55c82dd3"
"R", "0x3bb6bc"
"R", "0x1f27b0"
"W", "0x3b1093", "0x181a5ffc"
"W", "0x3d030e", "0x3694e687"
"W", "0x230ca6", "0x6123472b"
"R", "0x3877ef"
"W", "0x3bb6bc", "0x408aac9e"
"W", "0x4041db", "0x3fad23d"
"R", "0x423456"
"R", "0x1803ed"
"W", "0x2ad692", "0x37cd920"
"R", "0x2cc90d"
"R", "0x103a01"
"R", "0x3bb6bc"
"W", "0x156b49", "0x14f4a0df"
"R", "0x1b42ba"
"R", "0x161172"
"W", "0xe4786", "0x6d7f34b5"
"R", "0x1378ce"
"R", "0x1fcdd9"
"R", "0x9bc67"
"R", "0x122c7c"
"W", "0x723c3", "0x3503091d"
"W", "0x1f27b", "0xdffebdb"
"W", "0x22667d", "0x770bef08"
"R", "0x1be8e3"
"W", "0x264b73", "0x5bfdf383"
"R", "0x283dee"
"R", "0x26f19c"
"R", "0x211a2b"
"W", "0x723c3", "0x4d7a8d26"
"W", "0x87015", "0x3cf17e4d"
"R", "0x156b49"
"R", "0x1be8e3"
"W", "0x16b79b", "0x2038f87a"
"W", "0x39c441", "0x1a9bc4b6"
"W", "0x2a3069", "0x3f5b2979"
"W", "0x1d3535", "0x2c3cc2bb"
"W", "0x1378ce", "0x643f600b"
"R", "0x3b1093"
"W", "0x2ad692", "0x6c7b34cc"
"W", "0x28e417", "0x31d6fd6"
"W", "0x1f27b0", "0x36731427"
"R", "0x1803ed"
"R", "0x156b49"
"R", "0x2797c5"
"W", "0x39c441", "0x70f63ad8"
"R", "0xda15d"
"R", "0x2b7cbb"
"W", "0x7c9ec", "0x7427320b"
"W", "0x391e18", "0x16c87737"
"W", "0x418e2d", "0x54a3ca81"
"W", "0x2ad692", "0x39713927"
"W", "0x161172", "0x64022aa1"
"W", "0x1e8187", "0x602153d8"
"W", "0x207402", "0x1726b048"
"R", "0x19f668"
"R", "0x2b7cbb"
"W", "0x298a4", "0x476de630"
"W", "0x3e4f6", "0x19b0c6c0"
"W", "0x353922", "0x440e1ea3"
"W", "0x9bc67", "0x4f915572"
"R", "0x18aa16"
"W", "0x9163e", "0x6d0ace10"
"W", "0x1ddb5e", "0x2edcc166"
"R", "0x1fcdd9"
"W", "0xb08b9", "0x74eebf7e"
"W", "0x2a3069", "0x73dc099c"
"W", "0x53148", "0x18c17aeb"
"W", "0x283dee", "0xdf3d8da"
"R", "0x40e804"
"R", "0x283dee"
"R", "0xcfb34"
"R", "0x31fa55"
"R", "0x2797c5"
"R", "0x141ef7"
"W", "0x53148", "0x381d96e2"
"R", "0x1fcdd9"
"R", "0x3c5ce5"
"W", "0x2e155f", "0x681bd2b6"
"W", "0x2ebb88", "0x24553f36"
"R", "0x103a01"
"R", "0x141ef7"
"W", "0x39c441", "0x2dfa6cb4"
"R", "0x53148"
"W", "0x37d1c6", "0x17a29568"
"R", "0x14c52"
"R", "0x2ebb88"
"W", "0x14c520", "0x47ce19c2"
"W", "0x9163e", "0x553b6811"
"W", "0x1ddb5e", "0x43c9c9c8"
"W", "0x26f19c", "0x3e1ec3ab"
"W", "0x161172", "0x3e54c045"
"R", "0x122c7c"
"R", "0x32a07e"
"R", "0x3bb6bc"
"R", "0x211a2b"
"R", "0x2b7cbb"
"R", "0x2458f8"
"W", "0x3da937", "0xe53ebf"
"R", "0x418e2d"
"W", "0x3877ef", "0x7fcab8c9"
"R", "0x156b49"
"W", "0x2ebb88", "0x16213bb6"
"R", "0x1c8f0c"
"R", "0x3f9bb2"
"R", "0x23b2cf"
"W", "0xeedaf", "0x61ee7684"
"R", "0x2ebb88"
"W", "0x2b7cbb", "0x50432326"
"R", "0x298a40"
"W", "0x2c22e4", "0x71008c84"
"R", "0x67d9a"
"W", "0x33ecd", "0x674567d3"
"R", "0x3da937"
"R", "0x391e18"
"R", "0x26f19c"
"W", "0x44ccfa", "0x748b749c"
"R", "0x2ebb88"
"R", "0x1a9c91"
"R", "0x3bb6bc"
"R", "0x122c7c"
"W", "0x141ef7", "0x42ee6fc"
"W", "0x3e4f60", "0x6ae0280e"
"W", "0x2797c5", "0x4ab35850"
"R", "0xda15d"
"W", "0x5d771", "0x4c1ba3b8"
"R", "0x118653"
"W", "0x3a6a6a", "0x540fc9e1"
"R", "0x118653"
"R", "0x19503f"
"R", "0x14c520"
"R", "0x31fa55"
"W", "0x35df4b", "0x3ba5f52d"
"W", "0x3bb6bc", "0x4e6bce0e"
"W", "0x283dee", "0x7f14ab22"
"W", "0x3a6a6a", "0x6eabeacd"
"W", "0x175dc4", "0x5687a00"
"W", "0x12d2a5", "0x6a870f41"
"W", "0x283dee", "0x2cd96c3e"
"R", "0x1e8187"
"W", "0xda15d", "0x4fab5a53"
"R", "0x3a6a6a"
"W", "0x298a40", "0x5a7fe3b4"
"R", "0x122c7c"
"R", "0x283dee"
"R", "0x9bc67"
"W", "0x1ddb5e", "0x1679be2b"
"R", "0x10e02a"
"W", "0x22667d", "0x5143ce5c"
"W", "0xe4786", "0x1f0ff536"
"W", "0x211a2b", "0x536fbf9f"
"W", "0x3b1093", "0x7e2cdd65"
"W", "0x18aa16", "0x65e158a3"
"R", "0x3ef589"
"R", "0x1f27b0"
"R", "0x7c9ec"
"W", "0x141ef7", "0x42450d03"
"W", "0x141ef7", "0x1061565a"
"R", "0x1be8e3"
"R", "0x3007da"
"W", "0x33ecd0", "0x487cfbde"
"R", "0x53148"
"R", "0x4380a8"
"W", "0x3e4f60", "0x4a271fac"
"R", "0x4041db"
"W", "0x25a54a", "0x69a3b52"
"R", "0x5d771"
"R", "0x207402"
"R", "0x2c22e4"
"W", "0x44ccfa", "0x1f8f3c5b"
"R", "0x141ef7"
"W", "0x33ecd0", "0x4e442d8f"
"W", "0x48b1f", "0x6f4acd9b"
"R", "0xda15d"
"R", "0x211a2b"
"W", "0x18aa16", "0x25d29e06"
"R", "0x25a54a"
"R", "0x10e02a"
"R", "0xbaee2"
"W", "0x368574", "0xc8d0348"
"W", "0x35df4b", "0x5e342d80"
"R", "0x283dee"
"R", "0x1e8187"
"W", "0x723c3", "0x1eea3463"
"R", "0x35df4b"
"R", "0x3492f9"
"W", "0x298a40", "0x2346fe3a"
"R", "0x3ef589"
"R", "0x1803ed"
"W", "0x353922", "0x5976b380"
"R", "0x230ca6"
"W", "0x3e4f60", "0x61b95841"
"W", "0x1d3535", "0x1ee81b69"
"R", "0xf93d8"
"R", "0x3b1093"
"R", "0x175dc4"
"R", "0x423456"
"R", "0x5d771"
"R", "0x16b79b"
"R", "0x1be8e3"
"R", "0x87015"
"R", "0x9163e"
"W", "0x37d1c6", "0x28847b3"
"W", "0x53148", "0x27ecbadf"
"R", "0x2797c5"
"R", "0x33ecd0"
"W", "0x1d3535", "0x6281dc6e"
"W", "0x2e155f", "0x570dcb27"
"W", "0x2ebb88", "0x1dd0d1c6"
"R", "0x1803ed"
"W", "0x1e8187", "0x9b43dc4"
"R", "0x2797c5"
"W", "0x156b49", "0x24364bae"
"R", "0x1ddb5e"
"W", "0x2e155f", "0x44f6f879"
"R", "0x2d6f36"
"W", "0xa6290", "0x5c5536bb"
"R", "0x3b1093"
"R", "0x19503f"
"W", "0x53148", "0x64daba63"
"W", "0x1378ce", "0x6ca28127"
"R", "0x3d030e"
"W", "0x3e4f6", "0x25249848"
"W", "0x18aa16", "0x5209386b"
"R", "0x18aa16"
"W", "0x48b1f", "0x654705a6"
"R", "0xb08b9"
"W", "0x3f9bb2", "0x4a5c6388"
"W", "0x2cc90d", "0x75e27717"
"R", "0xb08b9"
"W", "0x33ecd0", "0x4d8fa396"
"W", "0x16b79b", "0x5dbaa926"
"R", "0x3e4f6"
"W", "0x3e4f60", "0x6171a3c7"
"R", "0x3e4f6"
"R", "0x3346a7"
"R", "0x31542c"
"W", "0x372b9d", "0x44bc85ba"
"W", "0x30ae03", "0x57dbdcca"
"R", "0x3d030e"
"W", "0x211a2b", "0x3195a7de"
"R", "0x372b9d"
"R", "0x1e8187"
"R", "0x2c22e4"
"R", "0x298a40"
"W", "0x39c441", "0x19e403c1"
"R", "0x19503f"
"W", "0x3b1093", "0x1c975448"
"R", "0x16b79b"
"W", "0x32a07e", "0x76718c12"
"W", "0xeedaf", "0x159e0ccf"
"R", "0x22667d"
"R", "0x3ef589"
"W", "0x2b7cbb", "0x7c4333b6"
"R", "0x53148"
"W", "0x3b1093", "0x59a00189"
"R", "0x1e8187"
"W", "0x31fa55", "0x63714a"
"W", "0x3f9bb2", "0x7852a938"
"R", "0x3e4f60"
"W", "0x19503f", "0x43a437c2"
"R", "0x1fcdd9"
"R", "0x391e18"
"R", "0xeedaf"
"R", "0x211a2b"
"W", "0x48b1f", "0x467a6ee6"
"R", "0x211a2b"
"R", "0x368574"
"W", "0x2ebb88", "0x13793e90"
"W", "0xb08b9", "0x23622400"
"R", "0x2e155f"
"W", "0x2797c5", "0x658940bf"
"R", "0x2458f8"
"W", "0x1b42ba", "0x227b7679"
"R", "0xa6290"
"W", "0x25a54a", "0x42dd523"
"R", "0x1fcdd9"
"W", "0x2e155f", "0x2f7b8573"
"R", "0x3e4f60"
"R", "0x37d1c6"
"R", "0x31542c"
"R", "0x372b9d"
"R", "0x141ef7"
"W", "0x141ef7", "0x3e16f9b4"
"W", "0x1be8e3", "0x7504d389"
"R", "0xf93d8"
"R", "0x1be8e3"
"W", "0x23b2cf", "0x46e2da1a"
"W", "0x2458f8", "0x17a2f0f6"
"W", "0xf93d8", "0x6a1cd522"
"W", "0x723c3", "0x52b1e907"
"R", "0x1378ce"
"R", "0x3007da"
"R", "0x9bc67"
"W", "0x3a6a6a", "0x1b92a5c6"
"W", "0x2e155f", "0x5cb9a867"
"R", "0xeedaf"
"R", "0x67d9a"
"W", "0x12d2a5", "0x2a4b6412"
"W", "0x19f668", "0x64a8862a"
"W", "0x2458f8", "0x4025ad09"
"W", "0x10e02a", "0x6c3fb3e0"
"R", "0x230ca6"
"R", "0x391e18"
"R", "0x48b1f"
"R", "0xeedaf"
"R", "0x298a40"
"R", "0x9bc67"
"W", "0x391e18", "0x7f182e92"
"R", "0x35df4b"
"R", "0x3877ef"
"W", "0x122c7c", "0x79d47816"
"R", "0x353922"
"W", "0x3a6a6a", "0x3cb5cd99"
"R", "0x1378ce"
"W", "0x23b2cf", "0x2f4f46c9"
"W", "0x1ddb5e", "0x7844d4a7"
"W", "0x122c7c", "0x50b91b4a"
"R", "0x175dc4"
"R", "0x31fa55"
"R", "0x67d9a"
"W", "0x30ae03", "0x72ab8920"
"W", "0x418e2d", "0x78527618"
"W", "0x87015", "0x976e9c7"
"R", "0x391e18"
"W", "0x53148", "0x758fc162"
"W", "0x25a54a", "0x19a15ce4"
"R", "0x723c3"
"W", "0xeedaf", "0x311645ad"
"W", "0x2f61b1", "0x7e674ac7"
"R", "0x18aa16"
"W", "0x2f61b1", "0x601535b6"
"R", "0x3a6a6a"
"R", "0x53148"
"R", "0x161172"
"W", "0x32a07e", "0x36cf732c"
"W", "0x23b2cf", "0x7a161df3"
"R", "0x1378ce"
"R", "0xcfb34"
"W", "0x9bc67", "0x6a302639"
"R", "0x368574"
"R", "0x2458f8"
"W", "0x22667d", "0x3679334c"
"R", "0x1e8187"
"R", "0x31fa55"
"R", "0x3bb6bc"
"W", "0x2e155f", "0x615f9eb1"
"R", "0x33ecd0"
"R", "0x14c520"
"R", "0xa629"
"R", "0x230ca6"
"W", "0x1ddb5e", "0x2a5bd4d1"
"R", "0xbaee2"
"R", "0x3346a7"
"R", "0x175dc4"
"R", "0x5d771"
"R", "0x3f9bb2"
"W", "0x32a07e", "0x5e06e537"
"W", "0x26f19c", "0x2018620"
"W", "0x141ef7", "0x2b6887fe"
"R", "0x4041db"
"W", "0x368574", "0x29d87634"
"W", "0x24ff21", "0x1f26a3f1"
"R", "0x33ecd0"
"R", "0x118653"
"R", "0x3ef589"
"R", "0x1b42ba"
"W", "0x211a2b", "0x6e7b92c3"
"R", "0xb08b9"
"W", "0x24ff21", "0x60eb65b"
"R", "0x3e4f60"
"R", "0x2d6f36"
"W", "0x3b1093", "0x630eb48b"
"W", "0x2d6f36", "0x577ccc4d"
"R", "0x103a01"
"W", "0x418e2d", "0x7b0d69a1"
"R", "0x3007da"
"W", "0x53148", "0x7be4c190"
"W", "0x3ef589", "0xf532d47"
"R", "0x353922"
"W", "0x1c8f0c", "0x521e8933"
"W", "0x3f9bb2", "0x2e581f95"
"W", "0x230ca6", "0x266cf294"
"R", "0x1b42ba"
"R", "0x3bb6bc"
"R", "0xb08b9"
"W", "0x19503f", "0x7bff138f"
"W", "0x4380a8", "0x2b5e0992"
"R", "0x3ef589"
"W", "0x87015", "0x1ef9c9d4"
"W", "0x16b79b", "0x64b5a619"
"W", "0xda15d", "0x5bca3151"
"W", "0x24ff21", "0x699cf841"
"W", "0x3c5ce5", "0x56ec3d66"
"W", "0x4041db", "0x3748cddb"
"R", "0x14c520"
"W", "0x3c5ce5", "0x317f0714"
"R", "0x1c8f0c"
"R", "0x1a9c91"
"W", "0x40e804", "0x64d1c713"
"W", "0x122c7c", "0x228bf4a4"
"W", "0xb08b9", "0x6e668abf"
"W", "0x10e02a", "0x64e35c9d"
"W", "0x141ef7", "0x726f0bab"
"R", "0x3b1093"
"R", "0x3007da"
"R", "0x118653"
"W", "0x1c8f0c", "0x57502d6c"
"R", "0x3ef589"
"W", "0x3a6a6a", "0x5e66280d"
"W", "0x1803ed", "0x6e9ee94e"
"R", "0x353922"
"W", "0x211a2b", "0x5553d4b6"
"R", "0xbaee2"
"R", "0x19f668"
"R", "0x19f668"
"W", "0x3d030e", "0x781b6e39"
"W", "0x2b7cbb", "0x2106fb80"
"W", "0x24ff21", "0x548c8f90"
"W", "0x3007da", "0x632432d4"
"W", "0xa6290", "0x391a9247"
"W", "0x2cc90d", "0x701c4e06"
"W", "0x723c3", "0x2704cea4"
"R", "0x391e18"
"R", "0x19f668"
"W", "0x161172", "0x7f45af0d"
"W", "0x3a6a6a", "0x5fffc187"
"W", "0x1378ce", "0x3ab1e74a"
"W", "0x22667d", "0x755a3d6"
"R", "0x32a07e"
"R", "0x103a01"
"W", "0x156b49", "0x7b7f4498"
"W", "0x1f27b0", "0x5ce1addc"
"R", "0x3d030e"
"W", "0x67d9a", "0x1f495017"
"R", "0x391e18"
"R", "0xda15d"
"W", "0x457323", "0x25724a42"
"W", "0x3007da", "0x52a51d04"
"W", "0x298a40", "0x86de656"
"W", "0x3e4f6", "0x17d65a2e"
"W", "0x3007da", "0x202f9eb8"
"R", "0x2e155f"
"W", "0x2a3069", "0x1bd48381"
"W", "0x3492f9", "0x221ebf5c"
"W", "0x35df4b", "0x5897f7ff"
"W", "0x1b42ba", "0x6a2fd9a5"
"R", "0x298a4"
"W", "0x1b42ba", "0x771d1bc5"
"W", "0x353922", "0x6057217c"
"R", "0x3d030e"
"R", "0x3ef589"
"R", "0x2c22e4"
"R", "0x1378ce"
"R", "0xa6290"
"W", "0x1e8187", "0x10a39204"
"W", "0x2c22e4", "0x37757b7a"
"R", "0x1b42ba"
"R", "0x9163e"
"W", "0x1803ed", "0x1ca6da2c"
"R", "0x118653"
"R", "0x207402"
"W", "0x26f19c", "0x67f1c356"
"R", "0x5d771"
"W", "0x33ecd0", "0x1d6a2ee6"
"R", "0xa6290"
"R", "0x67d9a"
"W", "0x3ef589", "0x3354671b"
"W", "0x19503f", "0x342e4cd5"
"R", "0x1c8f0c"
"W", "0x9163e", "0x7b170143"
"R", "0x2458f8"
"W", "0x3c5ce5", "0x57a6b26a"
"W", "0x23b2cf", "0xdaef046"
"R", "0x3f9bb2"
"W", "0x21c054", "0x7f098cdb"
"W", "0x28e417", "0x5850b9c9"
"R", "0x1f27b0"
"W", "0x16b79b", "0xa1dc0a2"
"W", "0x30ae03", "0xc4c385d"
"R", "0xda15d"
"W", "0x4426d1", "0x3c493daf"
"R", "0x35df4b"
"R", "0xc550b"
"R", "0x3f9bb2"
"R", "0x2e155f"
"R", "0x35df4b"
"W", "0x2797c5", "0x95cdcc0"
"R", "0x10e02a"
"W", "0x2d6f36", "0x198859cc"
"R", "0x3492f9"
"W", "0xb08b9", "0x49c35fe7"
"W", "0x9bc67", "0x1d0dadbb"
"W", "0x12d2a5", "0x2da2d81b"
"R", "0x3bb6bc"
"W", "0x3f9bb2", "0x1af2b200"
"W", "0x3e4f60", "0x560b78b8"
"W", "0x37d1c6", "0x4ab68334"
"W", "0x1c8f0c", "0x3a5d5358"
"R", "0xf93d8"
"R", "0x31542c"
"W", "0xcfb34", "0x2db8cd87"
"R", "0x35df4b"
"W", "0x30ae03", "0x511e94ed"
"W", "0xb08b9", "0x59bf8f6d"
"R", "0x2b7cbb"
"W", "0x23b2cf", "0x25014aa4"
"W", "0x418e2d", "0x59b989f7"
"R", "0x26f19c"
"R", "0x264b73"
"W", "0x298a40", "0x123b49f0"
"W", "0x7c9ec", "0x8b4ff3b"
"W", "0x141ef7", "0x4cc2fc53"
"W", "0x12d2a5", "0x2953700c"
"W", "0xf93d8", "0x1168cad2"
"W", "0xf93d8", "0x6d1bac72"
"W", "0x31fa55", "0x69145b1f"
"W", "0x1a9c91", "0x7ce4c0c5"
"R", "0x24ff21"
"R", "0x26f19c"
"R", "0x2ad692"
"R", "0x3d030e"
"W", "0x3007da", "0x2b1f8137"
"W", "0x1378ce", "0x78251fe3"
"W", "0x32a07e", "0x26e6fb1f"
"R", "0x2cc90d"
"W", "0x31542c", "0x567a148f"
"R", "0x28e417"
"W", "0x5d771", "0x6e5fdeae"
"W", "0x2ebb88", "0x435b"
"R", "0x3b1093"
"R", "0x4041db"
"R", "0x2a3069"
"R", "0x156b49"
"R", "0x2c22e4"
"R", "0x3007da"
"W", "0x4426d1", "0x9dbf8b9"
"W", "0x18aa16", "0x41fb960c"
"W", "0x9163e", "0x57bfd8ab"
"W", "0xc550b", "0x15ca1f85"
"W", "0x1fcdd9", "0x6f60da77"
"R", "0x3e4f6"
"R", "0x1f27b0"
"W", "0x39c441", "0x576e30f3"
"R", "0x3da937"
"W", "0x3346a7", "0x78a68bab"
"W", "0x5d771", "0x1066cace"
"R", "0x283dee"
"R", "0x1d3535"
"W", "0x48b1f", "0x2694abfa"
"R", "0x1b42ba"
"R", "0xda15d"
"R", "0x33ecd"
"W", "0x31542c", "0x490aef70"
"W", "0x3bb6bc", "0x3b940b53"
"R", "0x33ecd"
"R", "0x53148"
"W", "0x3d030e", "0x5d2b36f4"
"R", "0x1f27b0"
"W", "0x18aa16", "0x39803d15"
"R", "0x4380a8"
"R", "0x2797c5"
"W", "0x28e417", "0xbe124a"
"R", "0x1ddb5e"
"R", "0x3492f9"
"W", "0x18aa16", "0x2c830806"
"R", "0x2e155f"
"R", "0x4041db"
"W", "0x3877ef", "0x6fb47d76"
"R", "0x207402"
"W", "0x12d2a5", "0x2815b74c"
"R", "0x368574"
"W", "0x67d9a", "0x347dbeae"
"R", "0x1a9c91"
"W", "0x3346a7", "0x7755bb5d"
"R", "0xda15d"
"W", "0x141ef7", "0x4b88ab21"
"R", "0x3ef589"
"W", "0x21c054", "0x24ec6a38"
"W", "0x22667d", "0x6566345"
"W", "0x35df4b", "0x4be20853"
"R", "0x372b9d"
"W", "0xb08b9", "0x563f90ea"
"R", "0xcfb34"
"W", "0x264b73", "0x2ddf2f31"
"W", "0x28e417", "0x7d76939a"
"R", "0x31fa55"
"W", "0x156b49", "0x7238e2a0"
"W", "0xb08b9", "0x399db3bb"
"W", "0x3877ef", "0x49ca161a"
"W", "0x9bc67", "0x2c098289"
"R", "0x1be8e3"
"W", "0x3bb6bc", "0x2b904858"
"R", "0x3b1093"
"W", "0x3346a7", "0x15d41b1c"
"R", "0x3e4f60"
"W", "0x87015", "0x45edf7f2"
"R", "0xe4786"
"W", "0x40e804", "0x5e27c854"
"W", "0x26f19c", "0x5c1a87ba"
"W", "0x3b1093", "0x372e17e"
"R", "0x1be8e3"
"R", "0x4041db"
"R", "0x3ef589"
"W", "0x103a01", "0x4c0d50d1"
"R", "0x2c22e4"
"W", "0x368574", "0x63750dd5"
"R", "0x368574"
"R", "0x40e804"
"W", "0x3f9bb2", "0x4559bde1"
"R", "0x32a07e"
"R", "0x3ef589"
"W", "0x35df4b", "0x676ba340"
"W", "0x283dee", "0x10d7d2f"
"W", "0x207402", "0x1eaa8e76"
"W", "0x32a07e", "0x391ce633"
"R", "0x14c520"
"W", "0x33ecd0", "0x18f6055b"
"R", "0x4041db"
"W", "0x2cc90d", "0x664d3011"
"R", "0x19f668"
"W", "0x2d6f36", "0x6ee97852"
"R", "0x2e155f"
"W", "0x372b9d", "0x744a8f08"
"R", "0xe4786"
"W", "0x16b79b", "0x2c51daea"
"W", "0x4041db", "0x30cbe593"
"R", "0x2e155f"
"R", "0x156b49"
"W", "0x3b1093", "0x2809d870"
"W", "0x2cc90d", "0x785ec1f7"
"R", "0x25a54a"
"W", "0x122c7c", "0x3c3203b"
"R", "0x3bb6bc"
"W", "0xcfb34", "0x2dd7232a"
"W", "0x118653", "0x66f53f33"
"W", "0x230ca6", "0x1a997b9b"
"W", "0x9bc67", "0x66e4c430"
"W", "0x3f9bb2", "0x37ddd13f"
"R", "0xbaee2"
"R", "0xc550b"
"R", "0x1fcdd9"
"W", "0x42da7f", "0x30c3168c"
"R", "0x31542c"
"W", "0xc550b", "0x7acaa78c"
"R", "0x207402"
"R", "0xa6290"
"W", "0x3877ef", "0x45d10cc4"
"W", "0x39c441", "0x4d681ef9"
"W", "0x2a3069", "0x7fb487b1"
"W", "0x14c520", "0x430b6b54"
"R", "0x23b2cf"
"W", "0x3ef589", "0x639cf46b"
"R", "0x16b79b"
"W", "0x23b2cf", "0x730a714e"
"W", "0x28e417", "0x23d3c84e"
"R", "0x23b2cf"
"W", "0x141ef7", "0x1b72dd61"
"R", "0x372b9d"
"W", "0x9bc67", "0xc3cb942"
"W", "0x31fa55", "0x5f24f7c5"
"W", "0x2c22e4", "0x11d72700"
"R", "0x1803ed"
"R", "0x298a40"
"R", "0x37d1c6"
"W", "0x723c3", "0x78d18620"
"W", "0x3e4f60", "0x792ccbaf"
"R", "0x2cc90d"
"W", "0x161172", "0x4f5d577b"
"R", "0xcfb34"
"R", "0x141ef7"
"W", "0x5d771", "0x2040ebda"
"R", "0x3d030e"
"R", "0x2c22e4"
"R", "0x14c520"
"W", "0x122c7c", "0x7ee5f8c1"
"W", "0x1d3535", "0x3e710029"
"R", "0x2797c5"
"W", "0x28e417", "0xccae593"
"W", "0x1e8187", "0x5ae050ed"
"W", "0x44ccfa", "0x2966e207"
"R", "0x2f61b1"
"W", "0x24ff21", "0x14cd963c"
"R", "0x32a07e"
"R", "0xda15d"
"W", "0x10e02a", "0x34708b23"
"W", "0x3f9bb2", "0xa54b956"
"W", "0x122c7c", "0x66791394"
"W", "0x28e417", "0x61a3350f"
"W", "0x22667d", "0x4bdd64c0"
"R", "0x3e4f6"
"W", "0x3492f9", "0x271e401c"
"R", "0x2d6f36"
"R", "0xcfb34"
"R", "0x37d1c6"
"R", "0x230ca6"
"W", "0x7c9ec", "0x4fb05e39"
"R", "0x1a9c91"
"W", "0x14c520", "0x264f273a"
"W", "0x16b79b", "0x722bce6f"
"R", "0x32a07e"
"R", "0x12d2a5"
"W", "0x3a6a6a", "0xb2e60dc"
"R", "0x33ecd0"
"W", "0x103a01", "0x5a2ae760"
"W", "0xb08b9", "0x27183f25"
"R", "0x30ae03"
"R", "0x298a4"
"R", "0x1803ed"
"R", "0x25a54a"
"R", "0x103a01"
"R", "0x24ff21"
"R", "0x156b49"
"W", "0x3da937", "0x6f528452"
"W", "0x14c520", "0x78a5ad30"
"W", "0x48b1f", "0x224656b1"
"W", "0x1803ed", "0x47d1af81"
"R", "0x3b1093"
"W", "0x3d030e", "0x96d4ce8"
"W", "0x2ebb88", "0x4960848d"
"W", "0x1be8e3", "0x5fcbb8eb"
"W", "0x1c8f0c", "0x1d682459"
"W", "0x3e4f6", "0x54108c75"
"W", "0x207402", "0x53ae8cbc"
"W", "0x24ff21", "0x612ee7ff"
"R", "0x9bc67"
"W", "0x2c22e4", "0x3b5a7eca"
"W", "0x2458f8", "0x30df5239"
"W", "0x298a4", "0x6ae6dc22"
"R", "0x2e155f"
"W", "0xbaee2", "0xf2a9898"
"R", "0x39c441"
"R", "0xf93d8"
"W", "0x211a2b", "0x39b931c"
"R", "0x31542c"
"W", "0x22667d", "0x68968350"
"W", "0xcfb34", "0x68fa99f0"
"W", "0x19f668", "0x58834f54"
"W", "0x1ddb5e", "0x47bbe11b"
"R", "0x2797c5"
"W", "0x87015", "0x9897e73"
"R", "0x35df4b"
"W", "0x3e4f60", "0x7269ed4"
"W", "0x1d3535", "0x3a9e75df"
"W", "0x372b9d", "0x1e965dc9"
"R", "0xbaee2"
"W", "0x2a3069", "0x5725f6bd"
"R", "0x283dee"
"R", "0x46194c"
"R", "0xeedaf"
"W", "0x1f27b0", "0x75e49e13"
"W", "0x3346a7", "0xc706fc8"
"R", "0x37d1c6"
"W", "0x24ff21", "0x2cff8686"
"R", "0x67d9a"
"W", "0x18aa16", "0x21794534"
"R", "0x31542c"
"R", "0x3a6a6a"
"R", "0x353922"
"W", "0x1fcdd9", "0x23aca404"
"R", "0x2ad692"
"W", "0x18aa16", "0x7d1c45c4"
"W", "0x3bb6bc", "0x29fa184f"
"W", "0x2e155f", "0x1c4e2aff"
"R", "0x283dee"
"W", "0x118653", "0x2e73ed0c"
"W", "0x5d771", "0x5b0fd31b"
"R", "0x1d3535"
"W", "0xda15d", "0x2c1ba6f9"
"W", "0x3877ef", "0x1d32084a"
"W", "0x31fa55", "0x58ad0edb"
"R", "0x3d030e"
"W", "0x3346a7", "0x678e76ab"
"W", "0x40e804", "0x4c8e6f90"
"R", "0x3e4f60"
"R", "0x30ae03"
"W", "0x33ecd0", "0x1e0950be"
"W", "0x118653", "0x31f7f7f0"
"R", "0x1378ce"
"W", "0x1378ce", "0x433b81a0"
"W", "0x118653", "0x721e29cc"
"R", "0x2ebb88"
"W", "0x2797c5", "0x6d8f030a"
"R", "0x32a07e"
"R", "0x16b79b"
"R", "0x14c520"
"R", "0x1378ce"
"W", "0x1fcdd9", "0x1033945c"
"W", "0x19503f", "0x830cc94"
"R", "0x423456"
"R", "0x39c441"
"R", "0x1c8f0c"
"W", "0x118653", "0x1022ff3f"
"R", "0x2d6f36"
"W", "0x2b7cbb", "0x3ada5433"
"W", "0x10e02a", "0x61261d6e"
"R", "0x1fcdd9"
"R", "0x1f27b"
"R", "0xa6290"
"W", "0x207402", "0x69e06dad"
"R", "0x5d771"
"W", "0x10e02a", "0x2f9761ad"
"W", "0x24ff21", "0x64314491"
"R", "0x2d6f36"
"W", "0x9163e", "0x73039087"
"W", "0x9bc67", "0x273f76f5"
"R", "0x53148"
"W", "0x42da7f", "0x4fcb6dee"
"R", "0x18aa16"
"W", "0xa6290", "0x5c274a8f"
"R", "0x33ecd0"
"W", "0x2cc90d", "0x52864073"
"R", "0x53148"
"R", "0x44ccfa"
"R", "0x16b79b"
"W", "0x24ff21", "0x4d9eac96"
"R", "0x103a01"
"R", "0x14c52"
"W", "0x16b79b", "0x70fe0c0e"
"W", "0x1803ed", "0x65e66603"
"W", "0x1e8187", "0x397e6545"
"W", "0x372b9d", "0x40f5f192"
"R", "0xcfb34"
"W", "0x22667d", "0x2582c5ee"
"W", "0x1b42ba", "0x12212d1b"
"W", "0x3c5ce5", "0x827087e"
"W", "0x3877ef", "0x46348930"
"W", "0x3007da", "0x1ea87cc5"
"W", "0x175dc4", "0x78da6439"
"W", "0x175dc4", "0x4a9112f"
"W", "0x230ca6", "0x1366cd21"
"W", "0x3da937", "0x14c0788"
"R", "0x12d2a5"
"W", "0x103a01", "0x2325e830"
"R", "0x2458f8"
"R", "0x3492f9"
"R", "0x21c054"
"W", "0x3877ef", "0x7a436bbe"
"R", "0x3b1093"
"R", "0x9163e"
"R", "0x9bc67"
"R", "0x28e417"
"R", "0xbaee2"
"W", "0xf93d8", "0x6baf8b5c"
"R", "0x7c9ec"
"R", "0x1e8187"
"R", "0x161172"
"W", "0x67d9a", "0x55a07f2"
"W", "0x37d1c6", "0x2e2019d7"
"W", "0x21c054", "0x513a5b0d"
"R", "0x1378ce"
"R", "0x14c520"
"R", "0x3d030e"
"W", "0x3e4f6", "0x6b00c46a"
"R", "0x31542c"
"W", "0x7c9ec", "0x38e27c34"
"R", "0x230ca6"
"W", "0x3877ef", "0x281ed048"
"W", "0x24ff21", "0x153d1e85"
"W", "0x1e8187", "0x464870d1"
"W", "0x264b73", "0x1827df08"
"W", "0x40e804", "0x451812a6"
"R", "0x2458f8"
"R", "0x418e2d"
"W", "0x14c520", "0x42f5e05e"
"W", "0x1f27b0", "0x2644c995"
"W", "0x264b73", "0x2ab9eccc"
"R", "0x3492f9"
"W", "0x19f668", "0x31683710"
"R", "0x230ca6"
"W", "0xbaee2", "0x4e4eb7f"
"R", "0x2d6f36"
"R", "0x67d9a"
"W", "0x1a9c91", "0x78addda1"
"R", "0x5d771"
"W", "0x264b73", "0x1e77c43c"
"W", "0x31542c", "0x3833ba3"
"R", "0x3d030e"
"R", "0xeedaf"
"W", "0x26f19c", "0x6fd28ec1"
"W", "0x18aa16", "0x4195a22c"
"R", "0x1c8f0c"
"W", "0x30ae03", "0x6273fcc0"
"R", "0x156b49"
"W", "0x156b49", "0x265549c4"
"R", "0x53148"
"W", "0x3877ef", "0x7c7b03ab"
"W", "0x3f9bb2", "0x1da2269e"
"W", "0x3ef589", "0x21d81930"
"W", "0x2f61b1", "0x4245135b"
"R", "0x2f61b1"
"W", "0x3c5ce5", "0x24c9179b"
"R", "0x1d3535"
"R", "0x175dc4"
"W", "0x2b7cbb", "0x419e606a"
"W", "0x7c9ec", "0x499badb0"
"R", "0x1ddb5e"
"W", "0x2ebb88", "0x48b72288"
"R", "0x42da7f"
"R", "0x3e4f60"
"W", "0x26f19c", "0x5eb6109e"
"W", "0x67d9a", "0x56479d5e"
"R", "0x10e02a"
"W", "0x2e155f", "0x13b10f1f"
"R", "0x1f27b0"
"R", "0x391e18"
"R", "0x23b2cf"
"R", "0x3e4f60"
"W", "0x21c054", "0x37f9c244"
"R", "0x368574"
"R", "0x2e155f"
"W", "0x30ae03", "0x105cce55"
"R", "0x103a01"
"W", "0x4380a8", "0x3d23ca49"
"R", "0x141ef7"
"R", "0x1a9c91"
"W", "0xe4786", "0x12334d0f"
"R", "0x264b73"
"W", "0x211a2b", "0x512f0f6b"
"W", "0x42da7f", "0x13dc211b"
"R", "0x1803ed"
"R", "0x9bc67"
"R", "0x19503f"
"R", "0x33ecd"
"W", "0x31542c", "0x280c11fd"
"R", "0x4380a8"
"R", "0x2e155f"
"R", "0x1c8f0c"
"R", "0x19f668"
"W", "0x723c3", "0x22e508c4"
"R", "0x161172"
"R", "0x3f9bb2"
"R", "0x30ae03"
"W", "0x30ae03", "0x4a0fcadc"
"R", "0x37d1c6"
"R", "0x1fcdd9"
"W", "0x53148", "0x13ac35bf"
"R", "0x2cc90d"
"R", "0xbaee2"
"W", "0xc550b", "0xc7bc617"
"W", "0x122c7c", "0x14a2eb9b"
"W", "0x3e4f60", "0x47882a59"
"W", "0x3877ef", "0x2d495541"
"R", "0xeedaf"
"R", "0x3346a7"
"W", "0x1ddb5e", "0x728cdccb"
"W", "0x35df4b", "0x48d3d32a"
"W", "0x1378ce", "0x3e90e037"
"R", "0x32a07e"
"R", "0x35df4b"
"R", "0x2a3069"
"W", "0x19f668", "0x27aa2601"
"R", "0x3f9bb2"
"R", "0x141ef7"
"W", "0x298a4", "0x281863c9"
"W", "0x3ef589", "0x72ccf347"
"W", "0x21c054", "0xbd5e0b7"
"W", "0xbaee2", "0x2bd7b80"
"R", "0x42da7f"
"W", "0xc550b", "0x48b1a48f"
"R", "0x67d9a"
"R", "0x9163e"
"W", "0x67d9a", "0x1087d6b8"
"W", "0x24ff21", "0x82dd701"
"R", "0x723c3"
"R", "0x1b42ba"
"R", "0x31542c"
"R", "0x161172"
"R", "0x42da7f"
"R", "0x423456"
"R", "0xda15d"
"W", "0x24ff21", "0x67892c5d"
"W", "0xcfb34", "0x5ad4f82d"
"W", "0x2cc90d", "0x475e51a8"
"R", "0x30ae03"
"R", "0x175dc4"
"R", "0x161172"
"W", "0x3b1093", "0x7157004e"
"R", "0x26f19c"
"R", "0x1c8f0c"
"W", "0x156b49", "0x6dc12873"
"R", "0x2cc90d"
"W", "0x211a2b", "0x620db8a0"
"R", "0x67d9a"
"W", "0x9163e", "0x3aa91dec"
"W", "0x2d6f36", "0x3f891705"
"W", "0x3d030e", "0x2ad7a1eb"
"W", "0x31542c", "0x79c84b00"
"R", "0xa6290"
"R", "0x230ca6"
"R", "0x298a40"
"R", "0x33ecd0"
"W", "0x21c054", "0x1886b7d9"
"R", "0x368574"
"R", "0x67d9a"
"W", "0x67d9a", "0x17b3a1bd"
"R", "0xa6290"
"R", "0x2ad692"
"R", "0x1378ce"
"R", "0x9163e"
"W", "0x3346a7", "0x8c8d21b"
"W", "0x28e417", "0x44262f95"
"W", "0x3877ef", "0xbb0dd85"
"R", "0x1c8f0c"
"R", "0x3bb6bc"
"W", "0x3007da", "0x72bb6147"
"R", "0x14c520"
"R", "0x2ebb88"
"R", "0x37d1c6"
"R", "0x37d1c6"
"R", "0x7c9ec"
"R", "0x31fa55"
"R", "0x1ddb5e"
"R", "0x1f27b0"
"R", "0xa6290"
"R", "0x207402"
"W", "0x3007da", "0x5163abda"
"W", "0x3346a7", "0x60d754e7"
"R", "0x2d6f36"
"W", "0x211a2b", "0x125ea33f"
"R", "0x298a40"
"W", "0x1be8e3", "0x3069d174"
"W", "0x3d030e", "0x45bae1cb"
"W", "0x1378ce", "0x425802bf"
"R", "0x3492f9"
"W", "0x298a40", "0x13535424"
"W", "0x122c7c", "0x6960ec5a"
"W", "0x1803ed", "0x305b6199"
"R", "0x67d9a"
"R", "0x44ccfa"
"R", "0x12d2a5"
"W", "0x118653", "0x6d81b9f0"
"W", "0x1a9c91", "0x6883732f"
"R", "0x39c441"
"W", "0x10e02a", "0x1ede0a72"
"W", "0x25a54a", "0x66f4c3b2"
"W", "0x33ecd0", "0x2a2f85a7"
"R", "0x353922"
"R", "0x207402"
"R", "0x118653"
"R", "0x2ad692"
"W", "0x1ddb5e", "0x75e8c74"
"W", "0x23b2cf", "0x1962a6b0"
"W", "0x2e155f", "0x58ce3117"
"R", "0x7c9ec"
"R", "0x3d030e"
"W", "0x3e4f60", "0x5fa52efc"
"R", "0x3492f9"
"R", "0x9bc67"
"W", "0x2458f8", "0x61d8f07d"
"W", "0x24ff21", "0x16fd4cbc"
"R", "0x103a01"
"R", "0x3877ef"
"R", "0x2ebb88"
"W", "0x31542c", "0x55afcfc8"
"R", "0x31542c"
"W", "0x4380a8", "0x11054f04"
"W", "0x31542c", "0x588d4ca0"
"W", "0x2f61b1", "0x3d34218"
"R", "0x2d6f36"
"W", "0x53148", "0x30a67ade"
"R", "0x2ad692"
"R", "0xb08b9"
"W", "0xcfb34", "0xbc54a3e"
"W", "0x40e804", "0x1bf5bd2e"
"W", "0x2c22e4", "0x2e8fa06c"
"R", "0x1378ce"
"W", "0x5d771", "0x51077879"
"R", "0x32a07e"
"W", "0x28e417", "0x18209498"
"W", "0xbaee2", "0x47a540fe"
"R", "0x1e8187"
"R", "0x156b49"
"R", "0x3b1093"
"R", "0x230ca6"
"W", "0x418e2d", "0x3a1f0bc0"
"W", "0xcfb34", "0x34283c3b"
"R", "0x3007da"
"W", "0x31fa55", "0x51ec3957"
"W", "0x3a6a6a", "0x207d42d5"
"R", "0x2e155f"
"R", "0x2c22e4"
"R", "0x28e417"
"W", "0x3877ef", "0x41183afb"
"W", "0x37d1c6", "0x4163abd0"
"R", "0x5d771"
"R", "0x3346a7"
"R", "0x2797c5"
"W", "0x2c22e4", "0x32a9dd79"
"R", "0x53148"
"W", "0x118653", "0x1648a8a4"
"R", "0x19f668"
"W", "0x32a07e", "0x41f52da7"
"W", "0x19f668", "0x345f5542"
"R", "0x3e4f6"
"R", "0x25a54a"
"R", "0x298a40"
"W", "0x3da937", "0x49146ce5"
"R", "0x9163e"
"W", "0x175dc4", "0x735079bc"
"W", "0x22667d", "0x7f9aa6c3"
"W", "0x2ebb88", "0x3f9e3009"
"W", "0xeedaf", "0x6ee3c3b0"
"W", "0xcfb34", "0x6035ba52"
"R", "0x3f9bb2"
"R", "0xf93d8"
"R", "0x3bb6bc"
"W", "0x48b1f", "0x6397317d"
"W", "0xb08b9", "0x75a3e2be"
"W", "0x1f27b0", "0x458c38a8"
"W", "0x23b2cf", "0x5223154"
"W", "0x30ae03", "0x79d9f8b"
"W", "0x175dc4", "0x2746fb94"
"W", "0xe4786", "0x5113fb58"
"R", "0x368574"
"R", "0x1fcdd9"
"W", "0xbaee2", "0x6797d4be"
"R", "0x207402"
"R", "0x28e417"
"R", "0x211a2b"
"W", "0x141ef7", "0x1d5cc09e"
"R", "0x1e8187"
"W", "0x283dee", "0x5a0a112b"
"W", "0x3da937", "0x4d032335"
"R", "0x1378ce"
"W", "0x4380a8", "0x3bf894a3"
"W", "0x1a9c91", "0x4a8d041e"
"W", "0xe4786", "0x46c984b2"
"R", "0x67d9a"
"W", "0x1c8f0c", "0x4b1ec659"
"R", "0x33ecd0"
"W", "0x3bb6bc", "0x6d0043f1"
"R", "0x16b79b"
"W", "0x7c9ec", "0x6aa7537f"
"R", "0x1b42ba"
"R", "0x3346a7"
"W", "0x19f668", "0x654713d"
"R", "0x2ebb88"
"W", "0x4426d1", "0x660db834"
"R", "0x21c054"
"W", "0x230ca6", "0x13960636"
"R", "0x1e8187"
"R", "0xcfb34"
"W", "0x31542c", "0x5b664f61"
"W", "0x368574", "0xb55708"
"R", "0xb08b9"
"R", "0x30ae03"
"W", "0x122c7c", "0x555376de"
"W", "0x391e18", "0x588b9678"
"R", "0x12d2a5"
"W", "0x2f61b1", "0x2f327f4e"
"W", "0x19f668", "0x7cd7e7fd"
"W", "0xbaee2", "0x536be0a4"
"R", "0x122c7c"
"W", "0x31fa55", "0x572702d1"
"W", "0xeedaf", "0x3f294696"
"R", "0x3d030e"
"W", "0x3b1093", "0x1dfee83e"
"W", "0x1ddb5e", "0x54b74b31"
"W", "0x14c52", "0x499734b"
"W", "0x2f61b1", "0x47e820d8"
"R", "0x5d771"
"W", "0x1803ed", "0x6d8607a9"
"W", "0xda15d", "0x1d5008c6"
"W", "0x1ddb5e", "0x3e316c22"
"R", "0xe4786"
"W", "0x25a54a", "0x36b6ed4f"
"W", "0x4041db", "0x36bcc22b"
"W", "0x53148", "0x3fbec40f"
"W", "0x3a6a6a", "0x6808e79d"
"W", "0x2b7cbb", "0x5ba6c93b"
"R", "0xf93d8"
"W", "0x161172", "0x2b8209b3"
"W", "0x1ddb5e", "0x194159d6"
"W", "0x1f27b", "0x5fe36414"
"R", "0x31542c"
"R", "0x21c054"
"R", "0x2ad692"
"W", "0x4041db", "0x72cfec99"
"W", "0x418e2d", "0x14f54571"
"R", "0x2b7cbb"
"R", "0x14c520"
"R", "0x3877ef"
"R", "0x3da937"
"R", "0x1fcdd9"
"R", "0x31542c"
"W", "0x122c7c", "0x18f3ba5"
"W", "0xe4786", "0x128c30bf"
"W", "0x2797c5", "0x4c46b9c3"
"R", "0x14c52"
"W", "0x2e155f", "0x47211e60"
"W", "0x457323", "0x7b506140"
"R", "0x1378ce"
"R", "0x423456"
"W", "0x353922", "0x2e3d4a3"
"R", "0x14c52"
"W", "0x3c5ce5", "0x31cdbca4"
"W", "0x40e804", "0x158b8258"
"R", "0x1fcdd9"
"R", "0x3e4f6"
"W", "0xbaee2", "0x543737ef"
"R", "0x298a40"
"W", "0x283dee", "0x6e049e4f"
"R", "0xda15d"
"R", "0x26f19c"
"W", "0x3007da", "0x629d0e22"
"W", "0x35df4b", "0x7b872415"
"W", "0x1e8187", "0x260ef63"
"W", "0x3b1093", "0x60e33154"
"R", "0x372b9d"
"W", "0x2ebb88", "0x4f37ca1e"
"R", "0x423456"
"R", "0x87015"
"W", "0x368574", "0x614ab3a"
"W", "0x3b1093", "0x50db962"
"R", "0x28e417"
"W", "0x32a07e", "0x5d038600"
"W", "0x24ff21", "0x34a59b7f"
"W", "0x353922", "0x49a742e5"
"W", "0x207402", "0x3087d09a"
"R", "0x103a01"
"W", "0x118653", "0x58c790d1"
"W", "0x372b9d", "0x6fd717a6"
"R", "0x2ad692"
"R", "0x19f668"
"W", "0x3da937", "0x685847e5"
"W", "0x2b7cbb", "0x743d99bd"
"R", "0x3d030e"
"W", "0x44ccfa", "0x51dee35b"
"W", "0x25a54a", "0x39ece805"
"W", "0x3877ef", "0x70c47703"
"R", "0xcfb34"
"R", "0xeedaf"
"R", "0x2458f8"
"R", "0x3346a7"
"W", "0x31542c", "0x1b3e0f1d"
"W", "0x25a54a", "0x1572958a"
"W", "0x21c054", "0x366de5d6"
"W", "0x1f27b0", "0x6af11d6e"
"R", "0x264b73"
"W", "0x2cc90d", "0x73895146"
"R", "0x3ef589"
"R", "0x175dc4"
"R", "0x9163e"
"R", "0x33ecd0"
"R", "0x4426d1"
"W", "0x175dc4", "0xe8deba8"
"R", "0x2d6f36"
"W", "0x87015", "0x7c959d0d"
"W", "0x3bb6bc", "0x2aaaa775"
"W", "0x23b2cf", "0x27422dd3"
"R", "0x39c441"
"R", "0x2a3069"
"R", "0xe4786"
"R", "0x283dee"
"W", "0x87015", "0x1ffb93e2"
"R", "0x37d1c6"
"R", "0x14c520"
"W", "0x2ebb88", "0x6bfc799c"
"R", "0x141ef7"
"W", "0x30ae03", "0x2dfd7161"
"R", "0xb08b9"
"W", "0x19503f", "0x34f3042c"
"W", "0x14c520", "0x327cfeab"
"R", "0x175dc4"
"W", "0x39c441", "0x5f6c39de"
"W", "0xc550b", "0x4bac3614"
"R", "0x1e8187"
"W", "0x25a54a", "0x53203490"
"W", "0x372b9d", "0x523de87b"
"R", "0x103a01"
"R", "0x3da937"
"R", "0x21c054"
"R", "0x25a54a"
"R", "0xcfb34"
"R", "0x118653"
"R", "0xcfb34"
"R", "0x4426d1"
"R", "0x44ccfa"
"R", "0x48b1f"
"R", "0x3da937"
"R", "0xf93d8"
"W", "0x31542c", "0x189ed4bd"
"R", "0x7c9ec"
"R", "0x118653"
"W", "0x33ecd0", "0x78fa2f1d"
"R", "0x298a4"
"R", "0x2b7cbb"
"R", "0x298a40"
"W", "0x25a54a", "0x7a832dc9"
"W", "0x2458f8", "0x234e6932"
"R", "0x1ddb5e"
"W", "0x1be8e3", "0x1949c8a2"
"R", "0x4380a8"
"R", "0x10e02a"
"W", "0x4426d1", "0x73990121"
"R", "0x283dee"
"W", "0xa629", "0x44716a30"
"R", "0x21c054"
"R", "0x1f27b0"
"R", "0x22667d"
"R", "0x368574"
"R", "0x1a9c91"
"R", "0x21c054"
"W", "0x175dc4", "0x6576961a"
"R", "0xbaee2"
"R", "0x18aa16"
"R", "0x2b7cbb"
"W", "0x2a3069", "0x31de663e"
"R", "0x3bb6bc"
"W", "0x3d030e", "0x767326fa"
"R", "0x2458f8"
"R", "0x40e804"
"W", "0x1a9c91", "0x65f6bd15"
"W", "0x2f61b1", "0x3ab4c1cf"
"R", "0x9bc67"
"R", "0xe4786"
"W", "0xc550b", "0x2ffbf4b9"
"W", "0x39c441", "0x86b5840"
"R", "0x118653"
"R", "0x35df4b"
"W", "0x3007da", "0x7771bfcd"
"W", "0x103a01", "0x59bb2f6b"
"R", "0x2a3069"
"W", "0x19f668", "0x261cab7f"
"W", "0x19503f", "0x7c7a284f"
"R", "0x122c7c"
"W", "0x2a3069", "0x608f23d5"
"R", "0x5d771"
"W", "0x2ad692", "0x8260b37"
"R", "0x37d1c6"
"W", "0x1f27b0", "0x76e61da8"
"W", "0x24ff21", "0xc045067"
"R", "0x3c5ce5"
"W", "0x1ddb5e", "0x76e9600"
"R", "0x30ae03"
"W", "0x33ecd", "0x69a0afa2"
"R", "0x372b9d"
"W", "0x3e4f60", "0x525b81b1"
"R", "0x25a54a"
"W", "0x211a2b", "0x57bdf3a6"
"R", "0x67d9a"
"W", "0xe4786", "0x72e52671"
"W", "0x1b42ba", "0x2cfc143"
"R", "0x2458f8"
"R", "0x156b49"
"W", "0x25a54a", "0x5df16ac6"
"R", "0x1be8e3"
"R", "0x3ef589"
"R", "0x3007da"
"W", "0x19503f", "0xf0e4e2a"
"R", "0x1be8e3"
"R", "0x7c9ec"
"R", "0x2f61b1"
"W", "0x53148", "0x100db874"
"R", "0x5d771"
"R", "0x35df4b"
"R", "0x25a54a"
"R", "0xbaee2"
"W", "0x28e417", "0x590bed2"
"W", "0x22667d", "0x661058dc"
"W", "0x1b42ba", "0x20d34351"
"W", "0x103a01", "0x57f53cc5"
"R", "0x3007da"
"W", "0x2f61b1", "0x7f21a129"
"R", "0x18aa16"
"W", "0x40e804", "0x384976df"
"W", "0x16b79b", "0x178fd7cb"
"W", "0x1378ce", "0x17e49f90"
"R", "0x3a6a6a"
"R", "0x175dc4"
"R", "0x2c22e4"
"R", "0x2e155f"
"R", "0x3877ef"
"R", "0x353922"
"R", "0x423456"
"W", "0x1e8187", "0x75dda3ec"
"W", "0x2ebb88", "0x1278bd4c"
"W", "0x156b49", "0x29207f0d"
"W", "0xcfb34", "0x68bca2ca"
"R", "0x2a3069"
"R", "0x2d6f36"
"W", "0x9bc67", "0x721c5e83"
"W", "0x1be8e3", "0xaa5ba2"
"R", "0x141ef7"
"W", "0x2c22e4", "0x6f2e761f"
"W", "0x87015", "0x4daa783e"
"R", "0x7c9ec"
"R", "0x9bc67"
"W", "0x14c520", "0x6d9d6bb9"
"W", "0x2797c5", "0x24b845d2"
"W", "0x14c520", "0x35657168"
"W", "0x31542c", "0x29d61c5f"
"R", "0x53148"
"W", "0x3e4f6", "0xa926c13"
"R", "0xe4786"
"R", "0x1a9c91"
"W", "0x1b42ba", "0x3cc20539"
"R", "0x298a40"
"W", "0x372b9d", "0x2dd343bb"
"W", "0x175dc4", "0x11e8089d"
"R", "0x4426d1"
"W", "0x35df4b", "0x9da6be4"
"R", "0x14c520"
"R", "0x2458f8"
"R", "0xcfb34"
"R", "0x3346a7"
"R", "0x141ef7"
"W", "0x53148", "0x6a012fa3"
"R", "0x457323"
"W", "0x1f27b0", "0x5136728c"
"R", "0x161172"
"R", "0x4426d1"
"R", "0x3492f9"
"W", "0x2797c5", "0x50d2147"
"R", "0x3c5ce5"
"R", "0xe4786"
"R", "0x3bb6bc"
"W", "0xeedaf", "0x2f959259"
"W", "0xbaee2", "0x6fabf06d"
"W", "0x18aa16", "0x189047a5"
"R", "0x25a54a"
"W", "0x9bc67", "0x5d5e69e8"
"W", "0x12d2a5", "0x241be573"
"R", "0x122c7c"
"W", "0x2797c5", "0x7438c0e8"
"W", "0x30ae03", "0x209b7858"
"W", "0x31542c", "0x53a8c601"
"W", "0x33ecd", "0x6ae73182"
"R", "0x1803ed"
"R", "0xeedaf"
"R", "0x32a07e"
"R", "0x18aa16"
"R", "0x156b49"
"R", "0x2ad692"
"R", "0x353922"
"R", "0x1ddb5e"
"R", "0x2f61b1"
"R", "0x298a40"
"R", "0x418e2d"
"R", "0x1be8e3"
"R", "0x4041db"
"R", "0xbaee2"
"R", "0x1fcdd9"
"R", "0x23b2cf"
"R", "0x2f61b1"
"R", "0x10e02a"
"R", "0x19503f"
"W", "0x48b1f", "0x58f30a05"
"W", "0x24ff21", "0x1a8c4fc3"
"R", "0x175dc4"
"R", "0x32a07e"
"R", "0x12d2a5"
"R", "0x24ff21"
"W", "0x457323", "0x4689534f"
"W", "0x1be8e3", "0x2e025945"
"W", "0x44ccfa", "0x2a895407"
"W", "0x3d030e", "0x5c4165a0"
"W", "0x3007da", "0x5462efe0"
"R", "0x2ebb88"
"W", "0xa6290", "0x27144bcc"
"R", "0x103a01"
"W", "0x211a2b", "0x9d097d0"
"R", "0x2458f8"
"W", "0x23b2cf", "0x5ebebb3b"
"W", "0x3c5ce5", "0x1682a6cb"
"W", "0x3b1093", "0x16a34134"
"R", "0x87015"
"W", "0x368574", "0x2278689e"
"W", "0x9163e", "0x36889eef"
"R", "0x2458f8"
"W", "0x37d1c6", "0x5580880d"
"R", "0x31fa55"
"R", "0x40e804"
"W", "0x3ef589", "0x75f95e05"
"R", "0x35df4b"
"W", "0xe4786", "0x7cf0e2a4"
"W", "0x141ef7", "0x298087bb"
"W", "0x264b73", "0x3ee6cc96"
"W", "0x372b9d", "0x7ac9bd73"
"R", "0x1c8f0c"
"R", "0x35df4b"
"W", "0x3b1093", "0x2b80e3f2"
"W", "0x1378ce", "0x585f491b"
"W", "0x3a6a6a", "0x8c24e25"
"W", "0xc550b", "0x27e7bda2"
"R", "0x3f9bb2"
"W", "0x18aa16", "0x6242e711"
"W", "0x2d6f36", "0x5377ad6f"
"W", "0x9bc67", "0x292e2ef4"
"R", "0x283dee"
"W", "0x5d771", "0x4ad89258"
"W", "0x118653", "0x2de47e91"
"W", "0x44ccfa", "0x16476dfd"
"W", "0x53148", "0x7e5acc01"
"W", "0x10e02a", "0x6c13709f"
"W", "0x211a2b", "0x46ce5da8"
"R", "0x22667d"
"W", "0x3d030e", "0xef5144b"
"R", "0x3492f9"
"W", "0x28e417", "0x75e877ef"
"W", "0x1b42ba", "0x6bc3d819"
"R", "0x33ecd"
"W", "0x3b1093", "0x1453e7c6"
"W", "0x1f27b0", "0x236627fa"
"R", "0x12d2a5"
"W", "0x2797c5", "0x487236a5"
"R", "0x4041db"
"W", "0x31542c", "0x750e852"
"W", "0x353922", "0x2d4b0e08"
"W", "0x2b7cbb", "0x719b4ff0"
"R", "0x1b42ba"
"R", "0x3007da"
"R", "0x2e155f"
"R", "0x3bb6bc"
"W", "0x122c7c", "0x39fb8811"
"R", "0xe4786"
"W", "0x1b42ba", "0x3215694b"
"R", "0x1e8187"
"R", "0x3877ef"
"R", "0x28e417"
"W", "0x2f61b1", "0x5f92d0a9"
"R", "0x28e417"
"W", "0x14c520", "0x73363f46"
"R", "0x3c5ce5"
"R", "0x1378ce"
"R", "0x19f668"
"W", "0x298a40", "0x470eac94"
"W", "0x3ef589", "0x135aee35"
"W", "0x723c3", "0x3219531e"
"R", "0x2c22e4"
"W", "0x44ccfa", "0x6ba27075"
"W", "0x1a9c91", "0x4c460c9e"
"R", "0x53148"
"R", "0x3c5ce5"
"R", "0x19503f"
"W", "0x1e8187", "0x8809e2e"
"R", "0xa6290"
"W", "0x3346a7", "0x53e02b31"
"R", "0x353922"
"W", "0x3c5ce5", "0x47c0789c"
"W", "0x3c5ce5", "0x5dd6a6ed"
"W", "0x353922", "0x63b9a56a"
"R", "0x67d9a"
"W", "0x118653", "0x329a21cd"
"W", "0x35df4b", "0x737d2bf3"
"R", "0x3da937"
"W", "0x264b73", "0x3e7751f7"
"R", "0x33ecd0"
"W", "0x9163e", "0x26b2f20f"
"R", "0x207402"
"W", "0x28e417", "0x600263a6"
"W", "0x14c520", "0xf736623"
"R", "0x230ca6"
"R", "0x3d030e"
"W", "0x298a40", "0x6596cd0f"
"R", "0x33ecd0"
"W", "0x19f668", "0x4a963a24"
"R", "0x283dee"
"R", "0xe4786"
"W", "0x1be8e3", "0xe7050c7"
"W", "0x24ff21", "0x40118019"
"W", "0x1be8e3", "0x22e66453"
"W", "0x2e155f", "0x1265d30c"
"W", "0x3c5ce5", "0x75439369"
"R", "0x25a54a"
"W", "0x28e417", "0x4b9d8449"
"R", "0x156b49"
"W", "0x33ecd0", "0x59a4a595"
"R", "0x5d771"
"R", "0x23b2cf"
"R", "0x3b1093"
"W", "0x156b49", "0x51eb9af0"
"R", "0xbaee2"
"W", "0x16b79b", "0xb4d63ea"
"R", "0x1be8e3"
"R", "0x2458f8"
"R", "0x3007da"
"W", "0x1c8f0c", "0xabb8ad2"
"R", "0x368574"
"W", "0x372b9d", "0x5c0c4e98"
"W", "0x37d1c6", "0x77fa3529"
"R", "0xf93d8"
"W", "0x23b2cf", "0x24cef012"
"R", "0x35df4b"
"W", "0x3da937", "0x56149ea2"
"W", "0x26f19c", "0x327961e1"
"W", "0x1d3535", "0x76ba1ab8"
"R", "0x31542c"
"R", "0x211a2b"
"W", "0x22667d", "0x12128400"
"R", "0x2cc90d"
"W", "0x1378ce", "0x43ecd0ea"
"W", "0x12d2a5", "0xb07134b"
"R", "0x2cc90d"
"W", "0x5d771", "0x54f0fc1e"
"R", "0x3bb6bc"
"R", "0x2a3069"
"R", "0x1378ce"
"W", "0x211a2b", "0x5cc5394c"
"R", "0x33ecd"
"W", "0x3bb6bc", "0x37831f53"
"R", "0x9bc67"
"W", "0x3007da", "0x610b2cf3"
"R", "0x2797c5"
"R", "0x230ca6"
"W", "0x3bb6bc", "0x36cac710"
"W", "0x33ecd0", "0x66ffc4c"
"R", "0x33ecd0"
"R", "0x122c7c"
"W", "0x25a54a", "0x47ef93eb"
"W", "0x12d2a5", "0x66f7c72e"
"W", "0x175dc4", "0x50567190"
"R", "0x21c054"
"W", "0x37d1c6", "0x1f39c71d"
"R", "0x2c22e4"
"W", "0x103a01", "0x3d301251"
"W", "0x3e4f6", "0x628e8354"
"W", "0x3007da", "0x721e96ea"
"R", "0x372b9d"
"W", "0x32a07e", "0x42c31df3"
"W", "0x1803ed", "0x5bae43ef"
"R", "0x368574"
"W", "0x2e155f", "0x73c3e6bd"
"R", "0x14c52"
"R", "0x3e4f6"
"R", "0x211a2b"
"R", "0x5d771"
"R", "0x2c22e4"
"R", "0x2d6f36"
"R", "0x28e417"
"R", "0x298a4"
"R", "0x3da937"
"W", "0x3346a7", "0x3296a8fc"
"W", "0x2e155f", "0x1f418716"
"R", "0x67d9a"
"W", "0xbaee2", "0x3f48ec77"
"R", "0x3ef589"
"R", "0x1f27b0"
"R", "0x2b7cbb"
"R", "0x3c5ce5"
"W", "0x48b1f", "0x378e0e41"
"R", "0x1d3535"
"W", "0x2a3069", "0x68b3a5e5"
"W", "0x3da937", "0x119a29f3"
"R", "0x42da7f"
"R", "0x28e417"
"W", "0x122c7c", "0x2723ceab"
"R", "0x35df4b"
"R", "0x10e02a"
"R", "0x3f9bb2"
"R", "0x3d030e"
"R", "0xbaee2"
"W", "0x18aa16", "0x4c7bac65"
"W", "0x67d9a", "0x385ee2a1"
"R", "0x32a07e"
"R", "0x2ebb88"
"R", "0x141ef7"
"R", "0x2d6f36"
"R", "0x3c5ce5"
"R", "0x35df4b"
"W", "0x156b49", "0x1b17f4ca"
"W", "0x264b73", "0x1ab8e23f"
"W", "0x372b9d", "0xde8f979"
"W", "0x48b1f", "0x5eb4e982"
"R", "0x12d2a5"
"W", "0xe4786", "0x6a685c82"
"R", "0x1fcdd9"
"W", "0x353922", "0x2df84f11"
"W", "0x122c7c", "0x72b4e5a1"
"R", "0x1e8187"
"W", "0x67d9a", "0x3f0f0802"
"R", "0x14c520"
"R", "0x2a3069"
"W", "0x48b1f", "0x3070e9a7"
"W", "0x4426d1", "0x2f7ae5a4"
"R", "0x2ad692"
"W", "0xa629", "0x7d457b38"
"R", "0x25a54a"
"R", "0x723c3"
"R", "0x1fcdd9"
"R", "0x18aa16"
"W", "0x26f19c", "0x6d8c8dfc"
"R", "0x1ddb5e"
"W", "0x723c3", "0x3984c8c1"
"R", "0xbaee2"
"W", "0x2f61b1", "0x53f90884"
"R", "0x391e18"
"R", "0x28e417"
"R", "0x3e4f60"
"W", "0x23b2cf", "0x7fe9687c"
"W", "0x26f19c", "0x28186401"
"R", "0x21c054"
"R", "0x9bc67"
"R", "0x230ca6"
"R", "0xc550b"
"R", "0x2a3069"
"R", "0x16b79b"
"R", "0xe4786"
"W", "0x2e155f", "0x716bfb5b"
"R", "0x2b7cbb"
"R", "0x67d9a"
"W", "0x3492f9", "0x80fb13b"
"W", "0x10e02a", "0x312df6ae"
"R", "0x118653"
"R", "0x207402"
"R", "0x3877ef"
"R", "0x3bb6bc"
"W", "0x118653", "0x35d2aa47"
"W", "0x31542c", "0x3b745242"
"W", "0x14c52", "0x307deb56"
"R", "0x12d2a5"
"R", "0x3c5ce5"
"W", "0x2b7cbb", "0x62cbf095"
"W", "0x1a9c91", "0x36411315"
"R", "0x283dee"
"R", "0x5d771"
"W", "0x9163e", "0x4dd0fd86"
"R", "0x1ddb5e"
"R", "0x2e155f"
"R", "0x3e4f60"
"W", "0x1378ce", "0x63eab723"
"R", "0x1f27b0"
"W", "0x418e2d", "0x72ba4d1a"
"R", "0x3c5ce5"
"R", "0x2ad692"
"W", "0x2797c5", "0x8771f6e"
"W", "0x211a2b", "0x186aece5"
"W", "0x10e02a", "0x343a39f1"
"W", "0x2cc90d", "0x5dd2d75"
"W", "0x418e2d", "0x6cde5203"
"R", "0x10e02a"
"R", "0x264b73"
"R", "0x1c8f0c"
"W", "0x14c520", "0x7ebd428"
"R", "0x2b7cbb"
"R", "0x2a3069"
"R", "0x1a9c91"
"R", "0x3bb6bc"
"W", "0x46bf75", "0x2541b725"
"W", "0x7c9ec", "0x5554d893"
"R", "0x9bc67"
"R", "0x2a3069"
"R", "0x1ddb5e"
"W", "0x3bb6bc", "0x3d52e118"
"R", "0x4426d1"
"R", "0x122c7c"
"W", "0x24ff21", "0x373fa789"
"W", "0x3ef589", "0x4aba5402"
"R", "0x23b2cf"
"R", "0x230ca6"
"W", "0x40e804", "0x49191046"
"W", "0x33ecd0", "0x79366401"
"R", "0x372b9d"
"W", "0x24ff21", "0x7f4379cb"
"R", "0x141ef7"
"R", "0x33ecd0"
"R", "0x2c22e4"
"W", "0x3a6a6a", "0x7bbb3a39"
"R", "0x230ca6"
"R", "0x3492f9"
"W", "0x103a01", "0x54320457"
"R", "0x19503f"
"R", "0x207402"
"W", "0x87015", "0x10205978"
"R", "0x3492f9"
"W", "0x298a40", "0x5cc8e25f"
"W", "0x4041db", "0x18f630fe"
"R", "0x3b1093"
"R", "0x2e155f"
"R", "0x32a07e"
"W", "0x3da937", "0x3fb49ca9"
"W", "0x2458f8", "0x3c821094"
"W", "0x2a3069", "0x4d31dc33"
"W", "0x2a3069", "0x2f89c8c4"
"W", "0x175dc4", "0x353903e2"
"R", "0x1b42ba"
"R", "0x3007da"
"W", "0x1c8f0c", "0x6492b18"
"W", "0x31542c", "0x20ac4c47"
"W", "0x4041db", "0x3f68c849"
"W", "0x3d030e", "0x276dee00"
"R", "0x31fa55"
"R", "0x4041db"
"W", "0xe4786", "0x6678f6dd"
"W", "0x3007da", "0x24eaf470"
"R", "0x5d771"
"W", "0x3da937", "0x5438f83c"
"W", "0xb08b9", "0x41ffd6f6"
"W", "0x23b2cf", "0xcf2515f"
"R", "0x37d1c6"
"W", "0x33ecd0", "0x43bc3a"
"W", "0x122c7c", "0x144ef4b5"
"W", "0xf93d8", "0x153abe83"
"R", "0x1be8e3"
"R", "0x3346a7"
"R", "0x211a2b"
"R", "0xa6290"
"W", "0x283dee", "0x58f6159d"
"W", "0x418e2d", "0x15ad7c56"
"W", "0x391e18", "0x6ed5857e"
"R", "0x4041db"
"R", "0x1be8e3"
"W", "0xcfb34", "0x37f297d8"
"R", "0x103a01"
"R", "0x16b79b"
"W", "0x207402", "0xbf3667d"
"R", "0x723c3"
"R", "0x353922"
"W", "0x30ae03", "0x2a531f69"
"R", "0x391e18"
"R", "0x22667d"
"R", "0x1f27b0"
"R", "0x33ecd"
"R", "0x23b2cf"
"W", "0x2a3069", "0xfec8e4b"
"W", "0xc550b", "0x5a764224"
"R", "0x1f27b0"
"W", "0x1d3535", "0x18ebb64"
"W", "0xf93d8", "0x4c47a338"
"W", "0x10e02a", "0x7d60e55c"
"R", "0x3492f9"
"R", "0x391e18"
"R", "0x1e8187"
"R", "0x3b1093"
"R", "0x103a01"
"R", "0x14c520"
"R", "0xcfb34"
"W", "0x10e02a", "0x2339e9bd"
"W", "0x2458f8", "0x1ad50b3b"
"R", "0x457323"
"W", "0x2458f8", "0x6424c17c"
"W", "0x723c3", "0x19acd49b"
"R", "0x122c7c"
"R", "0x19f668"
"R", "0x2cc90d"
"W", "0x31fa55", "0x1c5fd415"
"R", "0x33ecd0"
"R", "0x175dc4"
"W", "0x298a40", "0x22dadafb"
"W", "0x211a2b", "0x2d1af1cf"
"W", "0x156b49", "0x4d736f28"
"W", "0x3f9bb2", "0x5ec508dd"
"W", "0x26f19c", "0x71d58156"
"R", "0x1d3535"
"R", "0x7c9ec"
"W", "0xb08b9", "0x36d2545a"
"R", "0x2e155f"
"R", "0x22667d"
"R", "0x1c8f0c"
"W", "0x156b49", "0x2a285bd"
"W", "0x2d6f36", "0x71021f73"
"W", "0x3007da", "0x1fc6e516"
"R", "0x16b79b"
"R", "0xf93d8"
"R", "0x14c520"
"R", "0x1e8187"
"R", "0x9163e"
"R", "0x2ad692"
"R", "0x37d1c6"
"W", "0x2e155f", "0x33094628"
"W", "0x1f27b0", "0x3f124d90"
"W", "0x1a9c91", "0x11d0f7fc"
"W", "0x26f19c", "0x1b98c5e8"
"W", "0x31542c", "0x6bf33d85"
"R", "0x2ad692"
"W", "0x175dc4", "0x1a044f82"
"W", "0x10e02a", "0x5dbec226"
"R", "0x24ff21"
"W", "0x1378ce", "0x5cb8f50a"
"W", "0x175dc4", "0x7a5c420e"
"R", "0x3007da"
"R", "0x14c520"
"R", "0x230ca6"
"W", "0x3bb6bc", "0x23374ff6"
"R", "0x368574"
"R", "0x19f668"
"R", "0xda15d"
"W", "0x1803ed", "0x5a43fae2"
"W", "0x368574", "0x10da30af"
"R", "0x723c3"
"W", "0x87015", "0x539d88b8"
"R", "0x1803ed"
"R", "0x2458f8"
"W", "0x211a2b", "0x557b55af"
"R", "0x118653"
"W", "0x1f27b0", "0x2bafa63f"
"W", "0x40e804", "0xc27a241"
"W", "0x122c7c", "0x6dbc0143"
"R", "0x16b79b"
"W", "0x3da937", "0x7a2b36ca"
"W", "0x2458f8", "0x5b919715"
"R", "0x141ef7"
"W", "0x53148", "0x9bf4ce0"
"W", "0x175dc4", "0x2f6ed695"
"R", "0x161172"
"R", "0x3492f9"
"W", "0x2cc90d", "0x447fcb17"
"R", "0x264b73"
"W", "0xb08b9", "0x684912cc"
"R", "0x2d6f36"
"W", "0x207402", "0x76d47ab6"
"W", "0x2a3069", "0x6111bbfc"
"R", "0x1b42ba"
"R", "0x4041db"
"W", "0x42da7f", "0x616c96a7"
"W", "0x1f27b0", "0x26e640ce"
"R", "0x2e155f"
"R", "0x9163e"
"R", "0x18aa16"
"W", "0x53148", "0x491d5918"
"W", "0x3e4f60", "0x6c5db7ca"
"R", "0x3e4f6"
"R", "0x3492f9"
"W", "0x33ecd0", "0x7f6306b3"
"R", "0x32a07e"
"W", "0x31fa55", "0x496bd349"
"W", "0x14c520", "0x216e9d2e"
"R", "0xda15d"
"R", "0x418e2d"
"R", "0x2797c5"
"R", "0x723c3"
"R", "0x2797c5"
"W", "0x35df4b", "0x5b1f379d"
"R", "0x353922"
"W", "0x3da937", "0x1ad69d30"
"R", "0x423456"
"W", "0xa6290", "0x5fffc69e"
"R", "0xc550b"
"W", "0x391e18", "0x4013d304"
"W", "0x3a6a6a", "0x7cbae8b5"
"W", "0x7c9ec", "0x3de8e85e"
"W", "0x30ae03", "0x589746c"
"W", "0x1f27b0", "0x20600646"
"W", "0x33ecd", "0x7c23289f"
"W", "0x2c22e4", "0x556cb956"
"W", "0xbaee2", "0x301833ae"
"W", "0x30ae03", "0x66c80360"
"W", "0x5d771", "0x1c6ade0d"
"W", "0xda15d", "0x7cba2564"
"R", "0x53148"
"W", "0x298a40", "0x66be6277"
"W", "0x2797c5", "0x6a5cf199"
"W", "0x9bc67", "0x16032623"
"W", "0x1f27b0", "0x6c0e110d"
"W", "0x298a4", "0x6dcba52d"
"W", "0x1e8187", "0x369b8e3"
"W", "0x1c8f0c", "0x1c2ccd59"
"R", "0x37d1c6"
"R", "0x87015"
"W", "0x39c441", "0x155f989d"
"W", "0x2a3069", "0x7d951be7"
"R", "0x1f27b0"
"W", "0x118653", "0x25750fc1"
"W", "0x3492f9", "0x636db768"
"R", "0x1be8e3"
"R", "0x4426d1"
"R", "0x9bc67"
"R", "0x2cc90d"
"W", "0x122c7c", "0x702e650f"
"W", "0x87015", "0x714df842"
"R", "0x9bc67"
"W", "0x53148", "0x4fed519a"
"W", "0x1803ed", "0xdd1045"
"R", "0x3da937"
"W", "0x2d6f36", "0x476f84ac"
"W", "0x26f19c", "0x1d0dded6"
"W", "0xf93d8", "0x660e8c98"
"R", "0x2c22e4"
"W", "0x18aa16", "0x2ab195fc"
"W", "0x40e804", "0x65f3c186"
"R", "0x2ad692"
"W", "0x5d771", "0x60d56c8a"
"R", "0x1fcdd9"
"R", "0x2e155f"
"W", "0x3a6a6a", "0x4a6ae60b"
"R", "0xeedaf"
"R", "0x25a54a"
"R", "0x1b42ba"
"W", "0x31542c", "0x71937756"
"R", "0x25a54a"
"R", "0x33ecd0"
"W", "0x25a54a", "0x5554300d"
"W", "0x12d2a5", "0x61c25462"
"R", "0x1378ce"
"W", "0x723c3", "0x30988764"
"W", "0xda15d", "0x4763f739"
"R", "0x457323"
"R", "0xbaee2"
"R", "0x1c8f0c"
"R", "0x391e18"
"R", "0x32a07e"
"W", "0x2a3069", "0xf66b307"
"W", "0x87015", "0x7a714808"
"W", "0x161172", "0x4981d4ef"
"W", "0x2c22e4", "0x3bd325db"
"W", "0x207402", "0x5996404"
"W", "0xe4786", "0x4dcd3faf"
"W", "0x1be8e3", "0x249bde88"
"R", "0x1803ed"
"W", "0x298a4", "0x16ae8138"
"W", "0x39c441", "0x3a1ddc14"
"W", "0x3492f9", "0x4c08a9a"
"R", "0xda15d"
"R", "0x372b9d"
"W", "0x3a6a6a", "0x437f11e9"
"W", "0x1fcdd9", "0x5f690e0"
"W", "0x207402", "0x55d850e2"
"W", "0x3007da", "0x3124fdf6"
"W", "0x2cc90d", "0x26811dd7"
"W", "0x1be8e3", "0x5315732a"
"W", "0x35df4b", "0x6cc166e3"
"W", "0x26f19c", "0x7dd87b22"
"W", "0x175dc4", "0x5c3c51e"
"W", "0x25a54a", "0x64006ef3"
"W", "0x37d1c6", "0x491442fe"
"R", "0x141ef7"
"W", "0x118653", "0x2b73d3de"
"R", "0x3bb6bc"
"W", "0x4041db", "0x38fb2ede"
"R", "0x723c3"
"R", "0x3492f9"
"R", "0x372b9d"
"R", "0x7c9ec"
"R", "0x16b79b"
"W", "0x3007da", "0x56491fa0"
"W", "0x42da7f", "0x58b07bae"
"R", "0x23b2cf"
"R", "0x39c441"
"W", "0x3d030e", "0x74d35fab"
"W", "0x1b42ba", "0x2399ae46"
"W", "0x7c9ec", "0x558fb8d4"
"W", "0x26f19c", "0x7cacf4fe"
"R", "0x37d1c6"
"W", "0x3e4f60", "0x733ea5f7"
"W", "0x3e4f6", "0x55f29e25"
"W", "0x1d3535", "0x4338de39"
"R", "0x3d030e"
"R", "0x9bc67"
"W", "0x1c8f0c", "0x2983cf7f"
"W", "0x26f19c", "0x26ed36c8"
"W", "0x1c8f0c", "0x4aaa5277"
"R", "0x368574"
"R", "0x40e804"
"R", "0x175dc4"
"W", "0x2458f8", "0x409e95a"
"R", "0x42da7f"
"R", "0xcfb34"
"R", "0x4426d1"
"R", "0x118653"
"W", "0xb08b9", "0x57bee963"
"R", "0x3346a7"
"W", "0x31542c", "0x2983b851"
"W", "0x7c9ec", "0x1f70e5ea"
"W", "0x1f27b", "0x1038e3d0"
"W", "0x298a4", "0x386958df"
"R", "0x3c5ce5"
"R", "0x3c5ce5"
"W", "0x230ca6", "0x1588908a"
"W", "0xda15d", "0x49760860"
"W", "0x298a40", "0x57d28444"
"R", "0x23b2cf"
"W", "0x1e8187", "0x3cf74c63"
"W", "0x16b79b", "0x6922ac57"
"W", "0x2458f8", "0x753ec7fb"
"W", "0x156b49", "0x53c05704"
"W", "0x32a07e", "0x20cf26cb"
"W", "0x40e804", "0x1e3d3c7f"
"R", "0x4426d1"
"R", "0x723c3"
"R", "0xda15d"
"R", "0xa6290"
"W", "0x21c054", "0x46e81856"
"W", "0x372b9d", "0x320203d7"
"W", "0x14c520", "0x2dbf613f"
"R", "0x25a54a"
"W", "0x18aa16", "0x3ead313e"
"R", "0x161172"
"R", "0x118653"
"R", "0x2458f8"
"R", "0x1b42ba"
"W", "0xbaee2", "0xf2537aa"
"W", "0x372b9d", "0x6f4cd3ec"
"W", "0x7c9ec", "0x4410e7d3"
"W", "0x1e8187", "0x497175e1"
"R", "0x118653"
"R", "0x31542c"
"R", "0x26f19c"
"R", "0x211a2b"
"R", "0x3877ef"
"R", "0xda15d"
"R", "0xcfb34"
"R", "0x4041db"
"R", "0x118653"
"W", "0x283dee", "0x5fd8e772"
"W", "0x1b42ba", "0x35af5379"
"R", "0x3007da"
"W", "0x9bc67", "0x33b9ea79"
"R", "0x723c3"
"W", "0x1f27b0", "0x5cb50857"
"W", "0x3b1093", "0x7c865fb4"
"W", "0x3f9bb2", "0x3d17a462"
"R", "0x2d6f36"
"R", "0x3877ef"
"R", "0x26f19c"
"R", "0x5d771"
"R", "0x207402"
"R", "0x10e02a"
"R", "0x1e8187"
"R", "0x35df4b"
"R", "0x1fcdd9"
"R", "0x33ecd0"
"R", "0x1d3535"
"R", "0x44ccfa"
"W", "0xeedaf", "0x55e7a50d"
"W", "0x40e804", "0xe4942c1"
"R", "0x12d2a5"
"R", "0x283dee"
"R", "0x9163e"
"W", "0x4426d1", "0x64a30684"
"R", "0x21c054"
"W", "0x723c3", "0x58601c99"
"R", "0x264b73"
"W", "0x3e4f60", "0x63f3d1b"
"R", "0x87015"
"W", "0x2797c5", "0x5184be5e"
"W", "0x418e2d", "0x44643097"
"W", "0x230ca6", "0x63d91d28"
"W", "0x25a54a", "0xb2b1ad"
"W", "0x3d030e", "0x18726e5c"
"W", "0x39c441", "0x5cc8b6ce"
"W", "0x44ccfa", "0x217b2a43"
"R", "0x156b49"
"R", "0x118653"
"R", "0x723c3"
"W", "0x418e2d", "0x1850a7e2"
"W", "0x2d6f36", "0x713cc730"
"R", "0x4041db"
"W", "0x2ad692", "0x1f05627d"
"W", "0x3c5ce5", "0x789503a"
"W", "0x230ca6", "0x7efff1d5"
"R", "0x3da937"
"W", "0xeedaf", "0x64bbb7e2"
"R", "0x3d030e"
"R", "0x3da937"
"W", "0x24ff21", "0x4d883e91"
"W", "0xb08b9", "0x3d895e8"
"R", "0x4380a8"
"W", "0x3c5ce5", "0x3579062c"
"W", "0x9bc67", "0x7601542f"
"R", "0x31542c"
"R", "0x2797c5"
"W", "0x42da7f", "0x58fba163"
"W", "0x19f668", "0x7da50096"
"R", "0x298a40"
"W", "0x3e4f60", "0x10216b7a"
"W", "0x161172", "0x223287c0"
"W", "0x3492f9", "0x459314c3"
"R", "0x723c3"
"W", "0x1803ed", "0x530446de"
"W", "0x1f27b", "0x20c3894"
"W", "0x368574", "0x4e4fe108"
"R", "0x40e804"
"R", "0x2f61b1"
"W", "0x19503f", "0x637bd37c"
"R", "0x1be8e3"
"R", "0x9163e"
"W", "0xeedaf", "0x7f325a36"
"R", "0x3d030e"
"R", "0x25a54a"
"R", "0x19503f"
"W", "0x87015", "0x5a2f23be"
"R", "0x1f27b0"
"W", "0x3f9bb2", "0x7ddd4559"
"W", "0x12d2a5", "0x65d40903"
"R", "0x2b7cbb"
"W", "0x2f61b1", "0x1e3d5979"
"R", "0x207402"
"R", "0xf93d8"
"R", "0xa6290"
"R", "0x21c054"
"R", "0x122c7c"
"R", "0x42da7f"
"R", "0x353922"
"W", "0x2d6f36", "0x42f194e7"
"R", "0x3a6a6a"
"W", "0x3b1093", "0x12a509e1"
"W", "0xeedaf", "0x34ca8904"
"R", "0x2a3069"
"R", "0x48b1f"
"R", "0x3b1093"
"R", "0x3e4f6"
"W", "0x368574", "0x7bfabff2"
"R", "0xb08b9"
"W", "0x1803ed", "0x609c35fc"
"R", "0x44ccfa"
"R", "0x2d6f36"
"W", "0x2a3069", "0x542fc8f9"
"R", "0xa6290"
"W", "0x1e8187", "0x2d19f0d8"
"W", "0x19503f", "0x9fd0c03"
"W", "0x207402", "0x2c49bfbf"
"R", "0x18aa16"
"W", "0x3877ef", "0x63216621"
"W", "0x39c441", "0x5c9c5eb4"
"R", "0x2a3069"
"W", "0x2cc90d", "0x47da8e97"
"W", "0x33ecd0", "0x5f02af18"
"R", "0x118653"
"W", "0x1b42ba", "0x1ac3d2dc"
"W", "0x2d6f36", "0x6f56904"
"R", "0xe4786"
"R", "0x2d6f36"
"W", "0x28e417", "0x71b1846a"
"W", "0x353922", "0xf05f247"
"R", "0x5d771"
"R", "0x1e8187"
"W", "0x1e8187", "0x69d219f8"
"W", "0x40e804", "0xdbafabe"
"R", "0x2458f8"
"W", "0x33ecd0", "0x25803fe0"
"R", "0x31542c"
"R", "0xb08b9"
"R", "0x264b73"
"W", "0x19503f", "0x71e605b9"
"W", "0x118653", "0x709f6e56"
"W", "0x2ebb88", "0x44b4d0ba"
"W", "0x5d771", "0x37ea2481"
"W", "0x368574", "0xa956249"
"R", "0x103a01"
"R", "0x10e02a"
"W", "0x22667d", "0x6b6f8de8"
"W", "0x67d9a", "0x98a44c0"
"R", "0x2b7cbb"
"R", "0x14c520"
"R", "0x31fa55"
"W", "0x25a54a", "0x247d4ddd"
"W", "0x1b42ba", "0x6a45f5a6"
"W", "0xc550b", "0x74ae6d0b"
"W", "0x5d771", "0x2ca36043"
"R", "0xc550b"
"R", "0x3877ef"
"W", "0x3ef589", "0x6e7a24b7"
"R", "0x4380a8"
"W", "0x423456", "0x32633f7"
"W", "0x1c8f0c", "0x254f2eca"
"W", "0x1a9c91", "0x585ef73a"
"W", "0xa6290", "0x111c81cf"
"W", "0x4380a8", "0x3f9e0d1"
"R", "0x31542c"
"R", "0x2d6f36"
"W", "0xda15d", "0x23d3b961"
"W", "0x175dc4", "0x534c196"
"R", "0x1e8187"
"R", "0x19503f"
"W", "0x2ad692", "0x6a1cd430"
"R", "0x211a2b"
"R", "0x1be8e3"
"W", "0x2e155f", "0x71ee268f"
"R", "0x26f19c"
"R", "0x3d030e"
"W", "0x1378ce", "0x53059972"
"R", "0x2b7cbb"
"W", "0x2e155f", "0x5d6b7914"
"R", "0x2cc90d"
"R", "0x2797c5"
"R", "0x39c441"
"R", "0x12d2a5"
"W", "0xcfb34", "0x2ffd6295"
"R", "0x18aa16"
"R", "0x3492f9"
"R", "0x122c7c"
"W", "0x18aa16", "0x55607117"
"R", "0x423456"
"R", "0x0"
"W", "0xf93d8", "0xbd362a7"
"R", "0x48b1f"
"R", "0x372b9d"
"R", "0x2f61b1"
"R", "0x2e155f"
"R", "0x298a40"
"W", "0x723c3", "0x1a836133"
"R", "0x2a3069"
"R", "0x230ca6"
"W", "0x9163e", "0x56c50f4f"
"R", "0x1c8f0c"
"W", "0x2cc90d", "0x5c98f0b7"
"R", "0x1378ce"
"R", "0xb08b9"
"R", "0x10e02a"
"R", "0x22667d"
"W", "0x21c054", "0x5f812700"
"W", "0x156b49", "0x3f1d591b"
"W", "0x1fcdd9", "0x31c21d46"
"R", "0x1a9c91"
"W", "0x423456", "0x5d3aba1d"
"R", "0x3e4f60"
"W", "0x22667d", "0xcd06f46"
"R", "0x283dee"
"W", "0x44ccfa", "0x54f7c2b2"
"W", "0x2797c5", "0x4df06b20"
"R", "0x2a3069"
"W", "0x3a6a6a", "0x28d428c7"
"W", "0x28e417", "0x408fb424"
"W", "0x1803ed", "0x202b94c3"
"R", "0x4380a8"
"R", "0x2b7cbb"
"R", "0x87015"
"W", "0x118653", "0x7d0430b7"
"R", "0x35df4b"
"R", "0x368574"
"R", "0x42da7f"
"R", "0x14c520"
"R", "0x32a07e"
"R", "0x1e8187"
"R", "0x175dc4"
"R", "0x9163e"
"W", "0x23b2cf", "0x178af29f"
"R", "0x141ef7"
"R", "0x32a07e"
"W", "0x48b1f", "0x1ccefe5f"
"W", "0x22667d", "0x64616951"
"R", "0x3877ef"
"W", "0x3ef589", "0x6978145c"
"R", "0x12d2a5"
"R", "0x353922"
"W", "0x264b73", "0xe1685c7"
"W", "0x353922", "0x3442a1a1"
"W", "0x3b1093", "0x91dc0e6"
"W", "0x423456", "0x17f087a8"
"R", "0x23b2cf"
"W", "0x1378ce", "0x6870c361"
"R", "0x3346a7"
"R", "0x4041db"
"R", "0x3007da"
"W", "0x42da7f", "0x51f332f1"
"R", "0x4041db"
"W", "0x3f9bb2", "0x33a9859c"
"R", "0x25a54a"
"R", "0x2458f8"
"W", "0x118653", "0x61a6af0a"
"W", "0x19503f", "0x4dd5a94c"
"R", "0x2e155f"
"W", "0x2cc90d", "0x4d66e6c3"
"W", "0x2b7cbb", "0x750cd76a"
"R", "0xbaee2"
"W", "0x3492f9", "0x604e772f"
"W", "0x48b1f", "0x69e8b3a3"
"W", "0xc550b", "0x16c63e8b"
"W", "0xf93d8", "0x6974ca45"
"W", "0x1b42ba", "0x5a417fc7"
"W", "0xc550b", "0x73d8a837"
"R", "0x7c9ec"
"R", "0xda15d"
"W", "0x31fa55", "0x76e7fd4d"
"R", "0x4041db"
"R", "0x3bb6bc"
"W", "0xa6290", "0x7484801a"
"R", "0x12d2a5"
"W", "0x3f9bb2", "0x6d69b4c"
"R", "0x1378ce"
"R", "0x283dee"
"W", "0x2b7cbb", "0x615c7f1e"
"W", "0x1378ce", "0x23583856"
"R", "0x1a9c91"
"W", "0x391e18", "0x41a9675"
"R", "0xc550b"
"W", "0x141ef7", "0x6ca6fac1"
"R", "0x3f9bb2"
"W", "0x418e2d", "0x11ddc7e"
"W", "0x19503f", "0x24bc9bdf"
"W", "0x2458f8", "0x1881c8a3"
"R", "0x67d9a"
"R", "0x3e4f60"
"R", "0x723c3"
"R", "0x418e2d"
"W", "0x3a6a6a", "0x285628a9"
"W", "0x353922", "0x292de6ef"
"R", "0x1803ed"
"R", "0x32a07e"
"R", "0x19f668"
"W", "0x283dee", "0x657cff2d"
"W", "0x19503f", "0x26bd070b"
"W", "0x118653", "0x5121e633"
"R", "0x39c441"
"W", "0x1f27b0", "0x3ac6e9b3"
"R", "0x3da937"
"R", "0x28e417"
"R", "0x14c520"
"R", "0x175dc4"
"R", "0x3007da"
"W", "0x1803ed", "0x471d77ff"
"W", "0xbaee2", "0x38d34803"
"W", "0x2ebb88", "0x139b575d"
"R", "0x3ef589"
"R", "0x9163e"
"R", "0x264b73"
"W", "0x211a2b", "0x4a1e8848"
"W", "0x33ecd", "0x502ea77"
"R", "0xa6290"
"W", "0x21c054", "0x223a9b37"
"W", "0x1c8f0c", "0x74d5b2b0"
"W", "0xbaee2", "0x1f0f6346"
"R", "0x1ddb5e"
"R", "0x207402"
"W", "0xf93d8", "0xc8693ad"
"R", "0x1be8e3"
"R", "0x87015"
"R", "0x33ecd0"
"R", "0x2e155f"
"R", "0x298a40"
"W", "0x3e4f60", "0x435f34e5"
"R", "0x283dee"
"W", "0x37d1c6", "0x2e657a7e"
"R", "0x1d3535"
"R", "0x5d771"
"R", "0x3877ef"
"W", "0x3da937", "0x4046e0aa"
"R", "0x298a4"
"R", "0x175dc4"
"R", "0x39c441"
"W", "0x4426d1", "0x22172ca7"
"W", "0x31542c", "0x2c21ea41"
"W", "0x12d2a5", "0x21e9c9c7"
"R", "0x103a01"
"W", "0x372b9d", "0x4428b5f5"
"R", "0x211a2b"
"R", "0x2458f8"
"R", "0x1378ce"
"R", "0x3d030e"
"R", "0x2ad692"
"R", "0x3e4f60"
"R", "0x3346a7"
"W", "0x3c5ce5", "0x54170e2f"
"R", "0x14c520"
"R", "0x1b42ba"
"R", "0x4041db"
"R", "0x1be8e3"
"R", "0x35df4b"
"W", "0xda15d", "0x82f983c"
"W", "0x1378ce", "0x2ce189e6"
"W", "0x19f668", "0x15313205"
"R", "0xcfb34"
"R", "0xe4786"
"R", "0x26f19c"
"R", "0x264b73"
"R", "0x4041db"
"R", "0xe4786"
"R", "0x2ad692"
"W", "0x2458f8", "0x2ad6fe61"
"R", "0x18aa16"
"R", "0x39c441"
"R", "0x40e804"
"R", "0x3d030e"
"R", "0x2ad692"
"W", "0x53148", "0x2da3d16e"
"R", "0x175dc4"
"R", "0xbaee2"
"R", "0x3e4f60"
"R", "0x264b73"
"R", "0x1d3535"
"R", "0x31fa55"
"W", "0x175dc4", "0x1a812d0f"
"W", "0x18aa16", "0x7404353a"
"R", "0x1fcdd9"
"R", "0x25a54a"
"R", "0x2797c5"
"R", "0x39c441"
"R", "0x40e804"
"W", "0xbaee2", "0x6ad26183"
"R", "0x28e417"
"R", "0xbaee2"
"R", "0x723c3"
"R", "0x67d9a"
"W", "0xeedaf", "0x334986b5"
"W", "0x3ef589", "0x108e42f7"
"R", "0x7c9ec"
"W", "0x2e155f", "0x78b03454"
"W", "0x368574", "0x5260ef95"
"R", "0x161172"
"W", "0x30ae03", "0x4862722f"
"W", "0x1378ce", "0xd375"
"R", "0x2e155f"
"W", "0x32a07e", "0x1417be42"
"R", "0x35df4b"
"R", "0xb08b9"
"R", "0x3ef589"
"W", "0x2458f8", "0x3750ad59"
"R", "0x207402"
"R", "0x3ef589"
"R", "0x175dc4"
"W", "0x3007da", "0x41a24444"
"W", "0x31542c", "0x5c674b9f"
"R", "0x230ca6"
"W", "0x2797c5", "0x1d9a4aaa"
"R", "0x18aa16"
"W", "0x25a54a", "0x1fa4648e"
"R", "0x53148"
"W", "0x3a6a6a", "0x770918b2"
"W", "0x368574", "0xe8e7505"
"R", "0x18aa16"
"W", "0x39c441", "0x29c41f96"
"W", "0x1fcdd9", "0x14b38e47"
"W", "0x24ff21", "0x1c23a54"
"W", "0x1803ed", "0x8fba576"
"W", "0x10e02a", "0x412d6f0e"
"W", "0x353922", "0x60e0f9e5"
"W", "0x1e8187", "0x540b9add"
"R", "0x53148"
"W", "0x2ad692", "0x7726d016"
"R", "0xeedaf"
"R", "0xb08b9"
"W", "0x10e02a", "0x25bd2605"
"W", "0x283dee", "0x2d4b487e"
"W", "0x33ecd0", "0x5e81bf29"
"W", "0x33ecd0", "0x3aaf7ee"
"W", "0x2ad692", "0x5cbcfebb"
"W", "0xa6290", "0x563fe4a"
"R", "0x368574"
"W", "0x2b7cbb", "0x5ab1bf71"
"W", "0x2e155f", "0x789c0762"
"R", "0x35df4b"
"W", "0xeedaf", "0x7cc6636d"
"R", "0x9bc67"
"R", "0x31542c"
"R", "0x3346a7"
"R", "0x0"
"W", "0x391e18", "0x662681a3"
"R", "0x2458f8"
"R", "0x9bc67"
"W", "0x161172", "0x70f65697"
"R", "0x3346a7"
"R", "0x207402"
"R", "0x723c3"
"R", "0x141ef7"
"W", "0x37d1c6", "0x27e6c051"
"R", "0x3b1093"
"W", "0x28e417", "0x576cf80f"
"R", "0x30ae03"
"W", "0x18aa16", "0x62a7b0d1"
"R", "0x3b1093"
"W", "0x3b1093", "0x2cfa2c97"
"R", "0x298a4"
"R", "0xe4786"
"R", "0x24ff21"
"R", "0xa6290"
"W", "0x2b7cbb", "0x26c48c2f"
"W", "0x7c9ec", "0x7b154f9b"
"R", "0x3c5ce5"
"W", "0x35df4b", "0x4bb8c7cf"
"R", "0x1a9c91"
"W", "0x2b7cbb", "0xf16735c"
"R", "0x156b49"
"W", "0xda15d", "0x18df453"
"W", "0x16b79b", "0x246d67b2"
"W", "0xcfb34", "0x3765d851"
"W", "0x12d2a5", "0x3177e562"
"R", "0xbaee2"
"W", "0x3346a7", "0x51df1470"
"R", "0x3e4f6"
"W", "0x264b73", "0x43d65ee"
"W", "0xda15d", "0x310f64af"
"R", "0x391e18"
"R", "0x2e155f"
"W", "0x32a07e", "0x175b4da2"
"W", "0x19f668", "0x4b70daff"
"W", "0x3c5ce5", "0x1fb63bae"
"W", "0x353922", "0x5a599e4a"
"R", "0x3346a7"
"W", "0x1a9c91", "0x44bd5294"
"R", "0x37d1c6"
"W", "0x3b1093", "0x33c6f8d"
"W", "0x2cc90d", "0x60be9a88"
"W", "0x122c7c", "0x76712fb2"
"R", "0x31542c"
"R", "0x7c9ec"
"R", "0x9163e"
"W", "0x19503f", "0x529d040"
"R", "0xa6290"
"W", "0x372b9d", "0x6688387f"
"R", "0x423456"
"W", "0x3a6a6a", "0x6e7ab7c"
"W", "0x3346a7", "0x4264c266"
"R", "0x3e4f6"
"R", "0xb08b9"
"R", "0x25a54a"
"R", "0xa6290"
"W", "0x1f27b", "0x36ce2f98"
"R", "0x7c9ec"
"R", "0xc550b"
"W", "0x3492f9", "0x7ccb1966"
"W", "0x24ff21", "0x5049971e"
"R", "0x1f27b"
"W", "0x207402", "0x7976ed81"
"R", "0xf93d8"
"R", "0x230ca6"
"W", "0x1e8187", "0x30ae02ec"
"R", "0x1c8f0c"
"R", "0x1fcdd9"
"W", "0xcfb34", "0x6a424f4a"
"R", "0x14c52"
"W", "0x3ef589", "0x9431a31"
"W", "0x10e02a", "0x24b84179"
"W", "0x18aa16", "0x5cdb83cb"
"W", "0x10e02a", "0x70a7a6e6"
"W", "0x26f19c", "0x2f3c53d9"
"R", "0x2cc90d"
"R", "0x67d9a"
"W", "0x2cc90d", "0x5f201aa7"
"W", "0x175dc4", "0x64124aa5"
"W", "0x22667d", "0x380a8493"
"R", "0x3007da"
"W", "0x19503f", "0xde02a80"
"R", "0xda15d"
"R", "0x3007da"
"W", "0x10e02a", "0x5930dd63"
"R", "0x2b7cbb"
"R", "0x1f27b0"
"W", "0x19503f", "0x29cb3404"
"R", "0x32a07e"
"R", "0x87015"
"R", "0x230ca6"
"R", "0x22667d"
"R", "0x1d3535"
"R", "0x9bc67"
"W", "0x48b1f", "0xc71b576"
"R", "0x1f27b0"
"R", "0x3492f9"
"R", "0x23b2cf"
"W", "0x1b42ba", "0x5b112537"
"W", "0x3f9bb2", "0x528f3506"
"R", "0xf93d8"
"R", "0x40e804"
"W", "0x30ae03", "0x58d03251"
"W", "0x1fcdd9", "0x4fc9a926"
"W", "0x19503f", "0x559491cb"
"W", "0x1fcdd9", "0x44103c48"
"R", "0x32a07e"
"W", "0x5d771", "0xb20fa27"
"W", "0xda15d", "0x4156f7bb"
"W", "0x372b9d", "0xeb14c47"
"W", "0x19f668", "0x7d4842e7"
"W", "0x368574", "0x6a1778ad"
"W", "0x2e155f", "0x1bfb4cfb"
"R", "0x283dee"
"R", "0x31542c"
"W", "0x3877ef", "0x5959db3f"
"W", "0x1378ce", "0x4e724c0f"
"W", "0xb08b9", "0x78e8bceb"
"W", "0x31542c", "0x46a0500e"
"W", "0x2b7cbb", "0x45d19e94"
"R", "0x3bb6bc"
"W", "0x1be8e3", "0x200b7dfa"
"R", "0x118653"
"R", "0x39c441"
"R", "0x14c52"
"R", "0x3b1093"
"W", "0x9bc67", "0x6c9dfe41"
"W", "0x32a07e", "0x386042ae"
"R", "0x33ecd0"
"W", "0x3e4f60", "0x77f7221b"
"W", "0x26f19c", "0x6ce2ffaf"
"R", "0x418e2d"
"R", "0xf93d8"
"W", "0x2797c5", "0x7c6c8e22"
"R", "0x207402"
"R", "0x10e02a"
"R", "0x53148"
"R", "0x423456"
"W", "0x67d9a", "0x118c1b9f"
"W", "0xb08b9", "0x2f408cbc"
"W", "0xda15d", "0x1188a5b2"
"R", "0x3bb6bc"
"R", "0x3e4f60"
"R", "0x1f27b0"
"W", "0x39c441", "0x5a0632c8"
"R", "0xf93d8"
"W", "0x87015", "0x116682cf"
"W", "0x3ef589", "0x41c1b15a"
"R", "0x3f9bb2"
"R", "0x1f27b0"
"R", "0x3e4f60"
"R", "0x2797c5"
"R", "0x1a9c91"
"W", "0x18aa16", "0xcd8891"
"W", "0x161172", "0x5453a2ac"
"R", "0x1be8e3"
"R", "0x12d2a5"
"R", "0x156b49"
"W", "0x230ca6", "0x68f08e77"
"R", "0x4041db"
"W", "0x372b9d", "0x663804e7"
"R", "0x103a01"
"W", "0x7c9ec", "0x3c5133a1"
"W", "0xda15d", "0x6ed74619"
"R", "0xb08b9"
"R", "0x37d1c6"
"W", "0x4041db", "0x490a2e3c"
"W", "0x87015", "0x76fff02c"
"W", "0x1fcdd9", "0x13ff527a"
"W", "0x9bc67", "0x12b14d5a"
"R", "0x33ecd"
"W", "0xda15d", "0x52761b3a"
"W", "0x1ddb5e", "0x45277bff"
"R", "0x1a9c91"
"R", "0x2e155f"
"W", "0x122c7c", "0x365e5c2b"
"W", "0x19503f", "0x76095180"
"W", "0x16b79b", "0x2d98bac6"
"R", "0x31fa55"
"R", "0x2c22e4"
"W", "0x156b49", "0x1f3ff02"
"R", "0x2ad692"
"W", "0x1f27b0", "0x5a79699c"
"R", "0x28e417"
"R", "0x9bc67"
"R", "0x2458f8"
"W", "0x3007da", "0x7f248689"
"W", "0x3e4f60", "0x483d6887"
"R", "0x118653"
"R", "0x22667d"
"R", "0x5d771"
"W", "0x141ef7", "0x2fd9d0d9"
"R", "0x40e804"
"R", "0x46194c"
"W", "0x44ccfa", "0x7e97b820"
"R", "0xa6290"
"R", "0xda15d"
"R", "0x207402"
"R", "0x31fa55"
"R", "0xeedaf"
"R", "0x4041db"
"W", "0x122c7c", "0x36ba848f"
"R", "0x1b42ba"
"W", "0x2c22e4", "0x2f3f180"
"R", "0x161172"
"R", "0x122c7c"
"W", "0x35df4b", "0x663f92c6"
"R", "0x207402"
"R", "0x25a54a"
"W", "0x418e2d", "0x647aa1aa"
"W", "0x723c3", "0x3b4010a9"
"R", "0x103a01"
"R", "0x33ecd0"
"W", "0x53148", "0x3ffe98ba"
"W", "0x3877ef", "0x46b25fa5"
"W", "0x2cc90d", "0x1f315115"
"R", "0x1fcdd9"
"R", "0x2b7cbb"
"W", "0x1a9c91", "0x2071d360"
"R", "0x141ef7"
"W", "0x353922", "0x49273495"
"W", "0x33ecd0", "0x63864754"
"R", "0x7c9ec"
"R", "0x35df4b"
"W", "0x32a07e", "0x1a0b5f2c"
"R", "0x1f27b0"
"W", "0xa6290", "0xb14e846"
"W", "0x4380a8", "0x4ecf2763"
"W", "0x3a6a6a", "0x263d9ddd"
"W", "0x3e4f6", "0x4b3c6a99"
"W", "0x37d1c6", "0x5aadd1dd"
"W", "0x2ad692", "0x238fefe"
"W", "0x2d6f36", "0x33c6cf4a"
"W", "0x3e4f60", "0x4575a3e0"
"R", "0x2c22e4"
"R", "0xa6290"
"R", "0x118653"
"W", "0x16b79b", "0x48ed8ae6"
"W", "0xa6290", "0x157651c8"
"R", "0x2458f8"
"R", "0x175dc4"
"R", "0x1d3535"
"R", "0x1ddb5e"
"R", "0x1be8e3"
"R", "0x3d030e"
"R", "0x16b79b"
"R", "0x3bb6bc"
"W", "0x175dc4", "0x6351e508"
"R", "0x211a2b"
"R", "0x33ecd"
"R", "0x391e18"
"W", "0x353922", "0x2503c397"
"R", "0x1c8f0c"
"R", "0x9163e"
"R", "0x723c3"
"R", "0x2a3069"
"W", "0x3d030e", "0x5cec5841"
"W", "0x24ff21", "0x4c2b0b3a"
"R", "0x353922"
"W", "0x21c054", "0x46a2de40"
"R", "0x175dc4"
"R", "0x3877ef"
"W", "0x1c8f0c", "0x5e617da5"
"R", "0x3492f9"
"W", "0x2a3069", "0x55dc7e17"
"R", "0x14c520"
"R", "0x19f668"
"R", "0x1fcdd9"
"W", "0x1fcdd9", "0xb5d0d84"
"W", "0xe4786", "0x4bfd08dc"
"R", "0x18aa16"
"W", "0x16b79b", "0x6e037344"
"R", "0xa629"
"W", "0x423456", "0x94ac6c4"
"W", "0x230ca6", "0x1c4f9943"
"R", "0x156b49"
"W", "0x28e417", "0x5cda911"
"W", "0x19f668", "0x432c06e1"
"W", "0xbaee2", "0x3a71942f"
"W", "0x31fa55", "0x10fb845f"
"R", "0xc550b"
"R", "0x2e155f"
"W", "0x7c9ec", "0x1d49982"
"R", "0x48b1f"
"W", "0x3da937", "0x66d54f73"
"R", "0x1a9c91"
"W", "0x418e2d", "0x44f3061c"
"W", "0x21c054", "0x8ad75bc"
"R", "0x26f19c"
"W", "0x87015", "0x2d282cd9"
"R", "0x30ae03"
"R", "0x31542c"
"R", "0x283dee"
"W", "0x42da7f", "0x48ba26ad"
"R", "0x32a07e"
"R", "0x16b79b"
"R", "0x3a6a6a"
"R", "0x32a07e"
"W", "0x7c9ec", "0x44474f3e"
"R", "0xbaee2"
"R", "0x211a2b"
"R", "0x1e8187"
"W", "0x118653", "0x6c56d7e5"
"W", "0x211a2b", "0x4096a055"
"R", "0x2cc90d"
"R", "0x3492f9"
"W", "0x39c441", "0x215f195d"
"W", "0x723c3", "0x5d874cfd"
"R", "0x31fa55"
"R", "0x32a07e"
"R", "0x23b2cf"
"W", "0x3c5ce5", "0x2988f4dc"
"W", "0x372b9d", "0x27d12d43"
"W", "0x10e02a", "0x4d8bbc9"
"W", "0x14c52", "0x5cac0ef7"
"R", "0x14c520"
"R", "0x103a01"
"R", "0x3346a7"
"W", "0x1378ce", "0x19aa83e0"
"R", "0x1ddb5e"
"W", "0x3d030e", "0x7a8bc5aa"
"R", "0xc550b"
"R", "0x23b2cf"
"R", "0xb08b9"
"W", "0x3da937", "0x6f528fd1"
"W", "0x122c7c", "0x38c334cd"
"W", "0x28e417", "0x70005bfc"
"R", "0x39c441"
"W", "0x1d3535", "0x110f1656"
"W", "0x2cc90d", "0x7204d3f"
"R", "0x103a01"
"W", "0x2d6f36", "0x2383e75b"
"W", "0x103a01", "0x41152461"
"R", "0xbaee2"
"W", "0x175dc4", "0x1046d26c"
"W", "0x22667d", "0x62746210"
"R", "0x1be8e3"
"W", "0x3877ef", "0x444c7cb5"
"W", "0x31542c", "0x2f53d0"
"R", "0x3da937"
"W", "0x2458f8", "0x5b97627f"
"W", "0xe4786", "0x7a1964b5"
"R", "0x1b42ba"
"R", "0x1fcdd9"
"W", "0x23b2cf", "0xf92e2d1"
"R", "0x1be8e3"
"R", "0x12d2a5"
"W", "0x2b7cbb", "0x51de04d1"
"R", "0x18aa16"
"W", "0x48b1f", "0x2fb3f0c1"
"R", "0x22667d"
"W", "0x23b2cf", "0xe0eac8b"
"W", "0x1ddb5e", "0x37f3520a"
"W", "0x3877ef", "0x74b9964f"
"R", "0x207402"
"W", "0x22667d", "0x1b67e968"
"R", "0x3b1093"
"R", "0x2e155f"
"R", "0xe4786"
"R", "0x1e8187"
"R", "0x32a07e"
"R", "0x35df4b"
"W", "0x3ef589", "0x6563a5fa"
"R", "0x156b49"
"W", "0x16b79b", "0x270341"
"R", "0x3ef589"
"R", "0x723c3"
"W", "0x2ad692", "0x171acbf7"
"R", "0x1d3535"
"W", "0x372b9d", "0x2feca72a"
"W", "0x3b1093", "0x61c3cb1c"
"R", "0x207402"
"W", "0x5d771", "0xc593224"
"R", "0x3f9bb2"
"W", "0x3bb6bc", "0x9c2898d"
"W", "0x122c7c", "0x48bc714b"
"R", "0x28e417"
"W", "0x1d3535", "0x20fddbc3"
"W", "0x2ebb88", "0x7534de0e"
"W", "0x18aa16", "0x3a0ae38d"
"W", "0x7c9ec", "0x46882a95"
"W", "0x2c22e4", "0x7c159513"
"W", "0x211a2b", "0x26048321"
"W", "0x3877ef", "0x75dfb5b2"
"R", "0x457323"
"R", "0x3492f9"
"R", "0xf93d8"
"W", "0x7c9ec", "0x19a551dd"
"R", "0x23b2cf"
"W", "0x44ccfa", "0x293a4bff"
"R", "0x37d1c6"
"W", "0x31fa55", "0xf450a5b"
"R", "0x2c22e4"
"R", "0x10e02a"
"R", "0x122c7c"
"W", "0x48b1f", "0x187ac826"
"W", "0x2458f8", "0x49d9c0ca"
"R", "0x353922"
"W", "0x283dee", "0x73cd4366"
"R", "0x418e2d"
"R", "0xb08b9"
"W", "0x3346a7", "0x131edf17"
"W", "0x37d1c6", "0x661b5556"
"W", "0x211a2b", "0x53026558"
"R", "0x3da937"
"W", "0x211a2b", "0x1e1619d"
"R", "0xda15d"
"W", "0x1e8187", "0x5aa026e2"
"W", "0x3007da", "0x4df8a0c0"
"W", "0x298a40", "0x111c621c"
"R", "0x32a07e"
"R", "0x723c3"
"W", "0x2ad692", "0x44f73837"
"W", "0x12d2a5", "0x56d71b36"
"W", "0x161172", "0xbe70ca4"
"W", "0x2e155f", "0x16ef9af1"
"R", "0x3bb6bc"
"W", "0x2797c5", "0x24ec2ff3"
"R", "0x2a3069"
"R", "0x7c9ec"
"W", "0x2ebb88", "0x5b0f7653"
"W", "0x2ad692", "0x15139527"
"R", "0x3b1093"
"W", "0x3492f9", "0x1a376d85"
"W", "0x14c520", "0x5de92ded"
"W", "0x2ebb88", "0x7d6238d0"
"W", "0x3877ef", "0x7a595e35"
"R", "0x3007da"
"R", "0x3e4f6"
"W", "0x368574", "0x679c2c5"
"W", "0x1be8e3", "0x4ff36476"
"W", "0x2458f8", "0x5b378ee4"
"W", "0x3a6a6a", "0xb302e51"
"R", "0x1be8e3"
"R", "0x25a54a"
"R", "0x156b49"
"R", "0x1ddb5e"
"W", "0x35df4b", "0x1c724098"
"R", "0x18aa16"
"W", "0x103a01", "0x3cf21ee9"
"W", "0x32a07e", "0xdae22f4"
"W", "0x298a4", "0x31edfa8e"
"W", "0x264b73", "0x73de62fb"
"W", "0xf93d8", "0x157720f5"
"W", "0x1b42ba", "0xb7773a"
"R", "0x1d3535"
"W", "0x368574", "0x15d2b0ec"
"R", "0x3e4f60"
"W", "0xbaee2", "0x5e00b7ec"
"W", "0x2d6f36", "0x242eed3e"
"W", "0x423456", "0x5055f479"
"R", "0x42da7f"
"W", "0x2c22e4", "0x50078e4d"
"W", "0x2f61b1", "0x6f4f4c99"
"W", "0x19503f", "0x200d032c"
"R", "0x44ccfa"
"R", "0x3b1093"
"W", "0x1ddb5e", "0x73b453a9"
"W", "0xcfb34", "0x56bed584"
"R", "0x283dee"
"W", "0x3877ef", "0xb3a2143"
"R", "0x31fa55"
"W", "0x3b1093", "0x27b6b985"
"W", "0x298a40", "0x1d54b3e5"
"W", "0x1803ed", "0x22bdb95"
"W", "0x3007da", "0x61f10a85"
"W", "0xc550b", "0x5d07f2c5"
"R", "0x3e4f6"
"W", "0x298a4", "0x4c16e6de"
"W", "0x33ecd", "0x2c2d7133"
"R", "0x21c054"
"W", "0x28e417", "0x7c07c723"
"W", "0x423456", "0x1e595bbd"
"W", "0x298a40", "0x228911fc"
"R", "0x53148"
"R", "0x1b42ba"
"R", "0x4426d1"
"W", "0x2c22e4", "0xe0aa2e4"
"W", "0xeedaf", "0x5cc7cf62"
"R", "0xbaee2"
"R", "0x391e18"
"R", "0x9163e"
"W", "0x1d3535", "0x33e9a938"
"R", "0x22667d"
"W", "0x118653", "0x3b9f172"
"R", "0x19503f"
"R", "0x67d9a"
"W", "0x22667d", "0x316dba18"
"W", "0x28e417", "0x43de8281"
"W", "0x1c8f0c", "0x28f37307"
"W", "0x14c520", "0x4575cb5"
"R", "0x3a6a6a"
"W", "0x19503f", "0x7dd05781"
"W", "0x3bb6bc", "0x75503f04"
"W", "0x283dee", "0xeae5202"
"R", "0x3bb6bc"
"R", "0x3bb6bc"
"W", "0x118653", "0x65ac4e5b"
"W", "0x118653", "0x22ab1b66"
"R", "0x372b9d"
"R", "0x19f668"
"R", "0x1a9c91"
"R", "0x391e18"
"W", "0xf93d8", "0x1ad87212"
"R", "0x283dee"
"W", "0x40e804", "0x4996b5a6"
"R", "0x457323"
"W", "0x353922", "0x1c15b01a"
"W", "0x1a9c91", "0x3705e879"
"W", "0x372b9d", "0x5208ce1d"
"R", "0x39c441"
"W", "0x3f9bb2", "0x5d23b78d"
"R", "0x14c520"
"R", "0x2ad692"
"W", "0x391e18", "0x1f7e34b7"
"R", "0x264b73"
"W", "0x418e2d", "0x2be65e7e"
"W", "0x7c9ec", "0x135b0e55"
"W", "0x22667d", "0x734bcc19"
"R", "0x9163e"
"R", "0x10e02a"
"R", "0x3b1093"
"W", "0x156b49", "0x667ac44c"
"W", "0x2ad692", "0x51dee5fb"
"R", "0x46194c"
"W", "0x1f27b", "0x4c565eeb"
"R", "0x87015"
"W", "0x118653", "0x16757bca"
"R", "0x372b9d"
"W", "0xb08b9", "0x63b474c4"
"R", "0x103a01"
"R", "0x40e804"
"W", "0x12d2a5", "0x499eb5b6"
"R", "0x26f19c"
"W", "0x122c7c", "0x5f48c40c"
"R", "0x1d3535"
"R", "0x1378ce"
"W", "0x25a54a", "0x179cff71"
"W", "0x1a9c91", "0x6071480f"
"R", "0x12d2a5"
"R", "0x3bb6bc"
"W", "0xb08b9", "0x5fc8b6fd"
"W", "0x32a07e", "0xcc103e"
"R", "0x3a6a6a"
"R", "0x391e18"
"W", "0x9163e", "0x35d90144"
"W", "0x37d1c6", "0x7bdacdaf"
"R", "0x3b1093"
"W", "0x3877ef", "0x4d00c900"
"W", "0x141ef7", "0x78fd5b1c"
"W", "0x33ecd0", "0x4a56ccaf"
"R", "0x1be8e3"
"R", "0x3ef589"
"W", "0x87015", "0x3dce6d98"
"W", "0xda15d", "0xb73143d"
"W", "0x156b49", "0x68f32174"
"W", "0x39c441", "0x328ef260"
"R", "0x283dee"
"R", "0x3bb6bc"
"W", "0x4041db", "0x3a20d448"
"W", "0x3f9bb2", "0x7cb59a98"
"W", "0x2b7cbb", "0x3d11776"
"W", "0x9bc67", "0x6492f4f"
"W", "0xeedaf", "0x6a251bfa"
"R", "0x1be8e3"
"R", "0x1f27b0"
"W", "0x141ef7", "0x50ee2797"
"W", "0x1a9c91", "0x13ebaa60"
"R", "0x3c5ce5"
"W", "0x353922", "0x266f3bcf"
"R", "0xeedaf"
"R", "0x33ecd0"
"R", "0x353922"
"W", "0x3ef589", "0x7942d404"
"R", "0x19f668"
"W", "0x3ef589", "0x38d710d4"
"R", "0x1f27b0"
"R", "0x4041db"
"R", "0x3c5ce5"
"R", "0xeedaf"
"W", "0x391e18", "0x32b90e48"
"R", "0x28e417"
"R", "0x3bb6bc"
"W", "0x2e155f", "0x2f5cc33e"
"R", "0x207402"
"R", "0x25a54a"
"W", "0x3da937", "0x46c805bd"
"W", "0x118653", "0x44c54be7"
"R", "0x5d771"
"W", "0xf93d8", "0x2bbfc519"
"R", "0x103a01"
"W", "0x39c441", "0x544646b"
"W", "0x1ddb5e", "0xfdda2e7"
"W", "0x230ca6", "0x313d4ddd"
"W", "0x4380a8", "0x75bed46a"
"R", "0x1d3535"
"R", "0xbaee2"
"W", "0x723c3", "0x7442fe74"
"R", "0x37d1c6"
"W", "0x353922", "0x11ab859c"
"R", "0x283dee"
"R", "0x391e18"
"W", "0x25a54a", "0x29a9661f"
"R", "0x3f9bb2"
"R", "0x33ecd"
"R", "0x33ecd0"
"R", "0x1c8f0c"
"W", "0x53148", "0x6f44e48b"
"R", "0xda15d"
"W", "0x1803ed", "0x20e51ee1"
"W", "0x298a4", "0xf3e65a6"
"W", "0x9bc67", "0x4aba4389"
"W", "0x19503f", "0x125592f1"
"W", "0x53148", "0x21d24a59"
"R", "0x2cc90d"
"R", "0x24ff21"
"W", "0x22667d", "0x1ab4abb8"
"R", "0xcfb34"
"W", "0x4380a8", "0x3a02385"
"R", "0x2f61b1"
"W", "0x3492f9", "0xf5715ef"
"R", "0x3ef589"
"R", "0x1be8e3"
"W", "0x283dee", "0x70e67183"
"R", "0xf93d8"
"W", "0x48b1f", "0x645788fb"
"W", "0x19f668", "0x2cd48867"
"R", "0x141ef7"
"W", "0x22667d", "0x1fcc3965"
"W", "0x22667d", "0x610a2767"
"R", "0x3c5ce5"
"R", "0x31542c"
"R", "0x283dee"
"R", "0x103a01"
"W", "0x3c5ce5", "0x4ddf7aed"
"R", "0x418e2d"
"R", "0x3346a7"
"W", "0xf93d8", "0x3148ab30"
"R", "0x87015"
"W", "0x1378ce", "0x5ceb8106"
"W", "0x3b1093", "0x426bee9a"
"R", "0x87015"
"W", "0x2e155f", "0x64fcb65f"
"W", "0x31fa55", "0x91ab729"
"W", "0x3d030e", "0x1b598a61"
"W", "0x25a54a", "0x6b51674"
"W", "0x423456", "0x6e467672"
"W", "0x2e155f", "0xe052c22"
"W", "0x25a54a", "0x35245a96"
"W", "0x2f61b1", "0x1e85084f"
"W", "0x283dee", "0x21d66931"
"W", "0x3bb6bc", "0x121d312d"
"R", "0xeedaf"
"R", "0x1d3535"
"W", "0x141ef7", "0x73df4eb1"
"R", "0xf93d8"
"R", "0x723c3"
"W", "0x24ff21", "0x45ec1d3"
"W", "0x2797c5", "0x39610c4d"
"R", "0x3a6a6a"
"W", "0x1c8f0c", "0x2d3915fc"
"R", "0x2b7cbb"
"R", "0x118653"
"W", "0x156b49", "0x4913d59e"
"R", "0x1fcdd9"
"R", "0x28e417"
"R", "0x28e417"
"W", "0x230ca6", "0x7c053681"
"R", "0x37d1c6"
"W", "0x1fcdd9", "0x318b271"
"W", "0x3c5ce5", "0x121d074f"
"W", "0xe4786", "0x24ee650e"
"R", "0x118653"
"R", "0x156b49"
"W", "0x39c441", "0x1f64945c"
"R", "0x2cc90d"
"W", "0x1b42ba", "0x3265a37"
"R", "0x4041db"
"R", "0x21c054"
"W", "0x1b42ba", "0x11b5de28"
"W", "0xb08b9", "0x37cccbe3"
"R", "0x2ad692"
"R", "0x67d9a"
"W", "0x103a01", "0x1c820e7"
"W", "0x2ad692", "0x7b37daed"
"W", "0x2f61b1", "0x7c1e155e"
"R", "0x3007da"
"W", "0x25a54a", "0x6a4b0828"
"W", "0x9163e", "0x570afbfd"
"R", "0x9163e"
"R", "0x2f61b1"
"R", "0x3492f9"
"W", "0x30ae03", "0x24d2ba27"
"W", "0x2b7cbb", "0x8be0e3e"
"W", "0xb08b9", "0x12765f5f"
"W", "0x368574", "0x2294f83f"
"W", "0x9163e", "0x7da238d"
"R", "0x211a2b"
"W", "0xa6290", "0x1c49c88b"
"W", "0x28e417", "0x7dd58907"
"W", "0x3bb6bc", "0x2e6a27ce"
"W", "0xc550b", "0x6bdc6aed"
"R", "0x207402"
"W", "0x19f668", "0x3cf533d2"
"W", "0x161172", "0x21af4b52"
"R", "0x161172"
"W", "0x2ebb88", "0x600def72"
"W", "0x5d771", "0x1a0fcf1b"
"W", "0x87015", "0x37c05a90"
"W", "0x1378ce", "0x6c6b9202"
"W", "0x19f668", "0x2898e3f5"
"W", "0xcfb34", "0x78085444"
"W", "0x2797c5", "0x6c946da5"
"W", "0x12d2a5", "0x32c9f93f"
"R", "0x33ecd"
"W", "0x3492f9", "0x5a8c571d"
"R", "0x3007da"
"W", "0x175dc4", "0x5667a23d"
"W", "0x3c5ce5", "0x4a8b40c7"
"R", "0x3da937"
"R", "0x30ae03"
"R", "0x372b9d"
"W", "0x423456", "0x26f3ffc0"
"W", "0x122c7c", "0x728e3d5b"
"W", "0x39c441", "0x1b21dcb5"
"R", "0x2e155f"
"R", "0x9bc67"
"R", "0x3a6a6a"
"W", "0x418e2d", "0x4ed4beb9"
"W", "0x1be8e3", "0x2f349905"
"W", "0x5d771", "0x7f130cf9"
"W", "0x1b42ba", "0x88c2e76"
"R", "0x40e804"
"W", "0x19f668", "0x7ded50c"
"R", "0x3f9bb2"
"W", "0xf93d8", "0x4f6f21f0"
"R", "0x3da937"
"W", "0x264b73", "0x56b1e659"
"W", "0x67d9a", "0x75fa2e3c"
"W", "0x3bb6bc", "0x9b47321"
"R", "0x3da937"
"W", "0x1c8f0c", "0x6f0fcaeb"
"R", "0x1ddb5e"
"W", "0x31fa55", "0x1df01c63"
"W", "0x1be8e3", "0x4e0ea609"
"W", "0x9bc67", "0x6ec33868"
"R", "0x103a01"
"R", "0x32a07e"
"W", "0x298a40", "0x41acb64e"
"W", "0x2a3069", "0x3bd86713"
"R", "0x24ff21"
"W", "0xa6290", "0x6982eeee"
"R", "0x3e4f60"
"W", "0x1f27b0", "0x1924a881"
"R", "0x48b1f"
"R", "0x122c7c"
"R", "0x39c441"
"R", "0x3a6a6a"
"R", "0x9bc67"
"W", "0x3e4f6", "0x18a39a2a"
"R", "0xe4786"
"W", "0x3492f9", "0x7e3c009b"
"R", "0x5d771"
"R", "0x3a6a6a"
"R", "0x175dc4"
"R", "0x3bb6bc"
"W", "0x2e155f", "0x341cf143"
"R", "0x42da7f"
"W", "0x2ad692", "0x66ae3c90"
"R", "0x9163e"
"R", "0x3f9bb2"
"R", "0x1a9c91"
"R", "0x103a01"
"R", "0x33ecd0"
"W", "0x264b73", "0x32bc88de"
"R", "0x2e155f"
"W", "0x3492f9", "0x4ff7c63a"
"W", "0x298a40", "0x6c9a4c42"
"W", "0x32a07e", "0x686d6992"
"R", "0x19f668"
"R", "0x31fa55"
"R", "0x9163e"
"W", "0x3c5ce5", "0x58b6f608"
"W", "0x4380a8", "0x11e704c0"
"W", "0x141ef7", "0x2a5ac12"
"R", "0x21c054"
"R", "0x30ae03"
"W", "0x391e18", "0x6d8058d8"
"W", "0x23b2cf", "0x79ee3b9a"
"W", "0x31fa55", "0x56544045"
"R", "0x26f19c"
"R", "0x4041db"
"W", "0x3b1093", "0xa77e134"
"W", "0x33ecd", "0x61818e44"
"W", "0x1b42ba", "0x5e9420ba"
"R", "0x1803ed"
"W", "0x14c520", "0x7a9f77c7"
"W", "0x3877ef", "0x6613222c"
"W", "0x211a2b", "0x34a60faa"
"W", "0x9bc67", "0x7ef4adba"
"W", "0x2d6f36", "0x163392a5"
"W", "0x33ecd0", "0x83521e9"
"R", "0x372b9d"
"R", "0x2ad692"
"R", "0x3b1093"
"R", "0x48b1f"
"R", "0x5d771"
"W", "0x1fcdd9", "0x7037ec32"
"R", "0x39c441"
"R", "0x35df4b"
"W", "0x3d030e", "0x1f55a7e5"
"W", "0x175dc4", "0x226e966e"
"W", "0x23b2cf", "0x56649a64"
"W", "0x4041db", "0x3ae01277"
"R", "0x3c5ce5"
"W", "0x33ecd", "0x75f5f25a"
"W", "0x122c7c", "0x34facb91"
"R", "0x391e18"
"W", "0x2458f8", "0x4a4f2a55"
"W", "0x2e155f", "0x6e321677"
"R", "0x283dee"
"W", "0x2b7cbb", "0x6a089bae"
"W", "0x264b73", "0x4cf1daa6"
"R", "0x283dee"
"R", "0x12d2a5"
"W", "0x156b49", "0x1469b88d"
"R", "0x16b79b"
"W", "0xf93d8", "0x4867243b"
"R", "0x1378ce"
"W", "0x1803ed", "0x4ee7e594"
"W", "0x33ecd", "0x12ddf1ca"
"W", "0x18aa16", "0xa47dcc3"
"R", "0x122c7c"
"W", "0x18aa16", "0x51412ef2"
"R", "0x1d3535"
"W", "0x122c7c", "0x52696601"
"R", "0x161172"
"R", "0xc550b"
"W", "0xda15d", "0x3ccbdadb"
"R", "0x28e417"
"W", "0xa6290", "0x4595665f"
"W", "0x3c5ce5", "0x53ceff32"
"R", "0x9163e"
"R", "0x3d030e"
"W", "0x1b42ba", "0x6a4b85b7"
"W", "0x35df4b", "0x7a59e3d1"
"W", "0x3ef589", "0x6d35409d"
"W", "0x3f9bb2", "0x29465bc2"
"R", "0x3ef589"
"W", "0x2ad692", "0x397fd621"
"W", "0x23b2cf", "0x26f6a89"
"R", "0x1ddb5e"
"W", "0x44ccfa", "0x28f2e7a7"
"R", "0x22667d"
"R", "0x418e2d"
"R", "0x423456"
"R", "0x53148"
"W", "0x35df4b", "0x713ec8f0"
"R", "0x2797c5"
"W", "0x2c22e4", "0x65f2cf75"
"W", "0x3492f9", "0x4a865ca1"
"W", "0x418e2d", "0x74037a3a"
"R", "0x1b42ba"
"R", "0x230ca6"
"W", "0x161172", "0x9f5938d"
"W", "0x1a9c91", "0x4a281d6c"
"R", "0x723c3"
"R", "0xda15d"
"W", "0x3a6a6a", "0x4fc1f879"
"R", "0x118653"
"W", "0x3ef589", "0x3777587b"
"R", "0x3f9bb2"
"R", "0x19503f"
"W", "0x161172", "0x364cc97c"
"W", "0x4426d1", "0x307ab707"
"W", "0x207402", "0x18c83ad3"
"R", "0x3b1093"
"R", "0x1803ed"
"R", "0x156b49"
"W", "0x3877ef", "0x2b831d13"
"R", "0x1c8f0c"
"R", "0x22667d"
"R", "0x3ef589"
"W", "0x7c9ec", "0x266c8708"
"W", "0x1803ed", "0x16d3c53c"
"W", "0x207402", "0x48775ec7"
"R", "0x1e8187"
"R", "0xa6290"
"W", "0x2f61b1", "0x241c065e"
"W", "0x2cc90d", "0x3fe0abf3"
"R", "0xe4786"
"W", "0x2c22e4", "0xb024ec4"
"W", "0x2e155f", "0x474e570d"
"R", "0xc550b"
"W", "0x391e18", "0x567440fb"
"W", "0x22667d", "0x363643ce"
"W", "0x3b1093", "0x2b0613bb"
"W", "0x33ecd", "0x234928b8"
"W", "0x3346a7", "0x14faa76e"
"W", "0x418e2d", "0x780393c7"
"R", "0x5d771"
"W", "0x1e8187", "0x7f82f6d9"
"W", "0x42da7f", "0x2b1e1ea4"
"R", "0xcfb34"
"R", "0x40e804"
"W", "0x2cc90d", "0xb885efb"
"W", "0x3877ef", "0x6fef9e8a"
"R", "0x264b73"
"W", "0x33ecd", "0x8a676ae"
"R", "0x2ad692"
"W", "0x298a40", "0x58846d4c"
"W", "0x33ecd", "0x2023c583"
"R", "0x37d1c6"
"R", "0x2f61b1"
"R", "0x1ddb5e"
"R", "0x7c9ec"
"R", "0x3492f9"
"W", "0x283dee", "0x41ed1872"
"R", "0x3bb6bc"
"R", "0x3877ef"
"R", "0x2f61b1"
"R", "0xbaee2"
"W", "0x28e417", "0x2cac31c4"
"W", "0x3346a7", "0x4da51263"
"R", "0xe4786"
"W", "0x372b9d", "0x24119abf"
"W", "0x12d2a5", "0x255169db"
"R", "0x1378ce"
"R", "0x10e02a"
"R", "0x30ae03"
"R", "0x211a2b"
"R", "0x2ebb88"
"W", "0x32a07e", "0x775ddeb7"
"R", "0x12d2a5"
"W", "0x122c7c", "0x3e59922d"
"W", "0x103a01", "0x4b1c28ba"
"W", "0x207402", "0x4677688b"
"W", "0x30ae03", "0x54936d12"
"R", "0x141ef7"
"W", "0x3f9bb2", "0x2850fc2f"
"W", "0x156b49", "0x42c61bd7"
"W", "0x35df4b", "0x48c38ea"
"R", "0x141ef7"
"R", "0x31fa55"
"W", "0x1c8f0c", "0x3e782706"
"R", "0x9163e"
"W", "0x31fa55", "0x35d9a630"
"W", "0x207402", "0x740953b2"
"R", "0x368574"
"W", "0x423456", "0x609e96ab"
"R", "0xb08b9"
"R", "0x207402"
"W", "0xa6290", "0x2d01abbe"
"R", "0x1d3535"
"W", "0x26f19c", "0x5421239e"
"R", "0x48b1f"
"W", "0x48b1f", "0x23b2706d"
"R", "0xcfb34"
"W", "0x3492f9", "0x44855a42"
"R", "0x2cc90d"
"R", "0x1a9c91"
"W", "0x4426d1", "0x70a2eee7"
"W", "0x2d6f36", "0x78608fef"
"W", "0x1f27b0", "0x7cfda514"
"R", "0x19503f"
"W", "0x19f668", "0x28e1554d"
"W", "0x40e804", "0x7b754174"
"W", "0x37d1c6", "0x4ccab43b"
"W", "0x1a9c91", "0x328c1df1"
"W", "0x1c8f0c", "0x45c47f5e"
"W", "0x3007da", "0x60146f83"
"R", "0xeedaf"
"R", "0x3da937"
"W", "0x40e804", "0x70ecff35"
"R", "0xcfb34"
"R", "0x2ebb88"
"W", "0x3007da", "0x5b65f4fe"
"W", "0x3bb6bc", "0x16a1848d"
"W", "0x3b1093", "0x21cad846"
"R", "0x30ae03"
"W", "0x1b42ba", "0x150db5e0"
"R", "0x175dc4"
"R", "0x353922"
"R", "0x3f9bb2"
"R", "0x18aa16"
"W", "0x4041db", "0x6f54c5b0"
"R", "0x1be8e3"
"W", "0x40e804", "0x5fcda962"
"W", "0x3e4f6", "0x7b0f007a"
"R", "0x10e02a"
"W", "0x264b73", "0x629b8a7a"
"R", "0x19f668"
"W", "0x31542c", "0x6a36e5fe"
"W", "0x3bb6bc", "0x3d3ad55d"
"W", "0x1803ed", "0x6da8d616"
"R", "0x1f27b0"
"W", "0x3007da", "0x52ad9169"
"R", "0x30ae03"
"W", "0x19503f", "0x3747ca9d"
"W", "0x418e2d", "0x574196df"
"W", "0x40e804", "0x62e48047"
"W", "0x3a6a6a", "0x777d1399"
"R", "0x283dee"
"W", "0x24ff21", "0x7bd5f103"
"R", "0x22667d"
"W", "0x30ae03", "0x65807d5c"
"W", "0x3bb6bc", "0x10638065"
"R", "0xda15d"
"W", "0x25a54a", "0x44070532"
"R", "0x1a9c91"
"R", "0x1ddb5e"
"W", "0x3e4f60", "0x69c4508c"
"R", "0x723c3"
"R", "0x353922"
"W", "0x16b79b", "0x17643dac"
"R", "0x2e155f"
"W", "0x423456", "0x27b89880"
"R", "0x283dee"
"W", "0x2797c5", "0x259979a"
"R", "0x35df4b"
"W", "0x1f27b0", "0x392bd453"
"R", "0x1d3535"
"W", "0x368574", "0x83b8c98"
"W", "0x141ef7", "0x4cd5ca92"
"W", "0x25a54a", "0x19a101d"
"W", "0x2458f8", "0x50d834aa"
"W", "0x2d6f36", "0x7156aec"
"W", "0x2a3069", "0x26c623e6"
"W", "0xeedaf", "0x25483c93"
"W", "0x3da937", "0x4dde708e"
"W", "0x264b73", "0x3e8e17b1"
"R", "0x1b42ba"
"R", "0x1fcdd9"
"W", "0x161172", "0x44909d01"
"W", "0x1ddb5e", "0x58deaeb0"
"R", "0x2cc90d"
"W", "0x1ddb5e", "0x7742b449"
"W", "0x1be8e3", "0x65e57fc4"
"W", "0x14c520", "0x1fb6a343"
"W", "0x31542c", "0x3d7bd79d"
"R", "0x7c9ec"
"R", "0x12d2a5"
"W", "0x10e02a", "0x3935e093"
"W", "0x3d030e", "0x3c9e2a05"
"R", "0x9163e"
"W", "0x2ad692", "0x51754a9d"
"R", "0x19503f"
"R", "0x368574"
"R", "0x264b73"
"R", "0x48b1f"
"R", "0x3b1093"
"W", "0x4041db", "0x376b8dff"
"W", "0x3bb6bc", "0x6b055ddf"
"R", "0xb08b9"
"W", "0x37d1c6", "0x697f4f88"
"R", "0x122c7c"
"W", "0x9bc67", "0x69283d94"
"W", "0x122c7c", "0x2c51f372"
"W", "0x19503f", "0x2a8488b"
"W", "0x21c054", "0x77c04e3a"
"W", "0x3f9bb2", "0x5672c641"
"R", "0x103a01"
"W", "0x7c9ec", "0x21ec3534"
"R", "0x24ff21"
"W", "0x2ebb88", "0x6bf46214"
"W", "0x1803ed", "0x74ac6ad7"
"W", "0x3007da", "0x5f3e1e64"
"R", "0xcfb34"
"R", "0x21c054"
"R", "0xb08b9"
"R", "0x23b2cf"
"R", "0x48b1f"
"R", "0x48b1f"
"W", "0x1ddb5e", "0x2bb0109f"
"R", "0xf93d8"
"R", "0x3f9bb2"
"R", "0x298a40"
"R", "0x4426d1"
"R", "0x53148"
"R", "0x9163e"
"R", "0x1e8187"
"R", "0x21c054"
"W", "0x2c22e4", "0x20ed43f8"
"W", "0x24ff21", "0x6f151f"
"R", "0x175dc4"
"W", "0x44ccfa", "0x49b5854d"
"W", "0xe4786", "0x6ebf7e00"
"W", "0x21c054", "0x455087b0"
"R", "0xeedaf"
"R", "0x1d3535"
"R", "0x141ef7"
"R", "0x423456"
"W", "0x723c3", "0x7027bfa2"
"W", "0x2e155f", "0x2e38de98"
"R", "0x16b79b"
"R", "0x9163e"
"R", "0x12d2a5"
"R", "0x39c441"
"W", "0x48b1f", "0x326c1758"
"W", "0x24ff21", "0x7e978cb9"
"R", "0x14c520"
"R", "0xcfb34"
"R", "0x2a3069"
"W", "0x1f27b0", "0x3977948f"
"R", "0x7c9ec"
"R", "0x2ad692"
"W", "0x2458f8", "0x58f287ab"
"W", "0x18aa16", "0x2e74b99d"
"W", "0x1be8e3", "0x2efb2cdc"
"R", "0x161172"
"R", "0xda15d"
"W", "0x723c3", "0x1de019ac"
"R", "0xa6290"
"R", "0x1c8f0c"
"R", "0xb08b9"
"R", "0x3a6a6a"
"R", "0x3492f9"
"R", "0x3da937"
"R", "0x19503f"
"W", "0xa6290", "0x554b731e"
"W", "0x211a2b", "0x5e2632fe"
"R", "0x3c5ce5"
"W", "0x9163e", "0x206b225a"
"W", "0x1a9c91", "0x5282c599"
"R", "0x372b9d"
"R", "0x22667d"
"W", "0x175dc4", "0x713cdaf5"
"W", "0xe4786", "0x3b080c5b"
"W", "0x2c22e4", "0xb920f5"
"R", "0x2ad692"
"R", "0xeedaf"
"R", "0x19503f"
"W", "0x175dc4", "0x7b0482c8"
"R", "0x103a01"
"W", "0x3f9bb2", "0xdd78c98"
"W", "0x156b49", "0x5711f527"
"W", "0x33ecd0", "0x13f4511f"
"R", "0x2a3069"
"R", "0x103a01"
"W", "0x1c8f0c", "0x4fa42025"
"W", "0x46194c", "0x2e2cd68f"
"W", "0x211a2b", "0x6388892"
"W", "0x23b2cf", "0x4c21a3dd"
"W", "0x156b49", "0x45185e0c"
"R", "0x22667d"
"R", "0x18aa16"
"W", "0x22667d", "0x581afe79"
"R", "0x1d3535"
"W", "0x122c7c", "0x4278774d"
"W", "0xcfb34", "0x24432757"
"W", "0x423456", "0x1bed3076"
"R", "0x3a6a6a"
"W", "0x3007da", "0x272baa15"
"R", "0x156b49"
"W", "0x391e18", "0x42606316"
"W", "0x723c3", "0x2d65b647"
"W", "0xb08b9", "0x6b073080"
"W", "0x4426d1", "0x748dc2c0"
"W", "0x48b1f", "0x2044dee3"
"R", "0x723c3"
"R", "0x18aa16"
"W", "0xc550b", "0x605d678f"
"W", "0x457323", "0x2bfa29ae"
"W", "0x3b1093", "0x68269014"
"W", "0x2a3069", "0x3abbd46a"
"W", "0x1f27b0", "0x49c33a18"
"R", "0x87015"
"W", "0x1d3535", "0x246bb04a"
"R", "0x37d1c6"
"W", "0x2797c5", "0xacae8f1"
"R", "0x3bb6bc"
"W", "0x3bb6bc", "0x780cb195"
"W", "0x40e804", "0x3530175f"
"W", "0x1f27b0", "0x29eb3c50"
"R", "0x3b1093"
"R", "0x230ca6"
"W", "0x24ff21", "0x62f404ee"
"W", "0x1d3535", "0xe23489f"
"R", "0x207402"
"W", "0x19f668", "0x4d6317d5"
"W", "0x1f27b", "0x2dedd55e"
"W", "0x3ef589", "0x2ce96672"
"R", "0xa6290"
"R", "0x18aa16"
"W", "0x21c054", "0x2cf5506"
"W", "0x30ae03", "0x27d17365"
"W", "0x16b79b", "0xc683b35"
"W", "0xda15d", "0xc4593c7"
"R", "0x28e417"
"R", "0x2c22e4"
"W", "0x2458f8", "0x130bb1f1"
"R", "0x298a4"
"W", "0x2ad692", "0x48d0ae4"
"R", "0x5d771"
"W", "0x87015", "0x29a62130"
"W", "0x103a01", "0xfe06308"
"W", "0x156b49", "0x25cefe00"
"W", "0x1e8187", "0x25e2e84f"
"W", "0x175dc4", "0x426598ed"
"W", "0x31542c", "0x4031ac01"
"R", "0x24ff21"
"R", "0x1d3535"
"R", "0x9163e"
"R", "0x1d3535"
"R", "0x3d030e"
"W", "0x1803ed", "0x15d5afa"
"R", "0x67d9a"
"R", "0x1c8f0c"
"W", "0x118653", "0x67ed71db"
"W", "0x3877ef", "0x21c1c7b2"
"W", "0xa6290", "0x3d221207"
"W", "0x19f668", "0x7d4165e1"
"R", "0x44ccfa"
"R", "0x3877ef"
"W", "0x33ecd0", "0x5202c9c0"
"W", "0xda15d", "0x2f3b5458"
"R", "0xcfb34"
"W", "0x2ad692", "0x26bdd948"
"R", "0x7c9ec"
"R", "0x26f19c"
"W", "0x2cc90d", "0x4803afa4"
"R", "0x1e8187"
"W", "0x3d030e", "0x5d8dffbb"
"R", "0x26f19c"
"R", "0x10e02a"
"W", "0x19503f", "0xcecf984"
"W", "0xc550b", "0x160a168d"
"W", "0x33ecd0", "0x5528cf"
"R", "0x37d1c6"
"W", "0x9bc67", "0x6a7413b"
"R", "0x3c5ce5"
"W", "0x423456", "0x2fe999ee"
"R", "0xcfb34"
"W", "0x3b1093", "0x6f13e992"
"W", "0x24ff21", "0x647064ef"
"R", "0x33ecd"
"R", "0x44ccfa"
"R", "0x12d2a5"
"W", "0x175dc4", "0x4887ae4a"
"W", "0x1be8e3", "0x15849c1f"
"W", "0x156b49", "0x59ce1b62"
"R", "0xa6290"
"W", "0xf93d8", "0x6965c5f9"
"R", "0x2c22e4"
"R", "0x37d1c6"
"R", "0x1c8f0c"
"W", "0x48b1f", "0x50e1edeb"
"W", "0x2b7cbb", "0x7b073096"
"R", "0x372b9d"
"W", "0x33ecd0", "0x7883ba48"
"R", "0x25a54a"
"W", "0x25a54a", "0x43c27c50"
"W", "0x2cc90d", "0x71078dc"
"R", "0x4380a8"
"W", "0x39c441", "0xe9173b3"
"W", "0x2ad692", "0x5858f3e4"
"R", "0x28e417"
"W", "0x16b79b", "0x76fe1e1"
"R", "0x16b79b"
"W", "0x141ef7", "0x90c4a9d"
"R", "0x1a9c91"
"R", "0xa629"
"W", "0x103a01", "0x438a5fcd"
"R", "0x9bc67"
"W", "0x16b79b", "0x3ad39cdc"
"R", "0xeedaf"
"R", "0x4041db"
"W", "0x2f61b1", "0x52b4b731"
"W", "0x21c054", "0x34370945"
"R", "0x40e804"
"W", "0x28e417", "0x6f654cfa"
"W", "0x723c3", "0x2081caf2"
"R", "0xeedaf"
"R", "0x1b42ba"
"W", "0x283dee", "0x15223ffe"
"R", "0x67d9a"
"W", "0x3007da", "0x2b96bc1d"
"W", "0x7c9ec", "0x43857d3"
"W", "0x33ecd", "0x66f4419a"
"R", "0xeedaf"
"W", "0xda15d", "0x309297b9"
"R", "0xbaee2"
"W", "0x19f668", "0x3cd4bc9f"
"W", "0x3bb6bc", "0x3e311a99"
"W", "0x1d3535", "0x4df4b37b"
"W", "0x1a9c91", "0x1db795ed"
"R", "0x118653"
"W", "0x14c520", "0x9060430"
"W", "0x3ef589", "0x76a11f1f"
"R", "0x21c054"
"R", "0x3e4f60"
"W", "0x19503f", "0x72266148"
"W", "0x12d2a5", "0x60170b3b"
"R", "0x19f668"
"R", "0x1e8187"
"R", "0x3492f9"
"R", "0x3b1093"
"R", "0x283dee"
"R", "0x723c3"
"W", "0x3bb6bc", "0x72b90455"
"W", "0x283dee", "0x629adcaa"
"R", "0x40e804"
"R", "0x2f61b1"
"W", "0x175dc4", "0x1431ae14"
"W", "0x22667d", "0x5e8c1167"
"W", "0x14c520", "0x19c0deba"
"W", "0x2cc90d", "0x14c00312"
"R", "0x25a54a"
"W", "0x3007da", "0x6272329e"
"W", "0x37d1c6", "0x5a2ff3dc"
"R", "0x18aa16"
"W", "0xf93d8", "0x57fc29ec"
"R", "0x1e8187"
"R", "0x3da937"
"W", "0x2ebb88", "0x295b5678"
"R", "0x2b7cbb"
"R", "0x175dc4"
"R", "0x2cc90d"
"W", "0x42da7f", "0x26c407a1"
"R", "0x353922"
"R", "0x42da7f"
"R", "0x175dc4"
"R", "0x1c8f0c"
"W", "0x28e417", "0x269e9ff4"
"R", "0x2a3069"
"W", "0x1a9c91", "0x2147ba73"
"W", "0x1b42ba", "0xa5a9427"
"R", "0x39c441"
"R", "0x4380a8"
"W", "0x3d030e", "0x7b286723"
"W", "0x9bc67", "0x498e8f81"
"W", "0x3bb6bc", "0x47d70d81"
"W", "0x7c9ec", "0xfbdba21"
"W", "0xbaee2", "0x2c0b8e3a"
"W", "0x53148", "0x558879c6"
"R", "0x39c441"
"R", "0x230ca6"
"W", "0x2ad692", "0x14afaa69"
"R", "0x3b1093"
"W", "0x298a4", "0x71808be"
"W", "0x118653", "0x23a38f97"
"R", "0x37d1c6"
"W", "0x44ccfa", "0x73b1830d"
"W", "0x22667d", "0x4bc07f02"
"W", "0x298a4", "0x79e8a1ea"
"R", "0x42da7f"
"W", "0x12d2a5", "0x3def5ed2"
"W", "0x1378ce", "0x2a70ac86"
"W", "0x53148", "0x19e57e5b"
"W", "0x1a9c91", "0x3812a538"
"W", "0x3a6a6a", "0x383ffd1e"
"W", "0x3b1093", "0x6bea7a92"
"W", "0x10e02a", "0x15d1c10b"
"W", "0x40e804", "0x64a4197"
"W", "0x30ae03", "0x61dce051"
"W", "0x141ef7", "0x2b5d235c"
"R", "0x3a6a6a"
"W", "0x19503f", "0x4fbd18db"
"R", "0x19503f"
"R", "0x2e155f"
"R", "0x175dc4"
"R", "0xf93d8"
"W", "0x1803ed", "0xc1dcac4"
"R", "0xda15d"
"W", "0x283dee", "0x4589dc6d"
"W", "0xe4786", "0x7e79c8e2"
"W", "0x3b1093", "0x451fd142"
"W", "0x4426d1", "0x63c0a0fb"
"R", "0x156b49"
"W", "0x3492f9", "0x1fe47f91"
"R", "0x283dee"
"W", "0xcfb34", "0x7bc825cf"
"W", "0x30ae03", "0x734bc3b8"
"W", "0x298a4", "0x7501e21e"
"W", "0x24ff21", "0x52323167"
"W", "0x3e4f60", "0x66df1c09"
"W", "0x1d3535", "0x54560d21"
"W", "0x368574", "0x10aa3e38"
"R", "0x2b7cbb"
"R", "0x353922"
"R", "0x3e4f60"
"W", "0x7c9ec", "0x95cd6d3"
"R", "0x21c054"
"R", "0x28e417"
"R", "0x1e8187"
"R", "0x1d3535"
"W", "0x2e155f", "0x11aa7fa5"
"R", "0x4380a8"
"R", "0x40e804"
"R", "0x14c520"
"R", "0x16b79b"
"R", "0x2c22e4"
"W", "0x118653", "0x54217cf1"
"W", "0x368574", "0x5df9ebf"
"R", "0x25a54a"
"W", "0x3f9bb2", "0x2e1029"
"W", "0x23b2cf", "0x491937f0"
"W", "0x1fcdd9", "0x467cf8c6"
"R", "0x35df4b"
"W", "0x1378ce", "0xe5a8210"
"R", "0x1e8187"
"R", "0x118653"
"R", "0x4380a8"
"W", "0x4041db", "0x54d02c4b"
"W", "0x418e2d", "0x395b6f6c"
"W", "0x21c054", "0x5c3a7896"
"W", "0xb08b9", "0x10fcadbc"
"R", "0x2a3069"
"W", "0x298a40", "0x15e6e9da"
"R", "0x2b7cbb"
"R", "0x22667d"
"R", "0x2cc90d"
"R", "0xe4786"
"W", "0x40e804", "0x4b224237"
"W", "0x298a40", "0x73d50004"
"W", "0xb08b9", "0x51b2a1dc"
"R", "0x391e18"
"R", "0xeedaf"
"W", "0x423456", "0x121ea0a7"
"W", "0x723c3", "0x7b20c667"
"W", "0x141ef7", "0x56e431e3"
"R", "0xc550b"
"R", "0x4041db"
"W", "0x30ae03", "0x4103c289"
"W", "0x3f9bb2", "0x14cc17be"
"R", "0x35df4b"
"R", "0x1a9c91"
"R", "0x23b2cf"
"W", "0x24ff21", "0x28557433"
"W", "0x3ef589", "0x663e1b9d"
"R", "0x48b1f"
"R", "0x1a9c91"
"R", "0x1fcdd9"
"R", "0x3b1093"
"W", "0x3ef589", "0x5cc05534"
"R", "0x2797c5"
"R", "0x18aa16"
"R", "0x457323"
"R", "0x2e155f"
"W", "0xeedaf", "0x4012d612"
"R", "0x10e02a"
"W", "0x26f19c", "0x562fdeb3"
"R", "0x2d6f36"
"W", "0x175dc4", "0x331265ea"
"R", "0x18aa16"
"R", "0x4380a8"
"W", "0x3492f9", "0x4c9c2d6"
"W", "0x3d030e", "0x544e9a83"
"R", "0x207402"
"R", "0x3f9bb2"
"R", "0x3da937"
"W", "0x39c441", "0x45d2edf2"
"R", "0x28e417"
"R", "0xf93d8"
"R", "0x31fa55"
"R", "0x3346a7"
"R", "0x230ca6"
"R", "0x18aa16"
"W", "0x12d2a5", "0x5a8095aa"
"W", "0x1a9c91", "0x66ffbc8a"
"R", "0x372b9d"
"W", "0x7c9ec", "0x7c9a0b0"
"W", "0x2a3069", "0x5db86da8"
"W", "0x4426d1", "0x5151d9eb"
"W", "0x26f19c", "0x7140e37f"
"W", "0x19f668", "0x72e94a1"
"R", "0x1b42ba"
"W", "0x30ae03", "0x61c0b5f4"
"W", "0x19503f", "0x137ee77f"
"R", "0x1378ce"
"W", "0x3492f9", "0x2e26e499"
"W", "0x26f19c", "0x56272d87"
"R", "0x103a01"
"R", "0xeedaf"
"W", "0x18aa16", "0x42da41d7"
"R", "0x2797c5"
"R", "0x3007da"
"R", "0x9163e"
"R", "0x3ef589"
"W", "0x1ddb5e", "0x2b5032f0"
"W", "0x23b2cf", "0x35565684"
"R", "0x118653"
"W", "0x3346a7", "0x69136ddd"
"R", "0x207402"
"R", "0x1fcdd9"
"R", "0x3f9bb2"
"W", "0x42da7f", "0xb25c3da"
"R", "0x3007da"
"R", "0x18aa16"
"W", "0x2a3069", "0x59d9f6b8"
"W", "0x283dee", "0x36b5a2c0"
"R", "0x35df4b"
"W", "0x2b7cbb", "0x77b8f3a"
"W", "0x1f27b", "0x1cc0bac5"
"R", "0x14c520"
"W", "0x21c054", "0x5949edc6"
"W", "0x1c8f0c", "0x10e2ee67"
"R", "0x298a40"
"W", "0x18aa16", "0xaa6aa2d"
"W", "0x35df4b", "0x7736661"
"R", "0x48b1f"
"R", "0x283dee"
"W", "0x1fcdd9", "0xfd624c9"
"W", "0x298a4", "0x2faf6388"
"W", "0x3492f9", "0x21d8ac30"
"W", "0x141ef7", "0x71aa171b"
"W", "0x53148", "0x78d33eff"
"R", "0x19503f"
"R", "0x423456"
"W", "0x35df4b", "0xc8cb5bc"
"R", "0x39c441"
"R", "0xeedaf"
"W", "0x298a40", "0x46eadf5c"
"R", "0x7c9ec"
"W", "0x2c22e4", "0xce7410e"
"R", "0x1ddb5e"
"R", "0x3e4f60"
"R", "0xe4786"
"R", "0x10e02a"
"W", "0x3a6a6a", "0x68e72a7f"
"W", "0x1378ce", "0x2d7a5f35"
"R", "0x418e2d"
"W", "0xf93d8", "0x2223d088"
"W", "0x1f27b", "0x487d2b67"
"R", "0x2f61b1"
"W", "0x3da937", "0x18b6f3ad"
"W", "0x40e804", "0x9599470"
"R", "0x1a9c91"
"W", "0x103a01", "0x15c59f94"
"W", "0x2a3069", "0x4d2e6c9b"
"W", "0x1fcdd9", "0x6e1725a6"
"W", "0x353922", "0x600260f4"
"R", "0x26f19c"
"W", "0x3e4f60", "0x673c4491"
"W", "0xa6290", "0x16b6a2c9"
"R", "0x1c8f0c"
"R", "0x1803ed"
"R", "0x12d2a5"
"W", "0x7c9ec", "0x2a7c88db"
"W", "0x298a40", "0x6bfab27c"
"R", "0x9163e"
"W", "0x48b1f", "0x61ba072e"
"W", "0x1be8e3", "0x75182769"
"W", "0x26f19c", "0x6500fc1d"
"W", "0x122c7c", "0x9b78ad7"
"R", "0xb08b9"
"R", "0x25a54a"
"R", "0x3b1093"
"W", "0x1d3535", "0x333c96"
"R", "0x298a40"
"W", "0x9163e", "0x7a38d3d4"
"W", "0x353922", "0x2d97c168"
"W", "0x372b9d", "0x23455aa6"
"W", "0x23b2cf", "0x6e671ce1"
"W", "0x5d771", "0x232fb5bc"
"W", "0xc550b", "0x49fa32df"
"R", "0xbaee2"
"W", "0x1b42ba", "0x27d6824d"
"W", "0x2cc90d", "0x1cbc62ca"
"W", "0x14c520", "0x30c66af4"
"R", "0x2458f8"
"W", "0xb08b9", "0x3a64d61c"
"R", "0x1ddb5e"
"W", "0x48b1f", "0x7f19fda8"
"W", "0x7c9ec", "0x5b45a279"
"W", "0x723c3", "0x1dac2d0e"
"W", "0x33ecd", "0x6fb2dbf6"
"R", "0x10e02a"
"W", "0x44ccfa", "0x71a8fb91"
"R", "0x26f19c"
"R", "0x14c520"
"W", "0x3877ef", "0x15069296"
"R", "0x3877ef"
"W", "0x23b2cf", "0x3aed42eb"
"R", "0x1f27b0"
"R", "0x2cc90d"
"R", "0x31fa55"
"R", "0x23b2cf"
"R", "0x32a07e"
"R", "0x156b49"
"R", "0x33ecd"
"W", "0x3d030e", "0x485acdfc"
"R", "0xda15d"
"W", "0x1be8e3", "0x8845555"
"W", "0x16b79b", "0x4d51001b"
"W", "0x2a3069", "0x790b3304"
"W", "0x53148", "0x28d83b3f"
"R", "0x207402"
"W", "0x230ca6", "0x4f227e33"
"R", "0x3e4f6"
"R", "0x3b1093"
"W", "0x372b9d", "0x30c864b2"
"R", "0x3346a7"
"R", "0xda15d"
"W", "0x40e804", "0x4a237761"
"R", "0x207402"
"R", "0xc550b"
"W", "0x3da937", "0x4f402d03"
"W", "0x283dee", "0x2fd0efa3"
"W", "0x207402", "0x5a5c54ee"
"R", "0x19f668"
"W", "0x2a3069", "0x5c55a449"
"R", "0x2c22e4"
"W", "0xda15d", "0x7aa233db"
"W", "0x9163e", "0x5743b022"
"W", "0x3f9bb2", "0x3482ab35"
"R", "0x141ef7"
"W", "0x1e8187", "0x5eaaf707"
"W", "0x87015", "0x4240c8e"
"W", "0x26f19c", "0x4812bd9d"
"W", "0x2ad692", "0x22c5d5bb"
"R", "0x3007da"
"R", "0xda15d"
"R", "0x264b73"
"W", "0x2c22e4", "0xd7f8ae6"
"W", "0x35df4b", "0x29d5e3e4"
"R", "0x1ddb5e"
"W", "0x2a3069", "0x273c1859"
"R", "0x1fcdd9"
"R", "0x2f61b1"
"R", "0xcfb34"
"W", "0x141ef7", "0x6d7697bf"
"R", "0x3877ef"
"R", "0x3b1093"
"R", "0x1ddb5e"
"W", "0x3007da", "0x3d140c8b"
"W", "0x40e804", "0x7a3bbafe"
"W", "0xeedaf", "0x56dc2e18"
"R", "0x3bb6bc"
"W", "0x1803ed", "0x74f93f52"
"R", "0xc550b"
"R", "0x161172"
"W", "0x1803ed", "0x2b7ed9a5"
"W", "0x9bc67", "0x2ced798e"
"W", "0x32a07e", "0x22b7696d"
"W", "0x353922", "0x3b5e063"
"W", "0x353922", "0x3f7c86dc"
"R", "0x1f27b0"
"R", "0x230ca6"
"W", "0x24ff21", "0x4e2360ee"
"W", "0x9bc67", "0x22872f15"
"R", "0x1c8f0c"
"W", "0x23b2cf", "0x1daa0bc2"
"R", "0x2d6f36"
"W", "0x141ef7", "0x575e89db"
"W", "0x3877ef", "0x216aaceb"
"W", "0x2b7cbb", "0x9744c95"
"R", "0xeedaf"
"W", "0x3e4f60", "0x137bc293"
"R", "0xbaee2"
"W", "0x230ca6", "0x456a3cab"
"W", "0x353922", "0x2e752e47"
"W", "0x21c054", "0x1c6f34c5"
"R", "0x3d030e"
"R", "0x141ef7"
"W", "0x2f61b1", "0x53c6f643"
"R", "0x2ebb88"
"R", "0x2d6f36"
"R", "0x391e18"
"W", "0x2458f8", "0x2aef71fd"
"R", "0x2797c5"
"W", "0x31542c", "0x35eb1bb4"
"W", "0x44ccfa", "0x1402519d"
"W", "0x35df4b", "0x53757d12"
"W", "0x161172", "0x21cee975"
"W", "0x3d030e", "0x133a09a0"
"R", "0x16b79b"
"W", "0x67d9a", "0x2438e174"
"R", "0x2ebb88"
"W", "0x230ca6", "0x3fc73c92"
"R", "0x141ef7"
"R", "0x4426d1"
"R", "0x32a07e"
"R", "0xc550b"
"R", "0x298a40"
"R", "0x3ef589"
"W", "0x298a4", "0xe013765"
"W", "0x283dee", "0xaae8b89"
"W", "0x23b2cf", "0x626b98dd"
"R", "0x22667d"
"R", "0x3e4f60"
"W", "0x103a01", "0x388a064e"
"R", "0x2ebb88"
"W", "0x1fcdd9", "0x139befe"
"W", "0x2d6f36", "0x50f99484"
"R", "0x1b42ba"
"R", "0x3ef589"
"R", "0x23b2cf"
"R", "0x37d1c6"
"W", "0x23b2cf", "0x12e91935"
"R", "0x9bc67"
"R", "0x10e02a"
"R", "0x161172"
"W", "0x1f27b0", "0x610c137a"
"R", "0x12d2a5"
"R", "0x1fcdd9"
"W", "0x2f61b1", "0x7d5961b3"
"R", "0xb08b9"
"W", "0x368574", "0x2d9f9b85"
"W", "0x24ff21", "0x2124c2e"
"R", "0x14c520"
"W", "0x3877ef", "0x7691eaf6"
"W", "0x3492f9", "0x430dab51"
"W", "0x25a54a", "0x18e3aac6"
"W", "0x4426d1", "0x2b30a2c3"
"W", "0x23b2cf", "0x47b45df6"
"W", "0xf93d8", "0x61cfd05a"
"R", "0x48b1f"
"R", "0x2797c5"
"R", "0x2b7cbb"
"R", "0x46194c"
"R", "0xf93d8"
"W", "0x25a54a", "0x4dbb7037"
"W", "0x2ebb88", "0x47333638"
"W", "0x33ecd", "0x2ebe7b9c"
"R", "0x2c22e4"
"R", "0x19503f"
"W", "0x457323", "0x2b943b75"
"R", "0x22667d"
"R", "0x353922"
"W", "0x3346a7", "0x7a042dcf"
"R", "0x2c22e4"
"W", "0x156b49", "0x1f650c36"
"R", "0x2ad692"
"W", "0x2cc90d", "0x2c9a5574"
"R", "0x33ecd"
"R", "0x3bb6bc"
"R", "0x14c520"
"R", "0x372b9d"
"R", "0x211a2b"
"W", "0x423456", "0x7310ccff"
"W", "0x283dee", "0x13d39ce8"
"W", "0x2458f8", "0x1471c01e"
"R", "0x2a3069"
"R", "0x1803ed"
"R", "0x2c22e4"
"W", "0x12d2a5", "0x4181011a"
"W", "0x30ae03", "0x671ecef9"
"W", "0x156b49", "0x1876b3c"
"R", "0x1fcdd9"
"R", "0x1fcdd9"
"W", "0x1e8187", "0x7197bd40"
"W", "0x4426d1", "0x25a0c4ac"
"W", "0x2cc90d", "0x6bca712a"
"R", "0xc550b"
"W", "0x30ae03", "0x128134c1"
"R", "0x3346a7"
"W", "0x40e804", "0x52df439f"
"R", "0x1fcdd9"
"W", "0x5d771", "0x52d69953"
"W", "0x30ae03", "0x62ddd636"
"W", "0x40e804", "0x448bc0c8"
"W", "0xcfb34", "0x5be838f0"
"R", "0xcfb34"
"R", "0x12d2a5"
"R", "0xbaee2"
"R", "0xb08b9"
"W", "0x1b42ba", "0x69b93cdf"
"W", "0x4426d1", "0x363c57ea"
"R", "0x1be8e3"
"W", "0x2e155f", "0x59bd15e"
"W", "0x1e8187", "0x114fd980"
"R", "0x22667d"
"R", "0x211a2b"
"W", "0x23b2cf", "0x4d0122bc"
"R", "0x3877ef"
"R", "0x1be8e3"
"W", "0x35df4b", "0x19804c9c"
"R", "0x12d2a5"
"R", "0xeedaf"
"R", "0xda15d"
"R", "0x3b1093"
"R", "0x18aa16"
"W", "0x368574", "0x79e3ca40"
"R", "0x16b79b"
"R", "0x2ad692"
"W", "0x2f61b1", "0x2a287f12"
"W", "0x2b7cbb", "0x2ee7ebc"
"R", "0xeedaf"
"R", "0x230ca6"
"R", "0xc550b"
"W", "0x118653", "0x13de7c09"
"R", "0x3a6a6a"
"R", "0x22667d"
"R", "0x1ddb5e"
"W", "0x3bb6bc", "0x2d355636"
"W", "0x372b9d", "0x753f29db"
"W", "0x4041db", "0x670c0497"
"R", "0x19f668"
"W", "0x9bc67", "0x7d93f382"
"W", "0x9bc67", "0x54bd5f8f"
"R", "0xf93d8"
"R", "0x2797c5"
"W", "0x4380a8", "0x2c4fff88"
"W", "0x24ff21", "0x684ce7e8"
"W", "0x9163e", "0x2eb2d616"
"W", "0x24ff21", "0x54d05142"
"R", "0x31fa55"
"R", "0x298a4"
"W", "0x1b42ba", "0x2d021343"
"W", "0x3e4f60", "0x3922d0e3"
"R", "0x1be8e3"
"R", "0xbaee2"
"R", "0x2e155f"
"R", "0x5d771"
"W", "0x9163e", "0x2b66f71c"
"W", "0x4041db", "0x73df38c5"
"W", "0xeedaf", "0xf5da09a"
"R", "0x230ca6"
"R", "0x39c441"
"W", "0x118653", "0x37e279fb"
"W", "0x156b49", "0x1586da2a"
"R", "0x457323"
"R", "0x12d2a5"
"R", "0x175dc4"
"W", "0xa6290", "0x601dbf16"
"W", "0x1f27b0", "0x22f55492"
"W", "0x353922", "0x25a8d5a"
"W", "0x25a54a", "0x793a251"
"R", "0x3e4f60"
"R", "0x4380a8"
"R", "0x2ebb88"
"W", "0x2a3069", "0x58fa3fc8"
"W", "0x7c9ec", "0x2ed8c6e9"
"R", "0x723c3"
"R", "0x1fcdd9"
"R", "0x2e155f"
"R", "0x368574"
"W", "0x2a3069", "0x230387d6"
"R", "0x10e02a"
"R", "0x2d6f36"
"R", "0xb08b9"
"W", "0xc550b", "0x7515daf6"
"R", "0x175dc4"
"R", "0x2ebb88"
"R", "0x423456"
"R", "0x175dc4"
"R", "0x1be8e3"
"R", "0x3a6a6a"
"W", "0x391e18", "0x7aa1c5a4"
"W", "0x3e4f60", "0x14f70712"
"W", "0x21c054", "0x60f559dd"
"W", "0x4041db", "0x33ebafc4"
"R", "0x161172"
"W", "0x1c8f0c", "0x560ca684"
"R", "0x103a01"
"W", "0x9bc67", "0x585bde0f"
"W", "0x3877ef", "0x9df7d14"
"W", "0x161172", "0x4c8d00f8"
"R", "0x33ecd0"
"W", "0x298a4", "0x5f957ea9"
"W", "0x44ccfa", "0x2345157a"
"W", "0x37d1c6", "0x643a652"
"R", "0x40e804"
"W", "0xeedaf", "0x47a73cf2"
"R", "0x5d771"
"R", "0x2cc90d"
"R", "0xe4786"
"R", "0x16b79b"
"R", "0x28e417"
"R", "0x18aa16"
"W", "0x1b42ba", "0x5359930"
"W", "0x3d030e", "0x1cf0b90b"
"W", "0xf93d8", "0x4f627367"
"R", "0x3a6a6a"
"R", "0x1378ce"
"W", "0x103a01", "0x5d231cec"
"W", "0x31fa55", "0x247bfa6a"
"W", "0xbaee2", "0x7e2d9b41"
"W", "0x1f27b0", "0x1dc39fe1"
"W", "0x28e417", "0x57d14de6"
"W", "0x230ca6", "0xc065ff0"
"W", "0x48b1f", "0x18759e5a"
"W", "0x37d1c6", "0x4f7e3f23"
"R", "0x30ae03"
"W", "0x2ebb88", "0x326aa1cf"
"R", "0x7c9ec"
"W", "0x67d9a", "0x60f6ee8"
"R", "0x161172"
"W", "0x5d771", "0x134f78ab"
"W", "0x2b7cbb", "0x2411259d"
"R", "0xe4786"
"W", "0x28e417", "0x23ea7bbf"
"R", "0x2ebb88"
"R", "0x175dc4"
"R", "0x3346a7"
"R", "0x33ecd0"
"R", "0x3007da"
"W", "0x28e417", "0x118e05e0"
"W", "0xcfb34", "0x6468955b"
"R", "0x19503f"
"R", "0x53148"
"W", "0x156b49", "0x59ab6624"
"W", "0x2458f8", "0x52155fcd"
"R", "0x298a40"
"W", "0x7c9ec", "0x41f0179e"
"R", "0x230ca6"
"R", "0x31542c"
"W", "0x5d771", "0x57e9108b"
"W", "0x26f19c", "0x1b3a27fa"
"R", "0x1803ed"
"W", "0x10e02a", "0x73418fb0"
"R", "0x3877ef"
"W", "0x1fcdd9", "0x3c210f2a"
"W", "0x3c5ce5", "0x300e2bed"
"R", "0x2ebb88"
"W", "0x2c22e4", "0x7a79fab5"
"W", "0x3346a7", "0x11a383"
"W", "0xcfb34", "0x5099725"
"R", "0x372b9d"
"R", "0x24ff21"
"R", "0x372b9d"
"R", "0xa6290"
"R", "0x37d1c6"
"R", "0x1e8187"
"R", "0x40e804"
"R", "0x264b73"
"W", "0x26f19c", "0x70a49f7a"
"W", "0x2c22e4", "0x64c34ab9"
"W", "0x2d6f36", "0x3628223d"
"R", "0xda15d"
"W", "0x283dee", "0x35e9ad2b"
"W", "0xeedaf", "0x51009269"
"R", "0x3007da"
"W", "0x207402", "0xe3f3520"
"W", "0xda15d", "0x37e249bf"
"R", "0x161172"
"R", "0x87015"
"W", "0x1ddb5e", "0x442649ae"
"W", "0x5d771", "0x4b7459e8"
"W", "0xa6290", "0x58926139"
"W", "0x3a6a6a", "0x7771ea62"
"W", "0x2ebb88", "0x24a686d8"
"W", "0x3d030e", "0x1fabcb75"
"W", "0x31542c", "0x7e14d843"
"R", "0x457323"
"W", "0x12d2a5", "0x7d80d3a8"
"R", "0x1ddb5e"
"R", "0x14c520"
"R", "0x1e8187"
"R", "0x122c7c"
"R", "0x2ebb88"
"R", "0x3877ef"
"R", "0xbaee2"
"W", "0x28e417", "0x1827cb7a"
"R", "0x1b42ba"
"W", "0x156b49", "0x6b6dfddb"
"W", "0x21c054", "0x3e465757"
"R", "0x3d030e"
"W", "0x18aa16", "0xee6ca09"
"W", "0xc550b", "0x6b717b28"
"R", "0x3b1093"
"W", "0x423456", "0x15e54f0e"
"R", "0x3d030e"
"R", "0x118653"
"W", "0x10e02a", "0x5a7fcebe"
"W", "0x1c8f0c", "0x69c3bcae"
"R", "0x3e4f60"
"R", "0x1e8187"
"W", "0x32a07e", "0x5b17ba95"
"R", "0x7c9ec"
"R", "0x2ad692"
"W", "0x1e8187", "0x4fd791de"
"R", "0x207402"
"R", "0x1f27b"
"R", "0x22667d"
"R", "0x2d6f36"
"W", "0xbaee2", "0x71ca7a75"
"R", "0x1be8e3"
"W", "0x3c5ce5", "0x4d770318"
"W", "0x1378ce", "0x524dc611"
"R", "0x230ca6"
"W", "0x1a9c91", "0x2fd3d5f2"
"R", "0x25a54a"
"W", "0x16b79b", "0x4edca6c9"
"R", "0xb08b9"
"W", "0x87015", "0x310f053f"
"W", "0x283dee", "0x55e9739a"
"W", "0xcfb34", "0x2ca3d265"
"R", "0xda15d"
"R", "0x37d1c6"
"R", "0x3007da"
"R", "0x207402"
"W", "0xa6290", "0x15ae672c"
"R", "0xe4786"
"R", "0x1ddb5e"
"W", "0x22667d", "0x7ac17097"
"W", "0x19503f", "0x9561f43"
"R", "0x67d9a"
"R", "0x2b7cbb"
"W", "0x3e4f60", "0x611ab869"
"R", "0x2e155f"
"R", "0x175dc4"
"R", "0x37d1c6"
"R", "0x2d6f36"
"R", "0x22667d"
"W", "0x19f668", "0x2d874c2c"
"R", "0xbaee2"
"R", "0x24ff21"
"W", "0x1378ce", "0x103e94f6"
"W", "0x3007da", "0x4b98d9e4"
"W", "0x21c054", "0x523399ec"
"W", "0x1f27b0", "0x5f5ffbb9"
"R", "0x3da937"
"R", "0x391e18"
"W", "0x33ecd0", "0x29dcc0e0"
"R", "0x23b2cf"
"W", "0x230ca6", "0x5dcfe41"
"W", "0x1f27b0", "0x37e557e8"
"R", "0x10e02a"
"W", "0x2e155f", "0x708e1b73"
"R", "0x48b1f"
"W", "0x1b42ba", "0x7c6b0953"
"W", "0x3f9bb2", "0x6d51820e"
"W", "0x156b49", "0x73b6ec32"
"W", "0x2458f8", "0x47b94403"
"W", "0x35df4b", "0x5b21fde5"
"R", "0x12d2a5"
"R", "0x35df4b"
"W", "0x368574", "0x488a93fe"
"W", "0x118653", "0x548b10a8"
"R", "0x2e155f"
"W", "0x30ae03", "0x694f0256"
"W", "0x298a40", "0x37c33be9"
"R", "0x1803ed"
"W", "0x32a07e", "0x2c788b77"
"W", "0x9163e", "0x1c06ac5a"
"R", "0x2d6f36"
"R", "0x5d771"
"R", "0x3c5ce5"
"R", "0x37d1c6"
"R", "0x1c8f0c"
"W", "0x9bc67", "0x6cfb9454"
"R", "0x3f9bb2"
"W", "0x298a40", "0x2c2fb381"
"W", "0xeedaf", "0x8c2c194"
"W", "0xb08b9", "0x51f30691"
"W", "0x1f27b0", "0x15395ee1"
"R", "0x24ff21"
"W", "0x44ccfa", "0x4fced5d8"
"W", "0x19503f", "0x2476d243"
"W", "0xda15d", "0x477a12e2"
"W", "0x141ef7", "0x7f5e1551"
"R", "0x1803ed"
"W", "0x207402", "0x52aa7dda"
"R", "0x353922"
"W", "0x19503f", "0x70d0248c"
"W", "0x12d2a5", "0xde4f15b"
"R", "0xeedaf"
"R", "0x1d3535"
"W", "0x372b9d", "0x24190562"
"R", "0x391e18"
"W", "0x298a4", "0x7608c335"
"R", "0x418e2d"
"R", "0x31fa55"
"R", "0x1a9c91"
"W", "0x14c520", "0x34934084"
"R", "0x9bc67"
"W", "0x2797c5", "0xea219d1"
"R", "0x3e4f60"
"W", "0x3492f9", "0x65cf3eee"
"W", "0x21c054", "0x4c2ff223"
"W", "0x21c054", "0x208434ac"
"W", "0x230ca6", "0x522e337a"
"W", "0x3007da", "0x2556f9d0"
"W", "0x40e804", "0x64e2acd5"
"W", "0x33ecd", "0x2e59cc78"
"W", "0x14c520", "0x6e607e93"
"W", "0x28e417", "0x7e74e0cd"
"W", "0x19503f", "0x52cd62f8"
"W", "0x7c9ec", "0x4950296c"
"W", "0xb08b9", "0x70bc76c9"
"W", "0x19503f", "0x93f1ed3"
"R", "0x2797c5"
"R", "0x1378ce"
"W", "0x2a3069", "0x469c1d08"
"W", "0x25a54a", "0x7cd94f50"
"R", "0x42da7f"
"R", "0x21c054"
"R", "0x2ad692"
"W", "0x2d6f36", "0x6d9b35f9"
"W", "0x3c5ce5", "0x45f7a3cf"
"W", "0x175dc4", "0x2db76964"
"R", "0x3346a7"
"R", "0x16b79b"
"R", "0x1d3535"
"R", "0x2d6f36"
"R", "0x5d771"
"W", "0x1c8f0c", "0x2d4bcc3a"
"W", "0x31542c", "0x2bcea777"
"R", "0x1803ed"
"W", "0xcfb34", "0x49e47bf7"
"W", "0x48b1f", "0x126be730"
"R", "0x40e804"
"R", "0x423456"
"R", "0x391e18"
"W", "0x1fcdd9", "0x7f6217d2"
"R", "0x31fa55"
"W", "0x26f19c", "0x4a369cd7"
"W", "0x2a3069", "0xf29ec3f"
"W", "0x19503f", "0x41a079e9"
"R", "0x33ecd0"
"R", "0x23b2cf"
"W", "0x24ff21", "0x200a46dd"
"W", "0x3c5ce5", "0x499fb06c"
"W", "0x418e2d", "0x63fa4eea"
"R", "0x1803ed"
"W", "0x118653", "0x76f20cac"
"W", "0x3c5ce5", "0x6dc7f56e"
"R", "0x48b1f"
"W", "0x1ddb5e", "0x209dfa85"
"R", "0x21c054"
"R", "0x211a2b"
"W", "0x3d030e", "0x11afb4fb"
"R", "0x1803ed"
"W", "0x5d771", "0x475b0fa6"
"R", "0x14c520"
"W", "0xda15d", "0x2681588b"
"W", "0x264b73", "0x594088ba"
"W", "0x211a2b", "0x392ab338"
"R", "0x21c054"
"W", "0x37d1c6", "0x4db7bb17"
"R", "0x1be8e3"
"W", "0x1a9c91", "0x12d3e224"
"R", "0x1f27b0"
"R", "0x9163e"
"W", "0x30ae03", "0x7873869c"
"W", "0x3a6a6a", "0x7da7e5a4"
"R", "0x16b79b"
"W", "0x1be8e3", "0x5d00f338"
"R", "0x2ebb88"
"R", "0x4426d1"
"R", "0x283dee"
"R", "0x9163e"
"W", "0x2d6f36", "0x1fd47335"
"R", "0x21c054"
"R", "0x1ddb5e"
"R", "0x33ecd0"
"W", "0x19f668", "0x39dac51b"
"W", "0x26f19c", "0x485b0ffa"
"W", "0x23b2cf", "0x7c8c9d35"
"R", "0x103a01"
"W", "0x2458f8", "0x27f5f0ed"
"W", "0x14c520", "0x52c3e5cc"
"R", "0x156b49"
"W", "0x3bb6bc", "0x3045236f"
"R", "0xeedaf"
"R", "0x22667d"
"W", "0x4380a8", "0x16caef9e"
"R", "0x723c3"
"R", "0x19f668"
"R", "0x4041db"
"W", "0x2b7cbb", "0x24ccf80"
"R", "0x3b1093"
"W", "0x24ff21", "0x4bbba9b9"
"W", "0x26f19c", "0x6840bcb1"
"R", "0x2458f8"
"W", "0x1d3535", "0x72fe95b7"
"W", "0x2e155f", "0x1a2c1532"
"R", "0x2c22e4"
"R", "0x391e18"
"W", "0x391e18", "0x5be7c156"
"R", "0x1803ed"
"W", "0x122c7c", "0x2a330f64"
"W", "0x161172", "0x1003e36f"
"R", "0x5d771"
"W", "0xe4786", "0x5ab32f50"
"W", "0x2ebb88", "0x423243a3"
"W", "0x87015", "0x5ff10ae7"
"W", "0x2797c5", "0x1293fbab"
"W", "0x19503f", "0xdc766a1"
"R", "0x7c9ec"
"W", "0x1b42ba", "0xa2b7618"
"R", "0xbaee2"
"W", "0x28e417", "0x5db2c4d7"
"R", "0x5d771"
"W", "0x1e8187", "0x457ff188"
"R", "0x1f27b0"
"R", "0x22667d"
"R", "0x207402"
"W", "0x283dee", "0x6c3400d3"
"W", "0x264b73", "0x55ad7d9a"
"R", "0x19503f"
"R", "0x22667d"
"W", "0x175dc4", "0x242b3e9b"
"W", "0x39c441", "0x1ab7a2b6"
"W", "0x87015", "0x2672cb93"
"W", "0x9163e", "0x4db02419"
"W", "0x5d771", "0x33e954e3"
"W", "0x3f9bb2", "0x616eefc3"
"W", "0x4426d1", "0x162c2168"
"R", "0x122c7c"
"R", "0x3877ef"
"W", "0x118653", "0x53213654"
"W", "0x161172", "0x6133eefa"
"W", "0x19503f", "0x163e59dd"
"R", "0x3e4f6"
"R", "0x31542c"
"W", "0x2ebb88", "0x2cbb2e2c"
"W", "0x53148", "0x1af877c9"
"R", "0x122c7c"
"W", "0x1ddb5e", "0xda10903"
"W", "0x2797c5", "0x75ecfdcf"
"R", "0x44ccfa"
"R", "0x3a6a6a"
"W", "0x2a3069", "0x2970c6d6"
"W", "0x207402", "0x31339366"
"R", "0x87015"
"W", "0x33ecd0", "0x2dc93130"
"W", "0x175dc4", "0x601dadb1"
"W", "0x3d030e", "0x67aa2412"
"R", "0x3da937"
"W", "0x423456", "0x91df925"
"R", "0x9bc67"
"R", "0x2b7cbb"
"R", "0x723c3"
"W", "0x1a9c91", "0x5a056ac6"
"W", "0x39c441", "0x10f0e61"
"R", "0x4426d1"
"R", "0x3f9bb2"
"R", "0x22667d"
"R", "0x1fcdd9"
"W", "0x37d1c6", "0x4ffe9395"
"R", "0x1c8f0c"
"R", "0x372b9d"
"R", "0x3492f9"
"W", "0x37d1c6", "0x747e0973"
"R", "0x21c054"
"R", "0x2c22e4"
"R", "0x122c7c"
"W", "0x14c520", "0x7fc12df0"
"R", "0x1e8187"
"R", "0xc550b"
"R", "0x207402"
"R", "0x156b49"
"R", "0x53148"
"R", "0x1803ed"
"R", "0x3877ef"
"W", "0x156b49", "0x52e77abe"
"W", "0x35df4b", "0x266a34af"
"W", "0x33ecd0", "0x6808939a"
"W", "0x2b7cbb", "0x543b86e5"
"W", "0x3a6a6a", "0x405b0d45"
"W", "0x3a6a6a", "0x530e7c1d"
"R", "0x391e18"
"R", "0x33ecd0"
"W", "0xeedaf", "0x7728065b"
"R", "0x3e4f60"
"W", "0x161172", "0x77ae3779"
"R", "0x391e18"
"W", "0x2c22e4", "0x2736c557"
"W", "0x175dc4", "0x256db031"
"W", "0x33ecd0", "0xfbd1c2e"
"W", "0x1e8187", "0x5cc60989"
"W", "0x3b1093", "0x2a139a62"
"W", "0xc550b", "0xc52f298"
"W", "0x9163e", "0x440edfdc"
"W", "0x9bc67", "0x28a04a4e"
"W", "0x372b9d", "0x40246ced"
"R", "0x391e18"
"R", "0x35df4b"
"R", "0x5d771"
"W", "0x2a3069", "0x15691bfb"
"W", "0x32a07e", "0x800a358"
"W", "0x31fa55", "0x65b6112f"
"W", "0x87015", "0x5f741ef7"
"R", "0x2a3069"
"W", "0x283dee", "0xef401a5"
"R", "0x141ef7"
"W", "0x2f61b1", "0x120f65b2"
"W", "0x2ebb88", "0x422bdb3a"
"R", "0x3a6a6a"
"R", "0x3da937"
"W", "0x230ca6", "0x76f59d07"
"R", "0x103a01"
"R", "0x21c054"
"W", "0x2a3069", "0x5653ed0c"
"W", "0x1378ce", "0x4972762f"
"W", "0x10e02a", "0x744a2203"
"R", "0xda15d"
"W", "0x3ef589", "0xa292e81"
"W", "0x1e8187", "0x651789c"
"R", "0x264b73"
"R", "0x118653"
"R", "0x1ddb5e"
"W", "0x10e02a", "0x3f451613"
"R", "0x368574"
"W", "0x3e4f6", "0x68799f26"
"W", "0xcfb34", "0x4c1d4f3a"
"W", "0x25a54a", "0x6a702fa"
"W", "0x1a9c91", "0x2c7bc521"
"W", "0x372b9d", "0x1a20b577"
"R", "0x1e8187"
"R", "0x1e8187"
"R", "0x25a54a"
"R", "0x2458f8"
"R", "0x2d6f36"
"R", "0x1f27b"
"R", "0x1ddb5e"
"R", "0x156b49"
"W", "0x39c441", "0x4840217f"
"W", "0xc550b", "0x7c333cc4"
"R", "0x1803ed"
"W", "0x35df4b", "0x6f237a32"
"R", "0x3492f9"
"R", "0x3a6a6a"
"W", "0xc550b", "0x51465305"
"R", "0x1b42ba"
"W", "0x122c7c", "0x614c8917"
"R", "0x19f668"
"R", "0x2458f8"
"W", "0x118653", "0x3e13c266"
"W", "0x31fa55", "0x246b2a26"
"R", "0x18aa16"
"R", "0x30ae03"
"R", "0x1c8f0c"
"W", "0xc550b", "0x4c709fc6"
"W", "0x24ff21", "0x9243782"
"W", "0x1378ce", "0x2bddb6cb"
"R", "0x3e4f60"
"R", "0x53148"
"R", "0x10e02a"
"W", "0x3f9bb2", "0x3421170b"
"W", "0x53148", "0x5a1ff7ba"
"R", "0x48b1f"
"W", "0x141ef7", "0x43de4813"
"R", "0x264b73"
"W", "0x10e02a", "0x74f39b26"
"W", "0x1be8e3", "0x21216a15"
"W", "0x175dc4", "0x26cc46fb"
"R", "0x2458f8"
"R", "0x3d030e"
"R", "0x1803ed"
"R", "0x87015"
"W", "0x1803ed", "0x3ab5357c"
"W", "0x7c9ec", "0x35f8865c"
"R", "0x25a54a"
"R", "0x2797c5"
"R", "0x211a2b"
"W", "0x2b7cbb", "0x72a7d6bb"
"W", "0x230ca6", "0x52ef3a5a"
"R", "0x1fcdd9"
"R", "0x26f19c"
"R", "0x3d030e"
"R", "0x28e417"
"R", "0x24ff21"
"W", "0x2ad692", "0x623eaa9f"
"R", "0x2e155f"
"R", "0x372b9d"
"R", "0x2cc90d"
"R", "0x3ef589"
"R", "0x28e417"
"R", "0x22667d"
"W", "0x4380a8", "0x557fe633"
"W", "0x48b1f", "0x7d898a19"
"R", "0x26f19c"
"W", "0x2b7cbb", "0x19875c84"
"R", "0x3ef589"
"W", "0xda15d", "0x2770ccc4"
"R", "0x723c3"
"R", "0x283dee"
"R", "0x12d2a5"
"R", "0x161172"
"R", "0x19503f"
"W", "0x3bb6bc", "0x40fb2bab"
"W", "0x12d2a5", "0x2df5157a"
"R", "0x19503f"
"R", "0x22667d"
"W", "0x175dc4", "0x70b22cc3"
"R", "0x141ef7"
"W", "0x103a01", "0x7cca4c3c"
"W", "0x1a9c91", "0x2fb94f42"
"W", "0x3346a7", "0x7be61d27"
"W", "0xb08b9", "0x33e9d488"
"R", "0x19503f"
"W", "0x2c22e4", "0xab55767"
"W", "0x3e4f60", "0x359cf1d3"
"W", "0x4041db", "0xcfceee"
"W", "0x2a3069", "0x68448bc8"
"W", "0x37d1c6", "0xbbdfdbf"
"W", "0x9163e", "0x55656fa6"
"R", "0x2c22e4"
"W", "0x2cc90d", "0x59411cbc"
"W", "0x1f27b0", "0x5185bb97"
"W", "0x1b42ba", "0x2eac566e"
"R", "0x7c9ec"
"W", "0x391e18", "0x763f7d84"
"W", "0x5d771", "0x463f1c0d"
"R", "0x7c9ec"
"R", "0x9163e"
"W", "0xa629", "0xb980120"
"R", "0x2b7cbb"
"W", "0x4041db", "0x737873a6"
"R", "0x3007da"
"R", "0x122c7c"
"W", "0x7c9ec", "0x92b5d40"
"R", "0x3492f9"
"W", "0x1b42ba", "0x551dabbe"
"W", "0x3bb6bc", "0x2ae91bad"
"W", "0x3e4f60", "0x7d2dc286"
"R", "0x40e804"
"R", "0x3d030e"
"R", "0x3e4f60"
"R", "0x141ef7"
"W", "0x118653", "0x6627d916"
"W", "0xda15d", "0x86d66c3"
"W", "0x391e18", "0x3135affd"
"W", "0x1ddb5e", "0x49e948c3"
"R", "0x368574"
"R", "0x48b1f"
"R", "0x4041db"
"W", "0x3f9bb2", "0x600cd95d"
"W", "0x39c441", "0x2e2c81b5"
"R", "0x53148"
"R", "0x32a07e"
"R", "0x3d030e"
"R", "0x31fa55"
"R", "0x211a2b"
"R", "0xf93d8"
"R", "0x3877ef"
"W", "0x32a07e", "0x1194bf2a"
"R", "0x418e2d"
"W", "0x2cc90d", "0x67a996d8"
"R", "0x19f668"
"W", "0x3b1093", "0x4cb516ff"
"W", "0x3a6a6a", "0x4e4a022b"
"R", "0x161172"
"R", "0x3bb6bc"
"W", "0x87015", "0xb3882c3"
"W", "0x353922", "0xf788dc5"
"W", "0x37d1c6", "0x7cb33434"
"W", "0xf93d8", "0x44ec9878"
"W", "0x9bc67", "0x7f2652cc"
"R", "0x35df4b"
"R", "0x39c441"
"W", "0x283dee", "0x4e83625d"
"R", "0x2458f8"
"R", "0x4041db"
"R", "0x423456"
"W", "0xa629", "0x5c29d327"
"R", "0x19503f"
"R", "0x118653"
"R", "0x372b9d"
"W", "0x87015", "0x3bb9c315"
"W", "0x175dc4", "0x5b199b62"
"W", "0x5d771", "0x1374e497"
"W", "0x1803ed", "0x6f93b9a2"
"W", "0x16b79b", "0x6818493e"
"W", "0x211a2b", "0x29258e90"
"R", "0x2c22e4"
"W", "0x3007da", "0x31b393ad"
"R", "0x37d1c6"
"R", "0x1e8187"
"W", "0x25a54a", "0x698b3701"
"W", "0x298a40", "0x5265864c"
"W", "0x22667d", "0x402b3fba"
"W", "0x353922", "0x5910642f"
"R", "0x32a07e"
"W", "0x14c520", "0xb3ccf66"
"R", "0x175dc4"
"R", "0x24ff21"
"R", "0x42da7f"
"W", "0x103a01", "0x43a39974"
"R", "0x1be8e3"
"W", "0x87015", "0x56c45dca"
"W", "0xc550b", "0x6e8a96e"
"R", "0x298a4"
"W", "0x723c3", "0x56a37ed0"
"W", "0x1a9c91", "0xe24bf4"
"W", "0x33ecd0", "0x32f61f1e"
"R", "0x10e02a"
"R", "0x14c52"
"R", "0x1f27b"
"W", "0x19f668", "0x46dd15ac"
"W", "0x26f19c", "0x2dd43e11"
"R", "0x12d2a5"
"R", "0x298a4"
"W", "0x16b79b", "0x4bd9ec27"
"R", "0x28e417"
"W", "0xeedaf", "0x787d77c9"
"R", "0x31542c"
"W", "0x1c8f0c", "0x4f41c652"
"W", "0x723c3", "0x30afd85b"
"R", "0x21c054"
"R", "0x3c5ce5"
"R", "0x7c9ec"
"W", "0xeedaf", "0x1999e371"
"R", "0x19503f"
"R", "0x3da937"
"W", "0x7c9ec", "0x6b72480f"
"W", "0x46194c", "0x277ccdcb"
"R", "0x3007da"
"W", "0x211a2b", "0x38c2c2d0"
"R", "0x122c7c"
"W", "0x1c8f0c", "0x20fda768"
"R", "0x457323"
"W", "0x9bc67", "0x18223e8a"
"R", "0x3c5ce5"
"R", "0x1a9c91"
"R", "0x2a3069"
"W", "0xf93d8", "0x474959e7"
"R", "0x3007da"
"R", "0x21c054"
"R", "0x37d1c6"
"R", "0x30ae03"
"W", "0x207402", "0xb92421e"
"W", "0x2ebb88", "0x64a2fb8e"
"W", "0x26f19c", "0xc43931a"
"R", "0x12d2a5"
"W", "0x2458f8", "0x3e40912e"
"W", "0x31fa55", "0x2232e34d"
"W", "0x264b73", "0x364829ea"
"W", "0x3b1093", "0xecba6f4"
"R", "0x1d3535"
"W", "0x19f668", "0x11689c47"
"W", "0x207402", "0x1d07829e"
"R", "0x3d030e"
"W", "0x2d6f36", "0x1a2b93d9"
"R", "0x67d9a"
"W", "0x207402", "0x6837512e"
"R", "0x723c3"
"W", "0x122c7c", "0x327e0185"
"R", "0x2b7cbb"
"R", "0x2ad692"
"R", "0x1a9c91"
"W", "0x23b2cf", "0x2965bc2a"
"W", "0x283dee", "0x3d19b472"
"R", "0x28e417"
"R", "0x156b49"
"R", "0x283dee"
"R", "0x67d9a"
"R", "0x211a2b"
"W", "0x156b49", "0x1fea5910"
"R", "0x391e18"
"R", "0x19f668"
"R", "0x1e8187"
"R", "0x28e417"
"R", "0x5d771"
"W", "0x723c3", "0x397defce"
"W", "0xc550b", "0x7db0abca"
"W", "0x2c22e4", "0xda7c7c2"
"R", "0x368574"
"W", "0x2458f8", "0x453cafa7"
"W", "0x0", "0x2092fb00"
"W", "0x28e417", "0x46a755aa"
"R", "0x1378ce"
"R", "0x5d771"
"W", "0xf93d8", "0x4b5f23f1"
"W", "0x230ca6", "0x56192711"
"W", "0x3a6a6a", "0x32846992"
"W", "0x44ccfa", "0x6b6e6b13"
"R", "0x40e804"
"W", "0x40e804", "0x5fcf9a07"
"R", "0x723c3"
"W", "0x1ddb5e", "0x3788c4ac"
"R", "0x423456"
"W", "0x14c520", "0x3b449e62"
"R", "0x3f9bb2"
"R", "0x39c441"
"W", "0x3f9bb2", "0x279e395a"
"R", "0x3c5ce5"
"W", "0x32a07e", "0x6520b808"
"W", "0x2797c5", "0x43590917"
"W", "0x25a54a", "0x208b0253"
"R", "0x3f9bb2"
"W", "0x3e4f60", "0x5742cfa"
"R", "0x298a40"
"W", "0x1fcdd9", "0x40d42657"
"R", "0x1e8187"
"W", "0x87015", "0x503b661c"
"W", "0x32a07e", "0x48ac2ca2"
"R", "0x2e155f"
"W", "0xf93d8", "0x6a9e31ff"
"R", "0x32a07e"
"R", "0x53148"
"W", "0x264b73", "0x2aaa676f"
"W", "0x9bc67", "0xe01d151"
"W", "0x28e417", "0x4c69c673"
"R", "0x19f668"
"W", "0x368574", "0x376dda42"
"R", "0x24ff21"
"W", "0x2e155f", "0x73843aee"
"W", "0x53148", "0x639573ed"
"W", "0x2ad692", "0x55c362c5"
"R", "0xbaee2"
"R", "0xc550b"
"R", "0x103a01"
"R", "0x353922"
"W", "0x32a07e", "0x4435ecbf"
"W", "0x14c520", "0x3a33bd89"
"W", "0x7c9ec", "0x628b242a"
"R", "0x418e2d"
"R", "0x9163e"
"R", "0x28e417"
"R", "0x25a54a"
"W", "0x3f9bb2", "0x47a67fcc"
"R", "0x1e8187"
"W", "0x3f9bb2", "0x735b362a"
"W", "0x3c5ce5", "0x403f7e80"
"R", "0x723c3"
"R", "0x31542c"
"R", "0x2ad692"
"R", "0x37d1c6"
"W", "0x7c9ec", "0x767e4640"
"R", "0x353922"
"W", "0xbaee2", "0x72b409c3"
"R", "0x161172"
"R", "0x1a9c91"
"R", "0x156b49"
"R", "0xa6290"
"W", "0x3e4f60", "0x3b779688"
"W", "0xa6290", "0xfba145f"
"R", "0xb08b9"
"R", "0x1378ce"
"R", "0x3da937"
"W", "0x2f61b1", "0x72525130"
"W", "0x3e4f60", "0x3c0aa9b1"
"W", "0x3346a7", "0x7b17ab7e"
"W", "0x122c7c", "0x45623041"
"W", "0xf93d8", "0x44c259bc"
"W", "0x418e2d", "0x4ff9a5c7"
"W", "0x37d1c6", "0x22c34bbb"
"R", "0x353922"
"W", "0x1ddb5e", "0x7d4cff9c"
"R", "0x418e2d"
"W", "0x298a40", "0x2e4d8ccc"
"R", "0x3da937"
"W", "0xe4786", "0x3b307a56"
"R", "0x175dc4"
"W", "0x175dc4", "0x55167e3d"
"W", "0x2f61b1", "0x650ee542"
"R", "0x3d030e"
"W", "0x2c22e4", "0x5ef7abb7"
"R", "0x5d771"
"W", "0x19503f", "0x53d069f9"
"W", "0xb08b9", "0x69b2e161"
"R", "0x207402"
"W", "0x19f668", "0x7765732a"
"W", "0xc550b", "0x49f9aed"
"W", "0xbaee2", "0x71a798b9"
"R", "0x1f27b0"
"W", "0x16b79b", "0x506cdcde"
"R", "0xb08b9"
"R", "0x1f27b0"
"W", "0x1b42ba", "0x6b99be63"
"W", "0x3877ef", "0x1b86e473"
"R", "0x230ca6"
"W", "0x39c441", "0x329b2d2d"
"R", "0x3b1093"
"R", "0x3bb6bc"
"W", "0x67d9a", "0x160a93ec"
"R", "0xcfb34"
"W", "0x1803ed", "0x5f990b71"
"W", "0x3007da", "0x5ed9fa94"
"W", "0x21c054", "0x4c6a6d6c"
"W", "0x39c441", "0x1a14e128"
"W", "0xb08b9", "0x51f8cc6a"
"W", "0x1b42ba", "0x28457fbf"
"W", "0x48b1f", "0x7ed8cdbd"
"W", "0x353922", "0x78727b47"
"R", "0x3e4f60"
"W", "0x9bc67", "0x6a7dbb4c"
"W", "0x39c441", "0x2d968f38"
"R", "0x1b42ba"
"W", "0x2d6f36", "0x206c20c6"
"W", "0x141ef7", "0x201c9e5c"
"W", "0x3bb6bc", "0x4a97de1"
"R", "0x3d030e"
"R", "0x3da937"
"W", "0x3b1093", "0xe484765"
"R", "0x4041db"
"R", "0x3007da"
"W", "0x3b1093", "0x51a160fb"
"R", "0x31fa55"
"W", "0x207402", "0x251f9451"
"R", "0x3346a7"
"W", "0x3c5ce5", "0x1267e5b0"
"R", "0x46194c"
"R", "0x122c7c"
"W", "0x19f668", "0x18c36a3e"
"W", "0x7c9ec", "0x30eeefc0"
"W", "0x3877ef", "0x5b0c431f"
"W", "0x30ae03", "0x4c639a53"
"R", "0x87015"
"W", "0x5d771", "0x131f9d00"
"R", "0x7c9ec"
"R", "0x423456"
"W", "0xc550b", "0x7227a7c4"
"R", "0xe4786"
"W", "0x22667d", "0x5dba8d75"
"R", "0x118653"
"R", "0x1be8e3"
"W", "0x118653", "0x5f354fa7"
"R", "0x3c5ce5"
"W", "0x1fcdd9", "0x6ac8eddf"
"W", "0x3492f9", "0x578462cc"
"W", "0x2f61b1", "0x5b7b9051"
"R", "0x9163e"
"R", "0x175dc4"
"W", "0x3e4f60", "0x6899745"
"R", "0x3346a7"
"W", "0x9bc67", "0x6f207728"
"W", "0x14c520", "0x47164a57"
"R", "0x298a4"
"R", "0x30ae03"
"R", "0x44ccfa"
"R", "0x1c8f0c"
"R", "0x3a6a6a"
"R", "0xa6290"
"W", "0x2d6f36", "0x5de9b86a"
"W", "0x1a9c91", "0x699dde9f"
"R", "0x14c520"
"W", "0x4380a8", "0x5f5bf1a"
"W", "0x31542c", "0x347d47fb"
"R", "0x46bf75"
"W", "0x5d771", "0x3a406df1"
"R", "0x3ef589"
"W", "0x2e155f", "0x7cd0f950"
"W", "0x4426d1", "0x12a7da37"
"R", "0x14c520"
"R", "0x24ff21"
"R", "0x7c9ec"
"R", "0x3e4f60"
"W", "0x298a4", "0x5f5af8bb"
"W", "0x230ca6", "0x71a9475e"
"R", "0x4041db"
"R", "0x19503f"
"R", "0x67d9a"
"R", "0xa629"
"W", "0x31542c", "0x63000240"
"R", "0x2458f8"
"R", "0x2c22e4"
"R", "0x1803ed"
"R", "0x32a07e"
"W", "0x31542c", "0x3f976b05"
"W", "0x211a2b", "0x4ba82a94"
"R", "0x141ef7"
"R", "0x1a9c91"
"R", "0x3877ef"
"W", "0x353922", "0x782b8b74"
"W", "0x53148", "0x6d09e9fb"
"W", "0x3e4f60", "0x2be5bd76"
"R", "0x3b1093"
"R", "0x1c8f0c"
"R", "0x26f19c"
"W", "0x10e02a", "0x69d7a97f"
"W", "0x25a54a", "0x6e97dcbd"
"W", "0x391e18", "0x442ab07b"
"W", "0x207402", "0x331fbd0f"
"W", "0x368574", "0x6e649a0a"
"R", "0x2ad692"
"R", "0x24ff21"
"R", "0x3e4f6"
"W", "0x16b79b", "0x7db0af0a"
"W", "0x23b2cf", "0x2f337726"
"W", "0x3f9bb2", "0x6b597c35"
"W", "0x353922", "0x28818c8"
"W", "0x53148", "0x10b37e5e"
"W", "0x3a6a6a", "0x3c4c18ec"
"W", "0x1f27b0", "0x15c3c14"
"W", "0x23b2cf", "0x73971692"
"R", "0x1d3535"
"R", "0x3492f9"
"W", "0x4041db", "0x77563070"
"R", "0x2ad692"
"R", "0x22667d"
"W", "0x4041db", "0x36dccb17"
"R", "0x156b49"
"W", "0x141ef7", "0x636d4d63"
"W", "0x18aa16", "0x5dada312"
"R", "0x3007da"
"R", "0x207402"
"W", "0x3e4f6", "0x4e57154e"
"W", "0x87015", "0x49ef1f37"
"W", "0x30ae03", "0x271f80c2"
"W", "0x4041db", "0x3084c369"
"W", "0x264b73", "0x615f3564"
"R", "0x1e8187"
"R", "0x723c3"
"W", "0x3007da", "0x7c65caff"
"W", "0x1f27b0", "0x6e7b2c86"
"R", "0x7c9ec"
"R", "0x3da937"
"W", "0x26f19c", "0xf264556"
"R", "0x22667d"
"W", "0x5d771", "0x1c1af2c2"
"W", "0x423456", "0x29498466"
"W", "0x3f9bb2", "0x228ef5ae"
"R", "0x175dc4"
"W", "0x19503f", "0x3403053d"
"R", "0xda15d"
"W", "0x22667d", "0x312d31fa"
"R", "0x3f9bb2"
"R", "0x2b7cbb"
"R", "0x44ccfa"
"R", "0x18aa16"
"W", "0xeedaf", "0x1c82a791"
"R", "0x264b73"
"W", "0x391e18", "0x7371d6cf"
"W", "0x211a2b", "0x5af8ab1c"
"W", "0x2c22e4", "0x1c3573c8"
"R", "0x1a9c91"
"R", "0x19f668"
"R", "0x3f9bb2"
"W", "0x3492f9", "0x36bfd174"
"W", "0x2c22e4", "0x375ed571"
"R", "0xcfb34"
"W", "0x3007da", "0x52994b48"
"R", "0x2797c5"
"W", "0x23b2cf", "0x5791300f"
"R", "0x1c8f0c"
"W", "0x14c520", "0x47a5e14d"
"W", "0x141ef7", "0x3f03ca25"
"R", "0x418e2d"
"R", "0x2ebb88"
"R", "0x1f27b0"
"R", "0x22667d"
"W", "0x3da937", "0x1cce1a3e"
"R", "0x2ebb88"
"R", "0x372b9d"
"W", "0x24ff21", "0x34e0d4b7"
"W", "0x175dc4", "0x7e931fe9"
"W", "0x31542c", "0x6cd8ce92"
"R", "0x35df4b"
"W", "0x2797c5", "0x4cb0f470"
"W", "0x2797c5", "0x554e2848"
"W", "0x391e18", "0x2d0f73ca"
"R", "0x31542c"
"R", "0x230ca6"
"R", "0x39c441"
"R", "0x1f27b"
"W", "0x3a6a6a", "0x41257905"
"R", "0x30ae03"
"W", "0x30ae03", "0x1688fc3e"
"W", "0x283dee", "0x40dd903"
"R", "0x175dc4"
"R", "0x298a40"
"R", "0x33ecd0"
"R", "0x2797c5"
"R", "0x3346a7"
"W", "0x103a01", "0x9315412"
"R", "0x264b73"
"W", "0x2c22e4", "0xe2564e6"
"W", "0x26f19c", "0x2cbdd843"
"W", "0x103a01", "0x60505253"
"W", "0x3c5ce5", "0x4b27a87"
"R", "0x12d2a5"
"R", "0x391e18"
"W", "0xeedaf", "0x5fea0807"
"R", "0x14c520"
"R", "0x1378ce"
"W", "0x175dc4", "0x46566e69"
"W", "0x37d1c6", "0x292d1c12"
"R", "0x1ddb5e"
"R", "0x1c8f0c"
"R", "0x418e2d"
"R", "0x2cc90d"
"W", "0x28e417", "0x7404e94d"
"R", "0x156b49"
"W", "0x3da937", "0x4f21f0f7"
"W", "0x37d1c6", "0x6f698389"
"W", "0x1c8f0c", "0x5e2707c8"
"R", "0x1ddb5e"
"R", "0xf93d8"
"R", "0x1e8187"
"R", "0x3877ef"
"W", "0x3e4f60", "0xed6ee42"
"R", "0x2c22e4"
"R", "0x40e804"
"W", "0x723c3", "0xa619076"
"W", "0x3e4f6", "0x17787b70"
"W", "0x33ecd", "0x8a58d89"
"R", "0x283dee"
"W", "0x53148", "0x4e90caa4"
"R", "0x48b1f"
"W", "0x3ef589", "0x47d1be03"
"R", "0x2ebb88"
"W", "0x5d771", "0x5a096b8f"
"W", "0x32a07e", "0x4242244b"
"W", "0x3e4f60", "0x72fb4147"
"W", "0x37d1c6", "0x40c35ae"
"W", "0x3d030e", "0x3d23e8e7"
"R", "0xe4786"
"W", "0x175dc4", "0x29c48527"
"R", "0x103a01"
"R", "0x3bb6bc"
"W", "0x4380a8", "0x77cb6123"
"W", "0x1ddb5e", "0x47011a52"
"W", "0x32a07e", "0x156e69ff"
"R", "0x1b42ba"
"R", "0x156b49"
"W", "0x1ddb5e", "0x12b782e0"
"R", "0x21c054"
"W", "0x161172", "0x4d7a4af9"
"R", "0xf93d8"
"W", "0x368574", "0x19c28262"
"W", "0x283dee", "0x467a4a10"
"W", "0xb08b9", "0x6e35b82d"
"W", "0x1c8f0c", "0x3c8815bc"
"W", "0x12d2a5", "0x60b725ac"
"W", "0x723c3", "0x4bc1b11f"
"R", "0x4041db"
"W", "0xf93d8", "0x675639d6"
"W", "0x4041db", "0x3a20f925"
"W", "0x118653", "0x767e65a8"
"R", "0xb08b9"
"R", "0x25a54a"
"W", "0x4041db", "0x2186e573"
"R", "0x1d3535"
"W", "0x26f19c", "0x32c03790"
"R", "0x25a54a"
"R", "0x723c3"
"R", "0x3f9bb2"
"R", "0x2458f8"
"W", "0x230ca6", "0x2f75aa6c"
"R", "0x39c441"
"R", "0x3c5ce5"
"W", "0x2a3069", "0x7cae357c"
"W", "0x161172", "0x2d106bb"
"R", "0x14c52"
"R", "0xc550b"
"W", "0x33ecd0", "0x422f075d"
"R", "0xda15d"
"W", "0x3c5ce5", "0xf1b7135"
"R", "0x2c22e4"
"R", "0x2e155f"
"W", "0x418e2d", "0x5a97f6b8"
"R", "0x1ddb5e"
"W", "0x32a07e", "0x4d8f511e"
"W", "0xbaee2", "0x20282bb7"
"W", "0x2ebb88", "0x278d2936"
"R", "0x24ff21"
"R", "0xf93d8"
"R", "0x21c054"
"W", "0x298a40", "0xdca0e10"
"W", "0x4041db", "0x3b56ac74"
"R", "0x368574"
"W", "0x2ebb88", "0x3bd7e04c"
"R", "0x53148"
"R", "0x418e2d"
"R", "0x23b2cf"
"R", "0x3e4f60"
"R", "0x161172"
"R", "0x418e2d"
"W", "0x230ca6", "0x4388ddce"
"W", "0x1fcdd9", "0x3738e780"
"W", "0x1c8f0c", "0x493a910d"
"R", "0x23b2cf"
"R", "0x10e02a"
"R", "0x44ccfa"
"W", "0x40e804", "0x22fb8690"
"W", "0x9163e", "0x35dc87b"
"W", "0x19f668", "0x15e57995"
"R", "0xb08b9"
"R", "0x28e417"
"W", "0x4380a8", "0x2f17c445"
"W", "0x3d030e", "0x47243798"
"W", "0x3d030e", "0x64464b1e"
"R", "0x2797c5"
"W", "0x35df4b", "0x649ff6b"
"W", "0x2f61b1", "0x6ac55f36"
"W", "0x67d9a", "0x3802b30a"
"R", "0x5d771"
"R", "0x4380a8"
"R", "0x2e155f"
"W", "0x2ebb88", "0x688617f2"
"W", "0xa6290", "0x579815a2"
"R", "0x3bb6bc"
"W", "0x2458f8", "0x68ba725a"
"R", "0x2c22e4"
"W", "0x16b79b", "0x7f406eab"
"W", "0x21c054", "0x4707c1bc"
"R", "0x230ca6"
"R", "0x3da937"
"R", "0x2a3069"
"R", "0x3da937"
"R", "0x3007da"
"R", "0x3a6a6a"
"R", "0x141ef7"
"W", "0x1b42ba", "0x329b4160"
"R", "0x32a07e"
"R", "0x3da937"
"W", "0x2458f8", "0x70ae51c"
"W", "0x1a9c91", "0x6eb07073"
"W", "0x423456", "0x1c44088"
"R", "0x2458f8"
"W", "0x24ff21", "0x6bdd06d4"
"W", "0x2b7cbb", "0x41c725ff"
"R", "0x2b7cbb"
"W", "0x3a6a6a", "0x31c29b79"
"R", "0x30ae03"
"W", "0x2e155f", "0x73c7a3ae"
"R", "0xe4786"
"W", "0x7c9ec", "0x6c33594b"
"W", "0x37d1c6", "0x5ff00398"
"W", "0x1be8e3", "0x750007df"
"W", "0x18aa16", "0x27d36b15"
"W", "0x2ad692", "0x38028d96"
"W", "0xc550b", "0x648aa4b6"
"W", "0x264b73", "0x5f88fab5"
"W", "0x3007da", "0xf85f68f"
"W", "0x368574", "0x580ed12"
"R", "0x2e155f"
"W", "0x37d1c6", "0x12d99fa2"
"W", "0x2ad692", "0x7811a0f0"
"W", "0x19503f", "0x54afc374"
"W", "0x1be8e3", "0x7fa5938b"
"W", "0x33ecd0", "0x74416f62"
"W", "0x46194c", "0x1c820616"
"W", "0x1ddb5e", "0x40835c5d"
"W", "0xcfb34", "0x41ae5c4d"
"W", "0x2b7cbb", "0x1473eaf6"
"R", "0x33ecd"
"R", "0x40e804"
"W", "0x118653", "0x1c1bc7e0"
"R", "0x3d030e"
"W", "0xcfb34", "0x35d420c9"
"W", "0x12d2a5", "0x6ce0624d"
"W", "0x2c22e4", "0x4419e64d"
"W", "0x39c441", "0x242741fe"
"W", "0x1803ed", "0x4514342d"
"W", "0x2a3069", "0x694a4e44"
"R", "0x16b79b"
"W", "0x25a54a", "0x62ea4e2a"
"R", "0xa6290"
"W", "0x723c3", "0x5586b1ad"
"R", "0x2f61b1"
"W", "0x1ddb5e", "0x6f29bbe1"
"R", "0x175dc4"
"R", "0x1d3535"
"W", "0x2f61b1", "0x324f745a"
"W", "0xcfb34", "0x7923d865"
"R", "0x211a2b"
"W", "0xbaee2", "0x11006e21"
"W", "0x353922", "0x6a9215a7"
"W", "0x298a4", "0x5a01959e"
"R", "0x16b79b"
"R", "0x3c5ce5"
"W", "0x14c520", "0x6f90627e"
"W", "0x1378ce", "0x6cc79168"
"W", "0x423456", "0x412f1a12"
"W", "0x3c5ce5", "0x18e95540"
"W", "0x156b49", "0x262b5b32"
"W", "0x418e2d", "0xa734ab0"
"W", "0x39c441", "0x4ea75a2c"
"R", "0x87015"
"W", "0x12d2a5", "0x7ac58404"
"R", "0x3da937"
"R", "0x103a01"
"R", "0x30ae03"
"W", "0x5d771", "0x2ab964f3"
"R", "0x21c054"
"R", "0x2b7cbb"
"R", "0x2b7cbb"
"W", "0x1ddb5e", "0xeed5811"
"R", "0x16b79b"
"W", "0xda15d", "0x5c65e37a"
"W", "0x26f19c", "0x73440465"
"W", "0x3bb6bc", "0x48fd6f6c"
"W", "0x3bb6bc", "0x2763c89b"
"W", "0x1be8e3", "0x2f8db715"
"W", "0x16b79b", "0x7591acc5"
"W", "0xbaee2", "0x47397797"
"W", "0x3c5ce5", "0x68ff980f"
"R", "0x391e18"
"W", "0x87015", "0x646cc4f8"
"R", "0x298a40"
"R", "0x67d9a"
"W", "0x723c3", "0x62abc1bf"
"R", "0x39c441"
"W", "0x457323", "0xce7d144"
"W", "0x283dee", "0x2eb8a827"
"W", "0x33ecd0", "0x444a4bb3"
"W", "0x9bc67", "0x55e2f859"
"R", "0x3c5ce5"
"R", "0x32a07e"
"R", "0x4426d1"
"W", "0x25a54a", "0x1f9d2309"
"W", "0x141ef7", "0x787f1f40"
"R", "0x230ca6"
"R", "0x264b73"
"R", "0x67d9a"
"R", "0x2ebb88"
"W", "0x53148", "0x708eed65"
"W", "0x4426d1", "0x5d0c20fc"
"W", "0x67d9a", "0xe24eadb"
"W", "0x156b49", "0x3026efd2"
"W", "0x2b7cbb", "0x4be206b7"
"W", "0x2f61b1", "0x10fb9aca"
"W", "0x32a07e", "0x27f415c8"
"W", "0xcfb34", "0x3d17526a"
"R", "0x1378ce"
"R", "0x33ecd"
"R", "0x12d2a5"
"R", "0x87015"
"R", "0x141ef7"
"W", "0x3346a7", "0x9170be7"
"W", "0xeedaf", "0x9ac7d69"
"W", "0x2cc90d", "0x7e81e39f"
"R", "0x3f9bb2"
"W", "0x3f9bb2", "0x5811b5f1"
"W", "0x31fa55", "0x10de2d32"
"W", "0x230ca6", "0x2cb5b801"
"R", "0x24ff21"
"W", "0x28e417", "0x7caea66b"
"R", "0x12d2a5"
"W", "0x1e8187", "0x3b7da320"
"R", "0x3346a7"
"W", "0x9163e", "0x359b4bf1"
"W", "0x16b79b", "0x53a6e14a"
"W", "0x33ecd0", "0x302446d8"
"R", "0x2ad692"
"R", "0x103a01"
"R", "0x4041db"
"W", "0x9163e", "0x5d4f9ec0"
"R", "0x1803ed"
"R", "0x24ff21"
"W", "0x118653", "0x4be503f7"
"W", "0x5d771", "0xe5dfab8"
"W", "0x3f9bb2", "0x3c31b8b2"
"R", "0x19f668"
"W", "0x33ecd0", "0x6c112463"
"W", "0x67d9a", "0x3d8c56ea"
"W", "0x3346a7", "0x62f203b0"
"W", "0x1a9c91", "0x6da75bdf"
"R", "0x122c7c"
"W", "0x1ddb5e", "0x123fa3b0"
"W", "0x40e804", "0x4d8b9174"
"R", "0x372b9d"
"W", "0xeedaf", "0x55f70e6c"
"W", "0x40e804", "0x6d64e9c8"
"W", "0x40e804", "0x432038df"
"W", "0x28e417", "0x42c33a86"
"W", "0x12d2a5", "0x6c98988b"
"W", "0x3e4f60", "0x6f2ac073"
"W", "0x723c3", "0x7bce0373"
"R", "0x44ccfa"
"W", "0x9163e", "0x42176eb9"
"R", "0x372b9d"
"W", "0x4380a8", "0x4ca27725"
"R", "0x24ff21"
"W", "0xa6290", "0x321fda0"
"W", "0x26f19c", "0x249f0091"
"W", "0x1803ed", "0x8cef95e"
"R", "0x4380a8"
"R", "0x2a3069"
"W", "0xa6290", "0x7cf159d"
"W", "0x372b9d", "0x5d76a7e7"
"R", "0x1f27b0"
"R", "0xeedaf"
"W", "0x161172", "0x635f04c7"
"R", "0x368574"
"R", "0x3e4f60"
"W", "0x118653", "0x3f8667e0"
"W", "0x22667d", "0x23e69b69"
"W", "0xe4786", "0x2595732c"
"W", "0x2e155f", "0x61cf0baf"
"R", "0x10e02a"
"W", "0x7c9ec", "0x683abd34"
"W", "0x9163e", "0x15a91337"
"W", "0x3346a7", "0xc150a5c"
"R", "0xeedaf"
"W", "0x9163e", "0x33490bdb"
"W", "0x1ddb5e", "0xf683ec1"
"R", "0x2ad692"
"R", "0x1803ed"
"R", "0x44ccfa"
"R", "0x423456"
"R", "0x207402"
"R", "0x4380a8"
"R", "0x1a9c91"
"W", "0xeedaf", "0x7f60b5a0"
"W", "0xcfb34", "0x5dbb522e"
"W", "0x723c3", "0x127ceb6b"
"W", "0xc550b", "0x6fc25231"
"W", "0x21c054", "0x2850caff"
"R", "0x1f27b0"
"W", "0x2b7cbb", "0x297aa0c6"
"W", "0x5d771", "0x19d444c1"
"W", "0x391e18", "0x529aab6a"
"R", "0x2e155f"
"R", "0x32a07e"
"R", "0x298a40"
"W", "0x1b42ba", "0x4381081a"
"W", "0x2a3069", "0xe01564c"
"R", "0x44ccfa"
"R", "0x372b9d"
"W", "0x1c8f0c", "0x7492419c"
"W", "0x9163e", "0x4eb36e0c"
"W", "0x2c22e4", "0x69330730"
"R", "0x24ff21"
"R", "0x3a6a6a"
"R", "0x156b49"
"R", "0x31fa55"
"W", "0x103a01", "0x49920829"
"W", "0x30ae03", "0x6e55487e"
"W", "0x26f19c", "0x28d6f80c"
"W", "0x2c22e4", "0x2de6bb3f"
"R", "0x3d030e"
"W", "0x3c5ce5", "0x6a397cab"
"W", "0x9163e", "0x3484f1d7"
"R", "0x2ebb88"
"W", "0x1ddb5e", "0x2b356fa4"
"W", "0x2d6f36", "0x3e659fa2"
"R", "0x12d2a5"
"W", "0x3a6a6a", "0x4bf1d797"
"R", "0x2ebb88"
"R", "0x35df4b"
"R", "0x25a54a"
"R", "0x298a40"
"R", "0x2c22e4"
"W", "0x12d2a5", "0x18cf4bbb"
"W", "0x1c8f0c", "0x100a645"
"R", "0x2d6f36"
"R", "0x1c8f0c"
"R", "0x2a3069"
"R", "0x3ef589"
"W", "0x31fa55", "0x4bbedf85"
"W", "0x4041db", "0x4f5afe89"
"W", "0x18aa16", "0x55ba84f1"
"R", "0x1d3535"
"W", "0x12d2a5", "0x465f81b8"
"R", "0xa6290"
"R", "0x5d771"
"R", "0x418e2d"
"W", "0xcfb34", "0x64a44c1a"
"W", "0x14c520", "0x3744c5e1"
"R", "0x1be8e3"
"W", "0x30ae03", "0x81409e3"
"W", "0x175dc4", "0x1c7d9e40"
"R", "0x3c5ce5"
"R", "0x1be8e3"
"R", "0x1f27b0"
"W", "0x10e02a", "0x57685e17"
"W", "0x2d6f36", "0x361162be"
"W", "0x30ae03", "0x59bb9390"
"R", "0x24ff21"
"W", "0x37d1c6", "0x3c09b8fc"
"R", "0x298a40"
"W", "0x24ff21", "0x47a1b801"
"R", "0x2ad692"
"W", "0x211a2b", "0x6f4ee5ec"
"W", "0x161172", "0x7a25c755"
"R", "0x3e4f60"
"W", "0x14c520", "0x126e20a6"
"R", "0x2458f8"
"W", "0x103a01", "0x6ee10dc6"
"R", "0x141ef7"
"W", "0x9163e", "0x4931bca"
"R", "0x9163e"
"R", "0x31542c"
"R", "0x418e2d"
"R", "0x40e804"
"W", "0x21c054", "0x499b95aa"
"R", "0x2ebb88"
"R", "0xb08b9"
"R", "0xf93d8"
"W", "0x40e804", "0x65015bab"
"W", "0x3f9bb2", "0x1c546614"
"R", "0x35df4b"
"W", "0x283dee", "0x5e477b6a"
"W", "0x2ad692", "0x78631a65"
"W", "0x22667d", "0x41457c3b"
"R", "0x2e155f"
"R", "0x12d2a5"
"R", "0x3492f9"
"W", "0x37d1c6", "0x6c686fbf"
"W", "0x3492f9", "0xf18e374"
"W", "0x1e8187", "0x2b757890"
"W", "0x22667d", "0x68d73723"
"R", "0x161172"
"W", "0x368574", "0x51a27189"
"R", "0x67d9a"
"W", "0x1a9c91", "0x54ba3ac"
"W", "0x3007da", "0x2bbed1d"
"R", "0x1378ce"
"W", "0x35df4b", "0x623bff43"
"R", "0x4041db"
"W", "0x2458f8", "0x22709ca1"
"R", "0xcfb34"
"R", "0x16b79b"
"R", "0x156b49"
"W", "0x141ef7", "0x1c1aea87"
"W", "0x87015", "0x1fc2863"
"R", "0x48b1f"
"R", "0x40e804"
"W", "0x3ef589", "0x763f1243"
"R", "0x19503f"
"R", "0x3da937"
"R", "0x118653"
"R", "0x19503f"
"R", "0x264b73"
"W", "0x3492f9", "0x2a6b5ebe"
"W", "0x230ca6", "0x65ec3314"
"R", "0x14c520"
"W", "0x283dee", "0x531c8dc9"
"R", "0x122c7c"
"R", "0x16b79b"
"W", "0x298a40", "0x70924fe6"
"R", "0x28e417"
"R", "0x3d030e"
"W", "0x33ecd0", "0x1a59798b"
"W", "0x35df4b", "0xc90513a"
"W", "0x3f9bb2", "0x2dd64402"
"R", "0x24ff21"
"W", "0x7c9ec", "0x276cce58"
"R", "0x368574"
"W", "0x3877ef", "0x23992c2f"
"W", "0x3492f9", "0xf557694"
"R", "0x31542c"
"R", "0x2ad692"
"R", "0x39c441"
"W", "0x40e804", "0xa9fb9df"
"R", "0x156b49"
"R", "0xf93d8"
"R", "0xf93d8"
"W", "0x10e02a", "0x5a617b4b"
"W", "0xa6290", "0x74956fb9"
"W", "0x122c7c", "0x7f9a04b5"
"R", "0x2458f8"
"W", "0x1d3535", "0x7da70413"
"W", "0x48b1f", "0x284176cf"
"W", "0x175dc4", "0x5930aae4"
"W", "0x3346a7", "0x39d36a72"
"W", "0x1be8e3", "0x2c7c0b89"
"W", "0x24ff21", "0x3bf0bf6c"
"W", "0x21c054", "0x3acf684d"
"W", "0x7c9ec", "0x8bdf744"
"W", "0x1378ce", "0x67705380"
"W", "0x230ca6", "0x21acc798"
"W", "0xcfb34", "0x297f7e6"
"W", "0x67d9a", "0x3bb161bc"
"W", "0x3c5ce5", "0x5c096040"
"R", "0x368574"
"W", "0x264b73", "0xd93cab7"
"W", "0x87015", "0x32a45d7f"
"W", "0x1b42ba", "0x5e002ce"
"W", "0x14c520", "0xad50dad"
"W", "0x122c7c", "0x25c689b"
"W", "0x3346a7", "0x62de1a15"
"R", "0x19503f"
"W", "0x2458f8", "0x3e8d9a17"
"W", "0x1d3535", "0x4a623573"
"R", "0x264b73"
"R", "0xc550b"
"R", "0x32a07e"
"W", "0x207402", "0x6958aa0e"
"W", "0x418e2d", "0x4a507c1"
"W", "0x264b73", "0x85cac35"
"R", "0x1803ed"
"R", "0x3b1093"
"R", "0xa629"
"R", "0x10e02a"
"R", "0x723c3"
"W", "0x3492f9", "0x7df97c44"
"R", "0xcfb34"
"W", "0x3346a7", "0x1909f207"
"W", "0x3492f9", "0x7df0ef51"
"R", "0x211a2b"
"R", "0x1f27b0"
"R", "0x723c3"
"R", "0x372b9d"
"W", "0x353922", "0x41b1f9e1"
"R", "0x30ae03"
"R", "0x67d9a"
"W", "0x87015", "0x618222b2"
"R", "0x1378ce"
"W", "0x22667d", "0x3a59f9"
"R", "0x3492f9"
"W", "0x3346a7", "0x28b94497"
"R", "0x2ebb88"
"R", "0x3ef589"
"R", "0x24ff21"
"R", "0x4041db"
"W", "0x53148", "0x4324c497"
"R", "0x211a2b"
"R", "0x2ad692"
"R", "0x67d9a"
"R", "0x1d3535"
"R", "0x2c22e4"
"W", "0x2cc90d", "0x160ff09c"
"W", "0x418e2d", "0x54c1bc4d"
"R", "0x122c7c"
"R", "0xda15d"
"W", "0x18aa16", "0x71e63bad"
"R", "0x3a6a6a"
"W", "0x14c520", "0x65b6ba03"
"R", "0x2b7cbb"
"R", "0x31fa55"
"R", "0x1fcdd9"
"R", "0x1b42ba"
"R", "0x1f27b0"
"W", "0x141ef7", "0x39528237"
"R", "0x2c22e4"
"R", "0x3ef589"
"W", "0x3877ef", "0x61437900"
"R", "0x5d771"
"W", "0x26f19c", "0x7d2cf447"
"W", "0x372b9d", "0x58c7378"
"W", "0x2c22e4", "0x2f2c8741"
"W", "0x118653", "0x28299c72"
"W", "0x24ff21", "0x3f0a05c8"
"W", "0x24ff21", "0x2479ec39"
"W", "0x44ccfa", "0x17fd0762"
"R", "0x230ca6"
"W", "0x1ddb5e", "0x4126e6a8"
"W", "0x2f61b1", "0x5d9b019d"
"W", "0xcfb34", "0x2b58dcda"
"R", "0x1e8187"
"W", "0xbaee2", "0x7487c8"
"R", "0x230ca6"
"W", "0x368574", "0x649292b2"
"R", "0x3c5ce5"
"R", "0xeedaf"
"W", "0x3e4f60", "0x7382cb79"
"R", "0x3e4f6"
"W", "0x32a07e", "0x1c7f3fbc"
"R", "0x19503f"
"W", "0x3b1093", "0x21e6f626"
"R", "0x4380a8"
"W", "0xa6290", "0x4a467e02"
"W", "0x3c5ce5", "0x6f6f0c64"
"W", "0x5d771", "0x3837c8b8"
"R", "0x2b7cbb"
"W", "0x1d3535", "0x51d86973"
"R", "0x391e18"
"R", "0xf93d8"
"R", "0x3007da"
"R", "0x2458f8"
"R", "0x33ecd0"
"W", "0x24ff21", "0x5840a56a"
"W", "0x423456", "0x5e8c0b95"
"R", "0x2ad692"
"W", "0x21c054", "0xffeac3d"
"R", "0x1a9c91"
"W", "0x3492f9", "0x2f7f4dec"
"R", "0x3c5ce5"
"R", "0x18aa16"
"R", "0x3492f9"
"W", "0x10e02a", "0x18cbfe4"
"R", "0x25a54a"
"W", "0x7c9ec", "0x2bb37b8f"
"W", "0x3da937", "0x635246da"
"W", "0x39c441", "0x7c357b6a"
"R", "0x87015"
"W", "0x25a54a", "0x4b15a47e"
"R", "0x264b73"
"W", "0x2c22e4", "0x7e33e742"
"R", "0x2b7cbb"
"R", "0x31fa55"
"W", "0x4380a8", "0x61cb405d"
"W", "0x4041db", "0x1a10b7c3"
"W", "0xda15d", "0x449146ca"
"R", "0x353922"
"W", "0x1a9c91", "0x3776fce4"
"R", "0x9163e"
"R", "0x5d771"
"R", "0x3da937"
"R", "0x3c5ce5"
"R", "0x5d771"
"W", "0xbaee2", "0x19ee376c"
"W", "0x1d3535", "0x11e0dcae"
"R", "0x22667d"
"R", "0x372b9d"
"R", "0x3e4f6"
"W", "0x31542c", "0x5fc533c4"
"W", "0x16b79b", "0x602c705"
"R", "0x12d2a5"
"R", "0x3e4f60"
"R", "0x723c3"
"R", "0x1d3535"
"W", "0xf93d8", "0x7e0f1dd1"
"W", "0xe4786", "0x774edff9"
"W", "0x9bc67", "0x2e3d86af"
"W", "0x230ca6", "0x7bf43482"
"W", "0x372b9d", "0x6a6f215f"
"R", "0x3877ef"
"R", "0x141ef7"
"R", "0x26f19c"
"R", "0x3b1093"
"W", "0x3007da", "0x1dd89641"
"W", "0x211a2b", "0x7e6bda41"
"R", "0xa6290"
"R", "0x28e417"
"R", "0x723c3"
"W", "0x1378ce", "0x60d15053"
"W", "0x18aa16", "0x609c200a"
"W", "0x1d3535", "0x38e77c85"
"W", "0x161172", "0x223b7177"
"W", "0x35df4b", "0x688323a4"
"W", "0x141ef7", "0x7b03e989"
"W", "0x3d030e", "0x34872b60"
"W", "0x1b42ba", "0x54480ba9"
"R", "0x31542c"
"W", "0x1be8e3", "0x378f624d"
"W", "0x3bb6bc", "0x3842c554"
"R", "0x3f9bb2"
"R", "0x19503f"
"W", "0x37d1c6", "0x708621c5"
"W", "0x211a2b", "0x4aecae44"
"R", "0xc550b"
"W", "0x5d771", "0x42c6ec8"
"W", "0x19f668", "0x12dfa3a3"
"W", "0x18aa16", "0x3c2cf778"
"R", "0x2f61b1"
"W", "0x4041db", "0x365ff76d"
"W", "0x418e2d", "0x436d918d"
"R", "0x3ef589"
"W", "0x391e18", "0x277046d7"
"R", "0x4380a8"
"R", "0x4041db"
"R", "0x37d1c6"
"R", "0x1ddb5e"
"W", "0x25a54a", "0x3d1662e9"
"R", "0x141ef7"
"W", "0x24ff21", "0x777e8712"
"W", "0xa629", "0x40f44d9d"
"W", "0x23b2cf", "0x4e970cb7"
"W", "0x4041db", "0x2f72330d"
"R", "0x723c3"
"W", "0x9bc67", "0x3fc72f97"
"W", "0x723c3", "0x62f7f845"
"W", "0x14c520", "0x46ef66f0"
"R", "0x122c7c"
"W", "0x19f668", "0x6fb1dbfd"
"R", "0x33ecd0"
"R", "0x40e804"
"W", "0xc550b", "0x6a3e97d5"
"R", "0x33ecd0"
"W", "0x372b9d", "0x7987ceea"
"W", "0x353922", "0x6218e682"
"W", "0x1a9c91", "0x3087d5bf"
"W", "0x16b79b", "0x486b3fe7"
"W", "0x122c7c", "0x33ea0bcc"
"R", "0x1a9c91"
"R", "0x87015"
"W", "0x283dee", "0x2bbec02f"
"R", "0x141ef7"
"W", "0x9163e", "0x1b95acb9"
"W", "0x122c7c", "0x5cbfc3f7"
"W", "0x264b73", "0x4f23290e"
"R", "0x423456"
"R", "0x283dee"
"R", "0x3346a7"
"W", "0x9bc67", "0x66e8e745"
"R", "0x2f61b1"
"W", "0x37d1c6", "0x1e03a22e"
"W", "0x3c5ce5", "0x616161b5"
"R", "0xb08b9"
"W", "0x3da937", "0x66f78de0"
"R", "0x3e4f6"
"W", "0x3e4f6", "0x6c385eb1"
"R", "0x156b49"
"W", "0x28e417", "0x782b8811"
"R", "0x4041db"
"W", "0x2e155f", "0x75def58b"
"R", "0x2e155f"
"R", "0x3b1093"
"R", "0x1803ed"
"R", "0x19f668"
"R", "0x19f668"
"R", "0x3c5ce5"
"R", "0x3bb6bc"
"R", "0x9163e"
"R", "0x18aa16"
"R", "0xcfb34"
"W", "0x3877ef", "0x5695d310"
"W", "0x32a07e", "0x46293fc9"
"R", "0x42da7f"
"R", "0x2f61b1"
"R", "0x3492f9"
"W", "0x1d3535", "0x6e2e990f"
"W", "0x28e417", "0x133ed1b7"
"R", "0x1e8187"
"R", "0x16b79b"
"W", "0x40e804", "0x5ed45b71"
"W", "0x5d771", "0x7074fc26"
"R", "0x24ff21"
"R", "0x118653"
"W", "0x3ef589", "0x73fb9dee"
"R", "0x118653"
"W", "0x1c8f0c", "0x1c14da02"
"R", "0x3ef589"
"W", "0x298a40", "0x1a153ff"
"R", "0x298a40"
"R", "0x12d2a5"
"R", "0xe4786"
"W", "0x2ebb88", "0x37c13eb7"
"W", "0x264b73", "0x598a18ea"
"R", "0x42da7f"
"W", "0x53148", "0x29718d52"
"W", "0x10e02a", "0x3f14c4df"
"R", "0x25a54a"
"W", "0x3d030e", "0x12149bf1"
"R", "0x3da937"
"W", "0x391e18", "0x6d8c2e81"
"R", "0x21c054"
"W", "0x1fcdd9", "0x2e62435f"
"W", "0x31fa55", "0x19c490ec"
"W", "0xc550b", "0x1cb83c2a"
"W", "0x14c52", "0x615f26cc"
"W", "0x3007da", "0x26af5e2b"
"R", "0x18aa16"
"W", "0x48b1f", "0x23bb11dc"
"W", "0x2d6f36", "0x72f6f733"
"W", "0x298a40", "0x79b538e0"
"W", "0x1c8f0c", "0x3bed4802"
"W", "0x16b79b", "0x473c8c0c"
"W", "0x31542c", "0x682ffef8"
"R", "0x423456"
"R", "0x3e4f60"
"W", "0x31542c", "0x4a8fdc5c"
"W", "0x1b42ba", "0x62316dd5"
"W", "0x23b2cf", "0x74409fbb"
"W", "0x1d3535", "0x7cd7e301"
"R", "0x2c22e4"
"W", "0x2ad692", "0x52865277"
"R", "0x1378ce"
"W", "0x103a01", "0x99f4bd1"
"W", "0x2d6f36", "0x67bbdb02"
"W", "0x1be8e3", "0x5cae424d"
"R", "0x3bb6bc"
"R", "0x1ddb5e"
"W", "0x37d1c6", "0x3f3d96ce"
"R", "0x87015"
"W", "0xb08b9", "0x47c66b0d"
"W", "0x372b9d", "0x77685331"
"R", "0x423456"
"R", "0x3c5ce5"
"R", "0x2797c5"
"R", "0x4041db"
"R", "0x67d9a"
"R", "0x16b79b"
"R", "0x2f61b1"
"W", "0xe4786", "0x51af1a3a"
"R", "0x1ddb5e"
"W", "0x2458f8", "0x182feda7"
"R", "0x44ccfa"
"W", "0x264b73", "0x745c1d3d"
"W", "0xf93d8", "0x16ae3f0"
"W", "0x230ca6", "0x48456b70"
"W", "0x723c3", "0x50fb04b7"
"R", "0xa6290"
"R", "0x264b73"
"W", "0x39c441", "0x5d12049b"
"W", "0x207402", "0x63cea51"
"W", "0x5d771", "0xe64f3ff"
"W", "0x33ecd0", "0x18008280"
"W", "0x2458f8", "0x157a5bee"
"R", "0x3492f9"
"W", "0x3c5ce5", "0x316fd6dc"
"W", "0x122c7c", "0x2b798d48"
"W", "0x3da937", "0x3f2c7fe7"
"W", "0x35df4b", "0x2bf5b6fa"
"W", "0x14c520", "0x4830d1f2"
"R", "0x24ff21"
"W", "0x2cc90d", "0x607887dd"
"W", "0x2d6f36", "0x3201e365"
"W", "0x2f61b1", "0x5366f666"
"W", "0x10e02a", "0x4a1a6152"
"W", "0x25a54a", "0x4fe746f1"
"R", "0x207402"
"W", "0x1fcdd9", "0x267ea53c"
"W", "0xf93d8", "0x45fb7bfe"
"R", "0xda15d"
"R", "0x264b73"
"W", "0x1be8e3", "0x5d2c6386"
"R", "0x2797c5"
"R", "0x2b7cbb"
"R", "0x1c8f0c"
"W", "0x53148", "0x3052022c"
"R", "0x3bb6bc"
"W", "0x1c8f0c", "0x5d625c1d"
"W", "0xda15d", "0x5efab477"
"R", "0x2c22e4"
"W", "0xa6290", "0x435f70a1"
"R", "0xf93d8"
"R", "0x207402"
"W", "0x118653", "0x7f3484d1"
"R", "0x2458f8"
"W", "0x9163e", "0x757c7642"
"W", "0x723c3", "0x14cebfc8"
"R", "0x207402"
"W", "0x4426d1", "0x29d2fae8"
"W", "0x1fcdd9", "0x6cf2a2ad"
"R", "0x175dc4"
"R", "0x2c22e4"
"W", "0x2ad692", "0x744e2dbc"
"W", "0x3c5ce5", "0x75997f2a"
"R", "0x103a01"
"R", "0x1be8e3"
"W", "0x3a6a6a", "0x42d61464"
"W", "0xe4786", "0x655f1a21"
"R", "0x122c7c"
"R", "0x211a2b"
"W", "0x2458f8", "0xa320861"
"R", "0x1c8f0c"
"R", "0x32a07e"
"W", "0x207402", "0x3ac5df98"
"R", "0xf93d8"
"R", "0x2f61b1"
"R", "0x122c7c"
"R", "0x418e2d"
"R", "0x3492f9"
"W", "0x391e18", "0x7a010c9a"
"R", "0x37d1c6"
"R", "0x10e02a"
"W", "0x33ecd0", "0x74085d57"
"W", "0x1803ed", "0x2313d5a3"
"W", "0x3da937", "0x28dd5b65"
"R", "0x3a6a6a"
"R", "0x31542c"
"R", "0x2d6f36"
"R", "0x118653"
"R", "0x3346a7"
"W", "0x3da937", "0x1665e539"
"R", "0x9bc67"
"W", "0x67d9a", "0x7113af2"
"R", "0x2b7cbb"
"R", "0x12d2a5"
"W", "0x122c7c", "0x1454d8aa"
"R", "0xf93d8"
"R", "0x1f27b0"
"R", "0x372b9d"
"W", "0x3877ef", "0x51678981"
"W", "0x1a9c91", "0x5b772104"
"R", "0x25a54a"
"W", "0x391e18", "0x78627458"
"R", "0x423456"
"W", "0x2a3069", "0x4f89cc0c"
"R", "0x2ebb88"
"R", "0x2ebb88"
"R", "0x3d030e"
"W", "0x16b79b", "0xbbd0711"
"R", "0xa6290"
"W", "0xc550b", "0x443177ac"
"W", "0x2b7cbb", "0x33cd24be"
"W", "0x207402", "0x28db0f0d"
"W", "0x1b42ba", "0x5ea1ff11"
"R", "0x44ccfa"
"R", "0x175dc4"
"R", "0x1d3535"
"W", "0x353922", "0x101d6d0c"
"R", "0x21c054"
"R", "0x1be8e3"
"W", "0x5d771", "0x4c79611d"
"W", "0x32a07e", "0x5a8deddd"
"W", "0x16b79b", "0x4dfcc510"
"W", "0x283dee", "0x6bacc62f"
"R", "0x103a01"
"R", "0x53148"
"W", "0x391e18", "0x38aa4356"
"W", "0x35df4b", "0x32f445de"
"W", "0x2c22e4", "0xf4ed5a5"
"R", "0x3e4f60"
"R", "0x1f27b0"
"W", "0x353922", "0x1b774e8f"
"R", "0xc550b"
"R", "0x1c8f0c"
"R", "0x3f9bb2"
"R", "0x3a6a6a"
"R", "0x283dee"
"W", "0x103a01", "0x2043e735"
"R", "0x87015"
"R", "0x3877ef"
"W", "0x10e02a", "0x70b8f69f"
"R", "0x3b1093"
"W", "0x391e18", "0x2a4f1d42"
"W", "0x423456", "0x71f0ad26"
"R", "0x1fcdd9"
"R", "0xe4786"
"W", "0x2e155f", "0x64c36cca"
"R", "0x1f27b0"
"W", "0x1d3535", "0xb47bfd8"
"W", "0xe4786", "0x2b9ff687"
"R", "0x14c520"
"R", "0x3da937"
"W", "0x4426d1", "0x1f25387f"
"R", "0x48b1f"
"R", "0x175dc4"
"W", "0x1f27b", "0x7fad2c5e"
"R", "0x2e155f"
"W", "0x1f27b0", "0x66d200e7"
"W", "0x418e2d", "0x4a2e67b7"
"R", "0x141ef7"
"R", "0x2d6f36"
"W", "0x156b49", "0x2260ba6"
"W", "0x2ad692", "0x6726320f"
"R", "0x3bb6bc"
"R", "0x25a54a"
"W", "0x161172", "0xd1ac72"
"R", "0x2f61b1"
"W", "0x9bc67", "0x69a1fbdd"
"R", "0x28e417"
"R", "0x1c8f0c"
"W", "0x230ca6", "0xde3430a"
"W", "0x2d6f36", "0x5b6c797b"
"R", "0x1803ed"
"R", "0x67d9a"
"W", "0x25a54a", "0x65bc8810"
"W", "0x4426d1", "0x3c32c6cb"
"W", "0x7c9ec", "0x5d2a7bcd"
"W", "0x207402", "0x6d377e7b"
"R", "0x2d6f36"
"R", "0x3e4f60"
"W", "0xb08b9", "0x70d2b502"
"W", "0x3346a7", "0x5db36902"
"W", "0x40e804", "0x1b4cd357"
"R", "0xc550b"
"R", "0x1fcdd9"
"R", "0xc550b"
"W", "0x48b1f", "0x3085d9da"
"R", "0x2ad692"
"R", "0x156b49"
"R", "0x9bc67"
"W", "0x2a3069", "0x5666f967"
"R", "0x2c22e4"
"R", "0x161172"
"W", "0x2d6f36", "0x4230cbea"
"R", "0x283dee"
"R", "0x3ef589"
"W", "0xa6290", "0x8d4f2a9"
"R", "0xa6290"
"W", "0xbaee2", "0x30496e65"
"R", "0x1c8f0c"
"R", "0x1a9c91"
"W", "0x230ca6", "0x325bf918"
"W", "0x3b1093", "0x470dac56"
"W", "0x1e8187", "0x7c2e5d2a"
"W", "0x22667d", "0x491dc064"
"R", "0x391e18"
"W", "0x2458f8", "0x39cd7b32"
"R", "0x207402"
"R", "0x87015"
"W", "0x1b42ba", "0x3c6b038e"
"R", "0x1d3535"
"W", "0x1fcdd9", "0x2c1a75b"
"R", "0xc550b"
"R", "0x175dc4"
"R", "0x37d1c6"
"R", "0x4041db"
"W", "0x175dc4", "0x2045dbee"
"W", "0x3bb6bc", "0x554d75eb"
"W", "0x3007da", "0x1f85d87b"
"W", "0x19f668", "0x1ac17fff"
"W", "0x18aa16", "0x2aecddbc"
"R", "0x118653"
"R", "0x31542c"
"R", "0x26f19c"
"R", "0x19503f"
"W", "0x230ca6", "0x6b78951b"
"W", "0x14c52", "0x3afb0fb3"
"W", "0xbaee2", "0x433e25c0"
"W", "0x28e417", "0x67dd37b1"
"W", "0x1f27b", "0x79a00c91"
"W", "0x23b2cf", "0x63304464"
"W", "0x28e417", "0x61b2d22c"
"R", "0x3da937"
"R", "0x175dc4"
"W", "0x2e155f", "0x5e198b6d"
"R", "0x418e2d"
"W", "0x87015", "0x26f9de7c"
"R", "0x2c22e4"
"W", "0x12d2a5", "0x1c3e112d"
"R", "0xcfb34"
"R", "0x372b9d"
"W", "0x25a54a", "0x1ffa652"
"W", "0x3ef589", "0x12843e8a"
"W", "0x3ef589", "0x6b0d1d24"
"R", "0x2797c5"
"W", "0x368574", "0x458376ba"
"W", "0xe4786", "0x687f08d7"
"R", "0x9bc67"
"R", "0x9bc67"
"R", "0xa629"
"W", "0x25a54a", "0x789797d2"
"W", "0x161172", "0x49e0d3bf"
"R", "0x3e4f60"
"W", "0x156b49", "0x5dffbc3f"
"W", "0x3d030e", "0x4133222a"
"W", "0xbaee2", "0x54ff1dbb"
"R", "0x103a01"
"W", "0x3d030e", "0x1e9df7cd"
"R", "0x18aa16"
"W", "0xcfb34", "0x2cda499d"
"R", "0x2458f8"
"W", "0x283dee", "0x7b97d81"
"R", "0x723c3"
"W", "0x3007da", "0x798f6b13"
"W", "0xcfb34", "0x65a4f982"
"W", "0xa6290", "0x135396a5"
"R", "0x12d2a5"
"W", "0x230ca6", "0x6a115284"
"W", "0x4041db", "0x5aaf4cea"
"R", "0xbaee2"
"R", "0x2ebb88"
"W", "0x31fa55", "0x5b776f29"
"R", "0x2797c5"
"R", "0x1ddb5e"
"W", "0x3a6a6a", "0xcd62326"
"W", "0x31542c", "0x72044c4b"
"R", "0x21c054"
"R", "0x42da7f"
"R", "0x25a54a"
"W", "0x1ddb5e", "0x1c282c6d"
"W", "0x103a01", "0x1c14fbd2"
"W", "0x2458f8", "0x7e8b9d32"
"R", "0x5d771"
"W", "0x4041db", "0x22cfa906"
"R", "0x33ecd0"
"R", "0x25a54a"
"W", "0xf93d8", "0x4b4b8939"
"W", "0x3492f9", "0x34ceffb0"
"W", "0x3f9bb2", "0x42671938"
"R", "0x207402"
"W", "0x3bb6bc", "0x2ebc3acc"
"W", "0x423456", "0x7350e35c"
"R", "0x10e02a"
"W", "0x3877ef", "0x3c4615bc"
"R", "0x19503f"
"W", "0x42da7f", "0x162e6adc"
"W", "0x368574", "0x39f1dfc1"
"R", "0x3007da"
"W", "0x40e804", "0x42ff11dd"
"R", "0x3346a7"
"R", "0x2a3069"
"W", "0x3f9bb2", "0x5ce5f7d"
"W", "0xb08b9", "0x593c6ce8"
"R", "0x2d6f36"
"R", "0x298a40"
"W", "0x3c5ce5", "0x6df548b4"
"W", "0x24ff21", "0x244f138c"
"W", "0x31fa55", "0x3f66d182"
"R", "0x3a6a6a"
"R", "0x353922"
"R", "0x25a54a"
"R", "0x48b1f"
"W", "0x25a54a", "0x2b9417ac"
"W", "0x44ccfa", "0x75f8e653"
"W", "0x2ad692", "0x1dc7ecdb"
"W", "0x230ca6", "0x59706fe"
"W", "0x2a3069", "0x41696086"
"W", "0x30ae03", "0x7754b3cd"
"W", "0x19f668", "0x35b80f4a"
"R", "0x40e804"
"W", "0xe4786", "0x421448e5"
"W", "0x1c8f0c", "0x7c2ed7b"
"W", "0x298a4", "0x7e430965"
"W", "0x67d9a", "0x822197"
"R", "0x2ebb88"
"R", "0x372b9d"
"W", "0x423456", "0x40facfcd"
"R", "0x9163e"
"W", "0x4041db", "0x85e8dca"
"W", "0x2a3069", "0x5d6d434a"
"R", "0x19503f"
"W", "0x118653", "0x39e374d8"
"R", "0x19503f"
"R", "0x67d9a"
"W", "0x418e2d", "0x3b50d774"
"R", "0x31542c"
"W", "0x2797c5", "0x133e770d"
"W", "0x67d9a", "0x28e56a38"
"W", "0x3492f9", "0x17243c18"
"R", "0x31fa55"
"R", "0x32a07e"
"W", "0x31fa55", "0x28fbc03e"
"R", "0x211a2b"
"R", "0xe4786"
"R", "0x9163e"
"W", "0x5d771", "0x7355c296"
"W", "0x3e4f60", "0x8848bb1"
"R", "0x39c441"
"R", "0x3346a7"
"R", "0x4380a8"
"W", "0x1b42ba", "0x7eea7ea8"
"R", "0x3ef589"
"R", "0x25a54a"
"R", "0x19f668"
"W", "0x1ddb5e", "0x53fc4a19"
"W", "0xeedaf", "0xc029460"
"W", "0x4041db", "0x2af233a8"
"R", "0x26f19c"
"R", "0x3b1093"
"W", "0x9bc67", "0x6938b105"
"R", "0x298a40"
"R", "0x298a40"
"W", "0xf93d8", "0x2c877119"
"R", "0x230ca6"
"R", "0x723c3"
"W", "0x16b79b", "0x551ba9e9"
"R", "0x18aa16"
"R", "0x3b1093"
"W", "0x3877ef", "0x2bbd79ac"
"W", "0x372b9d", "0x573c8cd2"
"R", "0x1be8e3"
"W", "0x26f19c", "0x15092a39"
"R", "0x1803ed"
"R", "0x87015"
"W", "0x1fcdd9", "0x7b565e23"
"R", "0x3da937"
"W", "0x207402", "0x57cbace5"
"W", "0x23b2cf", "0x32fb673a"
"R", "0x418e2d"
"R", "0x3346a7"
"W", "0xeedaf", "0x5edac850"
"W", "0x3bb6bc", "0x6e20a0e"
"R", "0x53148"
"R", "0x1c8f0c"
"R", "0x723c3"
"R", "0x211a2b"
"R", "0x67d9a"
"W", "0xcfb34", "0x6ceb4bb9"
"W", "0x418e2d", "0x6ddd1be3"
"W", "0x32a07e", "0x4039db4"
"W", "0x28e417", "0x32a0ea2d"
"R", "0x1c8f0c"
"R", "0x3e4f60"
"R", "0x87015"
"R", "0x3492f9"
"W", "0x40e804", "0xfb1fbdc"
"R", "0x48b1f"
"R", "0x1378ce"
"R", "0xc550b"
"R", "0x32a07e"
"R", "0x25a54a"
"R", "0xeedaf"
"W", "0xeedaf", "0x1c0b40d4"
"R", "0x33ecd"
"R", "0x22667d"
"W", "0x1803ed", "0x24b1e41d"
"W", "0x1c8f0c", "0x72667d5a"
"W", "0x3bb6bc", "0x2e31e9f4"
"W", "0x25a54a", "0x353514e0"
"W", "0x31542c", "0x44c56bda"
"W", "0x48b1f", "0xaba4009"
"R", "0x3a6a6a"
"W", "0x3da937", "0x4ab0b07c"
"W", "0x19503f", "0x5696ae79"
"R", "0x2d6f36"
"W", "0x22667d", "0x4eb1ae75"
"R", "0x3ef589"
"R", "0x31fa55"
"R", "0x19f668"
"R", "0x35df4b"
"W", "0x23b2cf", "0x709692f"
"W", "0x3007da", "0x8585d32"
"R", "0x9bc67"
"W", "0x32a07e", "0x2cdaa01f"
"W", "0x3d030e", "0x60943990"
"R", "0x264b73"
"W", "0xc550b", "0x85b7265"
"W", "0x2c22e4", "0x52425512"
"W", "0x2ad692", "0x6cba704f"
"W", "0x118653", "0x251f40b3"
"W", "0x1378ce", "0x9ab677e"
"W", "0x1be8e3", "0x4fefa500"
"W", "0x5d771", "0x5ad6db6f"
"W", "0x35df4b", "0x11d0181a"
"W", "0x31fa55", "0x74d7a624"
"R", "0x161172"
"R", "0x4041db"
"W", "0x16b79b", "0x53617bd3"
"W", "0x4041db", "0x48fcc9c5"
"W", "0x2ebb88", "0x452296da"
"R", "0x283dee"
"W", "0x2797c5", "0x4c89f878"
"W", "0x2797c5", "0x373419d1"
"W", "0x87015", "0x1ad6b1ce"
"R", "0x16b79b"
"R", "0x723c3"
"W", "0x9163e", "0x4aa28072"
"R", "0x1378ce"
"R", "0x118653"
"W", "0x28e417", "0x6f79e9c6"
"R", "0xf93d8"
"R", "0x19503f"
"R", "0x118653"
"W", "0x2cc90d", "0x171eb74a"
"R", "0x87015"
"W", "0x156b49", "0x363c46d0"
"W", "0x2797c5", "0x30ec331e"
"R", "0x39c441"
"W", "0x3e4f60", "0x769a2eb3"
"R", "0x33ecd"
"W", "0x141ef7", "0x550bc1b6"
"R", "0x37d1c6"
"R", "0x23b2cf"
"W", "0x5d771", "0x3cdc778f"
"W", "0xc550b", "0x4bf4ec5"
"W", "0x156b49", "0x36b32f3d"
"W", "0x230ca6", "0x7217769d"
"W", "0x67d9a", "0x245ea3d6"
"W", "0x103a01", "0x3de2c32b"
"W", "0x10e02a", "0x55c3221a"
"W", "0x230ca6", "0x49ac4bcc"
"W", "0x207402", "0x418b4d99"
"W", "0x2ebb88", "0x1e4d42a9"
"R", "0x3bb6bc"
"R", "0xbaee2"
"R", "0x12d2a5"
"W", "0x723c3", "0x83b3d8c"
"R", "0x207402"
"R", "0x39c441"
"W", "0x207402", "0x231648f2"
"W", "0x14c520", "0x5587189b"
"W", "0x9bc67", "0x7a4b1e53"
"R", "0x2b7cbb"
"R", "0xe4786"
"R", "0x418e2d"
"R", "0x18aa16"
"R", "0x19f668"
"W", "0x1a9c91", "0x38c7a52d"
"R", "0x2ebb88"
"W", "0x298a40", "0x5e9b2f94"
"R", "0x1b42ba"
"W", "0x1be8e3", "0x4ee7c5fd"
"W", "0x3492f9", "0xcc47e81"
"R", "0x48b1f"
"W", "0x53148", "0x77143b58"
"W", "0x418e2d", "0x3aadeff4"
"W", "0x10e02a", "0x4362c5bc"
"R", "0x26f19c"
"W", "0x3f9bb2", "0x4b4cd31a"
"W", "0x4041db", "0x79d4612c"
"R", "0x264b73"
"W", "0x298a40", "0x3e2daa0a"
"W", "0x156b49", "0xb3e8581"
"R", "0x1d3535"
"R", "0x26f19c"
"W", "0x3d030e", "0x112256ca"
"W", "0x2ad692", "0x4633d2ff"
"R", "0x423456"
"W", "0x175dc4", "0x78a85705"
"R", "0x26f19c"
"R", "0x1be8e3"
"R", "0x1d3535"
"R", "0x3a6a6a"
"W", "0x156b49", "0x6c4ba8d3"
"R", "0x2797c5"
"R", "0x3c5ce5"
"R", "0x2cc90d"
"W", "0x19f668", "0x398490b9"
"R", "0x21c054"
"R", "0xda15d"
"R", "0x1ddb5e"
"R", "0x30ae03"
"W", "0x230ca6", "0x6d23e813"
"R", "0x3f9bb2"
"W", "0x2f61b1", "0x62834013"
"W", "0x118653", "0x78b733bf"
"R", "0x26f19c"
"R", "0xc550b"
"W", "0x3492f9", "0x51726b3"
"W", "0x3e4f6", "0x67d08bc0"
"W", "0x19503f", "0xb897dd0"
"R", "0x21c054"
"W", "0x1be8e3", "0x5b22cb8c"
"W", "0x3877ef", "0x4f643a7d"
"R", "0x1803ed"
"R", "0x26f19c"
"W", "0x230ca6", "0x1a3db444"
"W", "0xb08b9", "0x3a3589f9"
"R", "0x391e18"
"W", "0x207402", "0x94685c5"
"R", "0x3a6a6a"
"R", "0x3e4f6"
"W", "0xa6290", "0x68d156c4"
"R", "0x1f27b0"
"W", "0x3877ef", "0x65496fec"
"W", "0xc550b", "0x2084cde3"
"R", "0x2ebb88"
"R", "0x12d2a5"
"W", "0x4041db", "0x6f75b1b8"
"R", "0x23b2cf"
"W", "0x2a3069", "0x4d683c26"
"W", "0x3007da", "0x2e89911"
"R", "0x1a9c91"
"W", "0x3346a7", "0x176774f3"
"R", "0x10e02a"
"W", "0xb08b9", "0xef9bf3b"
"R", "0x1d3535"
"W", "0x283dee", "0x781ee26f"
"W", "0x5d771", "0x24c58496"
"W", "0x2ad692", "0x6f227124"
"R", "0x19f668"
"W", "0x2ebb88", "0x2bc73cdb"
"W", "0x1c8f0c", "0xee52953"
"W", "0x2c22e4", "0x263ee3f1"
"W", "0xa6290", "0x1bd13c5"
"R", "0x2c22e4"
"W", "0x2f61b1", "0x20a588f6"
"R", "0x1fcdd9"
"R", "0x1378ce"
"W", "0x28e417", "0x4d3c4510"
"R", "0x3c5ce5"
"W", "0x1d3535", "0x44a958e3"
"W", "0x1f27b0", "0x22c1a388"
"W", "0x161172", "0x1352c2a1"
"R", "0x9163e"
"W", "0x3da937", "0x61fe0aeb"
"R", "0x1b42ba"
"W", "0x37d1c6", "0x142ca674"
"R", "0xb08b9"
"W", "0x32a07e", "0x7fd578ce"
"R", "0x4380a8"
"R", "0x67d9a"
"R", "0x161172"
"R", "0x35df4b"
"R", "0x4380a8"
"R", "0x14c52"
"W", "0x2f61b1", "0xecd6ee1"
"R", "0x24ff21"
"R", "0x18aa16"
"R", "0x18aa16"
"R", "0x31542c"
"R", "0xe4786"
"W", "0x3007da", "0xaff89fa"
"W", "0x48b1f", "0x5e65a27e"
"W", "0x37d1c6", "0x3ba0026c"
"R", "0x3a6a6a"
"W", "0x175dc4", "0x69d4a39c"
"W", "0x40e804", "0x1da42cda"
"R", "0x2797c5"
"W", "0xb08b9", "0x2f463421"
"R", "0x2b7cbb"
"W", "0x2458f8", "0x33682c0c"
"R", "0x3492f9"
"R", "0x264b73"
"R", "0x283dee"
"W", "0x207402", "0x546e6f99"
"R", "0x18aa16"
"R", "0x3492f9"
"R", "0x423456"
"R", "0x1d3535"
"W", "0xb08b9", "0x6b312e42"
"W", "0x48b1f", "0x76cc13cd"
"W", "0x3da937", "0x7790462f"
"R", "0x211a2b"
"W", "0x9bc67", "0x22e58ee7"
"R", "0x3877ef"
"W", "0x2d6f36", "0x6aaeefb7"
"W", "0x391e18", "0x327910c0"
"R", "0x3f9bb2"
"W", "0x3bb6bc", "0x7bf6e6fe"
"W", "0x207402", "0x6f20b752"
"R", "0x264b73"
"W", "0x161172", "0x7350ad83"
"W", "0x32a07e", "0x191fd74a"
"W", "0x423456", "0x53329da4"
"R", "0x161172"
"R", "0xda15d"
"R", "0x1f27b0"
"R", "0x3d030e"
"R", "0x368574"
"R", "0x3e4f6"
"W", "0x2ad692", "0x7209a13d"
"R", "0xc550b"
"R", "0x35df4b"
"R", "0x2ad692"
"W", "0x2458f8", "0x697c361b"
"W", "0x19503f", "0x41867ce9"
"W", "0x7c9ec", "0x1812b881"
"W", "0x3ef589", "0x45e118e1"
"R", "0x16b79b"
"W", "0x4426d1", "0x13878be8"
"R", "0x31fa55"
"W", "0x3a6a6a", "0xd153ce6"
"R", "0x32a07e"
"W", "0x2ebb88", "0x594ff858"
"W", "0x2ebb88", "0x441b0794"
"W", "0x19f668", "0x55a55f9b"
"R", "0x53148"
"W", "0xf93d8", "0x1e49ce30"
"W", "0x31fa55", "0x17e56db7"
"R", "0x141ef7"
"R", "0x372b9d"
"W", "0x1e8187", "0x5da9445"
"W", "0x33ecd", "0x113ed7b3"
"W", "0x423456", "0x129b5c9d"
"R", "0x3bb6bc"
"W", "0x2458f8", "0xb2d3f5"
"W", "0x14c520", "0x37320537"
"W", "0x353922", "0x165ae2c2"
"R", "0xbaee2"
"R", "0xcfb34"
"W", "0x122c7c", "0x14966af3"
"R", "0x1be8e3"
"W", "0x22667d", "0x3331e24a"
"W", "0x298a40", "0x12321d3b"
"W", "0x32a07e", "0x60411c0"
"W", "0x37d1c6", "0x50986308"
"W", "0x48b1f", "0x79186727"
"W", "0x3b1093", "0x2c28a9a8"
"W", "0x2d6f36", "0x6a1758d"
"R", "0x2cc90d"
"R", "0x31542c"
"R", "0x26f19c"
"W", "0x298a40", "0x2d921994"
"W", "0x3e4f6", "0x34d0f309"
"W", "0x30ae03", "0x37ea9a1e"
"R", "0x1f27b0"
"R", "0x26f19c"
"W", "0x31fa55", "0x65fc9ca8"
"W", "0x391e18", "0x68bc9963"
"W", "0x3d030e", "0x186e229"
"W", "0x3007da", "0x210d3f4d"
"W", "0x31fa55", "0x5fe38627"
"R", "0x1ddb5e"
"R", "0x67d9a"
"R", "0x33ecd0"
"R", "0x16b79b"
"R", "0x23b2cf"
"R", "0x28e417"
"R", "0x2f61b1"
"R", "0x1a9c91"
"R", "0x3da937"
"R", "0xb08b9"
"R", "0x42da7f"
"W", "0xc550b", "0x8f6fcd5"
"W", "0x26f19c", "0x5bea0943"
"R", "0x457323"
"W", "0x3b1093", "0x7572b952"
"W", "0x2797c5", "0x51bd59a9"
"W", "0x353922", "0x4977f3de"
"W", "0xa6290", "0x38260319"
"R", "0x264b73"
"W", "0x9163e", "0x34198973"
"R", "0x18aa16"
"R", "0x264b73"
"R", "0x118653"
"R", "0x156b49"
"W", "0x18aa16", "0x6851a52e"
"R", "0x7c9ec"
"R", "0x67d9a"
"W", "0x1f27b0", "0x3d4024ed"
"R", "0x1378ce"
"R", "0x423456"
"R", "0x3a6a6a"
"W", "0x53148", "0x5734e2f8"
"W", "0x2f61b1", "0x60b29cad"
"W", "0x3a6a6a", "0xd90030"
"W", "0x1e8187", "0x291499f1"
"R", "0x44ccfa"
"W", "0x1a9c91", "0x73b8169a"
"W", "0x3492f9", "0x5a6bc041"
"W", "0x118653", "0x761e4722"
"W", "0x5d771", "0x56b4ad71"
"W", "0x3ef589", "0x62f456f5"
"W", "0x32a07e", "0x2351338"
"W", "0x4041db", "0x4bf22f9b"
"R", "0x1803ed"
"R", "0x30ae03"
"W", "0x283dee", "0x742c35b"
"R", "0x48b1f"
"R", "0x1803ed"
"W", "0x2a3069", "0x6032eaa2"
"W", "0x3007da", "0x458c059c"
"W", "0x0", "0x6d8eefb0"
"W", "0x7c9ec", "0x213f36df"
"R", "0x1378ce"
"W", "0x3ef589", "0x44f1977c"
"W", "0x3c5ce5", "0xd35b182"
"R", "0x264b73"
"R", "0x2ad692"
"W", "0xa6290", "0x1975cb9"
"W", "0x264b73", "0x2433f3ec"
"R", "0x67d9a"
"W", "0x10e02a", "0x5bb497e2"
"R", "0x53148"
"W", "0x2b7cbb", "0x748a0491"
"R", "0x30ae03"
"W", "0x46194c", "0x59f28142"
"W", "0x30ae03", "0x7fc2a471"
"R", "0x40e804"
"W", "0x1ddb5e", "0x3fa80085"
"W", "0x723c3", "0x48d4703f"
"R", "0x35df4b"
"W", "0x1803ed", "0x3e887cc"
"W", "0x14c520", "0x6b65e2ac"
"W", "0xeedaf", "0x5b5d8bc4"
"R", "0x4426d1"
"W", "0x2ebb88", "0x10894a19"
"R", "0xbaee2"
"R", "0x298a40"
"R", "0x368574"
"R", "0x3877ef"
"W", "0x723c3", "0x4570957"
"R", "0xcfb34"
"W", "0x2a3069", "0x7942923f"
"R", "0x24ff21"
"W", "0x67d9a", "0x21f6460b"
"W", "0x4041db", "0x1ecf2583"
"R", "0x33ecd0"
"W", "0x28e417", "0xa455a64"
"R", "0x87015"
"R", "0xb08b9"
"R", "0x25a54a"
"R", "0x1fcdd9"
"R", "0x283dee"
"W", "0x2ebb88", "0xf236544"
"R", "0x418e2d"
"W", "0x25a54a", "0x7dc3bdc2"
"W", "0x298a40", "0x44f6dca0"
"W", "0x2cc90d", "0x6f8dbce8"
"W", "0x2ebb88", "0x51199066"
"W", "0xbaee2", "0x2bc6ad8c"
"R", "0x10e02a"
"R", "0x30ae03"
"W", "0x1b42ba", "0x2cc84352"
"W", "0x24ff21", "0x698516b1"
"R", "0x14c520"
"W", "0x3e4f6", "0x5530cd3d"
"R", "0x1e8187"
"R", "0x9bc67"
"R", "0x4041db"
"W", "0x3a6a6a", "0x66587a7"
"R", "0x40e804"
"R", "0x31542c"
"R", "0x3a6a6a"
"R", "0xc550b"
"R", "0x3bb6bc"
"R", "0x1be8e3"
"R", "0xbaee2"
"W", "0x1f27b0", "0x44d43d24"
"W", "0x3492f9", "0x7c01191"
"W", "0x2d6f36", "0x1deea21c"
"R", "0x3007da"
"R", "0xe4786"
"R", "0x141ef7"
"W", "0x7c9ec", "0x3cff5bb1"
"R", "0x3ef589"
"R", "0x175dc4"
"R", "0x391e18"
"R", "0x3346a7"
"W", "0x391e18", "0x686a2b58"
"W", "0x3ef589", "0x6cf7e9a1"
"R", "0xb08b9"
"W", "0x53148", "0x7fb8b476"
"R", "0x1803ed"
"W", "0x33ecd0", "0x5c7f1b11"
"W", "0x23b2cf", "0x4f58f750"
"W", "0x2ad692", "0x6fef911f"
"W", "0xda15d", "0x1fb212f7"
"R", "0x42da7f"
"R", "0x723c3"
"R", "0x1ddb5e"
"R", "0x418e2d"
"R", "0xeedaf"
"W", "0x1803ed", "0x4c5e8552"
"W", "0x1fcdd9", "0x7b3ed0a3"
"W", "0x372b9d", "0x2a2ec92f"
"R", "0x298a40"
"W", "0x2d6f36", "0x5f0c581f"
"W", "0x14c520", "0x317bceee"
"R", "0x1e8187"
"W", "0x7c9ec", "0x767a659e"
"W", "0x1ddb5e", "0x68d11a58"
"R", "0x2797c5"
"W", "0x21c054", "0x47e9d97"
"W", "0x19503f", "0x50e2d260"
"W", "0xb08b9", "0x5860cf21"
"R", "0x3c5ce5"
"R", "0x230ca6"
"R", "0x25a54a"
"R", "0x207402"
"W", "0x1e8187", "0x3ba42014"
"W", "0xbaee2", "0x4b9c7be6"
"W", "0x423456", "0x3f3735c2"
"W", "0x35df4b", "0x97abc13"
"W", "0xda15d", "0x35af5edd"
"W", "0x1378ce", "0x27f8b2e2"
"W", "0x19503f", "0x2860fbaf"
"W", "0x372b9d", "0x18f9d59"
"W", "0x19f668", "0xa839712"
"W", "0x21c054", "0x24cb05d6"
"W", "0x156b49", "0xed0adb2"
"W", "0x1be8e3", "0x63f88d2c"
"R", "0x207402"
"W", "0x1a9c91", "0x37d73e3"
"W", "0x22667d", "0x4fb7f4ff"
"W", "0x2ebb88", "0x400e58"
"R", "0x5d771"
"W", "0x418e2d", "0x719acfde"
"R", "0x28e417"
"R", "0x161172"
"W", "0x298a40", "0x20d936fe"
"W", "0x298a4", "0x21fe0b38"
"R", "0x156b49"
"R", "0x16b79b"
"W", "0x156b49", "0x1f96be60"
"W", "0x18aa16", "0x3749477a"
"W", "0x3ef589", "0x385abce8"
"R", "0x391e18"
"W", "0x3a6a6a", "0x313ad937"
"R", "0x10e02a"
"W", "0x207402", "0x474431ed"
"R", "0x37d1c6"
"W", "0x2458f8", "0xf691908"
"R", "0x2a3069"
"R", "0x44ccfa"
"R", "0x283dee"
"R", "0x3346a7"
"R", "0x372b9d"
"R", "0xe4786"
"R", "0x1d3535"
"W", "0xb08b9", "0x1b692002"
"W", "0x18aa16", "0x5c25f0ca"
"R", "0x3492f9"
"W", "0x1ddb5e", "0x668d80b"
"W", "0x2e155f", "0x65c10ac"
"R", "0xda15d"
"R", "0x33ecd"
"W", "0x3e4f60", "0x5aeeccbe"
"R", "0x87015"
"W", "0x298a4", "0x45292a91"
"W", "0x25a54a", "0x19bc2eb5"
"W", "0x25a54a", "0xfe1417b"
"R", "0x1f27b"
"R", "0x2a3069"
"R", "0xeedaf"
"R", "0x48b1f"
"W", "0x33ecd", "0x2e8e6b1a"
"R", "0x156b49"
"W", "0x391e18", "0x23e42813"
"R", "0x35df4b"
"W", "0x1803ed", "0x62473ce1"
"R", "0x4426d1"
"W", "0x2e155f", "0x20e28632"
"W", "0x3346a7", "0x5d9565d1"
"R", "0x3d030e"
"W", "0x2cc90d", "0x23487479"
"W", "0x1be8e3", "0x4a88f0fd"
"W", "0x418e2d", "0x72de8951"
"W", "0x2a3069", "0x79d68ef6"
"R", "0xda15d"
"W", "0x141ef7", "0xa29996"
"R", "0x1c8f0c"
"W", "0x9bc67", "0x1fff470a"
"W", "0x87015", "0x2fa17bdd"
"R", "0x141ef7"
"W", "0x1ddb5e", "0xd9df793"
"R", "0x3ef589"
"W", "0x423456", "0x456d037e"
"W", "0x3b1093", "0x163cda"
"W", "0x31fa55", "0x2dd0b8b8"
"R", "0x2ad692"
"R", "0x230ca6"
"W", "0x1be8e3", "0x642e78d0"
"R", "0x2a3069"
"R", "0x298a4"
"W", "0xeedaf", "0x43d1772d"
"W", "0x1ddb5e", "0x7ff811a1"
"R", "0x1378ce"
"W", "0x2797c5", "0x2f8df07b"
"W", "0xbaee2", "0x185e25cc"
"R", "0x5d771"
"R", "0xf93d8"
"W", "0x161172", "0x6a5a2248"
"R", "0x2ad692"
"R", "0x230ca6"
"W", "0x230ca6", "0xe3a11b4"
"R", "0x3c5ce5"
"W", "0xb08b9", "0x72190cd1"
"W", "0x87015", "0x368ea078"
"R", "0x28e417"
"R", "0x1c8f0c"
"R", "0x2e155f"
"W", "0x230ca6", "0x5afe4ff4"
"W", "0x10e02a", "0x723f65a"
"W", "0x37d1c6", "0x29cbe5c4"
"R", "0x67d9a"
"W", "0x353922", "0x2132155b"
"R", "0x14c520"
"W", "0x2b7cbb", "0x1b0d9b38"
"W", "0x2c22e4", "0x59ed79d9"
"W", "0x103a01", "0x7eb9fff1"
"R", "0x161172"
"R", "0x7c9ec"
"W", "0x3007da", "0x29f39cfa"
"W", "0xf93d8", "0x313abf8f"
"W", "0x16b79b", "0x2dc2860c"
"R", "0x40e804"
"W", "0x161172", "0x35bb065c"
"W", "0x298a40", "0x62beb6c"
"R", "0x2cc90d"
"R", "0xc550b"
"R", "0x161172"
"R", "0x3d030e"
"W", "0x368574", "0x2dd8cc16"
"R", "0x2e155f"
"R", "0x1d3535"
"W", "0x1fcdd9", "0x27cf40c1"
"W", "0x1be8e3", "0x3cbd33e5"
"R", "0x48b1f"
"W", "0x122c7c", "0xaf857ed"
"W", "0x3346a7", "0x10ca265c"
"R", "0x298a40"
"R", "0x87015"
"W", "0x1b42ba", "0x86d1ee4"
"W", "0x2458f8", "0x6b213717"
"R", "0xf93d8"
"W", "0xda15d", "0x2a1ff27"
"R", "0x1be8e3"
"W", "0xbaee2", "0x31dded29"
"R", "0xeedaf"
"W", "0x28e417", "0x26ed1008"
"R", "0x1fcdd9"
"R", "0x283dee"
"R", "0x3492f9"
"R", "0xc550b"
"W", "0x2c22e4", "0x27a56b99"
"R", "0x32a07e"
"W", "0x298a40", "0x419b9530"
"W", "0x2797c5", "0x6ae4b0ab"
"W", "0x4041db", "0x45068906"
"R", "0x3b1093"
"R", "0xbaee2"
"R", "0x3ef589"
"R", "0x35df4b"
"W", "0x9bc67", "0x635f9de5"
"R", "0xa6290"
"W", "0x22667d", "0x2d214f8c"
"R", "0x298a40"
"W", "0x3877ef", "0x123a3966"
"R", "0x391e18"
"W", "0x1be8e3", "0x7a0259a2"
"R", "0x156b49"
"W", "0xa6290", "0x14c406a8"
"W", "0x723c3", "0x3751ba79"
"W", "0x9bc67", "0x1fa1a420"
"R", "0x391e18"
"R", "0xf93d8"
"R", "0x7c9ec"
"R", "0x3877ef"
"R", "0x3e4f60"
"R", "0x2d6f36"
"W", "0x3a6a6a", "0x74b692c0"
"W", "0x2458f8", "0x621d717f"
"W", "0x3492f9", "0x3f9ce582"
"W", "0x368574", "0x42e67c87"
"W", "0x24ff21", "0x311b629b"
"R", "0x1c8f0c"
"R", "0x3f9bb2"
"R", "0x3877ef"
"W", "0x156b49", "0x3ea22afc"
"W", "0x3b1093", "0x104b4e72"
"W", "0x1c8f0c", "0x57be3c8d"
"R", "0x2f61b1"
"R", "0x3007da"
"R", "0x31542c"
"W", "0x22667d", "0x518713d6"
"W", "0x264b73", "0x3f38deb0"
"R", "0x353922"
"R", "0x1fcdd9"
"R", "0xda15d"
"R", "0x1be8e3"
"W", "0x7c9ec", "0x10b0e411"
"R", "0x230ca6"
"W", "0x2c22e4", "0x13ee5217"
"R", "0x14c520"
"R", "0x31542c"
"W", "0xf93d8", "0x5aa72d6b"
"W", "0xeedaf", "0x2e821030"
"R", "0x4041db"
"W", "0x21c054", "0x53c2b18a"
"W", "0x418e2d", "0x449d8fdd"
"R", "0x87015"
"W", "0x3877ef", "0x9bd1a1c"
"W", "0xcfb34", "0x2e7395c3"
"W", "0x21c054", "0x3d3bad82"
"R", "0x22667d"
"R", "0xcfb34"
"R", "0x32a07e"
"R", "0x2c22e4"
"R", "0xe4786"
"R", "0x3007da"
"W", "0x5d771", "0xbdf6a2c"
"R", "0x118653"
"W", "0xeedaf", "0x56f746b4"
"W", "0x161172", "0x53ef13f5"
"W", "0x39c441", "0x33744eda"
"W", "0x122c7c", "0x714a190b"
"W", "0x3d030e", "0xb7c1344"
"R", "0xeedaf"
"R", "0x2cc90d"
"W", "0x2ebb88", "0x26875885"
"R", "0x21c054"
"W", "0x7c9ec", "0x2cb93929"
"R", "0x31fa55"
"W", "0x161172", "0xdf16d8"
"W", "0x723c3", "0xb649e21"
"W", "0xda15d", "0x6f4b38b2"
"W", "0x230ca6", "0x65225a6a"
"R", "0x3da937"
"W", "0x5d771", "0x57e70889"
"R", "0x283dee"
"R", "0x12d2a5"
"W", "0x3877ef", "0x69e1d5a1"
"W", "0x2ad692", "0x2966b78b"
"R", "0x30ae03"
"W", "0x18aa16", "0x74bfbe9e"
"R", "0x53148"
"W", "0x42da7f", "0x60500c87"
"R", "0x24ff21"
"R", "0x3d030e"
"R", "0x4041db"
"R", "0x2ad692"
"R", "0x1f27b0"
"W", "0xeedaf", "0x39d447fd"
"R", "0x2b7cbb"
"R", "0xb08b9"
"R", "0x211a2b"
"R", "0x33ecd0"
"R", "0x39c441"
"W", "0x48b1f", "0x2057bd1e"
"W", "0x28e417", "0x139d6f0b"
"W", "0x1a9c91", "0x15b2e7bb"
"R", "0x141ef7"
"W", "0xbaee2", "0x3acb5181"
"W", "0x391e18", "0xb96e44a"
"W", "0x35df4b", "0x645744b0"
"R", "0x298a40"
"R", "0x18aa16"
"R", "0x391e18"
"W", "0x32a07e", "0x11e22a27"
"R", "0x67d9a"
"R", "0x31542c"
"W", "0x39c441", "0x6794807"
"W", "0x48b1f", "0x5b5ab6fd"
"R", "0x1d3535"
"W", "0x3da937", "0x6ba34643"
"R", "0x2c22e4"
"W", "0x2797c5", "0x4ceda0f8"
"R", "0x3d030e"
"R", "0x264b73"
"R", "0x19503f"
"W", "0x3ef589", "0x36b72e85"
"R", "0x1b42ba"
"R", "0x31fa55"
"W", "0x22667d", "0x38493975"
"W", "0x457323", "0x398a156f"
"W", "0x4041db", "0x273c0af1"
"R", "0xcfb34"
"W", "0x3492f9", "0x645b403d"
"R", "0x16b79b"
"R", "0x33ecd0"
"W", "0x723c3", "0x3225d6d6"
"R", "0x23b2cf"
"R", "0x30ae03"
"W", "0x31fa55", "0x41f84857"
"W", "0x1e8187", "0x7d043956"
"R", "0x368574"
"R", "0x25a54a"
"W", "0x368574", "0x4df224f8"
"W", "0x2e155f", "0x766a0be6"
"W", "0x1378ce", "0x5341edea"
"R", "0x3007da"
"W", "0x14c52", "0xb8f66ef"
"R", "0x19503f"
"W", "0xda15d", "0x345833a1"
"R", "0x22667d"
"W", "0x2f61b1", "0x7e9987d8"
"R", "0x3bb6bc"
"W", "0x48b1f", "0x66a81d1"
"W", "0x2e155f", "0x107f2af4"
"W", "0x723c3", "0x327411db"
"R", "0xeedaf"
"W", "0x39c441", "0x3e48b9a2"
"W", "0x5d771", "0x7316c41"
"W", "0x3e4f60", "0x7a599094"
"W", "0x283dee", "0x449e3d8e"
"W", "0x1b42ba", "0x43f82c03"
"W", "0x1c8f0c", "0x53e70bbd"
"W", "0x3877ef", "0x3ddb1e87"
"W", "0x118653", "0x241e1dda"
"W", "0xb08b9", "0x2cdc65b2"
"R", "0x87015"
"W", "0x53148", "0x76128eb6"
"W", "0x161172", "0x8954d34"
"W", "0x1e8187", "0x7e6d6ab4"
"W", "0x5d771", "0x765dc8da"
"W", "0x1d3535", "0x4db00db7"
"W", "0x211a2b", "0x77ff9ebf"
"W", "0x1c8f0c", "0x4d11a309"
"R", "0xa6290"
"W", "0x3ef589", "0x39804720"
"R", "0x10e02a"
"W", "0x28e417", "0x32cc54ad"
"W", "0x4426d1", "0x339db860"
"W", "0x2458f8", "0xe3afce8"
"W", "0x21c054", "0x2f2a1777"
"W", "0x2c22e4", "0x22225e21"
"R", "0x175dc4"
"R", "0x3c5ce5"
"W", "0x23b2cf", "0x79009ae"
"R", "0x118653"
"R", "0x1fcdd9"
"R", "0x48b1f"
"R", "0x141ef7"
"R", "0x368574"
"W", "0xf93d8", "0x54124c00"
"W", "0x24ff21", "0x1d53c218"
"R", "0x37d1c6"
"W", "0x2ebb88", "0x66f30f9d"
"W", "0x2b7cbb", "0x61894f75"
"R", "0x1c8f0c"
"W", "0x21c054", "0x39cd4100"
"R", "0x156b49"
"R", "0x1b42ba"
"W", "0x3c5ce5", "0x489b8e52"
"R", "0x39c441"
"R", "0x39c441"
"W", "0x230ca6", "0x4e676bc8"
"W", "0x2797c5", "0x7d5ea81e"
"W", "0xeedaf", "0x72adeed1"
"W", "0x25a54a", "0x482d4e08"
"R", "0x353922"
"R", "0x2d6f36"
"W", "0x3bb6bc", "0x69e4fd82"
"R", "0x2ad692"
"R", "0x2e155f"
"W", "0x3877ef", "0x41b22985"
"W", "0x1a9c91", "0x29c55023"
"R", "0x18aa16"
"W", "0x9163e", "0x4158e77e"
"W", "0xf93d8", "0x29a3c7c3"
"W", "0x3c5ce5", "0x52af265f"
"W", "0x87015", "0x428e9ab2"
"W", "0x9163e", "0x4f55781d"
"W", "0x1a9c91", "0x679a1738"
"R", "0x19503f"
"W", "0xcfb34", "0x744f2c82"
"W", "0x264b73", "0x4d761ebb"
"W", "0x2d6f36", "0x18d87b58"
"R", "0x2cc90d"
"R", "0x10e02a"
"W", "0x3e4f6", "0x24bcb701"
"R", "0x723c3"
"R", "0x35df4b"
"R", "0x24ff21"
"W", "0xda15d", "0x43b56f7b"
"W", "0x23b2cf", "0x7b2d08f3"
"R", "0x211a2b"
"W", "0x18aa16", "0x66b1f184"
"R", "0xe4786"
"R", "0x67d9a"
"R", "0x9163e"
"R", "0x103a01"
"R", "0x207402"
"W", "0x3f9bb2", "0xe1cdf3e"
"R", "0x22667d"
"W", "0x2797c5", "0x7bca6025"
"R", "0x14c520"
"R", "0x418e2d"
"R", "0x21c054"
"W", "0x3ef589", "0x1063c809"
"W", "0x9163e", "0x22a00db8"
"R", "0x23b2cf"
"R", "0x24ff21"
"R", "0x723c3"
"W", "0x40e804", "0x39fa1553"
"W", "0x30ae03", "0x6dcb0f08"
"W", "0x1f27b0", "0x64f2bda8"
"R", "0x3492f9"
"W", "0x298a40", "0x717b713d"
"R", "0x21c054"
"W", "0x2f61b1", "0x57dad9dd"
"R", "0x3492f9"
"R", "0x48b1f"
"R", "0x31fa55"
"R", "0x42da7f"
"R", "0x9bc67"
"W", "0x22667d", "0x1cae38c5"
"W", "0x3007da", "0x31b08575"
"W", "0x1ddb5e", "0x55aa65b5"
"R", "0xda15d"
"R", "0x48b1f"
"W", "0xa6290", "0x428be614"
"W", "0x457323", "0x40815f83"
"R", "0x264b73"
"R", "0x31fa55"
"W", "0x372b9d", "0x3731438d"
"W", "0x156b49", "0x37f056fe"
"R", "0x230ca6"
"R", "0x423456"
"W", "0x23b2cf", "0x721c74a6"
"W", "0x141ef7", "0x7767c5c0"
"R", "0x2ebb88"
"W", "0xcfb34", "0x5b696715"
"W", "0x31fa55", "0x70a29d34"
"W", "0x25a54a", "0x4e8c7873"
"R", "0x103a01"
"W", "0x42da7f", "0x4c04c70d"
"W", "0x175dc4", "0x1b00dc51"
"R", "0x19503f"
"R", "0x12d2a5"
"R", "0x1d3535"
"W", "0x283dee", "0x12e13ee1"
"R", "0x298a40"
"W", "0x3bb6bc", "0x1413535"
"R", "0x9163e"
"R", "0x87015"
"W", "0x21c054", "0x541c9786"
"R", "0xbaee2"
"R", "0x4041db"
"R", "0x175dc4"
"R", "0x9163e"
"R", "0x1b42ba"
"R", "0x16b79b"
"R", "0x1be8e3"
"R", "0x423456"
"W", "0x1d3535", "0x63ee37d6"
"W", "0x19503f", "0x7c0717bd"
"W", "0x118653", "0x4c68d3be"
"R", "0x3b1093"
"W", "0x26f19c", "0x328c2931"
"W", "0x37d1c6", "0x32d5a177"
"W", "0x22667d", "0x3bb5da48"
"R", "0x14c520"
"R", "0x53148"
"R", "0x14c520"
"W", "0x40e804", "0x4a7975d"
"R", "0x14c520"
"R", "0x141ef7"
"W", "0x3f9bb2", "0x14c40709"
"W", "0xb08b9", "0x5ad0d510"
"W", "0x39c441", "0x7fa83c40"
"W", "0x2f61b1", "0x45a6c905"
"R", "0x1803ed"
"R", "0x4041db"
"R", "0x19f668"
"W", "0x1a9c91", "0x5c250f1e"
"W", "0x28e417", "0x2dd52b06"
"W", "0x42da7f", "0x374bfb08"
"W", "0x230ca6", "0x48e46306"
"W", "0x3c5ce5", "0xd54fe82"
"R", "0x122c7c"
"R", "0x391e18"
"R", "0x418e2d"
"R", "0x19503f"
"W", "0x1c8f0c", "0x3c7cceef"
"W", "0x372b9d", "0x2de76ec"
"R", "0x723c3"
"R", "0xbaee2"
"W", "0x122c7c", "0x1f764703"
"W", "0x24ff21", "0x47c81691"
"W", "0x723c3", "0x6c0bc847"
"R", "0x25a54a"
"W", "0x2ebb88", "0x11b10d42"
"W", "0x21c054", "0x653f565b"
"R", "0x103a01"
"W", "0x1a9c91", "0x3e8f67e4"
"R", "0x5d771"
"R", "0x353922"
"R", "0x4426d1"
"W", "0x2cc90d", "0x3f9b9461"
"W", "0x3f9bb2", "0x74bc5e3a"
"R", "0x28e417"
"W", "0xf93d8", "0x4f4d1c41"
"W", "0xda15d", "0x82f9d39"
"R", "0x2458f8"
"R", "0x26f19c"
"R", "0x31542c"
"W", "0x16b79b", "0x17e47ccb"
"W", "0xda15d", "0x6387abc5"
"W", "0x33ecd0", "0x51c72872"
"R", "0x3e4f6"
"R", "0x4041db"
"R", "0x1f27b0"
"R", "0xa6290"
"R", "0x1fcdd9"
"R", "0xeedaf"
"R", "0x0"
"R", "0x3ef589"
"W", "0x4041db", "0x54ca7bfe"
"W", "0x372b9d", "0x7a5425f2"
"R", "0x2c22e4"
"R", "0x1b42ba"
"R", "0x368574"
"W", "0xe4786", "0x1322f646"
"R", "0x3c5ce5"
"W", "0x211a2b", "0x475f15b7"
"R", "0x122c7c"
"R", "0x161172"
"R", "0x31fa55"
"W", "0x1ddb5e", "0x47a498d1"
"W", "0x21c054", "0x45425ab3"
"W", "0x31fa55", "0x73a81ab7"
"W", "0xa629", "0x75a5374c"
"W", "0xe4786", "0x6164d4fe"
"W", "0x175dc4", "0x15d1e9d4"
"R", "0x156b49"
"W", "0x3346a7", "0x51256b5c"
"R", "0x2a3069"
"W", "0x40e804", "0x6d036149"
"W", "0x7c9ec", "0x143dd139"
"R", "0xeedaf"
"W", "0x1f27b0", "0x4e5a2c69"
"W", "0x3b1093", "0x50e94cc4"
"R", "0x19f668"
"W", "0x9bc67", "0x287b23f8"
"R", "0x19f668"
"R", "0x31fa55"
"R", "0x2cc90d"
"W", "0x2c22e4", "0x3c6e39db"
"W", "0x25a54a", "0x10fc6a12"
"W", "0x156b49", "0x4b82ba47"
"R", "0x32a07e"
"R", "0x298a40"
"W", "0x30ae03", "0x5fc71dc0"
"W", "0x42da7f", "0x8abeb84"
"R", "0x118653"
"R", "0xa6290"
"R", "0x3877ef"
"R", "0x53148"
"W", "0x35df4b", "0x3127211c"
"R", "0x1378ce"
"W", "0x1378ce", "0x458ab03c"
"R", "0x30ae03"
"W", "0x103a01", "0x684985c5"
"R", "0x39c441"
"R", "0x48b1f"
"R", "0xcfb34"
"W", "0x7c9ec", "0x587887e4"
"W", "0x1f27b0", "0x40faec7a"
"W", "0x2c22e4", "0x33063e4e"
"R", "0x9bc67"
"R", "0x1803ed"
"R", "0x1d3535"
"W", "0x30ae03", "0x62bf8590"
"R", "0x391e18"
"W", "0x2f61b1", "0x6c107db0"
"R", "0x1fcdd9"
"W", "0x1378ce", "0x535f794e"
"R", "0x298a4"
"W", "0x1378ce", "0x53a6358f"
"W", "0x1e8187", "0x1342a10e"
"R", "0x1803ed"
"R", "0x2ad692"
"W", "0x298a40", "0x7a8003dd"
"R", "0xa6290"
"W", "0x19f668", "0x4a2bd61e"
"W", "0xc550b", "0x7233935d"
"R", "0x2c22e4"
"W", "0x103a01", "0x38ae03b1"
"R", "0x22667d"
"W", "0x22667d", "0x49009065"
"R", "0x10e02a"
"R", "0x103a01"
"W", "0x39c441", "0x39bbd77d"
"R", "0x372b9d"
"W", "0x156b49", "0x7f21a8cf"
"W", "0x31542c", "0x285e193d"
"W", "0x2d6f36", "0x436f7f1a"
"R", "0x3ef589"
"R", "0xc550b"
"W", "0x298a40", "0xdc2a40c"
"R", "0xa6290"
"W", "0x24ff21", "0x47b1ac45"
"W", "0x33ecd0", "0x100f2c0f"
"W", "0x423456", "0x7c7571bd"
"R", "0x1fcdd9"
"R", "0x457323"
"R", "0x368574"
"W", "0x37d1c6", "0x4d583ced"
"W", "0x3e4f60", "0x3080c8b5"
"W", "0x67d9a", "0xd81815d"
"W", "0x32a07e", "0x71fb4f66"
"R", "0x25a54a"
"W", "0x1be8e3", "0x4fab5446"
"W", "0x30ae03", "0xd198b79"
"W", "0xa6290", "0x54b5a727"
"R", "0x23b2cf"
"W", "0x1fcdd9", "0x43fbed1f"
"W", "0x156b49", "0x658cb5fc"
"W", "0x9163e", "0x39ec9f19"
"W", "0x298a40", "0x3fa66954"
"R", "0x14c52"
"R", "0x33ecd0"
"R", "0x26f19c"
"R", "0x3877ef"
"W", "0x40e804", "0x51e9269"
"W", "0x3877ef", "0x4c4fee7f"
"R", "0xda15d"
"R", "0x2458f8"
"W", "0x10e02a", "0x73e40ef3"
"R", "0x1b42ba"
"W", "0x24ff21", "0x2de43bf4"
"W", "0x118653", "0x23970f98"
"W", "0x418e2d", "0x2d280499"
"W", "0x3a6a6a", "0x795ed746"
"W", "0x1803ed", "0x7b31c307"
"W", "0x298a40", "0x2059d81d"
"W", "0x2458f8", "0x3343d9a3"
"R", "0x4426d1"
"W", "0x7c9ec", "0x7fa71904"
"R", "0x368574"
"W", "0x9bc67", "0x2cc4b123"
"W", "0x1be8e3", "0x1b71ca25"
"R", "0x31fa55"
"W", "0xcfb34", "0x5b1b651"
"R", "0x372b9d"
"W", "0x2b7cbb", "0x25f11f20"
"W", "0x1a9c91", "0x6f1dd068"
"R", "0x122c7c"
"W", "0x16b79b", "0x20932650"
"R", "0x3877ef"
"R", "0x40e804"
"W", "0x2ad692", "0x76d1b7d8"
"R", "0x42da7f"
"R", "0x14c520"
"W", "0x14c52", "0x7ebc3002"
"R", "0x2a3069"
"R", "0x3c5ce5"
"R", "0x48b1f"
"R", "0x1ddb5e"
"W", "0x35df4b", "0x6a8666b7"
"R", "0x1378ce"
"W", "0x14c52", "0x3f99b0c4"
"R", "0x33ecd0"
"W", "0x3b1093", "0x67af6709"
"W", "0x67d9a", "0x15a1fff"
"W", "0x230ca6", "0x25ad4761"
"R", "0x22667d"
"R", "0x31542c"
"W", "0xf93d8", "0x4d7b931"
"R", "0x24ff21"
"R", "0x14c520"
"W", "0x1e8187", "0x3c61e26b"
"R", "0xbaee2"
"R", "0x156b49"
"W", "0x391e18", "0x3449d160"
"W", "0x3bb6bc", "0x2141f4d6"
"R", "0x4426d1"
"R", "0x19503f"
"W", "0x33ecd0", "0x7d069847"
"W", "0x264b73", "0x11b9227f"
"W", "0xf93d8", "0x38db48e0"
"W", "0x156b49", "0x26b3fce0"
"R", "0x3e4f6"
"R", "0x37d1c6"
"W", "0xe4786", "0x4013c313"
"W", "0x23b2cf", "0x492f07fd"
"W", "0x2ebb88", "0x6427a1dd"
"R", "0x122c7c"
"W", "0x30ae03", "0x33b587e0"
"W", "0x3e4f60", "0x11569568"
"R", "0x37d1c6"
"R", "0x37d1c6"
"R", "0x1f27b0"
"W", "0x48b1f", "0x537ec86b"
"R", "0x3e4f60"
"R", "0x10e02a"
"R", "0x37d1c6"
"W", "0x1e8187", "0x332a832e"
"R", "0x2ebb88"
"W", "0x33ecd0", "0x3aba97b"
"W", "0x14c520", "0x47579fe4"
"W", "0x3007da", "0x242c8ba"
"W", "0x31542c", "0x48da4729"
"W", "0x42da7f", "0xeaf6640"
"R", "0x372b9d"
"W", "0x67d9a", "0x753fef71"
"R", "0x67d9a"
"W", "0x211a2b", "0x17cd9e0a"
"W", "0x1e8187", "0x1ae2cddd"
"W", "0x19503f", "0x7e24fb4e"
"R", "0x1e8187"
"W", "0x3c5ce5", "0x7c147868"
"R", "0x3d030e"
"R", "0x723c3"
"R", "0x9163e"
"W", "0x9bc67", "0x48219e5c"
"W", "0x3bb6bc", "0x4976889d"
"W", "0x40e804", "0x7e959c93"
"R", "0x30ae03"
"R", "0x19503f"
"R", "0x7c9ec"
"R", "0x4426d1"
"W", "0x3bb6bc", "0x751a53df"
"W", "0x122c7c", "0x6bc3e5b0"
"W", "0x14c520", "0x15c92b80"
"R", "0x25a54a"
"W", "0x372b9d", "0x4e7a38f2"
"R", "0x19f668"
"W", "0x1ddb5e", "0x3791eca"
"W", "0x30ae03", "0x7acb106d"
"W", "0x2ebb88", "0x2600ae4"
"W", "0x3da937", "0x6f585ee5"
"R", "0x1fcdd9"
"R", "0x1f27b0"
"R", "0x207402"
"W", "0x3f9bb2", "0x4a1851fa"
"W", "0xda15d", "0x3ba61a49"
"W", "0x9163e", "0x110fefd1"
"R", "0x1ddb5e"
"W", "0x1ddb5e", "0x5bcb7381"
"W", "0x35df4b", "0x50e41082"
"W", "0x156b49", "0x673a1a3a"
"R", "0x2ad692"
"W", "0xda15d", "0x48cbd0ce"
"W", "0x175dc4", "0x3d7afb8d"
"R", "0x211a2b"
"W", "0x1e8187", "0x2b1974c3"
"W", "0x18aa16", "0x3bb1fa44"
"W", "0x368574", "0x6438256f"
"W", "0x14c520", "0x7fe3f8c7"
"W", "0x423456", "0xc7a2ad2"
"W", "0x391e18", "0x381c7d10"
"W", "0xc550b", "0x1134dd5d"
"R", "0x39c441"
"R", "0x2b7cbb"
"R", "0x14c520"
"W", "0x3bb6bc", "0x6a8d10b"
"W", "0x1a9c91", "0x5b075d1f"
"W", "0x3da937", "0x7a4a2c0b"
"R", "0x46194c"
"W", "0x7c9ec", "0x4691017f"
"R", "0x5d771"
"R", "0x1be8e3"
"W", "0xf93d8", "0x775209be"
"R", "0x19f668"
"W", "0x2d6f36", "0x10172eee"
"W", "0x5d771", "0x67a48d9f"
"W", "0x1a9c91", "0x79d4941"
"W", "0x368574", "0x3a502cd3"
"R", "0x457323"
"W", "0x1f27b0", "0x5ed9fcae"
"R", "0x31fa55"
"R", "0x2c22e4"
"W", "0x24ff21", "0x5dcd8abf"
"W", "0x31542c", "0x2c4687de"
"R", "0x4041db"
"W", "0x25a54a", "0x7ae95cb0"
"R", "0x1d3535"
"W", "0x1378ce", "0x7c7275ff"
"R", "0x23b2cf"
"R", "0x141ef7"
"R", "0x44ccfa"
"R", "0x207402"
"W", "0x37d1c6", "0x416c3dba"
"R", "0x26f19c"
"W", "0x1be8e3", "0x28084d12"
"W", "0x4380a8", "0x71e0b0b1"
"W", "0x9163e", "0x410dcf4e"
"R", "0x1fcdd9"
"W", "0x1be8e3", "0x212be150"
"W", "0x46bf75", "0x6658a29b"
"R", "0x1c8f0c"
"R", "0x2e155f"
"W", "0x2ad692", "0x7d1c211d"
"W", "0x3f9bb2", "0x1a7085da"
"R", "0x9bc67"
"R", "0xb08b9"
"R", "0x207402"
"W", "0x7c9ec", "0x4e4e4e4e"
"W", "0x2d6f36", "0x470e5de"
"W", "0x1378ce", "0x7cfe3b5a"
"R", "0x1803ed"
"R", "0x1fcdd9"
"W", "0x7c9ec", "0x2a9379e6"
"R", "0x53148"
"W", "0x19503f", "0x68a5db3b"
"W", "0x3346a7", "0x33f43b4b"
"W", "0xcfb34", "0x344cb4f3"
"R", "0x3da937"
"R", "0x19f668"
"W", "0x1fcdd9", "0x5240f366"
"R", "0x33ecd"
"W", "0x2f61b1", "0x58587e1a"
"W", "0x175dc4", "0x3b37835b"
"W", "0x2ebb88", "0x4b8de029"
"W", "0x161172", "0x6bec39e8"
"W", "0x211a2b", "0x2e7c5166"
"W", "0x1a9c91", "0x4e9c68c9"
"R", "0x3b1093"
"W", "0x32a07e", "0x5b4fbc47"
"W", "0x1fcdd9", "0x589228b7"
"R", "0x12d2a5"
"W", "0x1a9c91", "0x166351bc"
"R", "0x28e417"
"R", "0x2ebb88"
"R", "0x2458f8"
"W", "0xda15d", "0xb3b2ea0"
"R", "0xeedaf"
"R", "0x3492f9"
"W", "0x18aa16", "0xc8c4f04"
"R", "0xcfb34"
"R", "0x1803ed"
"R", "0x3007da"
"W", "0x283dee", "0x62b7120b"
"R", "0x1d3535"
"W", "0x3ef589", "0x13207e1e"
"R", "0x2f61b1"
"R", "0x1be8e3"
"W", "0x37d1c6", "0x16eac378"
"R", "0x40e804"
"W", "0x2ebb88", "0x5e1fcfbe"
"W", "0x423456", "0x797b4f27"
"W", "0x3877ef", "0x56858d67"
"W", "0x141ef7", "0x1d5cd7a"
"W", "0x3877ef", "0x70153597"
"R", "0x10e02a"
"W", "0x1a9c91", "0x68d69319"
"W", "0x141ef7", "0x1b789b4f"
"W", "0xf93d8", "0x28b32b5f"
"R", "0x1ddb5e"
"R", "0x1803ed"
"W", "0x1fcdd9", "0x715395df"
"R", "0x3877ef"
"R", "0xa6290"
"W", "0x175dc4", "0x487778da"
"R", "0x40e804"
"R", "0x2458f8"
"R", "0x423456"
"W", "0x418e2d", "0x5ba5826a"
"W", "0x22667d", "0x5f861edf"
"R", "0x3877ef"
"R", "0x141ef7"
"W", "0x2f61b1", "0x713dcfe6"
"R", "0x207402"
"R", "0x10e02a"
"R", "0x3492f9"
"R", "0x24ff21"
"R", "0x30ae03"
"W", "0x2d6f36", "0x63f2c262"
"W", "0xc550b", "0x3472b14b"
"R", "0x156b49"
"R", "0x353922"
"W", "0x3bb6bc", "0x13105abb"
"W", "0x3877ef", "0x7174aaa1"
"W", "0x3877ef", "0x7d4ed1d"
"R", "0x3a6a6a"
"R", "0x3877ef"
"R", "0x30ae03"
"R", "0x103a01"
"W", "0x67d9a", "0x87bc947"
"W", "0x175dc4", "0x6bcea917"
"W", "0x23b2cf", "0x186fa43b"
"W", "0x10e02a", "0x116f9270"
"R", "0x19f668"
"R", "0x2458f8"
"R", "0x1e8187"
"W", "0xcfb34", "0x63992030"
"W", "0x2c22e4", "0x5b53a243"
"R", "0x31fa55"
"W", "0x46194c", "0x7c85ac84"
"R", "0x1ddb5e"
"W", "0x372b9d", "0x69b2d168"
"W", "0x298a40", "0x569c98d2"
"R", "0x118653"
"W", "0x2797c5", "0x3c58bac7"
"W", "0x2797c5", "0x60e7f907"
"W", "0x22667d", "0x45f70688"
"R", "0x2a3069"
"R", "0x264b73"
"W", "0x40e804", "0x6deb21f4"
"R", "0x19f668"
"R", "0x1803ed"
"W", "0x1be8e3", "0x68b941f1"
"W", "0x1f27b0", "0x627ec3ce"
"R", "0x1f27b0"
"W", "0x298a40", "0x74354b1e"
"W", "0x161172", "0x6401b017"
"R", "0x48b1f"
"W", "0x3007da", "0x4d7dee8c"
"R", "0xa6290"
"R", "0x87015"
"W", "0x3007da", "0x5204e279"
"R", "0x35df4b"
"R", "0x2e155f"
"W", "0x723c3", "0x136d0808"
"R", "0x40e804"
"W", "0x298a40", "0x3490c99"
"W", "0x2458f8", "0x722aef85"
"W", "0xda15d", "0x5c1c416"
"R", "0xe4786"
"R", "0xc550b"
"R", "0x3007da"
"R", "0x2c22e4"
"W", "0xcfb34", "0x782f3041"
"R", "0x283dee"
"W", "0x14c520", "0x24ac7fa9"
"W", "0x3a6a6a", "0x6078903d"
"R", "0x42da7f"
"W", "0x264b73", "0x5f503d83"
"R", "0x3492f9"
"R", "0x12d2a5"
"R", "0x368574"
"R", "0x1d3535"
"W", "0x2e155f", "0x391fc841"
"W", "0x3bb6bc", "0x3d90deae"
"R", "0x3346a7"
"W", "0x19503f", "0x6a11bcd0"
"W", "0x24ff21", "0x5aef37d1"
"W", "0x39c441", "0x47dc0dfa"
"W", "0x4426d1", "0x708255f9"
"W", "0x2797c5", "0x7c145366"
"W", "0xeedaf", "0x2fea4760"
"W", "0x3ef589", "0x57720880"
"R", "0x48b1f"
"R", "0x67d9a"
"W", "0x33ecd0", "0x56e1a504"
"R", "0x18aa16"
"R", "0x1d3535"
"R", "0x3e4f60"
"W", "0x3492f9", "0x300e8c6c"
"R", "0x24ff21"
"W", "0xe4786", "0x471b7473"
"R", "0xa6290"
"R", "0x207402"
"W", "0x2ebb88", "0x3aa79bda"
"R", "0x298a4"
"R", "0x2c22e4"
"R", "0x2797c5"
"R", "0x2458f8"
"R", "0x2f61b1"
"W", "0x1d3535", "0x68247260"
"R", "0x25a54a"
"R", "0x37d1c6"
"W", "0x3007da", "0xd71e9a5"
"W", "0x2797c5", "0x183c59f9"
"R", "0x14c520"
"W", "0x4041db", "0x73e089e6"
"R", "0x230ca6"
"W", "0x418e2d", "0x3fadfb29"
"R", "0x3c5ce5"
"W", "0x298a40", "0x610526b6"
"W", "0x1ddb5e", "0x7dc75400"
"R", "0x7c9ec"
"W", "0x1a9c91", "0x46a51918"
"R", "0x87015"
"W", "0x1e8187", "0x75759f5e"
"W", "0x368574", "0x283f9c8c"
"R", "0x31fa55"
"W", "0x3492f9", "0x77002596"
"W", "0xf93d8", "0x764e7ba2"
"W", "0xbaee2", "0x1b754b7d"
"W", "0x31fa55", "0x170eccbb"
"R", "0xb08b9"
"R", "0x22667d"
"W", "0xa6290", "0x11b11f9"
"R", "0x103a01"
"R", "0x25a54a"
"R", "0x22667d"
"R", "0x264b73"
"W", "0x3c5ce5", "0x1ff90c64"
"R", "0x3877ef"
"W", "0xa6290", "0x7bea61aa"
"R", "0x9bc67"
"R", "0x16b79b"
"W", "0x2cc90d", "0x3c6a55f6"
"W", "0x1f27b0", "0x7cc60537"
"W", "0x87015", "0x4121c85c"
"R", "0x3a6a6a"
"R", "0x67d9a"
"R", "0x3e4f6"
"W", "0x3c5ce5", "0x74615dd2"
"R", "0x156b49"
"W", "0x161172", "0x6b0b2365"
"W", "0x175dc4", "0x54bfea2c"
"W", "0x31542c", "0xad747e7"
"W", "0x4380a8", "0x2107384b"
"R", "0x418e2d"
"W", "0x2797c5", "0x30e39e17"
"W", "0x2797c5", "0x4d38eaf6"
"R", "0xda15d"
"W", "0x5d771", "0x7df53400"
"W", "0x3e4f60", "0x584c7e81"
"R", "0x3877ef"
"W", "0x31542c", "0x18fd51a"
"W", "0x1b42ba", "0x5a70ed16"
"R", "0x10e02a"
"R", "0x12d2a5"
"W", "0x298a40", "0x67fdbdf3"
"R", "0x3877ef"
"W", "0x2ebb88", "0x12c49f44"
"R", "0x24ff21"
"W", "0x67d9a", "0x66a984f7"
"R", "0x39c441"
"R", "0x207402"
"W", "0x391e18", "0x54c90ea1"
"W", "0x1e8187", "0x2c4baa70"
"R", "0x283dee"
"W", "0x35df4b", "0x56b5b93b"
"R", "0x3e4f60"
"R", "0xb08b9"
"W", "0xcfb34", "0x59597bc1"
"R", "0xa629"
"W", "0x4426d1", "0x7500fcd6"
"R", "0xa6290"
"R", "0xa6290"
"R", "0x31fa55"
"W", "0x368574", "0x2f5877c"
"W", "0x368574", "0x25b5620b"
"W", "0x9bc67", "0x3b600f5c"
"W", "0x33ecd0", "0x22509ce8"
"W", "0x12d2a5", "0x3d344efa"
"R", "0x1f27b0"
"R", "0x423456"
"R", "0x37d1c6"
"R", "0x9163e"
"W", "0x156b49", "0x2cd7bbd0"
"R", "0x0"
"R", "0x3d030e"
"W", "0x3a6a6a", "0x231db3d5"
"R", "0x87015"
"R", "0x35df4b"
"R", "0x33ecd"
"R", "0x31542c"
"R", "0x2b7cbb"
"W", "0x2ad692", "0x73fea448"
"R", "0x1a9c91"
"W", "0x1803ed", "0x4c6625f0"
"R", "0x1e8187"
"R", "0x2797c5"
"W", "0x118653", "0x5975197"
"W", "0x19f668", "0x5c1c21c9"
"R", "0x18aa16"
"W", "0x2c22e4", "0x243e554b"
"W", "0x3b1093", "0x324a4134"
"W", "0x122c7c", "0x3f002541"
"W", "0xbaee2", "0x16ad749f"
"W", "0x2f61b1", "0x6e3177ef"
"R", "0x3a6a6a"
"W", "0x1f27b0", "0x3313785d"
"R", "0xa6290"
"W", "0x32a07e", "0x41414067"
"W", "0x283dee", "0x67ed41b5"
"W", "0x3da937", "0x4192422e"
"R", "0x103a01"
"R", "0x161172"
"W", "0x25a54a", "0x1d55368c"
"W", "0x14c520", "0x75e5c0cc"
"R", "0x230ca6"
"R", "0x1b42ba"
"W", "0xa6290", "0x281f372a"
"R", "0x1a9c91"
"W", "0x3ef589", "0x2ac2a245"
"W", "0x31542c", "0x1972ae89"
"W", "0x3ef589", "0x58dd7720"
"R", "0x25a54a"
"R", "0x283dee"
"R", "0x2ebb88"
"R", "0x3b1093"
"R", "0x2f61b1"
"R", "0x353922"
"R", "0x3877ef"
"R", "0x368574"
"W", "0x1c8f0c", "0x6f39aa2b"
"R", "0x35df4b"
"R", "0x5d771"
"R", "0x3b1093"
"W", "0x25a54a", "0x1a59bd74"
"W", "0x16b79b", "0x3a3788d5"
"W", "0x1378ce", "0x37e10725"
"R", "0x1d3535"
"R", "0x3f9bb2"
"R", "0x1f27b0"
"W", "0x3ef589", "0x2ba05aad"
"W", "0x3d030e", "0x75c8c903"
"W", "0x21c054", "0x420f2485"
"W", "0x1c8f0c", "0x9a43cf6"
"R", "0x1d3535"
"W", "0x2458f8", "0x4c533ab7"
"R", "0x9bc67"
"W", "0x3877ef", "0x4d3bd6c8"
"W", "0xda15d", "0x4a75011b"
"R", "0x1be8e3"
"W", "0x4380a8", "0x5e44bfae"
"R", "0x24ff21"
"W", "0x35df4b", "0xfb1d0e6"
"R", "0x26f19c"
"W", "0x175dc4", "0x2a236778"
"W", "0x25a54a", "0x2dc5d576"
"W", "0x3346a7", "0x3350495a"
"R", "0x418e2d"
"R", "0xda15d"
"R", "0x42da7f"
"R", "0x9bc67"
"R", "0x14c52"
"R", "0xbaee2"
"R", "0x264b73"
"R", "0x32a07e"
"W", "0x2f61b1", "0x40e607f3"
"W", "0xb08b9", "0x64f14935"
"W", "0xda15d", "0x6b57da83"
"R", "0xda15d"
"R", "0x7c9ec"
"R", "0x118653"
"R", "0x264b73"
"R", "0x368574"
"R", "0x2cc90d"
"W", "0xe4786", "0x3d980e2d"
"W", "0x1fcdd9", "0x221f73ad"
"W", "0x9163e", "0x9e595e9"
"R", "0x3bb6bc"
"R", "0x3f9bb2"
"R", "0x207402"
"W", "0x53148", "0x4cc44a51"
"W", "0xe4786", "0x24e042e7"
"W", "0x3492f9", "0x25b8bea6"
"W", "0x1803ed", "0x12e25ea0"
"R", "0x2e155f"
"R", "0x1378ce"
"R", "0x3d030e"
"W", "0x21c054", "0x7c060990"
"R", "0x1803ed"
"R", "0x24ff21"
"W", "0x28e417", "0x41b72f2c"
"W", "0x53148", "0x462407bf"
"W", "0x3c5ce5", "0x195a3478"
"W", "0x30ae03", "0x516b09bb"
"R", "0x368574"
"R", "0x2f61b1"
"W", "0x175dc4", "0x7e291203"
"W", "0x2ebb88", "0x713ab8a6"
"W", "0x3346a7", "0x6125ed1b"
"W", "0x3346a7", "0x736093ca"
"W", "0x141ef7", "0x268d5c3b"
"R", "0x2797c5"
"R", "0x10e02a"
"W", "0x2f61b1", "0x66b88aef"
"W", "0x67d9a", "0x1de32a04"
"W", "0xeedaf", "0x57ffa8ea"
"R", "0x3f9bb2"
"R", "0x353922"
"W", "0x28e417", "0x11edd8fd"
"W", "0x3346a7", "0x49aa03ae"
"R", "0x39c441"
"W", "0x3a6a6a", "0x72b4a3fb"
"R", "0x3c5ce5"
"W", "0x30ae03", "0x2babaadb"
"R", "0x1fcdd9"
"W", "0x2a3069", "0x363e2984"
"R", "0x9163e"
"R", "0x3b1093"
"W", "0x19503f", "0x5ae5a6b0"
"R", "0x122c7c"
"W", "0x2b7cbb", "0x1bbea345"
"W", "0x37d1c6", "0x2a89a718"
"R", "0x67d9a"
"W", "0x1f27b0", "0x5ba45755"
"W", "0x19f668", "0x4fa352d3"
"R", "0xda15d"
"W", "0xda15d", "0xb13530d"
"W", "0x1d3535", "0x6554bee2"
"W", "0x4426d1", "0x2577fd54"
"W", "0x1ddb5e", "0x918dfbb"
"W", "0x156b49", "0x5ec486dc"
"W", "0x33ecd0", "0x5b9b2cf8"
"W", "0x118653", "0x1d08f8b5"
"W", "0x2797c5", "0x4f6ed651"
"R", "0x44ccfa"
"W", "0x2d6f36", "0x16376680"
"W", "0x161172", "0x57a52322"
"R", "0x3e4f60"
"R", "0x1f27b0"
"R", "0x118653"
"R", "0x25a54a"
"W", "0x87015", "0x269390ed"
"R", "0x28e417"
"W", "0xb08b9", "0x298c6637"
"W", "0x175dc4", "0x7e7d6026"
"R", "0x3f9bb2"
"R", "0x23b2cf"
"W", "0x9bc67", "0x715df2ba"
"W", "0x87015", "0x40b1ea17"
"W", "0x3c5ce5", "0x2fcff132"
"R", "0x1d3535"
"W", "0x230ca6", "0x59cd8415"
"R", "0x25a54a"
"R", "0x31fa55"
"R", "0x3f9bb2"
"R", "0x9bc67"
"R", "0x9bc67"
"R", "0x2a3069"
"W", "0x118653", "0x63fa9bc8"
"R", "0x40e804"
"W", "0x28e417", "0x55728351"
"W", "0x12d2a5", "0x3478b9f6"
"R", "0x1f27b0"
"W", "0x3da937", "0x5e3d746d"
"R", "0x207402"
"W", "0x103a01", "0x5c2f7526"
"W", "0x4041db", "0x7f70ae86"
"R", "0x3f9bb2"
"R", "0x141ef7"
"R", "0x230ca6"
"R", "0x26f19c"
"W", "0x211a2b", "0x434934e9"
"W", "0x1378ce", "0x176e3e12"
"R", "0x31fa55"
"W", "0xbaee2", "0x37eb36b2"
"R", "0x1c8f0c"
"R", "0x3d030e"
"W", "0x16b79b", "0x12927cfe"
"W", "0x3e4f60", "0x1df14a1"
"W", "0x3bb6bc", "0x509248cb"
"W", "0x1f27b0", "0x1afe0b4"
"R", "0x3e4f6"
"W", "0x141ef7", "0x546ce527"
"W", "0x723c3", "0x477e91fe"
"R", "0x40e804"
"W", "0x3f9bb2", "0x8c1e659"
"W", "0x25a54a", "0x602527b7"
"W", "0x141ef7", "0x3e12cacd"
"W", "0x3e4f60", "0x5552a87f"
"W", "0x298a4", "0x2d448968"
"R", "0x3d030e"
"W", "0x1378ce", "0x2f1919cb"
"R", "0x28e417"
"W", "0x53148", "0xf265357"
"R", "0xc550b"
"W", "0x25a54a", "0x300ef980"
"W", "0x1803ed", "0x41fd130d"
"R", "0x23b2cf"
"W", "0x391e18", "0x41686553"
"W", "0x3bb6bc", "0x633b6fe9"
"W", "0x12d2a5", "0x6cc59149"
"W", "0x14c520", "0x1e95fcfd"
"W", "0x1a9c91", "0x616359b2"
"W", "0x1b42ba", "0x7fc035d4"
"R", "0x4041db"
"R", "0x1b42ba"
"W", "0x3f9bb2", "0x6f00f6ef"
"R", "0xcfb34"
"W", "0x3d030e", "0x6e82dc31"
"W", "0xeedaf", "0x2545e015"
"R", "0x141ef7"
"R", "0x3a6a6a"
"W", "0xa6290", "0x8d30304"
"W", "0x207402", "0x8d909d2"
"R", "0x7c9ec"
"W", "0xda15d", "0x7f4d46a1"
"W", "0x26f19c", "0x1b7b8474"
"R", "0x3007da"
"R", "0x23b2cf"
"W", "0x19503f", "0x139ff6bf"
"W", "0x3ef589", "0x194ea9ab"
"W", "0x230ca6", "0x5731607a"
"R", "0x2a3069"
"R", "0x3346a7"
"R", "0x141ef7"
"R", "0x156b49"
"R", "0x2d6f36"
"W", "0x12d2a5", "0x5c45658a"
"W", "0x3a6a6a", "0x1b3dadab"
"W", "0xf93d8", "0x4ebbc8e0"
"R", "0x18aa16"
"R", "0x3492f9"
"R", "0x1ddb5e"
"R", "0x19f668"
"R", "0x14c520"
"R", "0xeedaf"
"R", "0xa6290"
"R", "0x2e155f"
"W", "0x33ecd0", "0x5e44e4bc"
"R", "0x1e8187"
"R", "0x2c22e4"
"W", "0x423456", "0xcedd7f6"
"W", "0x1378ce", "0x78a892e3"
"R", "0x1c8f0c"
"W", "0x19503f", "0x62ab60c2"
"R", "0x28e417"
"R", "0x30ae03"
"R", "0x7c9ec"
"R", "0x87015"
"R", "0x40e804"
"R", "0x2f61b1"
"W", "0x5d771", "0x7997be2"
"R", "0x156b49"
"W", "0x372b9d", "0x152e52e6"
"W", "0x1ddb5e", "0x3edf92e9"
"W", "0x3b1093", "0x4f11bd72"
"R", "0x10e02a"
"R", "0x33ecd0"
"W", "0xbaee2", "0x6c932639"
"R", "0x2cc90d"
"W", "0x3da937", "0x64e74e55"
"W", "0x9bc67", "0x446c1914"
"W", "0x3e4f6", "0x27986532"
"R", "0x33ecd0"
"W", "0x31542c", "0x2118736b"
"W", "0x2d6f36", "0xd6af90e"
"R", "0x3a6a6a"
"W", "0x298a40", "0x169d188a"
"R", "0x3ef589"
"R", "0x368574"
"R", "0x35df4b"
"W", "0x26f19c", "0x1aae90e7"
"R", "0x2458f8"
"W", "0x298a4", "0x2e9db493"
"W", "0x67d9a", "0x3622654d"
"R", "0xda15d"
"W", "0x9bc67", "0x8882b10"
"R", "0x33ecd0"
"W", "0x391e18", "0x74b733eb"
"W", "0x103a01", "0x850e826"
"W", "0x141ef7", "0x591e706f"
"R", "0x3ef589"
"W", "0x2b7cbb", "0x637487be"
"W", "0x2797c5", "0x29d62f0a"
"R", "0x141ef7"
"W", "0x161172", "0x470366b8"
"W", "0x3007da", "0x6c55116b"
"R", "0x39c441"
"W", "0x9163e", "0xa798281"
"W", "0x3877ef", "0x5d81b12f"
"W", "0x1378ce", "0x24b73097"
"W", "0x35df4b", "0x660da64a"
"W", "0x23b2cf", "0x35c548a7"
"W", "0x723c3", "0x260b21d9"
"R", "0x118653"
"R", "0x48b1f"
"R", "0x1f27b"
"R", "0xeedaf"
"W", "0x283dee", "0x7be37387"
"R", "0x10e02a"
"R", "0x1d3535"
"R", "0x30ae03"
"R", "0x19f668"
"R", "0x26f19c"
"W", "0xc550b", "0x264a6f82"
"W", "0x457323", "0x17eeccdc"
"W", "0x211a2b", "0x5b94a6c6"
"W", "0x22667d", "0x60decae8"
"R", "0x14c520"
"R", "0x368574"
"W", "0x2c22e4", "0xbe4d279"
"R", "0x264b73"
"W", "0xda15d", "0x4ec9d398"
"R", "0x19503f"
"R", "0x2f61b1"
"W", "0x26f19c", "0x36de25e7"
"R", "0x39c441"
"R", "0x30ae03"
"W", "0x723c3", "0x307709f8"
"R", "0x14c52"
"R", "0x67d9a"
"W", "0x2ebb88", "0x5b2541cb"
"R", "0x2d6f36"
"W", "0x16b79b", "0x36d5a832"
"W", "0x161172", "0x55ac7240"
"R", "0x3f9bb2"
"R", "0x3da937"
"R", "0x5d771"
"W", "0x48b1f", "0x64519232"
"R", "0xa6290"
"R", "0x2d6f36"
"W", "0x1f27b0", "0x5054092c"
"R", "0x122c7c"
"R", "0x457323"
"R", "0xe4786"
"R", "0xa6290"
"W", "0x39c441", "0x554bc167"
"R", "0x10e02a"
"R", "0x1be8e3"
"W", "0x1be8e3", "0x3e5b821"
"W", "0x3f9bb2", "0x23a868f1"
"W", "0x39c441", "0x39e2a0a3"
"R", "0x31fa55"
"R", "0xbaee2"
"R", "0x4041db"
"W", "0x1b42ba", "0x90add6f"
"R", "0x3007da"
"W", "0x3bb6bc", "0x60344a6a"
"W", "0x26f19c", "0x2c0e382e"
"R", "0x12d2a5"
"W", "0xb08b9", "0x1fc70f91"
"R", "0x3492f9"
"W", "0x32a07e", "0x579ca26a"
"R", "0x1a9c91"
"W", "0xb08b9", "0x2c87e3a2"
"W", "0x3da937", "0x47835cc5"
"W", "0x1be8e3", "0x49d5db0b"
"W", "0x25a54a", "0x4ff6544e"
"W", "0x2c22e4", "0x6a2dc434"
"W", "0x2a3069", "0x17371cab"
"W", "0x3a6a6a", "0x6254fe6e"
"R", "0x3b1093"
"R", "0x28e417"
"W", "0x24ff21", "0x6b62e78c"
"W", "0x87015", "0x1518e1fb"
"W", "0x3a6a6a", "0x71ba888c"
"R", "0x7c9ec"
"W", "0x16b79b", "0x3f742427"
"R", "0x175dc4"
"R", "0x16b79b"
"W", "0xb08b9", "0x3cf2b57f"
"R", "0x141ef7"
"R", "0x2ebb88"
"R", "0x3bb6bc"
"W", "0x18aa16", "0x77d4202a"
"W", "0x418e2d", "0x1f7f9fe2"
"W", "0x48b1f", "0x3f85778c"
"R", "0x156b49"
"R", "0x423456"
"R", "0x118653"
"W", "0x2cc90d", "0x6411aeac"
"R", "0x14c520"
"R", "0x4380a8"
"W", "0x2458f8", "0x4d54da10"
"W", "0x28e417", "0x2368f8ea"
"W", "0x3da937", "0x34073c3a"
"R", "0x141ef7"
"W", "0x5d771", "0x1e6e61a7"
"W", "0x2d6f36", "0x546d76c4"
"R", "0x3007da"
"W", "0x3da937", "0x728ddeb1"
"R", "0x175dc4"
"R", "0x33ecd0"
"R", "0x141ef7"
"W", "0x53148", "0xcf65427"
"W", "0x7c9ec", "0x576cbe51"
"R", "0x122c7c"
"R", "0x161172"
"R", "0x28e417"
"R", "0x1b42ba"
"W", "0x42da7f", "0x388bd783"
"W", "0x4380a8", "0xe27da62"
"W", "0x67d9a", "0xe0049c1"
"W", "0x5d771", "0x22953591"
"W", "0x230ca6", "0x2f694ce6"
"W", "0x118653", "0x626fd279"
"R", "0x423456"
"R", "0x283dee"
"W", "0x2cc90d", "0x2a34ec89"
"W", "0x33ecd0", "0x1f3436fd"
"W", "0x12d2a5", "0xcbed9b3"
"R", "0x42da7f"
"R", "0x2c22e4"
"W", "0x1d3535", "0x772f017d"
"R", "0x37d1c6"
"W", "0x35df4b", "0x7256e7ed"
"R", "0x1b42ba"
"R", "0x161172"
"W", "0x2b7cbb", "0x1c42f0e0"
"R", "0x3e4f60"
"R", "0x48b1f"
"R", "0x5d771"
"R", "0x53148"
"W", "0x3877ef", "0x27c0bad4"
"R", "0x67d9a"
"W", "0x24ff21", "0x533323e4"
"R", "0xda15d"
"W", "0x2f61b1", "0x598f0b7e"
"R", "0xbaee2"
"W", "0x423456", "0x4a78fea"
"W", "0x37d1c6", "0x1c21a582"
"W", "0x19503f", "0x7a4a22ee"
"R", "0x2797c5"
"W", "0xcfb34", "0x14a682e5"
"R", "0x156b49"
"R", "0x31542c"
"R", "0x14c520"
"R", "0xda15d"
"R", "0xb08b9"
"W", "0x1f27b", "0x2915413c"
"R", "0xbaee2"
"W", "0xda15d", "0x72f315bb"
"R", "0x2d6f36"
"W", "0x87015", "0x23e6efaf"
"R", "0x723c3"
"W", "0x283dee", "0x58868553"
"R", "0x2ebb88"
"R", "0x67d9a"
"R", "0xe4786"
"R", "0x3b1093"
"W", "0x3a6a6a", "0xe015ce"
"W", "0x1e8187", "0x69e65bc8"
"W", "0x1a9c91", "0x7a28109"
"W", "0x723c3", "0x4b94e42"
"R", "0x264b73"
"R", "0x1378ce"
"R", "0x31542c"
"R", "0x4380a8"
"W", "0x1378ce", "0x5edfba9b"
"W", "0xda15d", "0x7909530d"
"R", "0x161172"
"R", "0x161172"
"W", "0x118653", "0xa9f0a8"
"R", "0x418e2d"
"W", "0x3c5ce5", "0xbf90ff"
"R", "0x368574"
"W", "0x40e804", "0x65dd9223"
"W", "0x5d771", "0x2f2c99aa"
"W", "0x2797c5", "0x743d91d2"
"W", "0x2ebb88", "0x1aeea776"
"W", "0x2ebb88", "0x405af39f"
"R", "0x4426d1"
"R", "0x21c054"
"R", "0x1a9c91"
"R", "0x3007da"
"R", "0x1f27b0"
"W", "0xeedaf", "0x124af699"
"W", "0x39c441", "0x1b88096c"
"R", "0x2ad692"
"R", "0x10e02a"
"R", "0x3f9bb2"
"R", "0x298a4"
"R", "0xc550b"
"R", "0xda15d"
"R", "0x3492f9"
"W", "0x2ebb88", "0x4c8d7fb8"
"R", "0x48b1f"
"W", "0x10e02a", "0x7d9e54d5"
"W", "0x12d2a5", "0x2ec25947"
"W", "0x26f19c", "0x3ac524bb"
"R", "0x24ff21"
"W", "0x32a07e", "0x4a56afd3"
"W", "0x24ff21", "0x32bd7071"
"R", "0x28e417"
"R", "0x1b42ba"
"W", "0x37d1c6", "0x327d4b62"
"W", "0x23b2cf", "0x494d5df1"
"W", "0x4041db", "0xd04c7ad"
"W", "0x40e804", "0x6d852edb"
"R", "0x1d3535"
"W", "0x1b42ba", "0x663f3744"
"W", "0xf93d8", "0xc726d58"
"R", "0x3b1093"
"W", "0x87015", "0x20cd6f95"
"W", "0xeedaf", "0x6452d1bb"
"W", "0x25a54a", "0x283573ea"
"R", "0x211a2b"
"W", "0x33ecd", "0x56c99bbd"
"W", "0x33ecd", "0x13be9e5b"
"R", "0x1a9c91"
"W", "0x264b73", "0x667fbec0"
"W", "0x12d2a5", "0x1c7bb1b"
"W", "0x4041db", "0x21c8b770"
"W", "0x2a3069", "0x257faad4"
"R", "0x21c054"
"R", "0x2458f8"
"W", "0xa6290", "0x7a1908c7"
"W", "0x28e417", "0x7c4b6ff6"
"R", "0x19503f"
"W", "0x368574", "0x67031797"
"R", "0x230ca6"
"R", "0x1378ce"
"R", "0x1ddb5e"
"W", "0x3a6a6a", "0x19feba4f"
"W", "0x141ef7", "0xac4127b"
"W", "0x1803ed", "0x549da873"
"W", "0x5d771", "0x7f19151"
"R", "0x103a01"
"W", "0x3b1093", "0x73c8a9f9"
"R", "0x1e8187"
"R", "0x211a2b"
"W", "0x0", "0x5fd61b57"
"R", "0x4380a8"
"W", "0x3d030e", "0x9cdf1ee"
"R", "0xb08b9"
"R", "0x28e417"
"R", "0x2cc90d"
"R", "0x2f61b1"
"R", "0x31542c"
"R", "0x2cc90d"
"R", "0x3ef589"
"R", "0x3bb6bc"
"R", "0xda15d"
"R", "0x3ef589"
"W", "0x37d1c6", "0x76f8bf7c"
"W", "0x2cc90d", "0x2120f4b1"
"W", "0x10e02a", "0x3eda48f8"
"R", "0x7c9ec"
"R", "0x141ef7"
"R", "0x1ddb5e"
"R", "0x723c3"
"R", "0x1d3535"
"W", "0x2cc90d", "0x6045df47"
"W", "0x1e8187", "0x6d3341fe"
"W", "0x2e155f", "0x55fad9b9"
"R", "0x10e02a"
"W", "0x2458f8", "0x46f868b2"
"W", "0x103a01", "0x73fdadf6"
"W", "0x2797c5", "0x3154404e"
"W", "0x3346a7", "0x446c89cc"
"R", "0x3e4f60"
"R", "0x418e2d"
"W", "0x18aa16", "0x13688fae"
"R", "0x2ad692"
"W", "0x207402", "0x555272a8"
"W", "0xa6290", "0x657e6eb9"
"W", "0x353922", "0x4d790f64"
"R", "0x4380a8"
"W", "0x1a9c91", "0x23bc04fa"
"R", "0x3b1093"
"R", "0x40e804"
"R", "0x3492f9"
"W", "0x7c9ec", "0x534d572e"
"R", "0x118653"
"R", "0x39c441"
"R", "0x156b49"
"W", "0x723c3", "0x3b1902f6"
"W", "0x1b42ba", "0x5ac39252"
"W", "0x87015", "0x371df6dd"
"W", "0x2d6f36", "0x486a1a49"
"R", "0xb08b9"
"R", "0x3f9bb2"
"W", "0xa6290", "0x6783ade8"
"R", "0x19503f"
"W", "0xa6290", "0x1050f677"
"R", "0x264b73"
"W", "0x87015", "0x5410f0a1"
"W", "0x67d9a", "0x32fd4133"
"W", "0x418e2d", "0x754fe3cb"
"W", "0xcfb34", "0x6f1e5a8"
"R", "0x30ae03"
"R", "0x3007da"
"R", "0x3007da"
"W", "0x35df4b", "0x45c9fed4"
"W", "0x3e4f60", "0x5f2bacf5"
"R", "0x2797c5"
"R", "0x423456"
"W", "0x2ad692", "0x4293cd6f"
"W", "0xe4786", "0x47edd7e4"
"W", "0x161172", "0x4738082c"
"W", "0xf93d8", "0x79f64837"
"R", "0xe4786"
"W", "0x48b1f", "0x3c731416"
"W", "0x4380a8", "0x284bc252"
"W", "0x1e8187", "0x4e09e47d"
"W", "0x1c8f0c", "0x2628ee6a"
"R", "0x24ff21"
"R", "0x5d771"
"W", "0x9163e", "0xe7df17c"
"R", "0x37d1c6"
"W", "0x32a07e", "0x6198a844"
"R", "0x12d2a5"
"W", "0x2ebb88", "0xdb7fbc9"
"R", "0x31fa55"
"R", "0x2c22e4"
"W", "0x30ae03", "0x59ddf312"
"R", "0x25a54a"
"W", "0x3ef589", "0x2812e881"
"W", "0xc550b", "0x6c97caf3"
"R", "0x2f61b1"
"R", "0x24ff21"
"R", "0x211a2b"
"R", "0x2f61b1"
"W", "0xbaee2", "0x6cdc7cdc"
"W", "0x2f61b1", "0x110001d"
"R", "0x39c441"
"R", "0x35df4b"
"R", "0x3b1093"
"W", "0x3f9bb2", "0x787d4ab4"
"W", "0x87015", "0x400991ce"
"R", "0x32a07e"
"R", "0x418e2d"
"W", "0x418e2d", "0x5ee74e26"
"R", "0x42da7f"
"W", "0x264b73", "0x44bfacfe"
"W", "0xb08b9", "0x796c750a"
"R", "0x3d030e"
"R", "0x3346a7"
"W", "0x31fa55", "0x578a4343"
"W", "0xa6290", "0x18d9b842"
"W", "0x368574", "0x2d06a5a4"
"R", "0x3bb6bc"
"R", "0x2c22e4"
"R", "0x26f19c"
"W", "0x33ecd0", "0x4851f233"
"R", "0x1f27b0"
"W", "0xcfb34", "0x3d21f4c4"
"R", "0xe4786"
"R", "0x3e4f6"
"W", "0x283dee", "0x2cd49542"
"W", "0x3492f9", "0x4f0fa630"
"R", "0xb08b9"
"R", "0x2f61b1"
"W", "0x298a4", "0x143e95c9"
"R", "0x9bc67"
"W", "0x368574", "0x5b95e5da"
"R", "0x391e18"
"W", "0x122c7c", "0x5c1b659d"
"R", "0x423456"
"W", "0x3a6a6a", "0x5f04f9e"
"R", "0x3d030e"
"W", "0x18aa16", "0x733c623c"
"W", "0x31542c", "0x5553ad4a"
"R", "0x67d9a"
"W", "0x40e804", "0x592f0b31"
"R", "0x4041db"
"R", "0x1b42ba"
"W", "0x2ebb88", "0x66307a47"
"R", "0x1fcdd9"
"R", "0x2797c5"
"R", "0x21c054"
"W", "0x33ecd0", "0x435bd6b7"
"R", "0x39c441"
"R", "0x1803ed"
"R", "0xc550b"
"R", "0x3c5ce5"
"W", "0x2f61b1", "0x371bd2d0"
"W", "0x9bc67", "0x3654a459"
"W", "0x37d1c6", "0x3dbee6b2"
"R", "0x2ebb88"
"R", "0x10e02a"
"W", "0x141ef7", "0x1a43ba9f"
"W", "0x2c22e4", "0x1c0c55ff"
"R", "0x2f61b1"
"R", "0x156b49"
"R", "0x156b49"
"W", "0x3d030e", "0x48c8f1c2"
"W", "0x1a9c91", "0x72f9dd6b"
"W", "0x2b7cbb", "0x2736cabe"
"R", "0x423456"
"W", "0x103a01", "0x51e4d4af"
"R", "0x298a4"
"R", "0x3e4f6"
"W", "0x3f9bb2", "0x14c08c4b"
"R", "0x4041db"
"W", "0x3f9bb2", "0x7668465e"
"R", "0x3a6a6a"
"W", "0x31fa55", "0x23e69c9d"
"W", "0xda15d", "0x1f925ae0"
"R", "0x2797c5"
"W", "0xeedaf", "0x2701cb70"
"W", "0x24ff21", "0x13aac645"
"R", "0x24ff21"
"R", "0x19503f"
"R", "0x37d1c6"
"R", "0x3f9bb2"
"R", "0x14c520"
"W", "0x31542c", "0x9feb505"
"W", "0x19f668", "0x680d3014"
"W", "0x141ef7", "0x27e4d1f"
"W", "0x3e4f60", "0x55de3a94"
"W", "0x3007da", "0x1e7a2ac3"
"R", "0x31542c"
"W", "0x24ff21", "0x4e58cc1d"
"R", "0x207402"
"R", "0x22667d"
"W", "0x4380a8", "0x34c6009f"
"R", "0x391e18"
"W", "0x42da7f", "0x59d47d8b"
"W", "0x2a3069", "0x1d082b06"
"W", "0x1be8e3", "0x2afb86a2"
"R", "0x1c8f0c"
"W", "0x3492f9", "0x5c3e3bbf"
"R", "0x37d1c6"
"R", "0xda15d"
"W", "0x103a01", "0xd4bef67"
"W", "0x21c054", "0x4c33fff2"
"R", "0x24ff21"
"R", "0x2e155f"
"R", "0x161172"
"R", "0x3ef589"
"W", "0x264b73", "0x4ec2dcdf"
"W", "0xe4786", "0x21438353"
"W", "0xf93d8", "0x14925b55"
"W", "0x3a6a6a", "0x19b731fd"
"R", "0x3877ef"
"W", "0xbaee2", "0xafe2a46"
"W", "0x3bb6bc", "0x608c4dc2"
"R", "0xcfb34"
"W", "0x35df4b", "0x5fae8e51"
"R", "0x2b7cbb"
"W", "0x1d3535", "0x2d020cf8"
"W", "0x1378ce", "0x1a123b0d"
"R", "0x2458f8"
"W", "0x18aa16", "0x4b95cf5c"
"R", "0x4426d1"
"R", "0xf93d8"
"W", "0x3b1093", "0x23bbfa43"
"W", "0x207402", "0x6442e96e"
"R", "0x1be8e3"
"R", "0xa6290"
"W", "0x19f668", "0x689201d2"
"W", "0x2cc90d", "0x6f06f62f"
"W", "0x53148", "0x6bdf665a"
"R", "0x19f668"
"R", "0x1c8f0c"
"R", "0x3877ef"
"R", "0xbaee2"
"R", "0x3ef589"
"R", "0x2c22e4"
"R", "0x25a54a"
"W", "0x48b1f", "0x4506bad6"
"W", "0x3b1093", "0x77cceba6"
"W", "0x0", "0x67025108"
"W", "0x2797c5", "0x68b01d40"
"R", "0x4426d1"
"W", "0x122c7c", "0x771cf97d"
"R", "0x1fcdd9"
"R", "0x211a2b"
"W", "0x723c3", "0x3f3c7026"
"W", "0x1e8187", "0x749adc99"
"W", "0xda15d", "0x2ff6762"
"R", "0x230ca6"
"W", "0x2d6f36", "0x8bfcf60"
"R", "0x40e804"
"W", "0x2a3069", "0x24125b0d"
"R", "0x1803ed"
"W", "0x23b2cf", "0x52309f1"
"W", "0x48b1f", "0x317a07e0"
"R", "0x1fcdd9"
"W", "0x1378ce", "0x718536e0"
"R", "0x4380a8"
"W", "0x1b42ba", "0x3c8be910"
"R", "0x3d030e"
"R", "0x19f668"
"R", "0xeedaf"
"R", "0x3ef589"
"R", "0x39c441"
"R", "0x19f668"
"R", "0x33ecd"
"W", "0x31542c", "0x78314668"
"W", "0xb08b9", "0x10c977a1"
"R", "0xf93d8"
"R", "0xb08b9"
"W", "0x7c9ec", "0x5babeccc"
"W", "0x230ca6", "0x5f65106"
"W", "0x3d030e", "0x564fae9f"
"W", "0x42da7f", "0x4b2fc575"
"W", "0xc550b", "0x1378e6b8"
"R", "0x457323"
"R", "0x39c441"
"R", "0x31fa55"
"W", "0x1f27b", "0x5e75943f"
"W", "0x103a01", "0x44b3c67a"
"W", "0x7c9ec", "0x76c0f89d"
"R", "0xeedaf"
"W", "0x42da7f", "0x6b00db97"
"R", "0x264b73"
"R", "0x2cc90d"
"R", "0x2c22e4"
"W", "0x368574", "0x3e79bfef"
"W", "0x3b1093", "0x51f4b7fe"
"W", "0xda15d", "0x4f4aeb32"
"W", "0x418e2d", "0x14ad9d4c"
"R", "0x9163e"
"W", "0xa6290", "0x18722096"
"W", "0x1d3535", "0x7c8d1c36"
"R", "0x39c441"
"R", "0x2458f8"
"R", "0x3bb6bc"
"R", "0x23b2cf"
"R", "0x207402"
"R", "0x161172"
"R", "0x37d1c6"
"W", "0x2f61b1", "0x68cebb7a"
"W", "0x87015", "0xd673b2f"
"W", "0x3da937", "0x47c27ed7"
"R", "0x3da937"
"W", "0x3d030e", "0x6e9528e"
"W", "0x31542c", "0x690d61e8"
"R", "0x22667d"
"R", "0x1ddb5e"
"W", "0x30ae03", "0x6abaf837"
"W", "0x48b1f", "0x4025a8d7"
"W", "0x3007da", "0x2265be7"
"R", "0x1b42ba"
"R", "0x4041db"
"W", "0x48b1f", "0x4c847231"
"W", "0x14c520", "0x74f2fc7d"
"W", "0x141ef7", "0x5a3fb7db"
"R", "0x118653"
"R", "0x2b7cbb"
"R", "0x1a9c91"
"R", "0x3492f9"
"W", "0x26f19c", "0x5f3ee29f"
"W", "0x3a6a6a", "0x871e0d7"
"W", "0xe4786", "0x4aab921f"
"W", "0xe4786", "0x7d7b73d9"
"W", "0x118653", "0x1024e756"
"R", "0xda15d"
"R", "0x3346a7"
"W", "0x35df4b", "0x41886d1c"
"R", "0x3492f9"
"W", "0x19f668", "0x4bf4f2ec"
"W", "0x2c22e4", "0x6e843b"
"W", "0x19f668", "0x3ef56117"
"W", "0x67d9a", "0x2ca70344"
"W", "0x53148", "0x7445e728"
"W", "0xa6290", "0x5670dec0"
"R", "0xf93d8"
"R", "0xb08b9"
"R", "0x457323"
"W", "0x7c9ec", "0x62f2b8fb"
"W", "0x3d030e", "0x2a70e346"
"W", "0x122c7c", "0x316ca69e"
"R", "0x211a2b"
"W", "0x44ccfa", "0x6569b6aa"
"R", "0x67d9a"
"R", "0x3346a7"
"R", "0x31fa55"
"W", "0xc550b", "0x69ce6c3f"
"R", "0x3a6a6a"
"R", "0x67d9a"
"W", "0x24ff21", "0x128fbfbc"
"W", "0x2797c5", "0x7a62f9a7"
"W", "0x1ddb5e", "0x29c8db1c"
"W", "0x230ca6", "0x3257367e"
"W", "0x10e02a", "0x991b525"
"W", "0x7c9ec", "0x2bc511dc"
"R", "0x42da7f"
"W", "0x122c7c", "0x2b61e60c"
"W", "0x4041db", "0x6fc4f654"
"R", "0x19503f"
"R", "0x7c9ec"
"W", "0x23b2cf", "0x5a23dbd"
"W", "0x48b1f", "0x68baa74a"
"R", "0xc550b"
"R", "0x2cc90d"
"R", "0x25a54a"
"W", "0x1be8e3", "0x21a05dde"
"W", "0x53148", "0x2595feb1"
"W", "0x1d3535", "0x395a52e7"
"R", "0x3ef589"
"W", "0x87015", "0x35627146"
"W", "0x283dee", "0x50b64f2"
"R", "0x1ddb5e"
"W", "0x32a07e", "0x1cb2374b"
"R", "0x16b79b"
"W", "0x1c8f0c", "0x1c8d2d5d"
"W", "0x4426d1", "0x568f6b9c"
"W", "0x2cc90d", "0x64d9ed2"
"W", "0x1f27b0", "0x61e239c6"
"R", "0x1fcdd9"
"R", "0x3bb6bc"
"R", "0x31542c"
"W", "0x19503f", "0x69ebaabb"
"R", "0x3d030e"
"W", "0x1be8e3", "0x6edab603"
"W", "0xf93d8", "0x3d4f3ba"
"W", "0x3da937", "0x268aeed6"
"R", "0xc550b"
"R", "0xc550b"
"W", "0x1c8f0c", "0x4556d52b"
"W", "0x2c22e4", "0x3056c153"
"W", "0xb08b9", "0x14779324"
"R", "0x2d6f36"
"R", "0x723c3"
"W", "0x2a3069", "0x4f98aa3c"
"W", "0x3a6a6a", "0x412cd23d"
"W", "0x24ff21", "0x2427ea97"
"R", "0x1378ce"
"W", "0x3ef589", "0x57f95274"
"R", "0x3e4f60"
"R", "0x1be8e3"
"R", "0x5d771"
"W", "0x1d3535", "0x74d3f24e"
"R", "0x10e02a"
"R", "0x372b9d"
"R", "0x7c9ec"
"W", "0x12d2a5", "0x66056fa4"
"R", "0x175dc4"
"R", "0x353922"
"W", "0x3f9bb2", "0x62828a18"
"W", "0x46194c", "0x2e307434"
"W", "0x14c52", "0x7f4332ec"
"W", "0x1d3535", "0xbddbf74"
"W", "0x26f19c", "0x4c9eca8b"
"R", "0x141ef7"
"W", "0x3346a7", "0x75d9c9da"
"W", "0x418e2d", "0x6d6db1c5"
"W", "0x141ef7", "0x6c540f84"
"R", "0xbaee2"
"R", "0x2d6f36"
"R", "0xf93d8"
"R", "0x3e4f60"
"R", "0x9163e"
"W", "0x3e4f6", "0x5950f9a6"
"W", "0x30ae03", "0x5a7611f8"
"R", "0x3c5ce5"
"R", "0x5d771"
"W", "0xc550b", "0x2dd24258"
"W", "0x16b79b", "0x4d4fcacf"
"R", "0x1e8187"
"W", "0x122c7c", "0x1c7e576d"
"W", "0x1a9c91", "0x55a1c823"
"R", "0x175dc4"
"W", "0xf93d8", "0x5ac8bd4a"
"R", "0x1ddb5e"
"R", "0x22667d"
"W", "0x1e8187", "0x4a6e4f21"
"R", "0x1be8e3"
"W", "0x1d3535", "0x6a2d701e"
"R", "0x141ef7"
"R", "0x161172"
"R", "0x12d2a5"
"W", "0x353922", "0xda08622"
"R", "0x19f668"
"R", "0x31542c"
"R", "0x22667d"
"R", "0x264b73"
"W", "0x372b9d", "0x5dd84a51"
"R", "0x9163e"
"R", "0x4426d1"
"R", "0x1a9c91"
"R", "0x3a6a6a"
"W", "0x46194c", "0x63f7421a"
"R", "0x1a9c91"
"W", "0x1a9c91", "0x71f53957"
"R", "0x2797c5"
"W", "0x2cc90d", "0x33237b6"
"W", "0x1be8e3", "0x6524781"
"W", "0x53148", "0x68d7eae0"
"W", "0x24ff21", "0x6cb39dd7"
"R", "0x1fcdd9"
"R", "0x3da937"
"R", "0x37d1c6"
"W", "0x3877ef", "0x2137faa1"
"R", "0x161172"
"R", "0x3346a7"
"W", "0x2797c5", "0x615cd40b"
"R", "0x31fa55"
"W", "0x207402", "0x59fee8ce"
"W", "0x2ad692", "0x5ade23e4"
"W", "0x118653", "0x46b088d5"
"R", "0x3d030e"
"R", "0x1d3535"
"W", "0x118653", "0x8ed87b1"
"R", "0x3ef589"
"R", "0x368574"
"W", "0xf93d8", "0x7f591bbc"
"R", "0x3da937"
"R", "0x2a3069"
"R", "0x28e417"
"R", "0x3007da"
"W", "0xcfb34", "0x41f4bfc8"
"W", "0x33ecd", "0x1a5afbbf"
"R", "0x283dee"
"R", "0x211a2b"
"W", "0x2c22e4", "0x7e6da644"
"R", "0x161172"
"R", "0x10e02a"
"R", "0x12d2a5"
"W", "0x230ca6", "0x415906ee"
"R", "0x2a3069"
"W", "0x2b7cbb", "0x447955a1"
"R", "0x3ef589"
"W", "0x1c8f0c", "0x4ed37c1f"
"R", "0x3007da"
"R", "0x26f19c"
"R", "0x40e804"
"R", "0xbaee2"
"R", "0x31fa55"
"R", "0x30ae03"
"W", "0x19503f", "0xdcd029b"
"R", "0x2797c5"
"W", "0x391e18", "0x9f15b26"
"R", "0x31fa55"
"W", "0x1c8f0c", "0x2b2f3d41"
"R", "0x122c7c"
"R", "0x19503f"
"W", "0x14c520", "0x76b366ad"
"W", "0x2ebb88", "0x33bbe77f"
"W", "0xda15d", "0x59a6bd5e"
"R", "0x3007da"
"W", "0x37d1c6", "0x62fcf73e"
"R", "0x3d030e"
"W", "0x19503f", "0x1342818c"
"R", "0x9bc67"
"W", "0x1e8187", "0x3756cdc"
"R", "0x2797c5"
"R", "0x4041db"
"R", "0x24ff21"
"R", "0x2797c5"
"W", "0x3f9bb2", "0x71bdbbc7"
"W", "0x1ddb5e", "0x91a4edd"
"R", "0x25a54a"
"W", "0x2c22e4", "0x29e92d40"
"R", "0x353922"
"W", "0x2b7cbb", "0x229659a0"
"R", "0x122c7c"
"W", "0x33ecd0", "0x4391407d"
"R", "0x1b42ba"
"W", "0x14c52", "0x2082abc4"
"W", "0x16b79b", "0x3558c777"
"R", "0x2f61b1"
"R", "0x28e417"
"R", "0x391e18"
"R", "0x3877ef"
"W", "0x156b49", "0x587b36dc"
"W", "0x283dee", "0x5a150cc0"
"W", "0x3ef589", "0x74218855"
"W", "0x39c441", "0x289b2388"
"W", "0x3492f9", "0x69f5e404"
"R", "0xf93d8"
"W", "0x1d3535", "0x29464bdf"
"W", "0x353922", "0x3232d3cb"
"R", "0x18aa16"
"W", "0x37d1c6", "0xc26ab2b"
"R", "0x3877ef"
"W", "0x3bb6bc", "0x29265a5e"
"R", "0x372b9d"
"R", "0x298a40"
"R", "0x7c9ec"
"R", "0x1be8e3"
"R", "0x10e02a"
"W", "0x26f19c", "0x7d28a1b3"
"R", "0x32a07e"
"R", "0x19f668"
"R", "0x3007da"
"R", "0x207402"
"W", "0xbaee2", "0xf1e8703"
"W", "0x28e417", "0x7212f5c7"
"R", "0x2d6f36"
"R", "0x283dee"
"W", "0x19f668", "0x400bb67d"
"W", "0x10e02a", "0x31aee060"
"W", "0x87015", "0x59d4fe3e"
"R", "0x46194c"
"W", "0x211a2b", "0xe528372"
"W", "0x3c5ce5", "0x7ed0adf9"
"W", "0x1d3535", "0x308608c"
"W", "0x18aa16", "0x3428141c"
"R", "0x19f668"
"W", "0x3e4f60", "0x32d5c975"
"R", "0x31542c"
"W", "0x3ef589", "0x6f8d1180"
"R", "0x9163e"
"W", "0xb08b9", "0x4bbf0b3c"
"W", "0x391e18", "0x457d59de"
"R", "0x4380a8"
"W", "0x31fa55", "0x7f099c64"
"W", "0x3007da", "0x6ca3e51e"
"W", "0x22667d", "0x7822c2b3"
"R", "0x7c9ec"
"R", "0x32a07e"
"W", "0x42da7f", "0x7ecc6a90"
"W", "0x2a3069", "0xf550118"
"W", "0x1be8e3", "0x6502b3c8"
"W", "0x2ebb88", "0x76f54e10"
"W", "0x9163e", "0x412d5443"
"W", "0x31fa55", "0x45e3389d"
"R", "0x2b7cbb"
"R", "0x46194c"
"R", "0x723c3"
"W", "0x2d6f36", "0x6505f7c9"
"W", "0x1c8f0c", "0x533d2568"
"W", "0x87015", "0x618ff229"
"R", "0x1f27b0"
"R", "0x1fcdd9"
"R", "0x3d030e"
"R", "0xeedaf"
"W", "0x42da7f", "0x6c930c61"
"W", "0x35df4b", "0x1cf630e1"
"W", "0x24ff21", "0x74e34ca3"
"W", "0x39c441", "0xf5f7b60"
"R", "0x3d030e"
"R", "0xb08b9"
"R", "0x3bb6bc"
"W", "0x30ae03", "0x74b8943a"
"R", "0x46194c"
"W", "0x423456", "0x2ac0c660"
"R", "0x30ae03"
"W", "0x1d3535", "0x7ffd87d6"
"W", "0x2e155f", "0x10ed2b9e"
"W", "0x103a01", "0x1e224e62"
"R", "0x391e18"
"R", "0xf93d8"
"W", "0x1e8187", "0x4add2635"
"W", "0x230ca6", "0x1267ea43"
"W", "0x156b49", "0x363df886"
"R", "0x156b49"
"R", "0x1e8187"
"R", "0x2b7cbb"
"R", "0x12d2a5"
"W", "0xc550b", "0x5edd17a8"
"R", "0xbaee2"
"W", "0x35df4b", "0x19065c96"
"W", "0x283dee", "0x2f6f21d1"
"R", "0x87015"
"W", "0x31542c", "0x1ce9e869"
"R", "0x141ef7"
"W", "0x30ae03", "0x55ef3f9b"
"W", "0x1e8187", "0x252844f"
"R", "0x2b7cbb"
"W", "0x161172", "0x7af96df2"
"R", "0x3e4f6"
"W", "0x24ff21", "0x30f376fd"
"R", "0x372b9d"
"W", "0x3d030e", "0x211fe73"
"R", "0x25a54a"
"R", "0x2f61b1"
"R", "0x40e804"
"W", "0x0", "0x741fe276"
"R", "0x264b73"
"R", "0x7c9ec"
"W", "0x3346a7", "0x18ecfe7e"
"W", "0x423456", "0x1f86cd21"
"W", "0x33ecd0", "0x65a765e3"
"W", "0x1be8e3", "0x77b978d1"
"R", "0x21c054"
"R", "0x2cc90d"
"R", "0x723c3"
"W", "0x19f668", "0x74d1ce7e"
"R", "0x42da7f"
"R", "0x2a3069"
"R", "0x3a6a6a"
"W", "0x418e2d", "0xad29c99"
"R", "0xda15d"
"R", "0x31542c"
"W", "0x3007da", "0x18985c36"
"R", "0x53148"
"R", "0x19f668"
"R", "0x368574"
"R", "0x1b42ba"
"R", "0x391e18"
"R", "0x3e4f6"
"R", "0x7c9ec"
"R", "0x30ae03"
"W", "0x3a6a6a", "0x3d5c0e11"
"W", "0x2cc90d", "0x6be3f2fe"
"W", "0x1d3535", "0x2ddcbc48"
"R", "0x122c7c"
"W", "0x26f19c", "0x7c767cc4"
"W", "0x211a2b", "0x2e634317"
"W", "0x24ff21", "0x42a5709f"
"W", "0xeedaf", "0x41b15d96"
"W", "0xf93d8", "0x382aae32"
"W", "0x33ecd", "0x6f462499"
"R", "0x1c8f0c"
"W", "0x25a54a", "0x63a4ba38"
"R", "0x21c054"
"R", "0x87015"
"R", "0x26f19c"
"R", "0x122c7c"
"W", "0x211a2b", "0x70f4f78b"
"R", "0x12d2a5"
"R", "0xb08b9"
"W", "0x2cc90d", "0x6124b311"
"W", "0x1d3535", "0x5386e212"
"W", "0x3b1093", "0x550d8681"
"R", "0x1b42ba"
"W", "0x3877ef", "0x4e82717b"
"W", "0xb08b9", "0x3990cf1f"
"R", "0x3da937"
"W", "0x207402", "0x56d4f2f8"
"R", "0x1a9c91"
"W", "0x1ddb5e", "0x37c94b68"
"W", "0x2cc90d", "0x570f5673"
"W", "0x2a3069", "0x4279bdf4"
"W", "0x175dc4", "0x44384564"
"R", "0x141ef7"
"R", "0x4041db"
"R", "0x14c520"
"W", "0x3da937", "0x4c0e5ca7"
"W", "0xda15d", "0x291357bd"
"R", "0xa6290"
"W", "0x25a54a", "0x22563b35"
"W", "0x211a2b", "0x12175d97"
"R", "0x1d3535"
"W", "0x3c5ce5", "0x1adb0f27"
"W", "0x2c22e4", "0xce20604"
"W", "0x30ae03", "0x1ee490fb"
"R", "0x1d3535"
"W", "0x33ecd", "0x206ebfaa"
"R", "0x1d3535"
"W", "0x2b7cbb", "0x5f997149"
"W", "0x5d771", "0x763cb1f5"
"R", "0x46194c"
"R", "0x156b49"
"R", "0x1c8f0c"
"W", "0x1f27b0", "0x491f0761"
"W", "0x423456", "0x64c67174"
"W", "0x1c8f0c", "0x254902d7"
"W", "0x3d030e", "0x30b2fec9"
"W", "0x53148", "0x4d4b68aa"
"W", "0x19503f", "0xd696bd9"
"R", "0x3f9bb2"
"W", "0x28e417", "0x32bfe9cc"
"W", "0x9bc67", "0x68d35f22"
"W", "0x23b2cf", "0x3eab28d2"
"W", "0x156b49", "0x3bebe6aa"
"W", "0x3d030e", "0x5ad1a784"
"R", "0x39c441"
"W", "0x3f9bb2", "0x34e1e9c"
"W", "0x161172", "0x77cac1a1"
"W", "0x2cc90d", "0x504c3627"
"R", "0x9163e"
"W", "0x37d1c6", "0x470af875"
"W", "0x2ebb88", "0x24dedcd"
"R", "0x3c5ce5"
"W", "0x230ca6", "0x1326a59c"
"R", "0xe4786"
"R", "0x40e804"
"R", "0x1ddb5e"
"W", "0x723c3", "0x17a99462"
"W", "0x87015", "0x68c7a1f"
"W", "0x141ef7", "0x2090efec"
"R", "0x103a01"
"R", "0x28e417"
"R", "0xcfb34"
"W", "0x1c8f0c", "0x188e057f"
"W", "0x161172", "0x4980068c"
"W", "0x19503f", "0x5e900482"
"W", "0x2d6f36", "0xd5c5365"
"W", "0x14c520", "0x777ad4ef"
"W", "0x1fcdd9", "0x73263cd8"
"W", "0x3d030e", "0x24379cf7"
"W", "0x4041db", "0x37ad398d"
"W", "0x141ef7", "0x3b1fa5ea"
"R", "0x156b49"
"W", "0x40e804", "0x53f02709"
"W", "0xeedaf", "0x52d532a1"
"W", "0x40e804", "0x47c9ff3d"
"W", "0x3e4f60", "0x7350ecca"
"R", "0x3da937"
"W", "0x67d9a", "0x20f1f2fb"
"W", "0x3a6a6a", "0x47b7afb8"
"R", "0x211a2b"
"W", "0x207402", "0x721282a9"
"W", "0x31fa55", "0x7c589b96"
"R", "0x2458f8"
"R", "0x39c441"
"R", "0x353922"
"W", "0x283dee", "0x52b1f670"
"R", "0xbaee2"
"W", "0xa6290", "0x27edf416"
"R", "0x2e155f"
"R", "0x7c9ec"
"R", "0x2797c5"
"R", "0x40e804"
"R", "0x5d771"
"R", "0x28e417"
"R", "0xa6290"
"R", "0x35df4b"
"W", "0x21c054", "0x66957a54"
"R", "0x31542c"
"W", "0x3ef589", "0x72960c21"
"W", "0x122c7c", "0x117bdabb"
"W", "0x2a3069", "0x14b8c892"
"W", "0x122c7c", "0x54fc1c49"
"W", "0xda15d", "0x42c0b1df"
"W", "0x2458f8", "0x2733efb"
"W", "0x31542c", "0x6f04e014"
"R", "0x1fcdd9"
"W", "0x3877ef", "0x72d03b0"
"R", "0x3da937"
"R", "0x1be8e3"
"W", "0x3d030e", "0x286534b2"
"W", "0x48b1f", "0x24619eb3"
"W", "0x33ecd", "0x38aceb4a"
"W", "0x2d6f36", "0x5cc97294"
"R", "0xa6290"
"R", "0x19f668"
"R", "0x24ff21"
"R", "0x4041db"
"W", "0x18aa16", "0x6490fe78"
"R", "0x1fcdd9"
"W", "0x2cc90d", "0x384ea11"
"W", "0xe4786", "0x44c35c9f"
"R", "0x2b7cbb"
"W", "0x3492f9", "0x15fb2894"
"R", "0x211a2b"
"W", "0x2cc90d", "0x540bbeb9"
"W", "0x37d1c6", "0x67d6ae60"
"W", "0x12d2a5", "0x3347eb9"
"W", "0x3492f9", "0x70f47681"
"R", "0x40e804"
"W", "0xbaee2", "0x3e5b6949"
"W", "0x3b1093", "0x172a0a57"
"W", "0x2e155f", "0x1aa0c71f"
"W", "0xda15d", "0x212c254d"
"R", "0x5d771"
"R", "0x161172"
"R", "0x3e4f60"
"W", "0x35df4b", "0xce7374d"
"W", "0x16b79b", "0x5a666ef2"
"W", "0x298a40", "0x463dab32"
"W", "0x14c520", "0x729d7b5a"
"W", "0x3ef589", "0x4c644e19"
"W", "0x67d9a", "0x1368498b"
"R", "0x3c5ce5"
"W", "0x31542c", "0x5645fd0e"
"W", "0x3ef589", "0x250fcf4c"
"W", "0x353922", "0x3aff854f"
"W", "0x32a07e", "0x42faf0d4"
"R", "0x4041db"
"W", "0x264b73", "0x29a24b56"
"W", "0x19f668", "0x7f2866de"
"W", "0x33ecd0", "0x3f074591"
"R", "0x2b7cbb"
"R", "0x3b1093"
"W", "0x2b7cbb", "0x2e1ff5cc"
"W", "0x2c22e4", "0x12f50a76"
"R", "0x2cc90d"
"R", "0x283dee"
"W", "0x264b73", "0x363cabd8"
"W", "0x368574", "0x4689223f"
"R", "0x1b42ba"
"R", "0x14c52"
"W", "0x2f61b1", "0xffd98bd"
"W", "0x3c5ce5", "0xcff13be"
"W", "0x3346a7", "0x4df3213b"
"R", "0x3bb6bc"
"R", "0x118653"
"W", "0x175dc4", "0x218f287f"
"W", "0xb08b9", "0x479ab79a"
"W", "0x2f61b1", "0x5201f61c"
"W", "0xc550b", "0x23de6fd0"
"W", "0xf93d8", "0x438da67b"
"W", "0x207402", "0x76b3c485"
"R", "0x39c441"
"W", "0x16b79b", "0x3ca7b49e"
"R", "0x3bb6bc"
"R", "0x22667d"
"W", "0x14c520", "0x587a1e2b"
"R", "0x1b42ba"
"W", "0x19503f", "0x2e2b9a18"
"R", "0x2c22e4"
"W", "0x2d6f36", "0x3e064456"
"W", "0xf93d8", "0xb317043"
"R", "0x3b1093"
"R", "0x1be8e3"
"R", "0x33ecd0"
"W", "0x298a40", "0x73ce594a"
"W", "0x2458f8", "0x61067172"
"W", "0x1378ce", "0x6f56f45d"
"R", "0x23b2cf"
"W", "0x87015", "0x368ee7bc"
"W", "0x1803ed", "0xc0ce76d"
"R", "0xa6290"
"W", "0x1378ce", "0x1903bb5b"
"W", "0x1b42ba", "0x27454611"
"R", "0x10e02a"
"W", "0xa6290", "0x2a319721"
"R", "0x2c22e4"
"R", "0x1fcdd9"
"W", "0x3bb6bc", "0x26c8d53e"
"W", "0x31542c", "0x270564ca"
"R", "0x3a6a6a"
"W", "0x9163e", "0x6040b40a"
"R", "0xa6290"
"R", "0x37d1c6"
"W", "0x3346a7", "0x13d8e8ec"
"R", "0x3877ef"
"R", "0x283dee"
"R", "0x1ddb5e"
"R", "0x12d2a5"
"W", "0x40e804", "0x68c5b6ba"
"R", "0x48b1f"
"W", "0xda15d", "0x7d29b78f"
"R", "0x24ff21"
"W", "0x2ebb88", "0x76df6576"
"W", "0x1378ce", "0xdbe9fa2"
"W", "0x207402", "0x1e5c0396"
"W", "0x141ef7", "0xd6adc12"
"W", "0x298a4", "0x506a6c80"
"R", "0x22667d"
"W", "0xf93d8", "0x7bda43c3"
"R", "0x3b1093"
"W", "0x37d1c6", "0x7bb7d362"
"W", "0x37d1c6", "0x7f6f8d99"
"W", "0x161172", "0x723a69f"
"W", "0x264b73", "0xa6d5f3e"
"R", "0x3bb6bc"
"W", "0x2f61b1", "0x16194d04"
"W", "0x2797c5", "0x10968209"
"W", "0x1c8f0c", "0x63023762"
"R", "0x3b1093"
"W", "0x39c441", "0x6e5e0d99"
"R", "0x1c8f0c"
"W", "0x264b73", "0x330fc0b7"
"R", "0x1a9c91"
"W", "0x14c52", "0x507546da"
"R", "0x175dc4"
"W", "0x30ae03", "0x4ae1b852"
"W", "0x18aa16", "0x413f74b8"
"W", "0x230ca6", "0x445313d4"
"W", "0x24ff21", "0x26f34add"
"R", "0x46bf75"
"W", "0x3346a7", "0x31d28a5"
"W", "0x3f9bb2", "0x7f1ceeda"
"W", "0x2ebb88", "0x50494473"
"R", "0xb08b9"
"W", "0x283dee", "0x6e28dba7"
"R", "0xbaee2"
"R", "0x26f19c"
"W", "0x175dc4", "0x2e2d060c"
"R", "0x2cc90d"
"W", "0x21c054", "0x3ed08e31"
"R", "0x3bb6bc"
"W", "0x3b1093", "0x48daca17"
"R", "0x156b49"
"R", "0x2797c5"
"W", "0x2b7cbb", "0x7e35e76c"
"R", "0x87015"
"R", "0x2458f8"
"W", "0x7c9ec", "0x257b312f"
"R", "0x2458f8"
"W", "0x4426d1", "0x38cca6d9"
"W", "0x4041db", "0x1b3fb7c"
"W", "0x1be8e3", "0x1479a0ce"
"R", "0x2ad692"
"R", "0x1e8187"
"W", "0x53148", "0x75f7ba87"
"W", "0x3bb6bc", "0x3d77ec41"
"W", "0x156b49", "0x422564a8"
"W", "0x87015", "0x22c6d787"
"W", "0x32a07e", "0x40a1c532"
"R", "0x4380a8"
"W", "0x31fa55", "0x5166e6c8"
"R", "0x19f668"
"W", "0x118653", "0x4f09c45d"
"R", "0x9bc67"
"R", "0x16b79b"
"R", "0x161172"
"R", "0x372b9d"
"R", "0x156b49"
"R", "0x2797c5"
"R", "0x1803ed"
"W", "0x3c5ce5", "0x5f150b3b"
"R", "0x24ff21"
"R", "0x35df4b"
"W", "0x2d6f36", "0x7c563f46"
"R", "0x372b9d"
"W", "0x211a2b", "0x55a1e85a"
"R", "0x22667d"
"W", "0x1b42ba", "0x23eb149f"
"R", "0x368574"
"W", "0x3c5ce5", "0x41b28695"
"R", "0x2cc90d"
"R", "0x230ca6"
"R", "0x2d6f36"
"W", "0x19503f", "0x6d90be8f"
"R", "0x1a9c91"
"R", "0x4041db"
"R", "0x40e804"
"W", "0x1f27b", "0x161a4292"
"R", "0x3a6a6a"
"W", "0x1e8187", "0x82a45dc"
"W", "0x9bc67", "0x6276c8c9"
"R", "0x4041db"
"W", "0x35df4b", "0x22b75b90"
"R", "0x122c7c"
"W", "0x24ff21", "0x47cfc3a7"
"W", "0x7c9ec", "0x194612f7"
"W", "0x211a2b", "0x51f660e8"
"W", "0x1b42ba", "0x29d49d84"
"R", "0x10e02a"
"R", "0x40e804"
"R", "0x3007da"
"W", "0x3b1093", "0x46ba33a1"
"R", "0x26f19c"
"R", "0x1f27b"
"R", "0x3c5ce5"
"W", "0x3da937", "0x3fd2237a"
"W", "0x3da937", "0x525012f9"
"R", "0x1a9c91"
"R", "0x211a2b"
"W", "0x2a3069", "0x658d55ff"
"W", "0x19f668", "0x923c17d"
"W", "0x1378ce", "0x30bd72c0"
"W", "0xda15d", "0x6477396d"
"W", "0x87015", "0x33254797"
"R", "0x141ef7"
"R", "0x2e155f"
"W", "0x264b73", "0x75ccc8aa"
"W", "0x33ecd0", "0x3b937ed4"
"R", "0x2e155f"
"R", "0x18aa16"
"W", "0x30ae03", "0x22d713a0"
"W", "0x24ff21", "0x7edffee7"
"R", "0x2c22e4"
"R", "0x230ca6"
"W", "0x10e02a", "0x458ffb03"
"W", "0x122c7c", "0x26e6393a"
"R", "0x161172"
"R", "0x103a01"
"R", "0x3f9bb2"
"R", "0x10e02a"
"W", "0xbaee2", "0x2cba2ac9"
"W", "0xf93d8", "0xb30fa97"
"R", "0x3492f9"
"W", "0x1d3535", "0x1a0c0067"
"W", "0x723c3", "0x6bdd8e76"
"W", "0x2c22e4", "0x308f8cb"
"R", "0x3e4f6"
"R", "0x9bc67"
"R", "0x67d9a"
"R", "0x1f27b0"
"R", "0x2797c5"
"W", "0x3bb6bc", "0x43d3cb5e"
"W", "0x418e2d", "0x6d992a37"
"W", "0x31fa55", "0x7c6c357f"
"W", "0x3e4f60", "0x31439de5"
"R", "0x230ca6"
"R", "0x2797c5"
"W", "0x39c441", "0xe8fe147"
"W", "0x141ef7", "0x640243d5"
"W", "0x4041db", "0x3451a8f9"
"R", "0x3ef589"
"W", "0x39c441", "0x43993e45"
"W", "0x3b1093", "0x13a94157"
"R", "0xc550b"
"W", "0x2f61b1", "0x66901801"
"W", "0x1f27b", "0x23853d04"
"R", "0x298a4"
"R", "0x2a3069"
"W", "0x1c8f0c", "0x511f3ed0"
"W", "0x35df4b", "0x7ab413e4"
"R", "0x3f9bb2"
"W", "0x12d2a5", "0x218b9b4b"
"R", "0x35df4b"
"W", "0x5d771", "0x2e605f35"
"W", "0x18aa16", "0x1e1003ee"
"R", "0xc550b"
"R", "0x1b42ba"
"W", "0x3492f9", "0x7f5f127e"
"W", "0x2b7cbb", "0x33931025"
"R", "0x21c054"
"W", "0x353922", "0x5e81ddc"
"W", "0x87015", "0x573f239c"
"R", "0x372b9d"
"R", "0x368574"
"W", "0x230ca6", "0x125ea030"
"W", "0x48b1f", "0x63d084fd"
"W", "0x87015", "0x4020e16b"
"W", "0x2d6f36", "0x53180c9c"
"W", "0x1f27b0", "0x4e9e1b31"
"R", "0x391e18"
"R", "0x9163e"
"R", "0x118653"
"W", "0x14c520", "0x26e2689b"
"R", "0x3007da"
"W", "0x28e417", "0x7bb97875"
"R", "0x457323"
"R", "0x48b1f"
"R", "0x3e4f6"
"W", "0x19503f", "0x2a26e152"
"R", "0x22667d"
"W", "0x26f19c", "0x19ef067a"
"R", "0x1803ed"
"R", "0x2e155f"
"W", "0x1e8187", "0x2bafc2a2"
"R", "0x3492f9"
"R", "0x35df4b"
"R", "0x2c22e4"
"R", "0x3b1093"
"R", "0x9bc67"
"R", "0x1b42ba"
"W", "0x37d1c6", "0x4ad4a504"
"W", "0x1803ed", "0x5a106bbc"
"R", "0x30ae03"
"R", "0x2e155f"
"W", "0x1378ce", "0x6c29f0bd"
"R", "0x1f27b0"
"W", "0x207402", "0x5a782aa3"
"R", "0x87015"
"R", "0x40e804"
"W", "0x122c7c", "0x2f9ca4f4"
"R", "0xc550b"
"R", "0x21c054"
"R", "0x2c22e4"
"R", "0xb08b9"
"W", "0xa6290", "0x287dbdba"
"R", "0x35df4b"
"R", "0x3f9bb2"
"W", "0xa629", "0xe1e593e"
"R", "0x161172"
"W", "0x2e155f", "0x587a294f"
"W", "0x3a6a6a", "0x63823020"
"R", "0x372b9d"
"R", "0x418e2d"
"R", "0x283dee"
"W", "0x1f27b", "0x3df6882e"
"R", "0x156b49"
"W", "0x23b2cf", "0x705fb00e"
"R", "0x161172"
"W", "0x2b7cbb", "0x19a13b75"
"R", "0x19f668"
"R", "0xeedaf"
"R", "0x16b79b"
"W", "0x12d2a5", "0x51a74d2f"
"W", "0x391e18", "0x35ece0eb"
"R", "0x1b42ba"
"R", "0x2f61b1"
"R", "0xcfb34"
"W", "0x18aa16", "0x18c05961"
"R", "0x3da937"
"W", "0x230ca6", "0x135ae5d5"
"W", "0x264b73", "0x2fe3f0a4"
"R", "0x3b1093"
"W", "0x372b9d", "0x7bca78ff"
"W", "0x3da937", "0x2d41959a"
"R", "0x211a2b"
"R", "0x3e4f6"
"W", "0xa6290", "0x3d8239eb"
"W", "0x418e2d", "0x63f25896"
"W", "0x122c7c", "0x2b34d3e"
"W", "0x31542c", "0x5fc64ede"
"W", "0x1f27b0", "0x53afe348"
"W", "0x7c9ec", "0x35f1e236"
"W", "0xda15d", "0x336b7e2f"
"W", "0x1378ce", "0x52585870"
"R", "0x5d771"
"W", "0x391e18", "0x6aa78115"
"R", "0x207402"
"W", "0x207402", "0x1df12599"
"W", "0x2d6f36", "0x2d1e43a"
"R", "0x283dee"
"W", "0x1378ce", "0x5a131ad3"
"W", "0x3a6a6a", "0x4942f672"
"W", "0x10e02a", "0x5e27125b"
"W", "0x1b42ba", "0x2665e345"
"W", "0x4426d1", "0x785d1691"
"W", "0x207402", "0x329a5e7"
"W", "0x723c3", "0x118633b9"
"W", "0x207402", "0x5900af04"
"W", "0x1d3535", "0x7e284084"
"R", "0x35df4b"
"R", "0x141ef7"
"R", "0x3007da"
"W", "0x3007da", "0x4c1b1fee"
"W", "0xeedaf", "0x501a930f"
"W", "0x298a40", "0x41ccb4be"
"R", "0x2f61b1"
"R", "0x19f668"
"R", "0xb08b9"
"W", "0x372b9d", "0x3b6ece08"
"R", "0x3007da"
"W", "0x37d1c6", "0x2fbe029d"
"W", "0x141ef7", "0x461a51e0"
"R", "0x2f61b1"
"R", "0x1c8f0c"
"R", "0x230ca6"
"W", "0x0", "0x2214b991"
"W", "0x1f27b", "0x4ba0aa3b"
"W", "0x2a3069", "0x78d019a9"
"R", "0x4380a8"
"W", "0xcfb34", "0x5008fa09"
"W", "0x2797c5", "0x18d8b5f9"
"W", "0x10e02a", "0x927691d"
"R", "0x1b42ba"
"R", "0x14c520"
"R", "0x12d2a5"
"R", "0x3877ef"
"W", "0xeedaf", "0x68487d0a"
"R", "0x10e02a"
"R", "0x141ef7"
"R", "0x18aa16"
"W", "0x37d1c6", "0x51c80fa5"
"W", "0x10e02a", "0x3ee9f71d"
"W", "0x14c52", "0x1919d6e2"
"R", "0x22667d"
"R", "0x12d2a5"
"W", "0x32a07e", "0x66bdcc1f"
"R", "0x1a9c91"
"R", "0x3ef589"
"R", "0x35df4b"
"W", "0x122c7c", "0x2a26d05f"
"W", "0x353922", "0x2f148048"
"W", "0x7c9ec", "0x1844e052"
"W", "0x4041db", "0x57f8c470"
"W", "0x19f668", "0x1dcb5e5b"
"R", "0x46194c"
"R", "0x14c520"
"W", "0x2a3069", "0x462c321b"
"R", "0x44ccfa"
"W", "0xeedaf", "0x3b7b53ef"
"R", "0x30ae03"
"W", "0x26f19c", "0x67dfc4bf"
"W", "0x10e02a", "0x4c939467"
"R", "0x1fcdd9"
"R", "0x2b7cbb"
"R", "0x156b49"
"R", "0x156b49"
"R", "0x264b73"
"R", "0x3877ef"
"W", "0xcfb34", "0x5a04c5b5"
"R", "0x2e155f"
"R", "0x12d2a5"
"W", "0x1378ce", "0x357a75ff"
"R", "0x298a4"
"R", "0xc550b"
"W", "0x1ddb5e", "0x57444f0c"
"R", "0x1f27b0"
"W", "0xc550b", "0x16b9575f"
"W", "0x2ebb88", "0xe4327ad"
"W", "0x10e02a", "0x5d5bac4b"
"W", "0x19503f", "0x62024557"
"W", "0x175dc4", "0x3b31a52d"
"W", "0x3ef589", "0x41757825"
"R", "0x3492f9"
"R", "0x1e8187"
"W", "0x18aa16", "0x125d5cc8"
"R", "0x28e417"
"W", "0x21c054", "0x696700f8"
"W", "0x391e18", "0x6af1d3f9"
"R", "0x3007da"
"W", "0x2a3069", "0x355e0aa8"
"R", "0x1b42ba"
"W", "0x53148", "0x4f0167ba"
"W", "0xcfb34", "0x26fc96c5"
"W", "0xcfb34", "0x70ed1459"
"W", "0x22667d", "0x1a4e816e"
"W", "0xf93d8", "0x131bb3b4"
"W", "0x32a07e", "0x741c0398"
"R", "0xf93d8"
"R", "0x33ecd"
"W", "0x4041db", "0x150b50c1"
"R", "0x391e18"
"W", "0x35df4b", "0x41b8624d"
"W", "0x16b79b", "0x55fbc394"
"W", "0xc550b", "0x6e854aed"
"W", "0xcfb34", "0x331a91c1"
"W", "0x87015", "0x46134989"
"W", "0x723c3", "0x6959db35"
"W", "0x3e4f60", "0x1047cf79"
"W", "0x7c9ec", "0x630effe5"
"W", "0x3007da", "0x3d808e96"
"R", "0x18aa16"
"R", "0x42da7f"
"R", "0x3d030e"
"R", "0x2e155f"
"R", "0x207402"
"R", "0x2ad692"
"R", "0x3d030e"
"W", "0xc550b", "0x4fc5ef3"
"W", "0x3bb6bc", "0x403e00e3"
"W", "0x353922", "0x3689c04b"
"R", "0x39c441"
"W", "0x418e2d", "0x6213be14"
"W", "0x353922", "0x6696f4c0"
"R", "0x1ddb5e"
"R", "0x25a54a"
"W", "0x2e155f", "0x3f473329"
"W", "0xeedaf", "0x2ade0095"
"W", "0x423456", "0x4a0b7c09"
"W", "0x156b49", "0x3f2adabe"
"R", "0xa6290"
"W", "0x3f9bb2", "0x5253ea29"
"R", "0xeedaf"
"W", "0x230ca6", "0x31f4daf4"
"W", "0x175dc4", "0xf08eb13"
"R", "0x46194c"
"R", "0x2a3069"
"W", "0x161172", "0x3f334ade"
"W", "0x21c054", "0x11605a09"
"R", "0x23b2cf"
"R", "0x23b2cf"
"R", "0x14c52"
"W", "0x19f668", "0x7808d463"
"R", "0x4041db"
"R", "0x12d2a5"
"R", "0x3ef589"
"R", "0x2ad692"
"R", "0x40e804"
"W", "0xeedaf", "0x3748c157"
"W", "0x2e155f", "0x329bc463"
"W", "0x1c8f0c", "0x269a7064"
"R", "0x3da937"
"W", "0x118653", "0x69f099c"
"R", "0x42da7f"
"W", "0x3492f9", "0xc9964d"
"R", "0x418e2d"
"R", "0x161172"
"R", "0x18aa16"
"W", "0xf93d8", "0x413676cf"
"W", "0x22667d", "0x6232b8fd"
"W", "0x21c054", "0x55c9fa35"
"R", "0xc550b"
"R", "0x1803ed"
"R", "0x12d2a5"
"W", "0x9bc67", "0x6aff8f49"
"W", "0x3877ef", "0x719c2b5e"
"W", "0x723c3", "0x68ff7fb9"
"W", "0x12d2a5", "0x1c538b4f"
"R", "0xc550b"
"W", "0x1e8187", "0x4175e1d5"
"R", "0x2d6f36"
"W", "0x3a6a6a", "0xb4591fe"
"W", "0x16b79b", "0x71c2a37c"
"R", "0x28e417"
"W", "0x23b2cf", "0x3ac8b5ba"
"R", "0xa6290"
"R", "0x9bc67"
"R", "0xbaee2"
"R", "0x283dee"
"W", "0x2a3069", "0x614ca5e2"
"R", "0x25a54a"
"R", "0x372b9d"
"R", "0x1d3535"
"R", "0x372b9d"
"W", "0x19f668", "0x522d504f"
"R", "0x44ccfa"
"W", "0x3ef589", "0x2ac77f0f"
"W", "0x1c8f0c", "0x1e5f25c4"
"R", "0xcfb34"
"W", "0x1378ce", "0x614835e5"
"W", "0x1803ed", "0x16cf8ba6"
"W", "0x87015", "0x6b9bfffb"
"W", "0x3d030e", "0x58c7eb00"
"W", "0x9bc67", "0x7b455f49"
"R", "0xf93d8"
"W", "0x1378ce", "0x1806341a"
"W", "0x723c3", "0x38905085"
"R", "0x122c7c"
"W", "0x24ff21", "0x493149fa"
"R", "0x118653"
"R", "0x2797c5"
"R", "0x723c3"
"W", "0x2a3069", "0x515a45fb"
"R", "0x33ecd0"
"W", "0x211a2b", "0x6a5c2966"
"W", "0x2e155f", "0x58bd23b1"
"R", "0x5d771"
"W", "0xb08b9", "0x1d26a252"
"W", "0x353922", "0x58eee7da"
"R", "0x156b49"
"W", "0x1b42ba", "0x777ffe88"
"R", "0x211a2b"
"R", "0x391e18"
"W", "0x3346a7", "0x78b84e69"
"W", "0x1a9c91", "0x668ba527"
"R", "0x2c22e4"
"W", "0x1c8f0c", "0x397fd950"
"R", "0x1c8f0c"
"R", "0x2e155f"
"R", "0x2ad692"
"R", "0x368574"
"R", "0xe4786"
"W", "0x723c3", "0xe161f30"
"W", "0x19503f", "0x15423af2"
"W", "0x723c3", "0x159a2992"
"W", "0x372b9d", "0x649c2397"
"R", "0x2c22e4"
"R", "0x372b9d"
"W", "0x1c8f0c", "0x65e7f647"
"R", "0x1d3535"
"W", "0x3bb6bc", "0x474ed471"
"W", "0x3f9bb2", "0x508b8bfc"
"R", "0x19f668"
"R", "0x2797c5"
"R", "0x3492f9"
"R", "0x3346a7"
"W", "0x2cc90d", "0x69f3bd61"
"W", "0x3877ef", "0x160f4462"
"W", "0x1be8e3", "0x4ea52240"
"W", "0x21c054", "0x3242ba96"
"W", "0x1f27b0", "0x446e9128"
"W", "0x3b1093", "0x339d959f"
"W", "0x2d6f36", "0x7d6db857"
"R", "0x3492f9"
"R", "0x35df4b"
"W", "0xf93d8", "0x58e44cd4"
"W", "0x161172", "0x79771f87"
"R", "0x4041db"
"R", "0x353922"
"R", "0x9bc67"
"R", "0x1378ce"
"W", "0x1e8187", "0x10113ebd"
"R", "0x2e155f"
"W", "0x33ecd", "0x384c52a4"
"R", "0x2ad692"
"R", "0x1f27b0"
"R", "0x2b7cbb"
"R", "0x1ddb5e"
"W", "0x1d3535", "0x6a380eef"
"W", "0x103a01", "0x4562890d"
"R", "0x2e155f"
"R", "0x3492f9"
"R", "0x4041db"
"R", "0x3ef589"
"R", "0x1378ce"
"R", "0x1a9c91"
"R", "0x1378ce"
"R", "0x19f668"
"W", "0x1f27b0", "0x6273ef9c"
"R", "0x21c054"
"R", "0xcfb34"
"R", "0x161172"
"W", "0x3877ef", "0x3d21f2c"
"R", "0x12d2a5"
"R", "0x1e8187"
"R", "0x1803ed"
"W", "0x4041db", "0x2ba4ec89"
"R", "0x2ad692"
"W", "0x3877ef", "0x4c8bc297"
"W", "0x48b1f", "0x6667a5f5"
"R", "0x3c5ce5"
"W", "0x391e18", "0x60881240"
"W", "0x1803ed", "0x33701e9a"
"R", "0x28e417"
"R", "0x3346a7"
"W", "0x2ebb88", "0x6f99fece"
"R", "0x14c520"
"W", "0x1a9c91", "0x1bd97eb3"
"W", "0x3b1093", "0x777aaee9"
"W", "0x1f27b0", "0x1371e1a3"
"W", "0x2458f8", "0x580c9722"
"W", "0x2e155f", "0x6bddafa2"
"R", "0x28e417"
"W", "0x2c22e4", "0x684d1fc1"
"R", "0x423456"
"W", "0x16b79b", "0x7840616f"
"W", "0x103a01", "0x3bc89ab5"
"R", "0x2e155f"
"R", "0x1fcdd9"
"R", "0x42da7f"
"W", "0x3877ef", "0x5b0b8a31"
"R", "0x21c054"
"W", "0x372b9d", "0x13feed72"
"R", "0x31fa55"
"W", "0x2cc90d", "0x1fac8ebd"
"R", "0x3e4f6"
"R", "0x31542c"
"R", "0x26f19c"
"R", "0x12d2a5"
"R", "0x3492f9"
"R", "0xb08b9"
"R", "0xda15d"
"W", "0x1fcdd9", "0x207ca3c6"
"W", "0x28e417", "0x77ebc46e"
"R", "0x24ff21"
"R", "0x3f9bb2"
"R", "0x35df4b"
"R", "0x3007da"
"R", "0x1fcdd9"
"R", "0x1d3535"
"R", "0x7c9ec"
"R", "0x2a3069"
"R", "0x122c7c"
"W", "0x418e2d", "0x26fb5ad0"
"W", "0x2a3069", "0x3050c2bb"
"R", "0x118653"
"R", "0x3492f9"
"R", "0x21c054"
"R", "0x372b9d"
"R", "0x4041db"
"W", "0x2458f8", "0x77e2b70"
"W", "0x391e18", "0x6777dbdf"
"R", "0x14c520"
"W", "0x28e417", "0x17075391"
"R", "0x14c520"
"W", "0x23b2cf", "0x12436298"
"R", "0x1be8e3"
"W", "0x141ef7", "0x72e9de92"
"R", "0x1803ed"
"W", "0x31542c", "0x61af9bc2"
"R", "0x87015"
"W", "0x230ca6", "0x1ff4ba51"
"R", "0x161172"
"R", "0x23b2cf"
"R", "0x207402"
"R", "0x25a54a"
"W", "0x418e2d", "0x174449bb"
"W", "0x3007da", "0x33d7cdaa"
"R", "0x31542c"
"R", "0x14c520"
"R", "0x264b73"
"W", "0x141ef7", "0x2f7621c5"
"W", "0x1803ed", "0x3e7d6b07"
"W", "0x298a40", "0x3fc85c4e"
"R", "0x423456"
"W", "0x23b2cf", "0x2d63417b"
"W", "0x122c7c", "0x146eaa94"
"W", "0x353922", "0x6c5e3249"
"W", "0x1378ce", "0x14456ff"
"R", "0xc550b"
"W", "0x3f9bb2", "0x2fbb525c"
"R", "0x31542c"
"W", "0x2b7cbb", "0x13736dc1"
"W", "0x3e4f60", "0x377f74fd"
"W", "0x1803ed", "0x9424833"
"W", "0x723c3", "0x185f98ec"
"R", "0x1fcdd9"
"W", "0x141ef7", "0x53163dc5"
"W", "0x2cc90d", "0x7edecccc"
"W", "0x2d6f36", "0x518fb6f2"
"R", "0x391e18"
"R", "0x156b49"
"R", "0x391e18"
"R", "0x32a07e"
"R", "0x230ca6"
"W", "0x3f9bb2", "0x2678df5e"
"R", "0x2ebb88"
"W", "0x3346a7", "0x619fee56"
"W", "0x31fa55", "0x7d15c41f"
"R", "0x1378ce"
"R", "0x298a4"
"W", "0x2b7cbb", "0x494f98b0"
"W", "0xa6290", "0x1c0ac204"
"W", "0x175dc4", "0x7ba7ba42"
"W", "0x87015", "0x5f72fd3b"
"W", "0x2c22e4", "0x6083a2d8"
"R", "0x31fa55"
"R", "0x175dc4"
"R", "0x3f9bb2"
"R", "0x1f27b0"
"R", "0x1d3535"
"W", "0x423456", "0xff13818"
"R", "0x1803ed"
"W", "0x18aa16", "0x30180ee0"
"R", "0x19503f"
"R", "0x2e155f"
"R", "0x1b42ba"
"W", "0x391e18", "0x6ccc98c8"
"W", "0x353922", "0x497f7c2f"
"W", "0x230ca6", "0x363860d8"
"R", "0xe4786"
"R", "0x9163e"
"R", "0x3d030e"
"R", "0x31542c"
"W", "0x2458f8", "0x1356c164"
"W", "0x30ae03", "0x1590d6ea"
"W", "0x25a54a", "0x4cc00608"
"W", "0x9bc67", "0x32b3f5bf"
"R", "0x2ad692"
"R", "0x10e02a"
"R", "0x1803ed"
"R", "0x391e18"
"W", "0xe4786", "0x6ee67ef9"
"W", "0x9163e", "0x1ffe7b67"
"W", "0x40e804", "0x7c74945f"
"W", "0x1fcdd9", "0x7d9c8bc4"
"R", "0x1378ce"
"R", "0xf93d8"
"W", "0x264b73", "0x4f0adff"
"W", "0x141ef7", "0x39270dca"
"R", "0x723c3"
"W", "0x3bb6bc", "0x1a10e4fe"
"W", "0x1fcdd9", "0x1102b9bf"
"W", "0x141ef7", "0x6ab45e26"
"W", "0x1fcdd9", "0x13b19147"
"R", "0x1fcdd9"
"W", "0x2458f8", "0x5317fa84"
"R", "0x161172"
"W", "0x156b49", "0x416a879b"
"W", "0x1f27b0", "0x77603741"
"R", "0xb08b9"
"R", "0x264b73"
"W", "0x3346a7", "0x1e59f632"
"R", "0x23b2cf"
"W", "0x3c5ce5", "0x1ab6ae8d"
"W", "0x2d6f36", "0x28485e7"
"R", "0x2c22e4"
"W", "0x298a4", "0x2f38e15b"
"R", "0x2b7cbb"
"W", "0x3bb6bc", "0x7d72b6cf"
"W", "0x368574", "0x20777c3d"
"W", "0x4426d1", "0x2133a266"
"R", "0x2b7cbb"
"W", "0x39c441", "0x43c97164"
"W", "0x1378ce", "0x23dd0624"
"W", "0x2d6f36", "0x244bc063"
"W", "0x33ecd0", "0xd921f75"
"W", "0xeedaf", "0x573d43c0"
"R", "0xf93d8"
"R", "0x1c8f0c"
"W", "0x3b1093", "0x314abc12"
"R", "0x18aa16"
"R", "0x40e804"
"W", "0x4041db", "0x531eb4c3"
"W", "0xeedaf", "0x1360cf8d"
"W", "0x3a6a6a", "0x2bb0ed0b"
"R", "0x1d3535"
"W", "0x32a07e", "0x58914cb1"
"W", "0xa6290", "0x6c9a63df"
"R", "0x2c22e4"
"W", "0x19503f", "0x1f2a3551"
"W", "0x1e8187", "0x684af244"
"R", "0xcfb34"
"R", "0x46194c"
"W", "0x10e02a", "0x11ad5ff9"
"W", "0x372b9d", "0x7ad9dbfa"
"R", "0x9bc67"
"R", "0x2e155f"
"R", "0x2d6f36"
"R", "0x1803ed"
"R", "0x2cc90d"
"R", "0x118653"
"W", "0x3bb6bc", "0x4a19ead2"
"R", "0xc550b"
"W", "0x22667d", "0x7b2bef78"
"W", "0x9163e", "0x5fbc2d69"
"R", "0x423456"
"R", "0x391e18"
"W", "0x3346a7", "0x2028d914"
"W", "0xe4786", "0x6f7c77b"
"R", "0xe4786"
"W", "0x2cc90d", "0x6e02a16f"
"W", "0x23b2cf", "0x61acea1d"
"W", "0x3f9bb2", "0x5502cce9"
"W", "0x21c054", "0x2ea0364a"
"W", "0x207402", "0x706cb3fb"
"W", "0x48b1f", "0x7467a958"
"R", "0x4041db"
"W", "0x16b79b", "0x1a3e170c"
"W", "0x3007da", "0x39a8379a"
"R", "0x1fcdd9"
"W", "0x283dee", "0x1e1241c6"
"R", "0x1378ce"
"W", "0x3ef589", "0x52321ea7"
"W", "0x230ca6", "0x7c4f0df6"
"R", "0x9bc67"
"R", "0x4041db"
"W", "0x1b42ba", "0x32385ce1"
"R", "0x32a07e"
"W", "0x175dc4", "0x472632c9"
"R", "0x35df4b"
"R", "0x141ef7"
"W", "0x4041db", "0x735d0d35"
"W", "0x1ddb5e", "0x1bb164ef"
"W", "0x161172", "0x151077ad"
"W", "0xbaee2", "0x21589741"
"W", "0x1c8f0c", "0x3712aff9"
"R", "0x3f9bb2"
"R", "0x33ecd"
"R", "0x2458f8"
"W", "0x9163e", "0x6e62b4e2"
"R", "0x2b7cbb"
"W", "0x3007da", "0x5ed1c2d6"
"W", "0x23b2cf", "0x7ed3302e"
"R", "0x3007da"
"W", "0x264b73", "0x5949f838"
"W", "0x1be8e3", "0x69f199df"
"R", "0x10e02a"
"R", "0x2d6f36"
"R", "0x18aa16"
"W", "0x156b49", "0x28b94731"
"R", "0x368574"
"W", "0x31542c", "0x4698770f"
"R", "0x33ecd"
"R", "0x31fa55"
"W", "0x1b42ba", "0x4030d2f8"
"W", "0x161172", "0x6b593445"
"W", "0x1d3535", "0xc6333ee"
"R", "0x21c054"
"R", "0x3ef589"
"W", "0x3e4f6", "0x269d6dce"
"R", "0x156b49"
"R", "0x18aa16"
"W", "0x19503f", "0x19ba5668"
"R", "0x368574"
"R", "0x298a40"
"R", "0x14c52"
"W", "0x1d3535", "0x2d08e575"
"W", "0x156b49", "0x5512ee55"
"R", "0x39c441"
"W", "0x207402", "0x484d3763"
"R", "0x283dee"
"R", "0x723c3"
"R", "0x28e417"
"W", "0x1a9c91", "0x5231da94"
"W", "0x423456", "0x522179a7"
"W", "0x24ff21", "0x69b351c6"
"R", "0x2c22e4"
"W", "0x28e417", "0x6bde7d9d"
"R", "0x2b7cbb"
"R", "0x1be8e3"
"W", "0x3d030e", "0x5164b02f"
"W", "0xa6290", "0x46b19c90"
"R", "0xa6290"
"W", "0x3f9bb2", "0x1fe6690b"
"R", "0xf93d8"
"R", "0x26f19c"
"W", "0x122c7c", "0x1407286c"
"W", "0x118653", "0x2da34286"
"R", "0x3f9bb2"
"R", "0x9163e"
"R", "0x23b2cf"
"R", "0x2458f8"
"W", "0x87015", "0xecfffef"
"W", "0x118653", "0x34242f15"
"W", "0x22667d", "0x64bfbc56"
"R", "0x48b1f"
"W", "0x2d6f36", "0x161e96d"
"W", "0x18aa16", "0x6eaeff99"
"W", "0x103a01", "0x13ad80ac"
"R", "0xeedaf"
"W", "0x40e804", "0x7b3c1170"
"W", "0x9163e", "0x3adf1d2a"
"R", "0x33ecd0"
"W", "0x10e02a", "0x7ced9eb6"
"W", "0x3a6a6a", "0x50ea8d0f"
"W", "0x4041db", "0x1f8bc6f3"
"R", "0x21c054"
"W", "0x3b1093", "0x30c673a7"
"R", "0x298a40"
"R", "0x1be8e3"
"W", "0xe4786", "0x15b36255"
"R", "0x122c7c"
"W", "0x2cc90d", "0x48ec8d90"
"R", "0x3da937"
"R", "0x28e417"
"R", "0x1f27b0"
"R", "0x2a3069"
"R", "0x1c8f0c"
"R", "0x19f668"
"W", "0x2a3069", "0x7639a14a"
"W", "0x1f27b0", "0x48072372"
"R", "0x3877ef"
"R", "0x30ae03"
"R", "0x372b9d"
"W", "0x1c8f0c", "0x6d7bbecd"
"R", "0x24ff21"
"W", "0x1378ce", "0x65f93b03"
"R", "0x32a07e"
"R", "0x25a54a"
"R", "0x2c22e4"
"W", "0x33ecd", "0x2a92c240"
"W", "0xc550b", "0xa101120"
"W", "0x30ae03", "0x50f58e2f"
"W", "0x1803ed", "0x340fc84b"
"R", "0x31542c"
"R", "0x2ebb88"
"W", "0x2d6f36", "0xc624bfa"
"R", "0x103a01"
"R", "0x2458f8"
"R", "0x9163e"
"R", "0xb08b9"
"R", "0x19f668"
"W", "0xbaee2", "0x11d82526"
"R", "0x18aa16"
"R", "0x207402"
"R", "0x418e2d"
"R", "0x283dee"
"W", "0x39c441", "0x19b3df5e"
"R", "0xb08b9"
"W", "0x9bc67", "0x6f45cb26"
"W", "0x2e155f", "0x5c6ba9fa"
"W", "0x156b49", "0x1924911f"
"R", "0x14c520"
"W", "0x2458f8", "0x13c52b7e"
"W", "0x3346a7", "0x2882b8b2"
"W", "0xcfb34", "0x524d18fd"
"R", "0x391e18"
"W", "0x26f19c", "0x168f2da4"
"R", "0x53148"
"R", "0x2e155f"
"W", "0x24ff21", "0x64eb7bee"
"R", "0x31fa55"
"W", "0x2f61b1", "0x2dc11890"
"R", "0x175dc4"
"W", "0x14c520", "0x266835ff"
"W", "0x3346a7", "0x64ed0d05"
"W", "0x3bb6bc", "0x59f6d151"
"R", "0xb08b9"
"W", "0x3d030e", "0x5cb4df13"
"R", "0x1803ed"
"W", "0x28e417", "0x69916076"
"W", "0xda15d", "0x5a60ba1e"
"W", "0x3e4f60", "0x1469b693"
"R", "0x10e02a"
"W", "0x32a07e", "0x5802a7b7"
"W", "0x264b73", "0xfda6329"
"R", "0x42da7f"
"R", "0x3b1093"
"R", "0x1a9c91"
"W", "0x3ef589", "0x4d902991"
"R", "0x35df4b"
"W", "0x87015", "0x55a6a7ef"
"R", "0x2ad692"
"R", "0x16b79b"
"R", "0xcfb34"
"R", "0xa6290"
"R", "0x2c22e4"
"R", "0x298a4"
"W", "0x2a3069", "0x6dea60bc"
"W", "0x14c520", "0x749a7d97"
"R", "0x2458f8"
"W", "0x264b73", "0x17c690b1"
"W", "0x3e4f60", "0x178842c6"
"R", "0x118653"
"W", "0x32a07e", "0x2f1b7ff9"
"W", "0x10e02a", "0x44288978"
"W", "0x16b79b", "0xa45d6b1"
"W", "0x3d030e", "0x559bab9e"
"W", "0x3e4f60", "0x55149b9f"
"R", "0x1378ce"
"R", "0x5d771"
"W", "0x10e02a", "0x5b04705a"
"W", "0x28e417", "0x36576ff3"
"W", "0x3877ef", "0x53060491"
"R", "0x1c8f0c"
"R", "0x264b73"
"W", "0x3e4f60", "0x58364aee"
"R", "0x33ecd"
"W", "0x118653", "0x611c6261"
"W", "0x10e02a", "0x7d7dd53a"
"W", "0x161172", "0x68dc9c3d"
"R", "0x3d030e"
"R", "0x87015"
"R", "0x3bb6bc"
"W", "0x2458f8", "0x72021948"
"R", "0x2458f8"
"W", "0x1d3535", "0x3887a80"
"W", "0x230ca6", "0x2591efe8"
"W", "0x423456", "0x4412e52c"
"W", "0x9163e", "0x69cb18b9"
"R", "0x37d1c6"
"R", "0x353922"
"W", "0x3492f9", "0x49f00e14"
"W", "0x14c520", "0x29f2b63c"
"R", "0x298a40"
"R", "0x141ef7"
"W", "0x175dc4", "0x59da3ff7"
"W", "0x368574", "0x6cdf9c73"
"W", "0x3a6a6a", "0x25c75c1"
"W", "0x1378ce", "0x46754d05"
"W", "0xe4786", "0x45601cf8"
"R", "0x9bc67"
"R", "0x161172"
"W", "0x3bb6bc", "0x48e466a1"
"R", "0x2d6f36"
"W", "0x12d2a5", "0x77c134f2"
"R", "0x18aa16"
"R", "0x368574"
"R", "0x1a9c91"
"R", "0x9bc67"
"R", "0x2ad692"
"R", "0x35df4b"
"W", "0x1803ed", "0x29c9eb0e"
"R", "0x67d9a"
"W", "0x1c8f0c", "0x20ba8251"
"W", "0x175dc4", "0x103f1969"
"W", "0x211a2b", "0x253206b3"
"R", "0x31fa55"
"W", "0x283dee", "0x68a8aaa3"
"W", "0x353922", "0x471d086c"
"R", "0x3f9bb2"
"W", "0x14c520", "0x3639db1b"
"R", "0xeedaf"
"R", "0x16b79b"
"R", "0x1a9c91"
"R", "0xcfb34"
"R", "0x87015"
"W", "0x67d9a", "0x36beb067"
"W", "0x37d1c6", "0x320532"
"R", "0x2c22e4"
"W", "0x2e155f", "0x52f9463c"
"R", "0x5d771"
"R", "0xa6290"
"R", "0x3e4f6"
"R", "0x39c441"
"W", "0x37d1c6", "0x796cdc50"
"R", "0x161172"
"R", "0x283dee"
"R", "0x1378ce"
"R", "0x22667d"
"W", "0x1be8e3", "0x5ffd5bba"
"R", "0x3877ef"
"R", "0x2458f8"
"R", "0x1f27b"
"W", "0x2458f8", "0xed28d3a"
"W", "0x19503f", "0xf6e96dc"
"W", "0x1c8f0c", "0x3de592fd"
"R", "0xeedaf"
"W", "0x3492f9", "0x37556995"
"W", "0x1fcdd9", "0x5b1ac910"
"R", "0x3a6a6a"
"W", "0x18aa16", "0x5c821ebb"
"R", "0x1ddb5e"
"R", "0x230ca6"
"W", "0x1ddb5e", "0x75885efe"
"W", "0x2b7cbb", "0x3c2740d8"
"R", "0x141ef7"
"W", "0x457323", "0x2310417d"
"R", "0x175dc4"
"R", "0x298a40"
"R", "0x10e02a"
"W", "0x7c9ec", "0xb2d535a"
"W", "0x2458f8", "0x1130485"
"R", "0x19503f"
"W", "0x298a40", "0x6666cdd7"
"W", "0x1e8187", "0xb24c232"
"R", "0x175dc4"
"W", "0x298a40", "0x296188ef"
"R", "0x118653"
"W", "0x18aa16", "0x1cb08f00"
"R", "0x24ff21"
"R", "0x26f19c"
"W", "0x25a54a", "0x4247cc1c"
"R", "0x48b1f"
"W", "0x19f668", "0x3b24311f"
"R", "0x3d030e"
"W", "0x3d030e", "0x35cef01b"
"R", "0xcfb34"
"W", "0x3346a7", "0x158e4fd1"
"R", "0x118653"
"W", "0x1d3535", "0x554bc995"
"W", "0x48b1f", "0x5ed9455c"
"R", "0x3346a7"
"W", "0x118653", "0x56b90003"
"R", "0x37d1c6"
"W", "0x19503f", "0x3765e382"
"R", "0xf93d8"
"R", "0xda15d"
"R", "0xb08b9"
"R", "0x3bb6bc"
"R", "0x28e417"
"W", "0x723c3", "0x12db5efa"
"R", "0xf93d8"
"W", "0x2458f8", "0x33544ca7"
"R", "0x3da937"
"R", "0x2797c5"
"R", "0x3877ef"
"W", "0x283dee", "0x77926d21"
"R", "0x723c3"
"W", "0x39c441", "0x1af1c23e"
"W", "0x87015", "0xb967ead"
"W", "0x16b79b", "0x12ea433d"
"R", "0x3da937"
"R", "0x3492f9"
"W", "0x1ddb5e", "0x78ce8c47"
"R", "0x122c7c"
"R", "0x2e155f"
"R", "0x353922"
"R", "0x298a40"
"W", "0x353922", "0x2b1dd739"
"W", "0x2797c5", "0x9d61923"
"R", "0x3ef589"
"W", "0x353922", "0x60ea5ab0"
"R", "0x1be8e3"
"R", "0x35df4b"
"R", "0xe4786"
"R", "0x2458f8"
"W", "0x118653", "0x6fc40f11"
"R", "0x156b49"
"R", "0x19503f"
"R", "0x161172"
"R", "0x298a40"
"W", "0x1a9c91", "0x278b8738"
"R", "0x1d3535"
"R", "0xe4786"
"W", "0x3007da", "0x6b4c240c"
"R", "0x3c5ce5"
"R", "0x3007da"
"R", "0x19503f"
"W", "0x207402", "0x33c99dc6"
"R", "0x67d9a"
"W", "0x2c22e4", "0x4be9269c"
"R", "0x1ddb5e"
"R", "0x418e2d"
"W", "0x23b2cf", "0xbef27cd"
"W", "0x23b2cf", "0x79e55fd0"
"R", "0x2cc90d"
"R", "0x161172"
"R", "0x30ae03"
"W", "0x353922", "0x22cddf2"
"R", "0x3007da"
"R", "0x12d2a5"
"W", "0x2ebb88", "0x61fbdf12"
"W", "0x1e8187", "0x7aa94c30"
"R", "0x9bc67"
"W", "0x211a2b", "0x77658200"
"R", "0x5d771"
"W", "0x3007da", "0x276451ef"
"R", "0x141ef7"
"W", "0x25a54a", "0x2e46d181"
"W", "0x175dc4", "0x325b7583"
"W", "0x207402", "0x6cb47274"
"W", "0x1f27b0", "0x224a2be8"
"R", "0x24ff21"
"R", "0x298a40"
"R", "0x87015"
"W", "0x2b7cbb", "0x6d683faa"
"R", "0x457323"
"R", "0x2a3069"
"W", "0x207402", "0x3a5e1c52"
"R", "0x3f9bb2"
"W", "0x2ad692", "0x19625b5c"
"W", "0x2e155f", "0xc683ddc"
"W", "0x25a54a", "0x59949312"
"W", "0x9163e", "0x3d48d1f9"
"R", "0x3bb6bc"
"W", "0x3ef589", "0x2fbc1987"
"W", "0x2d6f36", "0x4668f2e7"
"R", "0x353922"
"R", "0x283dee"
"R", "0x1e8187"
"W", "0x3bb6bc", "0x4140d205"
"W", "0xb08b9", "0x7687014b"
"R", "0x2cc90d"
"W", "0x2797c5", "0x69f2ff0"
"W", "0x5d771", "0x12956071"
"R", "0x1378ce"
"R", "0x32a07e"
"W", "0x2d6f36", "0x208f0e91"
"R", "0x3007da"
"R", "0x3da937"
"R", "0x1f27b0"
"W", "0x3d030e", "0x72397317"
"W", "0x3007da", "0x2af7eb36"
"R", "0xa6290"
"R", "0x30ae03"
"W", "0x207402", "0x6a149d8e"
"R", "0x10e02a"
"R", "0x103a01"
"R", "0x67d9a"
"W", "0x418e2d", "0x41aeb4ab"
"W", "0x1b42ba", "0x2664f030"
"W", "0xb08b9", "0x797202bc"
"R", "0x156b49"
"R", "0x2d6f36"
"R", "0x1d3535"
"W", "0x31542c", "0x527eeb49"
"R", "0x368574"
"R", "0x1f27b"
"R", "0x161172"
"R", "0x3d030e"
"R", "0x3c5ce5"
"W", "0x18aa16", "0x558db63e"
"W", "0x118653", "0x76d51b28"
"W", "0x1803ed", "0x3387437c"
"R", "0x18aa16"
"W", "0x368574", "0x4ca4e36d"
"W", "0x19f668", "0x7aef47c"
"W", "0x1f27b0", "0x1de32cdd"
"W", "0xa6290", "0x2a069d86"
"R", "0x2c22e4"
"R", "0x1d3535"
"W", "0x211a2b", "0xf9070cf"
"W", "0x211a2b", "0x17145c46"
"R", "0x1c8f0c"
"W", "0x230ca6", "0x589bcc11"
"W", "0x3b1093", "0x413a3d36"
"R", "0x3e4f6"
"R", "0xa6290"
"R", "0x25a54a"
"R", "0x418e2d"
"W", "0x10e02a", "0x71958404"
"R", "0x1c8f0c"
"R", "0xcfb34"
"W", "0x67d9a", "0x36779da8"
"W", "0x103a01", "0x697cf260"
"R", "0x16b79b"
"R", "0x32a07e"
"R", "0x33ecd"
"R", "0x33ecd0"
"R", "0x103a01"
"R", "0x175dc4"
"W", "0x9bc67", "0x69eef88d"
"W", "0x264b73", "0x7c1549f9"
"W", "0x26f19c", "0x4317fa8b"
"W", "0x24ff21", "0xcb512ee"
"W", "0xf93d8", "0x41281e06"
"R", "0x23b2cf"
"R", "0x33ecd0"
"R", "0x4041db"
"R", "0x103a01"
"W", "0x298a4", "0x47f0e719"
"R", "0x175dc4"
"W", "0x28e417", "0xa9b4092"
"W", "0x37d1c6", "0x74a3e688"
"R", "0x31542c"
"R", "0x19503f"
"R", "0x3c5ce5"
"R", "0x368574"
"W", "0x211a2b", "0x659a6af0"
"R", "0x1378ce"
"W", "0x67d9a", "0x12be199c"
"R", "0x32a07e"
"W", "0x7c9ec", "0x49e23b24"
"W", "0x122c7c", "0x7afdbe7b"
"W", "0x9bc67", "0x4d62bced"
"R", "0x16b79b"
"W", "0x723c3", "0x2865d9f0"
"R", "0x2c22e4"
"R", "0x14c520"
"W", "0x3da937", "0x8d981a5"
"R", "0x4380a8"
"R", "0x3877ef"
"W", "0x24ff21", "0xd717b88"
"R", "0x28e417"
"R", "0x22667d"
"R", "0x44ccfa"
"W", "0x230ca6", "0x135d0c87"
"W", "0xbaee2", "0x2bd96979"
"W", "0x122c7c", "0x5a571177"
"R", "0x3492f9"
"W", "0x298a4", "0x58c1ec2d"
"W", "0x3b1093", "0x20c64715"
"R", "0x26f19c"
"W", "0xb08b9", "0x3da62583"
"R", "0x353922"
"R", "0x33ecd0"
"R", "0x10e02a"
"W", "0x32a07e", "0x68fbbe2c"
"R", "0x14c52"
"W", "0xb08b9", "0x3f142309"
"R", "0x7c9ec"
"W", "0x14c520", "0x7ad68f8d"
"R", "0x3da937"
"R", "0xbaee2"
"R", "0x122c7c"
"R", "0x10e02a"
"R", "0x30ae03"
"W", "0x418e2d", "0x7ee124f5"
"R", "0x1ddb5e"
"W", "0x141ef7", "0x4708114b"
"R", "0xcfb34"
"W", "0x3bb6bc", "0x30cf675e"
"W", "0x87015", "0x17e2c408"
"R", "0x2ebb88"
"R", "0x2c22e4"
"R", "0x22667d"
"R", "0xeedaf"
"W", "0x1f27b0", "0x63dd5cf7"
"W", "0x16b79b", "0x2291cb2"
"R", "0x24ff21"
"W", "0x5d771", "0xe923a8e"
"W", "0x264b73", "0x7eddf91b"
"R", "0x31fa55"
"R", "0x1d3535"
"W", "0x3346a7", "0x48b795d0"
"R", "0x391e18"
"W", "0x1b42ba", "0x1ab481c2"
"W", "0x1e8187", "0x7380038f"
"W", "0x1c8f0c", "0x56b08849"
"W", "0xa6290", "0x6fcfa235"
"W", "0x2c22e4", "0x2286ad0e"
"W", "0x368574", "0xf3da0c3"
"R", "0x3346a7"
"W", "0x42da7f", "0x1417848"
"W", "0x423456", "0x2ae1de9a"
"R", "0x391e18"
"R", "0x3ef589"
"W", "0x156b49", "0x3b13d7f1"
"R", "0x87015"
"W", "0x39c441", "0x16e94253"
"W", "0x24ff21", "0x2a72e70"
"W", "0xe4786", "0x6b231ba6"
"W", "0x3492f9", "0x4c142472"
"R", "0x298a40"
"R", "0x3b1093"
"W", "0x1f27b0", "0x533334d4"
"R", "0x283dee"
"R", "0x1f27b0"
"R", "0xe4786"
"R", "0x2b7cbb"
"R", "0x1e8187"
"R", "0x3ef589"
"R", "0x353922"
"W", "0x31fa55", "0x7baed16b"
"R", "0x3da937"
"W", "0xa6290", "0xeb09e71"
"W", "0xeedaf", "0x5f13e4dc"
"R", "0x33ecd0"
"W", "0x24ff21", "0x121b713f"
"W", "0x2cc90d", "0x15b81884"
"R", "0xeedaf"
"W", "0x4041db", "0x15b4958e"
"R", "0x39c441"
"R", "0x161172"
"W", "0x230ca6", "0x5000e4a9"
"R", "0x4041db"
"W", "0x3007da", "0xc28f385"
"W", "0x103a01", "0x5e14e70c"
"W", "0x211a2b", "0x62d9ee2f"
"R", "0xbaee2"
"R", "0x2797c5"
"W", "0x418e2d", "0x24233023"
"W", "0x1d3535", "0x608895f6"
"R", "0x103a01"
"R", "0x31fa55"
"W", "0x1803ed", "0x3ea45364"
"R", "0x1378ce"
"W", "0x33ecd0", "0x18d02b07"
"W", "0x2d6f36", "0x1ead46cb"
"R", "0x67d9a"
"W", "0x23b2cf", "0x406cd431"
"W", "0x2cc90d", "0x6d77c218"
"W", "0x2cc90d", "0xa44e86a"
"W", "0x19503f", "0x3b8f72db"
"R", "0x1be8e3"
"R", "0x418e2d"
"R", "0x12d2a5"
"R", "0x1e8187"
"R", "0x211a2b"
"R", "0x3d030e"
"W", "0x211a2b", "0x645dfbbc"
"W", "0x161172", "0x6687ad7e"
"W", "0x2ebb88", "0x47fc6bfa"
"W", "0x5d771", "0x1e0268ca"
"R", "0x3346a7"
"R", "0x418e2d"
"W", "0x2ad692", "0xadbb071"
"R", "0x156b49"
"R", "0x31fa55"
"W", "0x156b49", "0x9923adf"
"R", "0x1b42ba"
"W", "0x230ca6", "0x5b4af7c2"
"W", "0x32a07e", "0x3cec42c3"
"R", "0x175dc4"
"W", "0x298a40", "0x68e1378c"
"R", "0x175dc4"
"R", "0x283dee"
"R", "0x7c9ec"
"W", "0x35df4b", "0x23d3f4ae"
"R", "0x32a07e"
"W", "0x87015", "0x36ac2c2f"
"W", "0x175dc4", "0x2ef5681d"
"W", "0x1b42ba", "0x248f4ab0"
"R", "0x3877ef"
"R", "0x2e155f"
"R", "0x19503f"
"R", "0x32a07e"
"R", "0x12d2a5"
"W", "0x12d2a5", "0x2143e2e3"
"W", "0x207402", "0x4e50940d"
"W", "0x3e4f6", "0x765c4478"
"W", "0x53148", "0x64cd69c7"
"R", "0x3b1093"
"R", "0x141ef7"
"R", "0x21c054"
"W", "0x230ca6", "0x5a945857"
"W", "0x25a54a", "0x1d62dc3e"
"W", "0x2ad692", "0x127eb4bf"
"R", "0xeedaf"
"W", "0x2458f8", "0x2bb4017e"
"W", "0x3492f9", "0x39f6f8f8"
"W", "0x1c8f0c", "0x7adafc33"
"R", "0x211a2b"
"W", "0x3bb6bc", "0x7d4d6fcc"
"R", "0x1be8e3"
"W", "0x53148", "0x7ec4ea44"
"W", "0x723c3", "0x2157f815"
"W", "0x12d2a5", "0x3c2381e6"
"R", "0x2e155f"
"R", "0x283dee"
"W", "0x2ad692", "0x7df97d6b"
"R", "0xe4786"
"W", "0x12d2a5", "0x570862ee"
"R", "0x3492f9"
"R", "0x118653"
"W", "0x4041db", "0x6c8ff9a4"
"R", "0xe4786"
"R", "0xcfb34"
"R", "0x48b1f"
"R", "0x1d3535"
"R", "0x40e804"
"R", "0x21c054"
"R", "0x118653"
"R", "0x2ebb88"
"R", "0x3877ef"
"R", "0x31542c"
"W", "0x141ef7", "0x4976a4af"
"W", "0x4426d1", "0xfb6a7c0"
"W", "0x31fa55", "0x35e97043"
"W", "0x353922", "0x624a3544"
"R", "0x1f27b0"
"W", "0x3f9bb2", "0x772cd853"
"W", "0x141ef7", "0x6c5d0ac3"
"W", "0x32a07e", "0x6c763651"
"R", "0x23b2cf"
"R", "0x2797c5"
"R", "0xcfb34"
"R", "0x2d6f36"
"W", "0x372b9d", "0x1939e1bb"
"W", "0x18aa16", "0x444c07a4"
"W", "0x19f668", "0x4bac0aee"
"W", "0x3bb6bc", "0x6cf2aec1"
"R", "0x67d9a"
"W", "0x7c9ec", "0x316015dc"
"W", "0x87015", "0x1f4679b9"
"W", "0x42da7f", "0x78badcd2"
"R", "0x26f19c"
"W", "0x1fcdd9", "0x53bc648e"
"W", "0x723c3", "0x76289572"
"W", "0xeedaf", "0x39de22ba"
"R", "0x1ddb5e"
"W", "0x283dee", "0x3cae4fcf"
"R", "0x264b73"
"R", "0x283dee"
"R", "0x1803ed"
"W", "0x3e4f60", "0x45630e6b"
"W", "0x4380a8", "0x6d34a258"
"R", "0x31542c"
"R", "0x3f9bb2"
"R", "0x264b73"
"W", "0x2b7cbb", "0x26ffe8fc"
"W", "0x44ccfa", "0x3f26411d"
"R", "0x118653"
"R", "0x10e02a"
"R", "0x12d2a5"
"R", "0x23b2cf"
"W", "0x141ef7", "0x3acefec4"
"R", "0x9163e"
"W", "0x161172", "0x3f6496bd"
"R", "0x3e4f60"
"W", "0x372b9d", "0x2aa65c5"
"R", "0x1378ce"
"W", "0x42da7f", "0x4bb5d275"
"W", "0x2c22e4", "0x19f2170c"
"W", "0x2a3069", "0x456a5518"
"R", "0x24ff21"
"R", "0x42da7f"
"W", "0x26f19c", "0x43120ac7"
"W", "0xe4786", "0x39a66fb5"
"W", "0x2e155f", "0x61bd3950"
"R", "0x1b42ba"
"R", "0x22667d"
"W", "0x1d3535", "0x793b206"
"R", "0x3e4f60"
"R", "0x3e4f6"
"W", "0x22667d", "0x5c7714f0"
"R", "0xa629"
"R", "0xcfb34"
"R", "0x9bc67"
"R", "0x298a4"
"R", "0x3d030e"
"R", "0xeedaf"
"R", "0x10e02a"
"R", "0x2797c5"
"W", "0x2d6f36", "0x68e8cfc7"
"R", "0x3d030e"
"R", "0x3e4f60"
"R", "0x161172"
"W", "0x3a6a6a", "0x792959"
"W", "0x31fa55", "0x3dc8ed4a"
"R", "0x1ddb5e"
"W", "0x1b42ba", "0x3319cb1e"
"R", "0x4426d1"
"R", "0x3877ef"
"W", "0x141ef7", "0x1449a1e5"
"R", "0x3da937"
"W", "0x3492f9", "0xa6ecc75"
"R", "0x283dee"
"W", "0x353922", "0x61af89ab"
"W", "0x14c520", "0xa8426d9"
"R", "0xf93d8"
"R", "0xbaee2"
"W", "0x7c9ec", "0x5ebd2c47"
"W", "0x42da7f", "0x3842a515"
"W", "0x12d2a5", "0x572f7758"
"R", "0x118653"
"R", "0x2a3069"
"W", "0x156b49", "0x25054906"
"W", "0x161172", "0x68565b8e"
"R", "0x9163e"
"W", "0x35df4b", "0x335f800b"
"W", "0x87015", "0x7821381b"
"W", "0x9163e", "0x76dea50f"
"R", "0x2458f8"
"W", "0x207402", "0x461f1186"
"W", "0x3e4f6", "0x338ab011"
"R", "0x1d3535"
"R", "0x4041db"
"W", "0x9bc67", "0x2d8d101f"
"R", "0x19503f"
"R", "0x353922"
"R", "0x141ef7"
"W", "0xcfb34", "0x7ce6f02b"
"R", "0x44ccfa"
"R", "0x1fcdd9"
"W", "0x3007da", "0xfcdd810"
"W", "0x3d030e", "0x581916d2"
"R", "0x3a6a6a"
"W", "0x3e4f6", "0x104ab763"
"W", "0x1803ed", "0x5d2e1cab"
"W", "0x2a3069", "0x51948aad"
"R", "0x298a40"
"R", "0x3bb6bc"
"W", "0x19503f", "0x7211fa03"
"R", "0xc550b"
"R", "0xeedaf"
"W", "0xc550b", "0x711980d8"
"R", "0x37d1c6"
"W", "0x1e8187", "0x32abc778"
"R", "0x368574"
"R", "0x2797c5"
"W", "0x298a40", "0x291b5fa5"
"R", "0x175dc4"
"W", "0x161172", "0x29e49ba6"
"R", "0x19503f"
"R", "0x156b49"
"W", "0x2ebb88", "0x2f1c542e"
"R", "0x1f27b0"
"W", "0x122c7c", "0x4f9ba3f4"
"R", "0x2797c5"
"R", "0x3d030e"
"W", "0x19f668", "0x1a9f3e2d"
"W", "0x19f668", "0x4405da74"
"W", "0x175dc4", "0x596d49d"
"R", "0x33ecd0"
"W", "0xda15d", "0x4e16fdbc"
"R", "0x3a6a6a"
"R", "0x1b42ba"
"W", "0x40e804", "0x20701296"
"W", "0x87015", "0x6b4c887e"
"W", "0x19503f", "0x76da25eb"
"W", "0x368574", "0x71b1c417"
"W", "0x53148", "0x16dc9a29"
"W", "0x3f9bb2", "0x1b78792f"
"W", "0x1fcdd9", "0x7c510d55"
"R", "0x24ff21"
"R", "0x298a40"
"W", "0x1c8f0c", "0x8e8ff25"
"W", "0x207402", "0x4957b7a4"
"R", "0x3b1093"
"W", "0x19f668", "0x64d5d675"
"W", "0x3f9bb2", "0x6393d640"
"R", "0x1b42ba"
"W", "0x5d771", "0x5a5b3a02"
"W", "0x1b42ba", "0x6e2726ef"
"W", "0x283dee", "0x6372eb8c"
"R", "0x3b1093"
"R", "0x1be8e3"
"R", "0x156b49"
"W", "0x16b79b", "0x75f1daa1"
"W", "0x53148", "0x564167ed"
"W", "0x3d030e", "0x45f5d495"
"W", "0x2cc90d", "0x4aa5246"
"R", "0xcfb34"
"R", "0x31fa55"
"R", "0xe4786"
"R", "0x37d1c6"
"W", "0x48b1f", "0x4dbe0735"
"R", "0x3d030e"
"W", "0x161172", "0x4f7fed93"
"W", "0x3da937", "0x7e751cde"
"W", "0x2b7cbb", "0x473785db"
"R", "0xa6290"
"W", "0x12d2a5", "0x75208709"
"W", "0xf93d8", "0x3d6f5d5"
"R", "0xf93d8"
"W", "0x3ef589", "0x5a42d103"
"W", "0x118653", "0x523257e4"
"W", "0x26f19c", "0x1bb19311"
"R", "0x19f668"
"W", "0x3b1093", "0x34c15009"
"W", "0x18aa16", "0x7d88bc74"
"R", "0x25a54a"
"R", "0x3da937"
"W", "0x423456", "0x3460ce65"
"W", "0x9bc67", "0x4039dcb2"
"W", "0x14c520", "0x50290fd5"
"W", "0x230ca6", "0x6c195e78"
"R", "0x1803ed"
"R", "0x391e18"
"R", "0x40e804"
"W", "0x3346a7", "0x3ffd6211"
"W", "0xe4786", "0x18a6f9af"
"W", "0x175dc4", "0x2080956f"
"W", "0x32a07e", "0x63b60263"
"R", "0x2458f8"
"W", "0x2ad692", "0x12f1e197"
"W", "0x3492f9", "0x39ea9ff"
"R", "0x87015"
"W", "0x3bb6bc", "0x1f39bd86"
"W", "0x418e2d", "0xf682d1"
"W", "0x3b1093", "0x1769ec46"
"W", "0x3007da", "0x3e2b403d"
"R", "0x40e804"
"W", "0x103a01", "0x4c6f7a50"
"R", "0x18aa16"
"R", "0x5d771"
"W", "0x16b79b", "0x65008b1"
"R", "0x31542c"
"R", "0xeedaf"
"W", "0x372b9d", "0x4f1e57df"
"W", "0x19503f", "0x70e2c122"
"W", "0x1ddb5e", "0x46554160"
"W", "0x2ad692", "0x14cb57a8"
"R", "0xda15d"
"W", "0x21c054", "0x54d65c6e"
"W", "0x368574", "0x5bccc568"
"R", "0x368574"
"R", "0x3b1093"
"R", "0x3da937"
"R", "0xb08b9"
"R", "0x31fa55"
"R", "0x9bc67"
"W", "0x39c441", "0x69c780e8"
"W", "0x31fa55", "0x4d7e0af4"
"W", "0x1803ed", "0x1990fd07"
"R", "0x87015"
"R", "0x1f27b0"
"R", "0x1d3535"
"R", "0x2e155f"
"R", "0x24ff21"
"R", "0x723c3"
"R", "0x23b2cf"
"R", "0x1ddb5e"
"W", "0x3da937", "0xc2c00ff"
"W", "0x44ccfa", "0x7a18922d"
"W", "0x3007da", "0x3956a56f"
"W", "0x2ad692", "0x7edfa242"
"W", "0x9163e", "0x2633684"
"W", "0xbaee2", "0x303d1c9e"
"W", "0x298a4", "0x2785698e"
"R", "0x3b1093"
"R", "0x7c9ec"
"W", "0x1b42ba", "0x35be76fe"
"W", "0x391e18", "0x288c0535"
"R", "0x21c054"
"R", "0x21c054"
"R", "0x156b49"
"R", "0x3ef589"
"R", "0xeedaf"
"R", "0xeedaf"
"R", "0x3e4f6"
"R", "0x353922"
"R", "0x1c8f0c"
"R", "0x1c8f0c"
"W", "0x19503f", "0xc803365"
"R", "0x2f61b1"
"W", "0x3a6a6a", "0x7bc88738"
"W", "0x264b73", "0x76466671"
"W", "0x3007da", "0x5e9ea541"
"R", "0x118653"
"R", "0x723c3"
"R", "0x32a07e"
"R", "0x12d2a5"
"R", "0x2c22e4"
"R", "0x3e4f60"
"R", "0x1f27b0"
"W", "0xa6290", "0x64b93aea"
"R", "0x21c054"
"W", "0x418e2d", "0x188dd75e"
"R", "0x264b73"
"W", "0x723c3", "0x6bb0a877"
"W", "0x230ca6", "0x45ed6212"
"R", "0x18aa16"
"W", "0x2f61b1", "0x1304ccfc"
"R", "0x3ef589"
"W", "0x118653", "0xd80971"
"R", "0x283dee"
"R", "0x40e804"
"W", "0x5d771", "0xcd9ba4c"
"W", "0xf93d8", "0x5da1096b"
"W", "0x19f668", "0x3756223"
"W", "0x353922", "0xf2981"
"W", "0x31fa55", "0x204fa9fd"
"W", "0x1a9c91", "0x5fcf2e4a"
"R", "0x103a01"
"R", "0x207402"
"R", "0x67d9a"
"W", "0x19f668", "0x802eeab"
"R", "0x2f61b1"
"W", "0x2e155f", "0x599bba92"
"W", "0x67d9a", "0x57524a92"
"R", "0x31fa55"
"R", "0x368574"
"R", "0x391e18"
"W", "0xf93d8", "0x3fbbb536"
"R", "0x2c22e4"
"W", "0x3ef589", "0x1adc0f92"
"R", "0x1a9c91"
"R", "0x1fcdd9"
"W", "0x211a2b", "0x734c9098"
"W", "0xa6290", "0x11de7e27"
"W", "0x3f9bb2", "0x64c66ca0"
"W", "0x37d1c6", "0x7315bf7f"
"W", "0x211a2b", "0x5da12473"
"R", "0x2ebb88"
"W", "0xb08b9", "0x2e5e6daa"
"W", "0x391e18", "0x4a0fce"
"W", "0x161172", "0x508215a9"
"W", "0x1a9c91", "0x5cd8c176"
"R", "0x44ccfa"
"W", "0x10e02a", "0x5404836"
"W", "0x3b1093", "0x16162b43"
"R", "0xda15d"
"R", "0xbaee2"
"R", "0x211a2b"
"W", "0x24ff21", "0x3e642c3c"
"R", "0x368574"
"R", "0x26f19c"
"R", "0xb08b9"
"R", "0x2ad692"
"W", "0x1e8187", "0x59eebc89"
"W", "0x723c3", "0x7ffd5582"
"R", "0x1be8e3"
"W", "0xcfb34", "0x368abc59"
"W", "0x18aa16", "0x560c52f9"
"W", "0xeedaf", "0x65ea2324"
"W", "0x18aa16", "0x1653382f"
"R", "0xcfb34"
"R", "0x48b1f"
"W", "0x87015", "0x42da4b48"
"R", "0xbaee2"
"W", "0x141ef7", "0x385f78ff"
"W", "0x33ecd0", "0x72794221"
"W", "0x298a40", "0x1dba8859"
"W", "0xbaee2", "0x36770de0"
"R", "0x3346a7"
"W", "0x283dee", "0x3192a30d"
"W", "0x3877ef", "0x7f1e6e8a"
"R", "0x1b42ba"
"W", "0xa6290", "0x2c7f2fea"
"R", "0x3da937"
"W", "0x1e8187", "0x3655b774"
"R", "0x3492f9"
"W", "0x298a40", "0x732110c4"
"W", "0x7c9ec", "0x44a4e62f"
"W", "0x103a01", "0x279bbc90"
"R", "0x23b2cf"
"R", "0x298a4"
"W", "0x3da937", "0x646465bf"
"R", "0x5d771"
"R", "0x3877ef"
"R", "0x67d9a"
"R", "0x1378ce"
"W", "0x12d2a5", "0x4d791206"
"R", "0x10e02a"
"W", "0x22667d", "0x54462839"
"R", "0x26f19c"
"W", "0x18aa16", "0x29e1dcf0"
"R", "0x30ae03"
"W", "0x40e804", "0xcb738ed"
"R", "0x3877ef"
"R", "0x31fa55"
"R", "0x211a2b"
"W", "0x9163e", "0x53de7e31"
"R", "0x2d6f36"
"W", "0x32a07e", "0x10199bad"
"R", "0x264b73"
"W", "0x37d1c6", "0x22f18d5c"
"R", "0x87015"
"R", "0x3ef589"
"R", "0x30ae03"
"W", "0x10e02a", "0x4e15b383"
"R", "0x3a6a6a"
"R", "0x9163e"
"W", "0x3492f9", "0x3089f98d"
"W", "0x40e804", "0x5f248489"
"W", "0x723c3", "0x2749a49c"
"R", "0x3f9bb2"
"R", "0x3bb6bc"
"W", "0x28e417", "0x539e33c6"
"R", "0x3877ef"
"W", "0x2797c5", "0x69ec1574"
"W", "0x10e02a", "0x11c1f470"
"R", "0x35df4b"
"R", "0x67d9a"
"W", "0x31542c", "0x52fc5c5"
"W", "0x18aa16", "0x7b0bd0ed"
"W", "0x2797c5", "0x226995c0"
"R", "0xbaee2"
"R", "0x67d9a"
"R", "0x4041db"
"W", "0x3bb6bc", "0x177b7ca6"
"W", "0x31fa55", "0x7d83bdf4"
"W", "0x2f61b1", "0x51cc8973"
"W", "0x2d6f36", "0xf786fb7"
"R", "0x37d1c6"
"R", "0x3da937"
"W", "0xa6290", "0x10ab4a34"
"W", "0x26f19c", "0x249dcfce"
"W", "0x1b42ba", "0x5a95d167"
"R", "0x9bc67"
"W", "0x14c520", "0x6ed0855c"
"R", "0x1be8e3"
"R", "0x19503f"
"W", "0x10e02a", "0x76b46c08"
"W", "0x18aa16", "0x6443f903"
"W", "0x391e18", "0x3a7ab3d7"
"R", "0x3bb6bc"
"W", "0x48b1f", "0x688bba56"
"W", "0x1803ed", "0xb9e7123"
"W", "0x12d2a5", "0x4046fc13"
"R", "0xeedaf"
"W", "0x10e02a", "0x5712e703"
"W", "0x175dc4", "0x5cd62c27"
"R", "0x122c7c"
"W", "0x175dc4", "0x45b3196c"
"R", "0x48b1f"
"W", "0x3f9bb2", "0x20ee2832"
"R", "0x3e4f60"
"R", "0x25a54a"
"W", "0x207402", "0x5312f9fe"
"W", "0x2e155f", "0x770429e1"
"W", "0x1fcdd9", "0x186bd7a3"
"R", "0x2458f8"
"R", "0x1e8187"
"W", "0x161172", "0x1478cb94"
"W", "0x1ddb5e", "0x32ca4522"
"W", "0x353922", "0x51d21aa1"
"R", "0x87015"
"W", "0x28e417", "0x2afecd3e"
"W", "0x122c7c", "0x4694d320"
"R", "0x391e18"
"W", "0x87015", "0x4ee9147b"
"W", "0x156b49", "0x12b96461"
"R", "0x2a3069"
"W", "0x2ad692", "0x2e3675c7"
"W", "0x3b1093", "0x545a88b2"
"W", "0x10e02a", "0x1d423b85"
"R", "0x1b42ba"
"W", "0x141ef7", "0x4e3c541"
"W", "0x31fa55", "0x6ec650ac"
"W", "0xb08b9", "0x3930e0d"
"W", "0x9bc67", "0x2ef4fec3"
"W", "0x2458f8", "0x359e9a8"
"R", "0x3d030e"
"W", "0x14c520", "0x26f390"
"W", "0x264b73", "0x7116f40c"
"R", "0x48b1f"
"R", "0x14c520"
"R", "0x28e417"
"W", "0x2797c5", "0x2bb9f025"
"W", "0x9bc67", "0x1a190209"
"W", "0x40e804", "0x61c4556d"
"W", "0x723c3", "0x1cd83947"
"W", "0x2f61b1", "0x40a4446f"
"W", "0x2f61b1", "0x11bda1ef"
"W", "0x3ef589", "0x3cf6a54d"
"W", "0x67d9a", "0x19ca6f8"
"W", "0x2c22e4", "0x247d27c0"
"R", "0x1be8e3"
"W", "0x10e02a", "0x15aa4743"
"W", "0x3f9bb2", "0x619e6817"
"W", "0x298a40", "0x3b22b0a"
"W", "0x1f27b0", "0x7083ae81"
"W", "0x67d9a", "0x61dd45b4"
"R", "0x1803ed"
"R", "0x3e4f6"
"R", "0x12d2a5"
"R", "0xf93d8"
"R", "0x19503f"
"W", "0xb08b9", "0x5a564a12"
"R", "0x1be8e3"
"W", "0x19503f", "0x1babd4f4"
"R", "0x4380a8"
"R", "0x1b42ba"
"W", "0xc550b", "0x150d8e25"
"R", "0x53148"
"R", "0x40e804"
"W", "0x423456", "0x589aeb4c"
"R", "0x141ef7"
"R", "0xb08b9"
"R", "0x87015"
"R", "0xcfb34"
"R", "0x32a07e"
"W", "0x1ddb5e", "0x516de196"
"R", "0x3877ef"
"R", "0x16b79b"
"W", "0x3877ef", "0x6c9406f5"
"W", "0xc550b", "0x34bb2d27"
"R", "0x10e02a"
"R", "0x1e8187"
"W", "0x207402", "0x5828db38"
"W", "0x33ecd0", "0x4f55f149"
"R", "0x48b1f"
"W", "0x3007da", "0x2953b1ff"
"R", "0x2797c5"
"R", "0x353922"
"W", "0x39c441", "0x63efe054"
"R", "0x3f9bb2"
"W", "0x161172", "0x35be050a"
"R", "0x264b73"
"W", "0x10e02a", "0x1ab202ae"
"R", "0x2ebb88"
"W", "0x2ebb88", "0x3201c9d6"
"R", "0x25a54a"
"R", "0x2cc90d"
"W", "0x4426d1", "0x761bc3da"
"W", "0x3a6a6a", "0x5f5e8710"
"R", "0x1d3535"
"R", "0x372b9d"
"W", "0x10e02a", "0x319e98bd"
"W", "0x1f27b", "0x1125e992"
"W", "0xc550b", "0x56f8134f"
"W", "0xe4786", "0x4207bcf3"
"R", "0x3346a7"
"W", "0x22667d", "0x44e44848"
"W", "0x40e804", "0x285804b2"
"R", "0x24ff21"
"W", "0x264b73", "0x420b6471"
"W", "0x3e4f6", "0x12d7c104"
"R", "0x26f19c"
"W", "0xc550b", "0x73ee3ded"
"W", "0x32a07e", "0x6cb7cd67"
"R", "0x2b7cbb"
"R", "0x283dee"
"R", "0x2b7cbb"
"R", "0x3f9bb2"
"W", "0x1e8187", "0x5d44be1d"
"R", "0xda15d"
"R", "0x2458f8"
"R", "0x3ef589"
"R", "0x2e155f"
"W", "0x26f19c", "0x3b3c91a5"
"W", "0x28e417", "0x25d5c232"
"R", "0x391e18"
"W", "0x48b1f", "0x4f33e724"
"W", "0x2d6f36", "0xd2d71"
"W", "0xa6290", "0x1ece4e92"
"W", "0x3b1093", "0x3b268d7"
"W", "0x2458f8", "0x7d6a8a44"
"R", "0x31fa55"
"R", "0x1be8e3"
"R", "0x723c3"
"R", "0x1f27b0"
"W", "0x33ecd", "0x29851c80"
"W", "0x2d6f36", "0x4c0e84b9"
"R", "0x372b9d"
"W", "0x1f27b", "0x7f4d937e"
"R", "0x3e4f60"
"R", "0x9163e"
"R", "0x3c5ce5"
"W", "0x122c7c", "0x7ddbbd0a"
"W", "0x3bb6bc", "0x56b211cd"
"R", "0x35df4b"
"W", "0x2cc90d", "0x6f85fe57"
"R", "0x391e18"
"W", "0x1e8187", "0x5a9845f3"
"R", "0x31fa55"
"W", "0x1378ce", "0x59ab299c"
"W", "0x298a4", "0x761e2f97"
"W", "0xc550b", "0x74ffe9d7"
"W", "0x118653", "0x57a40f1"
"W", "0x18aa16", "0x72b291a0"
"R", "0x9bc67"
"W", "0x39c441", "0x6587295"
"W", "0x1be8e3", "0x29859244"
"W", "0x3bb6bc", "0x2abdfff3"
"W", "0x4426d1", "0x101edfd5"
"R", "0x32a07e"
"W", "0x423456", "0x3cd7ac25"
"R", "0x31542c"
"R", "0xc550b"
"W", "0x19503f", "0xc19d26d"
"W", "0x14c52", "0x59342301"
"R", "0x211a2b"
"W", "0x48b1f", "0x67a6abc4"
"R", "0x161172"
"W", "0x7c9ec", "0x4eba8a94"
"R", "0x3d030e"
"W", "0x3b1093", "0x92fa466"
"R", "0x3007da"
"R", "0xa6290"
"W", "0x423456", "0x5d13e240"
"R", "0x211a2b"
"R", "0x1a9c91"
"W", "0x10e02a", "0x48ef4f98"
"W", "0x3007da", "0x6dbfa20"
"W", "0xda15d", "0x40a162d8"
"R", "0x353922"
"R", "0x2f61b1"
"R", "0x9163e"
"R", "0x32a07e"
"R", "0x1b42ba"
"W", "0x3877ef", "0x54705daa"
"W", "0x161172", "0x1c52704a"
"W", "0x19503f", "0x36f2533d"
"W", "0x3d030e", "0x4a8eddb9"
"W", "0x2a3069", "0x1b0a50a6"
"R", "0xc550b"
"R", "0x67d9a"
"R", "0x21c054"
"R", "0x40e804"
"W", "0x141ef7", "0x24f892cd"
"R", "0x22667d"
"R", "0x1ddb5e"
"R", "0x3d030e"
"W", "0x67d9a", "0x1ac7e764"
"R", "0xbaee2"
"R", "0x23b2cf"
"W", "0x1378ce", "0x534497be"
"W", "0x2ad692", "0x11d04040"
"R", "0x48b1f"
"R", "0x353922"
"R", "0x30ae03"
"R", "0x24ff21"
"R", "0xbaee2"
"W", "0x18aa16", "0x7826609b"
"W", "0x211a2b", "0x69c28392"
"W", "0x118653", "0x4bcdfc17"
"W", "0x3f9bb2", "0x5cf289c"
"W", "0xbaee2", "0x6da1e7ed"
"R", "0xc550b"
"W", "0x3877ef", "0x2e311f6b"
"W", "0xc550b", "0x3964be07"
"R", "0x1e8187"
"W", "0x2e155f", "0xacdeaba"
"R", "0x2b7cbb"
"W", "0xf93d8", "0x5330b950"
"R", "0x118653"
"W", "0x33ecd", "0x111db0ee"
"R", "0x2797c5"
"R", "0x18aa16"
"W", "0x30ae03", "0x4e69807a"
"R", "0x18aa16"
"R", "0x2797c5"
"R", "0x298a4"
"R", "0x3a6a6a"
"W", "0x3492f9", "0x4ad65ec5"
"R", "0x298a4"
"R", "0x3f9bb2"
"W", "0x3d030e", "0x6b9c6b8"
"R", "0x7c9ec"
"W", "0x264b73", "0xa39cb9c"
"R", "0x3877ef"
"R", "0x16b79b"
"R", "0x30ae03"
"R", "0x2d6f36"
"W", "0x2a3069", "0x35fd5a1e"
"R", "0x5d771"
"W", "0x12d2a5", "0x32c568fe"
"W", "0x42da7f", "0x37b7e302"
"R", "0x21c054"
"R", "0x3d030e"
"R", "0x5d771"
"R", "0xf93d8"
"R", "0x423456"
"R", "0x118653"
"R", "0x298a40"
"R", "0x31542c"
"R", "0x103a01"
"W", "0xbaee2", "0x5b0a0503"
"W", "0x118653", "0xf527217"
"W", "0x2b7cbb", "0x2c838a15"
"R", "0x1f27b0"
"R", "0x1803ed"
"R", "0x141ef7"
"R", "0x207402"
"R", "0x230ca6"
"W", "0x25a54a", "0x3aec8885"
"R", "0x39c441"
"W", "0x32a07e", "0x61f9cd1"
"R", "0x1a9c91"
"W", "0x2797c5", "0x1c84f4a0"
"R", "0x211a2b"
"W", "0x3492f9", "0x69bdce0b"
"R", "0x22667d"
"W", "0xda15d", "0x5e4bc295"
"R", "0x3b1093"
"R", "0x24ff21"
"W", "0x33ecd", "0x7eff0622"
"R", "0x283dee"
"R", "0x10e02a"
"R", "0x2ad692"
"R", "0x2b7cbb"
"R", "0x2e155f"
"W", "0x264b73", "0x683b72a5"
"W", "0x2b7cbb", "0x6a73f3d8"
"W", "0x16b79b", "0x59d0d52"
"R", "0x211a2b"
"R", "0x33ecd"
"W", "0x4426d1", "0x2f7b7279"
"R", "0x2458f8"
"W", "0x3e4f6", "0xd16068a"
"R", "0x7c9ec"
"W", "0xf93d8", "0x7a516735"
"R", "0x283dee"
"W", "0x24ff21", "0x4c8ff815"
"W", "0x175dc4", "0x3e19a06"
"R", "0x298a40"
"R", "0x1378ce"
"W", "0x2c22e4", "0x5729d276"
"R", "0x3b1093"
"W", "0x26f19c", "0x7bdf6548"
"W", "0x2797c5", "0x261cfa92"
"R", "0x1378ce"
"W", "0xeedaf", "0x207f48e4"
"W", "0x2ad692", "0x6765959b"
"R", "0x10e02a"
"R", "0x3ef589"
"R", "0x1c8f0c"
"R", "0x1fcdd9"
"W", "0x2f61b1", "0x6ea82b23"
"W", "0x31542c", "0x2c43a785"
"R", "0x14c52"
"W", "0x28e417", "0x71a598d1"
"R", "0xa6290"
"R", "0x141ef7"
"W", "0x3007da", "0x2db2c41d"
"R", "0x2d6f36"
"W", "0x18aa16", "0x585dd25b"
"R", "0x298a4"
"W", "0x4426d1", "0x6e2d3dd4"
"R", "0x141ef7"
"W", "0x118653", "0x3aee2509"
"R", "0x4041db"
"W", "0x298a40", "0x63ed9aff"
"W", "0x2797c5", "0x6040d222"
"W", "0x2c22e4", "0x11126487"
"R", "0x37d1c6"
"W", "0x25a54a", "0x6d1270c"
"R", "0x33ecd0"
"R", "0x103a01"
"R", "0x25a54a"
"W", "0x1a9c91", "0x523b7cca"
"R", "0x175dc4"
"W", "0x283dee", "0x22766661"
"W", "0x3d030e", "0x7e7e9a05"
"W", "0x353922", "0x7ba6bbf8"
"R", "0x1c8f0c"
"R", "0x3d030e"
"W", "0xa6290", "0x6d6861e5"
"R", "0x2c22e4"
"W", "0x28e417", "0x39f20dca"
"R", "0x4041db"
"W", "0x3e4f60", "0x49fa96c8"
"R", "0x141ef7"
"W", "0xc550b", "0xa0c5624"
"W", "0x3492f9", "0x7d9104ce"
"R", "0x31fa55"
"R", "0x1803ed"
"W", "0x16b79b", "0x10eaa651"
"W", "0x118653", "0x6e0d6d7b"
"R", "0x353922"
"R", "0x24ff21"
"R", "0xe4786"
"W", "0x2a3069", "0x48ae547e"
"R", "0xb08b9"
"W", "0xc550b", "0x56a8b7c7"
"R", "0x3da937"
"R", "0x3e4f60"
"W", "0x118653", "0x206a0c83"
"W", "0x230ca6", "0x4ade3a09"
"W", "0x2d6f36", "0xd4abf64"
"R", "0x372b9d"
"W", "0x353922", "0x28aa70b8"
"R", "0x418e2d"
"R", "0x4426d1"
"W", "0xcfb34", "0xf3f59bd"
"R", "0x2b7cbb"
"R", "0x2e155f"
"R", "0x1f27b"
"R", "0x3492f9"
"R", "0x26f19c"
"W", "0x2458f8", "0x6cade0b7"
"W", "0x19503f", "0x1db2709e"
"R", "0x53148"
"R", "0x31fa55"
"R", "0x31fa55"
"R", "0x122c7c"
"W", "0x298a40", "0x5792f462"
"R", "0x1e8187"
"W", "0x9163e", "0x4018030b"
"R", "0x1b42ba"
"W", "0x31542c", "0x5c6c04a"
"W", "0xa6290", "0x3c0d4218"
"W", "0x3bb6bc", "0x6b48f1c6"
"R", "0x3877ef"
"W", "0x21c054", "0x570c1bd1"
"R", "0x122c7c"
"R", "0x1b42ba"
"R", "0x298a40"
"R", "0x3e4f6"
"R", "0x141ef7"
"R", "0x3a6a6a"
"R", "0x122c7c"
"R", "0x3f9bb2"
"W", "0x175dc4", "0x33c98714"
"R", "0x1f27b0"
"R", "0xb08b9"
"W", "0x14c520", "0x2647e0fd"
"W", "0x298a4", "0x1d48a650"
"W", "0x9163e", "0x614cbbc7"
"R", "0x2ad692"
"R", "0x5d771"
"R", "0xa6290"
"R", "0x19f668"
"W", "0x5d771", "0xda9add"
"R", "0x230ca6"
"W", "0x353922", "0x5e9ae369"
"R", "0xcfb34"
"R", "0x2c22e4"
"R", "0x4380a8"
"R", "0x141ef7"
"R", "0xeedaf"
"W", "0x53148", "0x7be01a4e"
"R", "0x1ddb5e"
"R", "0x3bb6bc"
"R", "0x5d771"
"R", "0x3da937"
"W", "0x3877ef", "0x1861e7b3"
"W", "0xc550b", "0x439dc919"
"R", "0x2458f8"
"W", "0x3ef589", "0x47c1c4ea"
"R", "0x283dee"
"W", "0x1b42ba", "0x143e6dc6"
"R", "0x23b2cf"
"W", "0x2797c5", "0x7459c1ab"
"W", "0x22667d", "0x195b44a5"
"W", "0x3e4f60", "0x4140d5a6"
"W", "0x353922", "0x208e4ccf"
"W", "0x391e18", "0x1e635841"
"R", "0x12d2a5"
"R", "0x30ae03"
"W", "0x14c520", "0x15571ab7"
"R", "0x39c441"
"W", "0x33ecd", "0x20548b6a"
"W", "0x30ae03", "0x3f36d588"
"W", "0x33ecd", "0x587b9941"
"W", "0x723c3", "0x41930455"
"W", "0x23b2cf", "0x7141f76e"
"W", "0x33ecd", "0x10cc514e"
"W", "0x9163e", "0x71c64054"
"R", "0x31fa55"
"W", "0x3b1093", "0x7402c104"
"R", "0x3007da"
"W", "0x40e804", "0x48f0eba9"
"R", "0x19503f"
"W", "0xbaee2", "0xb7653d7"
"W", "0x368574", "0x780323ab"
"R", "0x33ecd"
"W", "0x18aa16", "0x54038302"
"W", "0x283dee", "0xb397a3"
"R", "0x3877ef"
"W", "0x118653", "0x4df8ac99"
"R", "0x2e155f"
"R", "0x1e8187"
"W", "0x30ae03", "0x7266b87f"
"R", "0x2cc90d"
"W", "0x14c520", "0x455e8676"
"R", "0x3a6a6a"
"R", "0x368574"
"R", "0x1f27b0"
"R", "0x24ff21"
"W", "0x103a01", "0x1cd9a342"
"R", "0x42da7f"
"R", "0x19503f"
"R", "0x44ccfa"
"R", "0x3f9bb2"
"W", "0x156b49", "0x34c2701a"
"R", "0x423456"
"W", "0x3da937", "0x3686c7bc"
"R", "0x25a54a"
"R", "0x103a01"
"R", "0x31fa55"
"R", "0x2c22e4"
"R", "0xb08b9"
"W", "0x1f27b", "0x3046d30f"
"W", "0x31542c", "0x6f5c42c7"
"W", "0x1e8187", "0x35f442d3"
"W", "0x3f9bb2", "0x382db4e7"
"W", "0x156b49", "0x286ead51"
"R", "0x40e804"
"W", "0xf93d8", "0x54e8961c"
"W", "0x1b42ba", "0x524ad0b8"
"W", "0x230ca6", "0x92061e6"
"W", "0x3a6a6a", "0x15eb463b"
"R", "0x21c054"
"R", "0x723c3"
"R", "0x353922"
"R", "0x1f27b0"
"W", "0x3da937", "0x46f810cf"
"R", "0x3ef589"
"R", "0x723c3"
"R", "0x31542c"
"W", "0xda15d", "0x105dfc0"
"W", "0x372b9d", "0x54ec1d04"
"W", "0x1be8e3", "0x4ffb24ee"
"R", "0x122c7c"
"R", "0x418e2d"
"W", "0x32a07e", "0x41529fe0"
"W", "0x2d6f36", "0x47caeae1"
"R", "0x3d030e"
"R", "0x39c441"
"W", "0x372b9d", "0x6c3298b"
"W", "0x9bc67", "0x21e14158"
"R", "0xcfb34"
"W", "0x1c8f0c", "0x3f698cb6"
"R", "0x42da7f"
"W", "0x2d6f36", "0x5d4ba570"
"R", "0x18aa16"
"W", "0x2d6f36", "0x675e0b88"
"R", "0x3e4f60"
"R", "0x2cc90d"
"R", "0x3877ef"
"R", "0x2458f8"
"W", "0x175dc4", "0xe21ad95"
"W", "0x457323", "0x256b44d3"
"R", "0x1803ed"
"W", "0x31542c", "0x24130d8c"
"W", "0x1378ce", "0x6e5d8b42"
"R", "0x2a3069"
"W", "0x2e155f", "0x49c70853"
"W", "0x3bb6bc", "0x2ad7f915"
"W", "0x264b73", "0xf3c6778"
"R", "0x26f19c"
"W", "0x423456", "0x5eb99364"
"R", "0x33ecd0"
"R", "0x3007da"
"R", "0x1fcdd9"
"W", "0x48b1f", "0x5a42576f"
"W", "0x3ef589", "0x97261b2"
"W", "0x1fcdd9", "0x676b2264"
"R", "0x14c52"
"W", "0x353922", "0x2c0041d5"
"W", "0x3492f9", "0x66d96486"
"R", "0x87015"
"W", "0x1378ce", "0x717fb3ec"
"W", "0x42da7f", "0x7d406aa3"
"R", "0x3877ef"
"W", "0x23b2cf", "0x686a22e5"
"W", "0x161172", "0x4efd2feb"
"W", "0x46194c", "0x6cac2222"
"R", "0x3f9bb2"
"R", "0x3b1093"
"R", "0x353922"
"R", "0x3007da"
"R", "0x211a2b"
"W", "0x423456", "0x57b38187"
"W", "0x723c3", "0x60c0bafc"
"R", "0x7c9ec"
"R", "0x23b2cf"
"W", "0x37d1c6", "0x34a80134"
"R", "0xbaee2"
"R", "0x372b9d"
"W", "0x9163e", "0x41b05da4"
"R", "0x22667d"
"W", "0x3e4f60", "0x4e3e0f67"
"R", "0x3c5ce5"
"R", "0x1378ce"
"R", "0x3877ef"
"R", "0x2797c5"
"R", "0x4380a8"
"W", "0x3d030e", "0x1c8f110b"
"R", "0x42da7f"
"R", "0x1d3535"
"W", "0x28e417", "0x25fc009c"
"W", "0x122c7c", "0x36af313d"
"R", "0x3e4f60"
"W", "0x19f668", "0x1ff90728"
"W", "0x14c520", "0x5143f7a2"
"R", "0x2cc90d"
"W", "0x3492f9", "0x48bb9285"
"W", "0x3e4f60", "0x55e6a5d9"
"R", "0x25a54a"
"R", "0xf93d8"
"W", "0x3346a7", "0x5009666b"
"W", "0x2458f8", "0x1fb2e909"
"R", "0x161172"
"W", "0x33ecd0", "0x383e0d62"
"W", "0x9bc67", "0x2896aca9"
"W", "0x3a6a6a", "0x7ba5eb1e"
"R", "0x3492f9"
"R", "0x3da937"
"W", "0x1be8e3", "0x52562f27"
"W", "0x156b49", "0x46d6e49"
"R", "0x3bb6bc"
"R", "0x3d030e"
"R", "0x26f19c"
"W", "0x1d3535", "0x10be6eb7"
"W", "0x175dc4", "0x3fedd590"
"R", "0x122c7c"
"W", "0x33ecd", "0x66868bd4"
"W", "0x103a01", "0x72b5cf4a"
"W", "0x156b49", "0x38d635dc"
"W", "0x35df4b", "0x242b0f93"
"W", "0x32a07e", "0x536666a2"
"W", "0x161172", "0x5981ed0d"
"W", "0x30ae03", "0x4ef7262"
"W", "0x9163e", "0x7d89e2be"
"R", "0x3b1093"
"W", "0x3a6a6a", "0x3875844"
"R", "0x10e02a"
"W", "0x156b49", "0x5f422f09"
"W", "0x2ebb88", "0xd23184c"
"W", "0x4041db", "0x70793967"
"R", "0x4041db"
"W", "0x1378ce", "0x40f7c437"
"W", "0x230ca6", "0x396f46f4"
"W", "0x7c9ec", "0x6d2ace29"
"W", "0x3c5ce5", "0x386b136e"
"W", "0x14c52", "0x589225f7"
"R", "0x2c22e4"
"R", "0x283dee"
"W", "0x3007da", "0x7f34da9c"
"R", "0x298a4"
"W", "0x1803ed", "0xf852564"
"W", "0x14c52", "0x4b382d4b"
"W", "0x2cc90d", "0x48abb335"
"W", "0x33ecd0", "0x2438f4ff"
"R", "0x2797c5"
"R", "0x3346a7"
"R", "0x3f9bb2"
"R", "0x103a01"
"W", "0x48b1f", "0x6b66f9d0"
"R", "0x391e18"
"W", "0xda15d", "0x4422497b"
"W", "0xf93d8", "0x554537e0"
"R", "0x1fcdd9"
"R", "0x3007da"
"R", "0x103a01"
"R", "0x156b49"
"W", "0x1ddb5e", "0x73407783"
"R", "0x31542c"
"R", "0x3c5ce5"
"R", "0x28e417"
"R", "0x1378ce"
"R", "0xe4786"
"W", "0x3e4f6", "0x589c7865"
"R", "0xf93d8"
"W", "0x3c5ce5", "0x935e4da"
"W", "0x19503f", "0x5b944eed"
"R", "0x19f668"
"W", "0x28e417", "0x2bd7ac1d"
"R", "0x32a07e"
"W", "0x37d1c6", "0x1bf4ee9b"
"W", "0x207402", "0x8914b61"
"W", "0x2cc90d", "0x715d2e30"
"R", "0x372b9d"
"W", "0x7c9ec", "0x6de848da"
"R", "0x457323"
"R", "0x87015"
"W", "0x1ddb5e", "0x15f3e3b8"
"R", "0x3a6a6a"
"R", "0x1e8187"
"W", "0x353922", "0xe1f29fb"
"R", "0x3346a7"
"W", "0xbaee2", "0x3c772553"
"W", "0x118653", "0x7f950696"
"R", "0x35df4b"
"W", "0x32a07e", "0x71101dd0"
"W", "0x22667d", "0x7a0b9150"
"W", "0x103a01", "0x14924ae0"
"R", "0x391e18"
"R", "0x16b79b"
"R", "0x723c3"
"R", "0x2e155f"
"W", "0x26f19c", "0x65fa6876"
"R", "0x35df4b"
"W", "0x3d030e", "0x74ca688"
"R", "0x353922"
"R", "0x3e4f6"
"W", "0x5d771", "0x3a9f5a11"
"R", "0x23b2cf"
"R", "0x1ddb5e"
"R", "0x39c441"
"W", "0xa6290", "0x713d266f"
"R", "0x23b2cf"
"R", "0x264b73"
"R", "0x298a4"
"W", "0x1d3535", "0x7dcd369d"
"W", "0x42da7f", "0x148545f8"
"R", "0x1b42ba"
"W", "0x19503f", "0x1f70a6c5"
"R", "0x12d2a5"
"R", "0x12d2a5"
"W", "0x12d2a5", "0xd8e32e1"
"W", "0x2ad692", "0x48cb6e6b"
"R", "0x3c5ce5"
"W", "0x2ebb88", "0x1115f113"
"W", "0x3492f9", "0x5e7b536f"
"R", "0x3c5ce5"
"W", "0x23b2cf", "0x137d62be"
"W", "0xf93d8", "0x37cff4ba"
"W", "0x122c7c", "0x16fb2bce"
"R", "0x67d9a"
"R", "0x161172"
"W", "0x723c3", "0x419c5588"
"R", "0xeedaf"
"W", "0x211a2b", "0x3a0ddd25"
"R", "0x2c22e4"
"W", "0x7c9ec", "0x489594d2"
"R", "0x211a2b"
"W", "0xb08b9", "0x9d9a479"
"W", "0x175dc4", "0x2b8dcd3b"
"R", "0x1378ce"
"R", "0x230ca6"
"W", "0x3492f9", "0x71ee3080"
"W", "0x31542c", "0x74be2b73"
"R", "0x264b73"
"R", "0x4041db"
"R", "0x2458f8"
"R", "0x48b1f"
"R", "0x3b1093"
"W", "0x44ccfa", "0x32890f87"
"R", "0x368574"
"W", "0x16b79b", "0x618bddc6"
"R", "0x3877ef"
"R", "0xc550b"
"R", "0x1ddb5e"
"W", "0x30ae03", "0x1dfa882"
"W", "0x3346a7", "0x737b46e9"
"R", "0x9163e"
"R", "0x10e02a"
"W", "0x3bb6bc", "0x478faa09"
"R", "0xb08b9"
"R", "0x175dc4"
"W", "0x207402", "0x775a324e"
"R", "0x418e2d"
"W", "0x2ebb88", "0x7f465445"
"W", "0xa6290", "0x29739f5e"
"R", "0x391e18"
"W", "0x423456", "0x2a120e5b"
"R", "0x12d2a5"
"R", "0x1f27b0"
"W", "0x9bc67", "0x39a3f08b"
"R", "0x12d2a5"
"R", "0x368574"
"W", "0x1ddb5e", "0x1d4ace22"
"W", "0x4426d1", "0x7fb6b621"
"R", "0x1e8187"
"W", "0x39c441", "0x277aa58c"
"W", "0x32a07e", "0x3a6aa8fd"
"W", "0x3f9bb2", "0x7aa8db65"
"R", "0x31fa55"
"R", "0x3d030e"
"W", "0x31fa55", "0x92f3ea3"
"W", "0x33ecd0", "0x5e5269ff"
"W", "0x1b42ba", "0x1d574969"
"W", "0x19503f", "0x6efad957"
"W", "0x1a9c91", "0x115894dd"
"W", "0x207402", "0x5b8ca284"
"W", "0x53148", "0x145748af"
"W", "0x3492f9", "0x2fa2a8af"
"R", "0x1fcdd9"
"W", "0x19f668", "0x59db03e4"
"W", "0x3d030e", "0x770723cd"
"R", "0x2458f8"
"W", "0x3b1093", "0xae1a381"
"R", "0x23b2cf"
"W", "0x21c054", "0x7ce6b979"
"R", "0x1b42ba"
"R", "0x283dee"
"R", "0x7c9ec"
"R", "0x5d771"
"R", "0x31fa55"
"W", "0x156b49", "0x7428ea3c"
"W", "0x2f61b1", "0x6cb0e7bd"
"W", "0x103a01", "0x4113e2f4"
"R", "0x2797c5"
"W", "0x2d6f36", "0x78e03b15"
"R", "0x30ae03"
"W", "0x230ca6", "0x4e91b3ed"
"W", "0x2797c5", "0x108b0f71"
"R", "0x3ef589"
"W", "0x175dc4", "0x745ded76"
"R", "0x3346a7"
"R", "0x3f9bb2"
"R", "0x1a9c91"
"W", "0x264b73", "0x5850f16b"
"W", "0x122c7c", "0x2e9faea7"
"R", "0x19f668"
"W", "0x87015", "0x206e533d"
"W", "0x42da7f", "0x777c4f7e"
"R", "0x156b49"
"R", "0x7c9ec"
"R", "0x26f19c"
"W", "0x1b42ba", "0x70bb947a"
"W", "0x103a01", "0x77ad6bf2"
"R", "0x1ddb5e"
"W", "0x39c441", "0x6a98e395"
"W", "0x26f19c", "0x1033e54"
"W", "0x1f27b0", "0x2dd6646e"
"W", "0x2b7cbb", "0xa608991"
"W", "0x67d9a", "0x1ed5622d"
"W", "0xb08b9", "0x2d68825d"
"R", "0x418e2d"
"R", "0x5d771"
"W", "0x723c3", "0x26e6fcf7"
"W", "0x230ca6", "0x71ef5519"
"W", "0x18aa16", "0x46df7c0b"
"R", "0x723c3"
"R", "0x368574"
"R", "0x10e02a"
"R", "0x1d3535"
"W", "0x283dee", "0x76c5b2a"
"R", "0x141ef7"
"W", "0x264b73", "0x1cb0e0ce"
"W", "0x175dc4", "0x2786dc87"
"W", "0x3e4f60", "0x501f5700"
"W", "0x1e8187", "0x6ca77294"
"W", "0x87015", "0x5ed8b303"
"R", "0x3877ef"
"W", "0x3bb6bc", "0x753fdeca"
"R", "0x3346a7"
"R", "0x175dc4"
"W", "0x42da7f", "0x3e091fa0"
"W", "0x368574", "0x100e56b5"
"W", "0x372b9d", "0x530662da"
"W", "0x368574", "0x719385c"
"W", "0x3c5ce5", "0x61a33616"
"W", "0x372b9d", "0x52cee043"
"R", "0x2ebb88"
"W", "0x7c9ec", "0x5208acd9"
"R", "0x9bc67"
"R", "0x1be8e3"
"W", "0x24ff21", "0x3268cb3c"
"R", "0x372b9d"
"R", "0x1803ed"
"R", "0x21c054"
"W", "0x21c054", "0x56c261cb"
"W", "0x103a01", "0x182428cf"
"R", "0x33ecd"
"W", "0x23b2cf", "0x4d180b4"
"W", "0x10e02a", "0x7f87c845"
"W", "0x2d6f36", "0x39ceaf2f"
"W", "0x9bc67", "0x1064528f"
"W", "0x1c8f0c", "0x5ea2618a"
"W", "0x39c441", "0x6a5f3a34"
"W", "0x423456", "0x71be4d95"
"R", "0x9bc67"
"R", "0x2cc90d"
"W", "0xda15d", "0x16a4e3e1"
"R", "0xeedaf"
"W", "0x368574", "0x4a315f09"
"R", "0x423456"
"W", "0x22667d", "0x2be63b1d"
"R", "0x3ef589"
"R", "0x283dee"
"W", "0x30ae03", "0x64355b46"
"W", "0x3a6a6a", "0x9e13c82"
"R", "0x28e417"
"W", "0x4041db", "0x40212af8"
"W", "0x156b49", "0x2513d691"
"R", "0x19503f"
"R", "0x207402"
"R", "0x122c7c"
"R", "0x103a01"
"R", "0x3f9bb2"
"W", "0x2cc90d", "0x13c3756d"
"W", "0x3bb6bc", "0x716aaa03"
"W", "0x372b9d", "0x41e9b7f7"
"R", "0x12d2a5"
"R", "0x1ddb5e"
"R", "0x3f9bb2"
"W", "0x3877ef", "0x776ae0ae"
"W", "0x22667d", "0x1f4c30d2"
"W", "0x16b79b", "0x630e68dc"
"W", "0x3f9bb2", "0x117b0ab6"
"W", "0x3d030e", "0x77665bc7"
"R", "0x175dc4"
"R", "0x23b2cf"
"R", "0x53148"
"R", "0x418e2d"
"R", "0x32a07e"
"W", "0x298a40", "0x69fa208b"
"W", "0x1803ed", "0x4fa9a856"
"R", "0x391e18"
"R", "0x1b42ba"
"W", "0x48b1f", "0x31114102"
"W", "0x25a54a", "0x6bb5d073"
"R", "0xda15d"
"W", "0x2ebb88", "0x5b0cd805"
"W", "0x103a01", "0x7c284d06"
"R", "0x3c5ce5"
"R", "0x3b1093"
"R", "0x2ad692"
"W", "0x391e18", "0x6ae181af"
"R", "0x2b7cbb"
"R", "0x3346a7"
"R", "0x1a9c91"
"W", "0x122c7c", "0x5a5660c4"
"R", "0xe4786"
"R", "0x2e155f"
"W", "0x16b79b", "0x525c6866"
"W", "0x2b7cbb", "0x12aadc10"
"R", "0x372b9d"
"R", "0x2ad692"
"R", "0xeedaf"
"W", "0xbaee2", "0x30c8ffd7"
"R", "0x211a2b"
"W", "0x2797c5", "0x5e3c0418"
"R", "0x67d9a"
"R", "0x87015"
"R", "0x353922"
"R", "0x1be8e3"
"R", "0xa629"
"R", "0x3346a7"
"W", "0xf93d8", "0x364bc190"
"W", "0x2ad692", "0x2cdb9ad0"
"W", "0x7c9ec", "0x6ce61f"
"R", "0xda15d"
"W", "0x353922", "0x68f2efbb"
"R", "0x21c054"
"R", "0x5d771"
"R", "0x391e18"
"W", "0x103a01", "0xfc1be27"
"R", "0x22667d"
"R", "0x1c8f0c"
"W", "0x28e417", "0x2640ba35"
"R", "0x353922"
"W", "0x1fcdd9", "0x5b3d4d0b"
"W", "0x21c054", "0x78a9dadc"
"R", "0x12d2a5"
"R", "0x26f19c"
"R", "0x24ff21"
"R", "0x418e2d"
"R", "0x1803ed"
"W", "0x26f19c", "0x3f4ba024"
"W", "0x2f61b1", "0x48a65f8"
"W", "0x7c9ec", "0x38500cb4"
"R", "0x353922"
"W", "0x40e804", "0x40b48739"
"R", "0x3877ef"
"R", "0x53148"
"W", "0x2ad692", "0x14b88113"
"W", "0x14c520", "0x301e4188"
"R", "0x67d9a"
"R", "0xe4786"
"R", "0x1be8e3"
"W", "0x48b1f", "0x4a588c4c"
"W", "0x3007da", "0x23395cf5"
"R", "0x1a9c91"
"R", "0x3346a7"
"W", "0x1be8e3", "0x4fafd2a0"
"R", "0xc550b"
"R", "0x1f27b0"
"W", "0x2f61b1", "0x560fd1a2"
"W", "0x175dc4", "0x2ee1b887"
"R", "0x3007da"
"W", "0x298a40", "0x51cf0f92"
"R", "0x723c3"
"W", "0x4041db", "0x101dcc4d"
"W", "0x3a6a6a", "0x1745f401"
"W", "0x31fa55", "0x161b67b"
"R", "0x391e18"
"R", "0x21c054"
"W", "0x391e18", "0x5a6bc00f"
"W", "0x298a40", "0x2ec087fe"
"R", "0x87015"
"R", "0x2c22e4"
"W", "0x1fcdd9", "0x606fb756"
"W", "0x23b2cf", "0x5ca20883"
"R", "0x122c7c"
"R", "0x1ddb5e"
"W", "0x2a3069", "0x1871c982"
"R", "0x2b7cbb"
"R", "0x118653"
"R", "0x2cc90d"
"W", "0xf93d8", "0x7e928b14"
"W", "0x3c5ce5", "0x212448ca"
"R", "0x1803ed"
"R", "0x2c22e4"
"R", "0x39c441"
"W", "0x1a9c91", "0x2a0c5a09"
"R", "0xe4786"
"W", "0x2cc90d", "0x1f2d7357"
"W", "0x3346a7", "0xed8ff8c"
"W", "0x37d1c6", "0x2c3e3ff3"
"R", "0x1f27b0"
"R", "0x2ebb88"
"R", "0x1a9c91"
"W", "0x3007da", "0x74fc515a"
"W", "0x1803ed", "0x4f1bb52d"
"W", "0x161172", "0x49879fc5"
"R", "0xc550b"
"W", "0xb08b9", "0x1c5f9b38"
"R", "0x35df4b"
"W", "0x1b42ba", "0x60ecd15b"
"W", "0x25a54a", "0x7943b801"
"W", "0x2458f8", "0x32b284c1"
"R", "0x37d1c6"
"W", "0xc550b", "0x71949efc"
"W", "0x207402", "0x606800ba"
"W", "0xbaee2", "0x5c21de41"
"R", "0x25a54a"
"W", "0x283dee", "0x3ab9d9a9"
"R", "0x12d2a5"
"W", "0x2f61b1", "0x70f32f2d"
"R", "0x2a3069"
"R", "0x16b79b"
"W", "0x2797c5", "0x3ce67c04"
"R", "0x14c520"
"W", "0x1fcdd9", "0x15d0c5e1"
"R", "0x353922"
"W", "0x9bc67", "0x582a100c"
"R", "0x10e02a"
"W", "0xb08b9", "0x10fbd982"
"R", "0x175dc4"
"R", "0x5d771"
"R", "0x264b73"
"R", "0x9bc67"
"W", "0x3b1093", "0x74a89d62"
"R", "0x53148"
"W", "0x2cc90d", "0x3e81aeaa"
"R", "0x3ef589"
"R", "0x3492f9"
"R", "0xcfb34"
"W", "0x53148", "0x2c179868"
"R", "0x4041db"
"W", "0x33ecd0", "0x5847453d"
"R", "0x40e804"
"W", "0x264b73", "0x6a32a6d4"
"W", "0x2458f8", "0x31b963a2"
"W", "0x5d771", "0x197878f3"
"R", "0x391e18"
"W", "0x67d9a", "0x2de0247e"
"W", "0x1378ce", "0x30dad8fe"
"R", "0x723c3"
"W", "0x25a54a", "0x3ffdd1aa"
"W", "0x22667d", "0x3182e366"
"R", "0xf93d8"
"R", "0x23b2cf"
"R", "0x4041db"
"R", "0x211a2b"
"W", "0x14c520", "0x22e76771"
"W", "0x7c9ec", "0x4d619d63"
"W", "0x3da937", "0x31945da5"
"W", "0x18aa16", "0x6fa748"
"W", "0x3e4f60", "0x45f67bba"
"W", "0x1a9c91", "0x34f7ed4c"
"W", "0x35df4b", "0x2903b576"
"R", "0x103a01"
"W", "0x2c22e4", "0x33491d6c"
"W", "0x39c441", "0x678944aa"
"W", "0x3c5ce5", "0x37236ee7"
"W", "0x3346a7", "0x456eafd1"
"W", "0x24ff21", "0x34328733"
"W", "0x122c7c", "0x7621754d"
"R", "0xb08b9"
"R", "0x2d6f36"
"W", "0x10e02a", "0x3b8ae267"
"R", "0x19503f"
"W", "0x368574", "0xfda66ec"
"W", "0x1a9c91", "0x1417cca3"
"W", "0x3346a7", "0x74253b5b"
"R", "0x391e18"
"W", "0x46194c", "0x5aac1333"
"R", "0x3492f9"
"R", "0x18aa16"
"W", "0x3b1093", "0x5f4d3972"
"W", "0x230ca6", "0x513e75e"
"R", "0x2458f8"
"W", "0x723c3", "0x6e945aeb"
"R", "0x1378ce"
"W", "0x207402", "0x9552b22"
"W", "0x24ff21", "0x2d982ef9"
"R", "0xcfb34"
"W", "0x3007da", "0x18ed3b99"
"R", "0x1c8f0c"
"R", "0x283dee"
"R", "0x24ff21"
"R", "0xa6290"
"W", "0x53148", "0x3a818412"
"R", "0x2458f8"
"R", "0x9bc67"
"W", "0x33ecd", "0x7ad3ec33"
"R", "0x118653"
"R", "0x723c3"
"R", "0x175dc4"
"R", "0x19f668"
"W", "0x298a40", "0x59e97a50"
"W", "0x1f27b0", "0x14c9f468"
"R", "0x1ddb5e"
"W", "0xc550b", "0x1396471c"
"R", "0xeedaf"
"W", "0x18aa16", "0x20392a67"
"R", "0x87015"
"R", "0x161172"
"R", "0x1378ce"
"W", "0x9bc67", "0x2501d095"
"W", "0x175dc4", "0x4f1a7613"
"W", "0x24ff21", "0x653b3cd8"
"R", "0x372b9d"
"W", "0x31542c", "0x3263433c"
"R", "0x26f19c"
"W", "0x19f668", "0x5927865e"
"R", "0x3f9bb2"
"R", "0x67d9a"
"W", "0x2f61b1", "0x7b92098f"
"W", "0x3e4f60", "0x19c27c9d"
"R", "0xa629"
"W", "0x23b2cf", "0x40a91ce7"
"R", "0x31fa55"
"W", "0x7c9ec", "0x46506545"
"W", "0x7c9ec", "0x41f2157"
"W", "0x2f61b1", "0x35d51c30"
"W", "0x30ae03", "0x239ad1ee"
"R", "0x264b73"
"R", "0x23b2cf"
"R", "0x28e417"
"R", "0x298a40"
"W", "0x3b1093", "0x2123f06f"
"R", "0xc550b"
"R", "0xa6290"
"W", "0x42da7f", "0x2821f8fc"
"R", "0x1be8e3"
"R", "0x3e4f60"
"W", "0x3da937", "0x6b85e72a"
"R", "0x368574"
"R", "0x1a9c91"
"W", "0x3346a7", "0x33f5aa6f"
"R", "0x283dee"
"W", "0x3ef589", "0x773206b1"
"W", "0x18aa16", "0x5c948f4d"
"R", "0x22667d"
"W", "0x4380a8", "0xc65acfd"
"R", "0x2ebb88"
"W", "0x1378ce", "0x29399f96"
"W", "0x2cc90d", "0x273dac5e"
"W", "0x1f27b0", "0xe0f3865"
"R", "0x1f27b0"
"W", "0x1d3535", "0x7120775b"
"W", "0x3a6a6a", "0x7d4d74c6"
"W", "0x2458f8", "0x44576211"
"R", "0x2c22e4"
"W", "0x175dc4", "0x18b509f8"
"W", "0x25a54a", "0x251fbbb7"
"W", "0x161172", "0x1b839e1e"
"R", "0x3877ef"
"R", "0x211a2b"
"R", "0x1f27b0"
"W", "0x33ecd", "0x5fe3e621"
"W", "0x25a54a", "0x5300b1f"
"R", "0x1378ce"
"W", "0x3492f9", "0xc8419b9"
"W", "0x161172", "0x2b17991d"
"R", "0x391e18"
"W", "0x2e155f", "0x7686d5ea"
"W", "0x2f61b1", "0x6d8e3b91"
"R", "0x2cc90d"
"W", "0x368574", "0x466bc7b7"
"R", "0x3b1093"
"W", "0x10e02a", "0x5ecec9cd"
"R", "0x2cc90d"
"W", "0x264b73", "0x387fcd82"
"W", "0x40e804", "0x15276b11"
"W", "0x1d3535", "0x3d9618dc"
"R", "0x141ef7"
"R", "0xda15d"
"W", "0x3c5ce5", "0x6bc3c442"
"R", "0x19503f"
"W", "0x53148", "0x1bf1cf58"
"W", "0x1803ed", "0x59cbfe84"
"W", "0x32a07e", "0x5b92e9b3"
"R", "0x39c441"
"R", "0x3346a7"
"W", "0x372b9d", "0x502388b0"
"W", "0x9bc67", "0x2c3fbbf4"
"R", "0x32a07e"
"W", "0x53148", "0x51ab1ba8"
"W", "0x1d3535", "0x77cfebc7"
"R", "0xcfb34"
"W", "0x18aa16", "0x73898826"
"W", "0x175dc4", "0x2554cba5"
"W", "0xc550b", "0x40403a7b"
"W", "0x24ff21", "0x32498d60"
"W", "0x7c9ec", "0x281e1a4c"
"R", "0x67d9a"
"W", "0x2c22e4", "0x5c55ea1e"
"R", "0x122c7c"
"R", "0x14c520"
"R", "0xc550b"
"R", "0xbaee2"
"R", "0x23b2cf"
"W", "0x2ad692", "0x5d186603"
"W", "0x42da7f", "0x4e95531e"
"W", "0xda15d", "0x5f6d434d"
"R", "0x141ef7"
"W", "0x457323", "0x3697e820"
"W", "0x4380a8", "0x64cc7c04"
"R", "0x1d3535"
"W", "0x7c9ec", "0x62a57bf9"
"R", "0x35df4b"
"R", "0x372b9d"
"R", "0x3f9bb2"
"R", "0x14c520"
"R", "0x457323"
"R", "0x42da7f"
"W", "0x2f61b1", "0x5b3df14c"
"W", "0x4380a8", "0x1d2ee4a3"
"R", "0x24ff21"
"R", "0x44ccfa"
"R", "0x2ebb88"
"R", "0x1e8187"
"R", "0x372b9d"
"R", "0x3877ef"
"W", "0x4041db", "0xfe0d974"
"W", "0x1378ce", "0x26ccd054"
"R", "0x298a40"
"R", "0x391e18"
"W", "0x161172", "0x588d4c15"
"W", "0x39c441", "0xbe5b3ca"
"W", "0x423456", "0x6faed4bb"
"W", "0x31542c", "0x3a88a13b"
"R", "0x175dc4"
"W", "0x3a6a6a", "0x544ae001"
"W", "0x141ef7", "0x71320564"
"W", "0x118653", "0x143eede6"
"R", "0x1a9c91"
"R", "0x87015"
"R", "0x1b42ba"
"W", "0xe4786", "0x63c35563"
"R", "0x16b79b"
"W", "0xda15d", "0x22a9b681"
"W", "0x230ca6", "0x66e8ad90"
"R", "0x207402"
"W", "0x3007da", "0x72c322ad"
"W", "0x2ebb88", "0x57298b13"
"R", "0x1ddb5e"
"W", "0x1803ed", "0x7126f126"
"R", "0x2f61b1"
"R", "0x2d6f36"
"W", "0x2cc90d", "0x5e7fcb6d"
"W", "0x10e02a", "0x6511825"
"W", "0x1f27b0", "0x364c7b49"
"R", "0x14c520"
"W", "0x28e417", "0x23828bc4"
"W", "0x39c441", "0x7ece0b6"
"W", "0x9163e", "0x515fb1e9"
"W", "0x141ef7", "0x10627e7c"
"R", "0x67d9a"
"R", "0x368574"
"R", "0x368574"
"W", "0x67d9a", "0x6f20f763"
"W", "0x31fa55", "0x207fabdd"
"R", "0x141ef7"
"R", "0x298a4"
"W", "0x12d2a5", "0x7f3ccb3a"
"W", "0x230ca6", "0x1cfad48c"
"W", "0x2a3069", "0x76efc7d1"
"R", "0x9bc67"
"R", "0x2cc90d"
"W", "0x9bc67", "0x446ae8bc"
"R", "0xa629"
"R", "0x283dee"
"R", "0x19503f"
"W", "0x1803ed", "0x4b883aa1"
"W", "0xeedaf", "0x158811d9"
"W", "0x418e2d", "0x144374a9"
"W", "0x4041db", "0xf6f17aa"
"R", "0x35df4b"
"R", "0x3d030e"
"W", "0x28e417", "0x53b849f"
"W", "0x87015", "0x7d40beb"
"R", "0x4041db"
"R", "0x1803ed"
"R", "0xeedaf"
"R", "0x141ef7"
"R", "0x3346a7"
"R", "0xeedaf"
"R", "0x2c22e4"
"R", "0x2cc90d"
"R", "0x12d2a5"
"R", "0x1d3535"
"R", "0x9163e"
"R", "0x32a07e"
"W", "0x372b9d", "0x6ebaf67c"
"W", "0x16b79b", "0x54fe2788"
"R", "0xf93d8"
"W", "0x53148", "0x41dd5e8d"
"W", "0x33ecd0", "0x4649e2a7"
"R", "0x3ef589"
"W", "0x42da7f", "0x3cb848ef"
"W", "0x230ca6", "0x2bcec867"
"W", "0x2c22e4", "0x1febdbcf"
"W", "0x175dc4", "0x5dfec852"
"W", "0x26f19c", "0x18c1fd1a"
"W", "0x25a54a", "0x5273bb11"
"W", "0x2a3069", "0x376385af"
"R", "0x26f19c"
"R", "0x1a9c91"
"R", "0x3b1093"
"R", "0x53148"
"W", "0x21c054", "0x1b7bb2f2"
"R", "0x2ebb88"
"R", "0x175dc4"
"W", "0x1803ed", "0xd39ae15"
"R", "0x207402"
"R", "0x391e18"
"W", "0xcfb34", "0x20613c2e"
"W", "0x3ef589", "0x1e315355"
"W", "0xda15d", "0x7d6da594"
"R", "0x353922"
"R", "0x10e02a"
"R", "0x211a2b"
"R", "0x3a6a6a"
"R", "0x298a4"
"W", "0x18aa16", "0x7fd17ca9"
"W", "0x48b1f", "0x6804b7ff"
"W", "0x28e417", "0x2df0fdb8"
"R", "0x14c520"
"R", "0x211a2b"
"W", "0x2b7cbb", "0x681f058"
"R", "0x3346a7"
"R", "0x1b42ba"
"R", "0x1e8187"
"W", "0x156b49", "0x6e27ad8a"
"R", "0x283dee"
"R", "0x298a40"
"W", "0x21c054", "0x6956705c"
"W", "0x2e155f", "0x3f8eaa25"
"W", "0x2458f8", "0xbd0bdc4"
"R", "0x30ae03"
"W", "0x37d1c6", "0x406880cc"
"R", "0x40e804"
"W", "0x30ae03", "0x161d7af6"
"R", "0xcfb34"
"W", "0x175dc4", "0x15fe762f"
"R", "0x1ddb5e"
"W", "0x5d771", "0x17378dda"
"R", "0x42da7f"
"R", "0x35df4b"
"R", "0x2b7cbb"
"W", "0x103a01", "0x7fd810d1"
"R", "0x53148"
"W", "0x156b49", "0x330bb317"
"W", "0x19f668", "0x743b809a"
"R", "0x1b42ba"
"R", "0x1b42ba"
"R", "0x87015"
"R", "0x9bc67"
"R", "0x141ef7"
"W", "0x3877ef", "0x2394e3b2"
"W", "0x1f27b0", "0x7806be68"
"W", "0x1b42ba", "0x26d1a8cd"
"W", "0x3f9bb2", "0x57c9178b"
"R", "0x23b2cf"
"W", "0xda15d", "0x20e5370c"
"W", "0x48b1f", "0x2b4a50d9"
"R", "0x3e4f60"
"W", "0x3da937", "0x91dfa17"
"W", "0xc550b", "0x76f70e2e"
"R", "0x7c9ec"
"W", "0x3b1093", "0x41366b98"
"R", "0x3b1093"
"R", "0x723c3"
"W", "0x298a40", "0x34ae007d"
"R", "0x3e4f60"
"R", "0x391e18"
"R", "0x103a01"
"W", "0x0", "0x3f26b678"
"R", "0x1c8f0c"
"W", "0x3492f9", "0x14e1cb19"
"R", "0x141ef7"
"R", "0x1b42ba"
"W", "0xcfb34", "0x5514d87c"
"W", "0x22667d", "0x7fe0b3e9"
"R", "0x2cc90d"
"R", "0xa6290"
"W", "0x3e4f6", "0x54594488"
"W", "0x32a07e", "0x12eed9e6"
"R", "0x211a2b"
"W", "0xcfb34", "0x691da9b6"
"R", "0x3ef589"
"W", "0xcfb34", "0x3ee9c07c"
"W", "0x26f19c", "0x7341700a"
"R", "0x2b7cbb"
"W", "0x3007da", "0x52e8135"
"W", "0x118653", "0x46dc1216"
"W", "0x1c8f0c", "0x7fe06d78"
"R", "0x30ae03"
"R", "0x1f27b0"
"W", "0x418e2d", "0x74464b19"
"R", "0x35df4b"
"W", "0x3e4f6", "0x45484f1f"
"R", "0x423456"
"W", "0xda15d", "0x7fdd82b8"
"R", "0x2458f8"
"R", "0x9163e"
"W", "0x2e155f", "0x43808849"
"W", "0x33ecd0", "0x6e6f2674"
"R", "0x2cc90d"
"W", "0x3d030e", "0x5d74b1a2"
"R", "0x9163e"
"W", "0x23b2cf", "0x38acd181"
"R", "0xa6290"
"R", "0x3ef589"
"R", "0x16b79b"
"W", "0x19f668", "0x13d17061"
"R", "0x7c9ec"
"W", "0x2458f8", "0x669daeb"
"R", "0x9163e"
"R", "0x14c520"
"R", "0x42da7f"
"R", "0x1fcdd9"
"R", "0x2ebb88"
"R", "0x264b73"
"W", "0x42da7f", "0x4c05c220"
"W", "0x35df4b", "0x15933ddd"
"R", "0x122c7c"
"R", "0x2e155f"
"R", "0x264b73"
"R", "0x3492f9"
"W", "0xf93d8", "0x552ea692"
"R", "0x1803ed"
"W", "0x1c8f0c", "0xbba7cae"
"W", "0x298a40", "0x9d3919e"
"W", "0x14c520", "0x6dda8c95"
"W", "0xbaee2", "0x606d22e6"
"W", "0x423456", "0x228de07b"
"W", "0x87015", "0x6c9da7cc"
"R", "0x3da937"
"W", "0x1fcdd9", "0x33a2a2df"
"W", "0x3ef589", "0x7b972257"
"W", "0xf93d8", "0x1f937ddd"
"R", "0x141ef7"
"R", "0x23b2cf"
"W", "0x7c9ec", "0x78e95646"
"W", "0xbaee2", "0x65afe9d0"
"W", "0x156b49", "0x275c54e6"
"W", "0x368574", "0xea19345"
"W", "0x1ddb5e", "0x55ff2f20"
"R", "0x423456"
"R", "0x23b2cf"
"W", "0x3b1093", "0x6a953b69"
"W", "0x37d1c6", "0x15d63e68"
"W", "0x353922", "0x320b58cb"
"R", "0x23b2cf"
"W", "0x161172", "0xb6a6517"
"R", "0x3da937"
"R", "0x40e804"
"W", "0x2d6f36", "0x1eaed9a3"
"R", "0x33ecd"
"W", "0x14c520", "0x37ce7a4e"
"R", "0x25a54a"
"R", "0x391e18"
"W", "0x2ebb88", "0x5b1aa4f8"
"W", "0x31fa55", "0x771ca8d0"
"W", "0x723c3", "0x1cd8db1f"
"R", "0x3877ef"
"W", "0x5d771", "0x23f182f"
"R", "0x141ef7"
"W", "0x12d2a5", "0x218830"
"R", "0x118653"
"W", "0x32a07e", "0x6eda0b26"
"R", "0x2ebb88"
"W", "0x423456", "0x6c607b"
"R", "0x161172"
"W", "0x2c22e4", "0x1e2ac123"
"R", "0x1a9c91"
"R", "0x1c8f0c"
"R", "0x118653"
"W", "0x264b73", "0x475161b4"
"R", "0x2f61b1"
"R", "0x19f668"
"R", "0x16b79b"
"R", "0x141ef7"
"R", "0x211a2b"
"R", "0x3bb6bc"
"W", "0x19503f", "0x1d282228"
"W", "0x28e417", "0x58054ba4"
"W", "0x3d030e", "0x1928d7b"
"W", "0xf93d8", "0x50afd721"
"W", "0x1ddb5e", "0x361b80c5"
"R", "0x3c5ce5"
"R", "0x2ad692"
"R", "0xc550b"
"W", "0x353922", "0x25ecfeb1"
"R", "0x25a54a"
"R", "0x12d2a5"
"W", "0x1378ce", "0x74194529"
"W", "0x2e155f", "0xb02ca3d"
"W", "0x3492f9", "0x5a535125"
"R", "0xa6290"
"R", "0xb08b9"
"W", "0xeedaf", "0x5b8dd054"
"R", "0x298a40"
"W", "0x2ebb88", "0x167c95f7"
"R", "0x141ef7"
"R", "0x298a40"
"R", "0x21c054"
"W", "0x22667d", "0x59c82550"
"R", "0x1378ce"
"R", "0x161172"
"R", "0xe4786"
"R", "0x298a40"
"W", "0x3b1093", "0x2cbfd457"
"W", "0x26f19c", "0x701362b"
"W", "0x21c054", "0x2324c64b"
"R", "0x353922"
"W", "0x40e804", "0x24728e67"
"W", "0x3b1093", "0x4d1040a5"
"R", "0x12d2a5"
"W", "0x4041db", "0x61949adb"
"W", "0x2b7cbb", "0x37a645ee"
"W", "0x3346a7", "0x1740c35e"
"W", "0x32a07e", "0x6a20f810"
"R", "0x19503f"
"R", "0x3d030e"
"W", "0x1f27b0", "0x649289c6"
"W", "0x7c9ec", "0x50601f5c"
"W", "0x1e8187", "0x91d83e9"
"W", "0x1378ce", "0x507ed8fe"
"W", "0x46194c", "0x59ba4325"
"R", "0x42da7f"
"R", "0xf93d8"
"R", "0x211a2b"
"W", "0x368574", "0x3a3507fb"
"W", "0x372b9d", "0x57aa055f"
"R", "0xcfb34"
"R", "0x3e4f60"
"R", "0x32a07e"
"W", "0x1be8e3", "0x11d90b28"
"W", "0x3e4f6", "0x4a9f47d7"
"R", "0x353922"
"R", "0x391e18"
"W", "0x1d3535", "0x3621a334"
"W", "0x4041db", "0x44df981e"
"R", "0x264b73"
"R", "0x39c441"
"W", "0x372b9d", "0x2d45a978"
"W", "0x2ebb88", "0x36009b37"
"R", "0x23b2cf"
"W", "0x3492f9", "0x3df6e8f7"
"R", "0x25a54a"
"W", "0x3bb6bc", "0x621bf6b3"
"R", "0x42da7f"
"W", "0x1e8187", "0x2f5c2baa"
"W", "0x1c8f0c", "0x61a3a2fd"
"R", "0x2c22e4"
"W", "0x7c9ec", "0x5d94d17c"
"R", "0x37d1c6"
"W", "0x161172", "0x1241ef7b"
"R", "0x22667d"
"W", "0x3b1093", "0x9b66d55"
"W", "0x2b7cbb", "0x1b15d16e"
"R", "0x1803ed"
"W", "0x1ddb5e", "0x372e4ddd"
"R", "0x283dee"
"R", "0x4426d1"
"W", "0x16b79b", "0x3f699df8"
"W", "0x7c9ec", "0x3f169d9b"
"W", "0x1d3535", "0x6e7b370b"
"W", "0x1f27b0", "0x881afd"
"R", "0x372b9d"
"W", "0x391e18", "0x302aefed"
"W", "0x2d6f36", "0x542387d4"
"W", "0xda15d", "0x2299e34d"
"W", "0x30ae03", "0x59d78d8"
"R", "0x23b2cf"
"R", "0x423456"
"R", "0x3e4f60"
"W", "0x1a9c91", "0x5e3d8bd5"
"W", "0x33ecd", "0x68bb297a"
"W", "0x32a07e", "0x7937541d"
"R", "0x3877ef"
"W", "0x2b7cbb", "0x48baaea2"
"R", "0x2f61b1"
"R", "0x19503f"
"R", "0x37d1c6"
"R", "0x37d1c6"
"W", "0x3a6a6a", "0x41329ce7"
"R", "0x118653"
"R", "0x3d030e"
"W", "0x372b9d", "0x1bd34b3"
"W", "0xc550b", "0x55f233e3"
"W", "0x16b79b", "0x7fb1246f"
"R", "0x353922"
"W", "0x372b9d", "0x55e04061"
"R", "0x9bc67"
"R", "0xc550b"
"W", "0x39c441", "0x19385062"
"R", "0xeedaf"
"R", "0x3d030e"
"R", "0x40e804"
"W", "0x3f9bb2", "0x54d6162a"
"R", "0x25a54a"
"W", "0x3da937", "0x25aead8d"
"W", "0x3346a7", "0x4d65d29"
"W", "0x12d2a5", "0x5794ade"
"W", "0x3f9bb2", "0xba0503d"
"W", "0x3346a7", "0x3e9818e1"
"R", "0x7c9ec"
"W", "0x87015", "0xea51a5c"
"R", "0xda15d"
"R", "0x1be8e3"
"W", "0x211a2b", "0x676c4bed"
"R", "0x3346a7"
"R", "0xe4786"
"R", "0x1ddb5e"
"W", "0x19503f", "0x23a61e33"
"R", "0x1378ce"
"W", "0x3da937", "0x5e542f1f"
"R", "0x230ca6"
"R", "0x1b42ba"
"W", "0x19f668", "0x1a6e0c1f"
"R", "0x3492f9"
"W", "0xeedaf", "0x373b6f97"
"W", "0x1e8187", "0x7d25615b"
"R", "0x372b9d"
"R", "0x2458f8"
"W", "0x156b49", "0x6dd8f87f"
"W", "0x87015", "0x4a816452"
"W", "0x723c3", "0x61925df2"
"W", "0x1f27b0", "0x5e5c04a3"
"R", "0x35df4b"
"R", "0x391e18"
"R", "0xeedaf"
"W", "0x1be8e3", "0x6dc277b4"
"W", "0x368574", "0x6ff466a2"
"R", "0x1d3535"
"R", "0xcfb34"
"R", "0x1c8f0c"
"W", "0x67d9a", "0x29ad9960"
"W", "0x3346a7", "0xca265fb"
"R", "0x3e4f60"
"R", "0x2e155f"
"W", "0x3a6a6a", "0x705983aa"
"R", "0x14c52"
"W", "0x4041db", "0x361b4913"
"W", "0x35df4b", "0x68d7048e"
"W", "0x16b79b", "0x255cb082"
"W", "0x10e02a", "0x7623f18b"
"W", "0x372b9d", "0x45b0c87d"
"W", "0x26f19c", "0x16bb6f8"
"W", "0xf93d8", "0x53422c6b"
"R", "0x33ecd"
"R", "0x372b9d"
"W", "0x2a3069", "0x3924821a"
"R", "0xe4786"
"R", "0x156b49"
"W", "0x4041db", "0x3b88c2b1"
"R", "0x4041db"
"W", "0x2ebb88", "0x5db45bd"
"W", "0x23b2cf", "0x3d882ab2"
"W", "0x10e02a", "0x4054b013"
"W", "0x1a9c91", "0x719fac8f"
"W", "0x67d9a", "0x5b7e693e"
"R", "0x35df4b"
"W", "0x9163e", "0x5298759c"
"W", "0xa6290", "0x52afdb73"
"W", "0x30ae03", "0x4e6783c"
"W", "0x298a4", "0x66ea4b24"
"W", "0x16b79b", "0x7e43e66c"
"W", "0x207402", "0x2863a675"
"R", "0x35df4b"
"R", "0x372b9d"
"W", "0x2e155f", "0x6adf2f59"
"W", "0x141ef7", "0x639de8a3"
"W", "0xbaee2", "0x7dffc9d3"
"W", "0x207402", "0x4ba5264c"
"W", "0x3da937", "0x6b59c4db"
"W", "0x1f27b0", "0x5f4953bd"
"W", "0x2ad692", "0x4b3624c7"
"W", "0xb08b9", "0x6db33213"
"W", "0x31fa55", "0x2682698f"
"R", "0x67d9a"
"R", "0x26f19c"
"R", "0x1fcdd9"
"W", "0x33ecd0", "0x12d2ffac"
"W", "0xa629", "0x69871c2a"
"W", "0x19503f", "0x3b10b76d"
"R", "0x1be8e3"
"R", "0x37d1c6"
"W", "0x30ae03", "0x347722d3"
"W", "0x3d030e", "0xd5c36a4"
"W", "0x264b73", "0x3da3d451"
"R", "0x2f61b1"
"R", "0x3da937"
"R", "0x1ddb5e"
"R", "0x368574"
"W", "0x12d2a5", "0x1140db59"
"R", "0x156b49"
"R", "0xcfb34"
"W", "0x353922", "0x7d2cd92b"
"W", "0x368574", "0x2fb0eccb"
"R", "0xe4786"
"R", "0x3bb6bc"
"W", "0x24ff21", "0x69479a6e"
"W", "0x1f27b0", "0x72446961"
"W", "0x2e155f", "0x5a8cb0b2"
"R", "0x264b73"
"W", "0x211a2b", "0x20f55b4a"
"W", "0x33ecd0", "0x654f5bd6"
"W", "0x26f19c", "0x7254b7cb"
"R", "0x33ecd0"
"R", "0xcfb34"
"R", "0x3007da"
"R", "0x2b7cbb"
"W", "0x1a9c91", "0x66035bdd"
"W", "0x298a4", "0x35eeb860"
"W", "0x1be8e3", "0xcb856bd"
"R", "0x1378ce"
"W", "0x372b9d", "0x7e84e9ff"
"W", "0x3ef589", "0x223f6a"
"W", "0x24ff21", "0x3778ad48"
"R", "0x26f19c"
"R", "0x3da937"
"R", "0x372b9d"
"W", "0x2a3069", "0x53d46c52"
"W", "0x1ddb5e", "0xad1e99e"
"R", "0xc550b"
"R", "0x12d2a5"
"W", "0x1b42ba", "0x67237f06"
"R", "0x2b7cbb"
"W", "0xda15d", "0x5da409a"
"R", "0x7c9ec"
"R", "0x2797c5"
"R", "0x67d9a"
"W", "0x10e02a", "0x69c73e0a"
"R", "0x25a54a"
"R", "0xe4786"
"R", "0x5d771"
"W", "0x4380a8", "0x16f55131"
"W", "0x230ca6", "0x7205295a"
"W", "0x207402", "0x55a16080"
"W", "0x25a54a", "0x584d490"
"W", "0xda15d", "0x25f438d4"
"W", "0x19f668", "0x152e153b"
"W", "0x22667d", "0x1044bcf"
"R", "0x3c5ce5"
"R", "0x39c441"
"W", "0x67d9a", "0x253e9ef2"
"R", "0x24ff21"
"R", "0x7c9ec"
"R", "0x3e4f6"
"W", "0x9163e", "0x6c071572"
"W", "0x207402", "0x78c4771d"
"R", "0x46194c"
"R", "0x3b1093"
"R", "0x230ca6"
"W", "0x3b1093", "0x1169dfaf"
"W", "0x30ae03", "0x53b7b499"
"W", "0x16b79b", "0x43ab1dfb"
"W", "0x391e18", "0x871074a"
"W", "0x1c8f0c", "0x5967d698"
"W", "0x1be8e3", "0x1f5fe942"
"R", "0x1a9c91"
"W", "0x3d030e", "0x57f43984"
"W", "0x16b79b", "0x1591d733"
"W", "0x3b1093", "0x5199d312"
"W", "0xda15d", "0x2f137dac"
"W", "0x4041db", "0x7a71a2de"
"R", "0x1b42ba"
"R", "0x298a40"
"W", "0xbaee2", "0x79c6af14"
"W", "0x21c054", "0x7fe5607f"
"R", "0x161172"
"W", "0x2a3069", "0xee8041f"
"R", "0x10e02a"
"R", "0x3492f9"
"W", "0x161172", "0x7e4904ec"
"W", "0x1f27b0", "0x3605762"
"W", "0x3492f9", "0x6534217f"
"R", "0x9163e"
"R", "0x2a3069"
"R", "0x7c9ec"
"R", "0x10e02a"
"R", "0x3346a7"
"R", "0x3e4f60"
"W", "0x207402", "0x39e74430"
"R", "0x26f19c"
"R", "0xda15d"
"R", "0x283dee"
"R", "0x3a6a6a"
"R", "0x9bc67"
"W", "0x31542c", "0x94e97c"
"R", "0x122c7c"
"W", "0x2cc90d", "0x8c8ecff"
"W", "0x3492f9", "0x153f314c"
"W", "0xf93d8", "0x694d95d2"
"W", "0x3877ef", "0x4dcaf202"
"R", "0x391e18"
"R", "0x2c22e4"
"W", "0x3a6a6a", "0x3e2a7f54"
"W", "0x33ecd0", "0x6ba9712"
"R", "0x3007da"
"R", "0x391e18"
"R", "0x2e155f"
"R", "0x28e417"
"R", "0x67d9a"
"R", "0x2797c5"
"W", "0x156b49", "0xd72e21"
"W", "0x1f27b0", "0x6f1421f8"
"R", "0x26f19c"
"W", "0x21c054", "0xca03bfb"
"W", "0x1803ed", "0x1ec0a60f"
"R", "0x1a9c91"
"W", "0x2e155f", "0x69027e4"
"W", "0x1a9c91", "0x1ec8b8cf"
"W", "0x4380a8", "0x61be9bf5"
"R", "0x53148"
"W", "0xda15d", "0x70418427"
"W", "0x19f668", "0x75d6dd16"
"W", "0x1c8f0c", "0x2c4fe28"
"R", "0x3d030e"
"W", "0x10e02a", "0x44ffd888"
"W", "0x53148", "0x794f5d3a"
"R", "0x2ad692"
"R", "0xa6290"
"R", "0x2cc90d"
"W", "0x33ecd", "0x10ee0111"
"W", "0x87015", "0x453578e3"
"R", "0x1d3535"
"W", "0x122c7c", "0x40a35e92"
"W", "0x3f9bb2", "0x497609b9"
"R", "0x118653"
"W", "0x2797c5", "0x796f44e"
"R", "0x457323"
"R", "0x141ef7"
"W", "0x26f19c", "0x84dba02"
"W", "0x391e18", "0x4337f336"
"R", "0x118653"
"R", "0x156b49"
"R", "0x2ebb88"
"W", "0x423456", "0x53fd8587"
"R", "0xda15d"
"W", "0x40e804", "0x5f931817"
"W", "0x161172", "0x9035e70"
"R", "0x175dc4"
"W", "0x30ae03", "0x2267c742"
"R", "0x22667d"
"R", "0x1b42ba"
"R", "0xc550b"
"W", "0xa6290", "0x10dee02a"
"R", "0x2cc90d"
"W", "0x37d1c6", "0x9edc757"
"R", "0x391e18"
"R", "0x1b42ba"
"R", "0x9bc67"
"R", "0x4380a8"
"W", "0x1f27b0", "0xa954d6a"
"W", "0x3e4f60", "0x766d68e6"
"R", "0x16b79b"
"R", "0x67d9a"
"W", "0x3d030e", "0x1ad67015"
"W", "0x40e804", "0x65ff681f"
"W", "0x1c8f0c", "0x17545737"
"W", "0xa6290", "0x2449f18c"
"R", "0xf93d8"
"R", "0x31542c"
"R", "0x1a9c91"
"W", "0x3bb6bc", "0x5354c93e"
"R", "0xcfb34"
"R", "0x3007da"
"R", "0xa6290"
"W", "0x19503f", "0x4096b0a5"
"W", "0xbaee2", "0xff17163"
"W", "0x3007da", "0x163907c4"
"R", "0x46194c"
"W", "0x1378ce", "0x5e810585"
"R", "0x1a9c91"
"W", "0x25a54a", "0xabb6040"
"W", "0x418e2d", "0x293804ab"
"W", "0x4380a8", "0x5035932d"
"R", "0x2797c5"
"R", "0x423456"
"R", "0x1d3535"
"W", "0x12d2a5", "0x592a8ded"
"R", "0x418e2d"
"W", "0x122c7c", "0x40b9e765"
"R", "0x423456"
"W", "0x3e4f60", "0x7eb26859"
"R", "0x368574"
"R", "0x23b2cf"
"W", "0x9163e", "0x5a89fcb5"
"R", "0xa6290"
"W", "0x44ccfa", "0x3fcbd43a"
"R", "0xcfb34"
"R", "0x9bc67"
"R", "0x2d6f36"
"W", "0x3b1093", "0x5a7f7c1"
"R", "0x211a2b"
"W", "0x4380a8", "0x5fec4cc6"
"W", "0x3bb6bc", "0x6f9aa4d6"
"R", "0x26f19c"
"R", "0x3346a7"
"W", "0x3c5ce5", "0x306cff6b"
"W", "0xeedaf", "0x611ebc69"
"R", "0x21c054"
"R", "0x22667d"
"W", "0x211a2b", "0xc8190b5"
"W", "0xeedaf", "0x54d82b19"
"R", "0x3bb6bc"
"W", "0x1ddb5e", "0x4c6dd963"
"R", "0x37d1c6"
"R", "0x3e4f60"
"W", "0xf93d8", "0x75ffeaf0"
"R", "0x2e155f"
"W", "0x2e155f", "0xf5a38ce"
"W", "0x2797c5", "0x3e2eb90c"
"R", "0x3a6a6a"
"R", "0x24ff21"
"W", "0x3346a7", "0x1b18bb0b"
"R", "0x1f27b0"
"R", "0x42da7f"
"W", "0x156b49", "0x1a91f161"
"W", "0x19f668", "0x68e20d00"
"R", "0x1be8e3"
"R", "0x3c5ce5"
"W", "0x28e417", "0x4437403b"
"W", "0x4041db", "0x56b8841f"
"W", "0x298a40", "0x53ec1ad1"
"R", "0x3492f9"
"W", "0x9163e", "0x1db0d5dd"
"R", "0x2a3069"
"W", "0x3e4f60", "0x71371e7c"
"R", "0x2458f8"
"W", "0xc550b", "0x7f7f73ce"
"W", "0xa6290", "0x3b25cc1"
"W", "0x2cc90d", "0x2dc6d85"
"W", "0x26f19c", "0x78241c0f"
"R", "0x3bb6bc"
"W", "0x53148", "0x137d1741"
"W", "0x35df4b", "0x69a388e"
"R", "0x37d1c6"
"W", "0x30ae03", "0x28b0aa75"
"R", "0x3e4f60"
"R", "0x161172"
"R", "0xa6290"
"R", "0xeedaf"
"R", "0x5d771"
"R", "0x2a3069"
"W", "0x3007da", "0x450372be"
"W", "0x1803ed", "0x474a6636"
"W", "0x33ecd0", "0x54244799"
"R", "0x423456"
"R", "0x2cc90d"
"R", "0x368574"
"R", "0x22667d"
"W", "0x67d9a", "0x5ffb22fc"
"W", "0x1d3535", "0x7f973de6"
"R", "0x87015"
"W", "0x87015", "0x992f97c"
"W", "0x368574", "0x47082896"
"W", "0x12d2a5", "0x793043d3"
"W", "0x3007da", "0x3e6f33f0"
"R", "0xe4786"
"W", "0x1be8e3", "0x2ba5f2c5"
"R", "0x7c9ec"
"W", "0x298a40", "0x65211d20"
"R", "0x264b73"
"W", "0x2cc90d", "0x272a0707"
"R", "0x1f27b0"
"R", "0x1fcdd9"
"W", "0x391e18", "0x7c715964"
"R", "0x31542c"
"W", "0x31fa55", "0x2f8ae1e8"
"W", "0x9163e", "0x9e343dc"
"R", "0x298a4"
"R", "0xc550b"
"R", "0x19503f"
"R", "0x30ae03"
"R", "0x418e2d"
"R", "0x30ae03"
"W", "0x2c22e4", "0x6123db27"
"R", "0x31fa55"
"W", "0x3b1093", "0x4ed0184"
"R", "0x22667d"
"W", "0xa6290", "0x579894fc"
"W", "0x2c22e4", "0x734e9a56"
"R", "0x2797c5"
"R", "0x264b73"
"W", "0x3a6a6a", "0x3869d604"
"R", "0x48b1f"
"W", "0x32a07e", "0x50c0b8b5"
"R", "0x23b2cf"
"R", "0x175dc4"
"W", "0x31542c", "0x4f09bd98"
"R", "0x2b7cbb"
"W", "0x156b49", "0x3bbbcde7"
"R", "0x9163e"
"R", "0x2797c5"
"W", "0x156b49", "0x2ca6f8f1"
"R", "0x39c441"
"R", "0x2d6f36"
"R", "0xda15d"
"R", "0x2ad692"
"R", "0x3e4f60"
"W", "0x3346a7", "0x38358e39"
"R", "0x3e4f60"
"R", "0x3877ef"
"R", "0xe4786"
"R", "0x22667d"
"R", "0x37d1c6"
"R", "0x1d3535"
"R", "0x156b49"
"R", "0x1c8f0c"
"W", "0x1be8e3", "0x111cbffa"
"R", "0x3d030e"
"R", "0x1be8e3"
"R", "0xeedaf"
"W", "0x4041db", "0x2e8b2a3a"
"W", "0x1b42ba", "0x4f3b001f"
"W", "0x1c8f0c", "0x308a3a7b"
"W", "0x211a2b", "0x58932ca5"
"R", "0x23b2cf"
"R", "0x28e417"
"W", "0x230ca6", "0x56fbfa5f"
"W", "0x3c5ce5", "0x54159af2"
"W", "0x2b7cbb", "0x7da2ae6e"
"W", "0x3a6a6a", "0x37d36604"
"W", "0x1fcdd9", "0x69d7db1f"
"W", "0x33ecd", "0x308c68ef"
"W", "0x3877ef", "0x3dff0f0e"
"W", "0xcfb34", "0x74e6dbf9"
"R", "0x3f9bb2"
"R", "0x353922"
"W", "0x3f9bb2", "0x7a047fa6"
"W", "0x230ca6", "0x54507b24"
"W", "0x1e8187", "0x7638d8ec"
"R", "0x7c9ec"
"R", "0x42da7f"
"R", "0x1e8187"
"W", "0x14c52", "0xae12a5a"
"R", "0x3bb6bc"
"W", "0x1be8e3", "0x55d221de"
"R", "0x87015"
"R", "0x37d1c6"
"W", "0x9163e", "0x2cf14b58"
"W", "0x418e2d", "0x410be849"
"W", "0x7c9ec", "0x718840ed"
"W", "0x22667d", "0x62384d1e"
"W", "0x207402", "0x13d1f757"
"W", "0x16b79b", "0x438a0ebf"
"R", "0x24ff21"
"R", "0x1c8f0c"
"W", "0x118653", "0x761fc018"
"W", "0xc550b", "0x6370fc30"
"W", "0x3a6a6a", "0x7c1585aa"
"R", "0x156b49"
"W", "0x2e155f", "0x15bcdb1f"
"R", "0x53148"
"R", "0x1d3535"
"W", "0x53148", "0x73dcd41c"
"W", "0x372b9d", "0x67cb5937"
"W", "0x103a01", "0x498abe7f"
"W", "0x5d771", "0x7871677f"
"W", "0x1e8187", "0x9c93911"
"R", "0x67d9a"
"W", "0x4380a8", "0x46033e34"
"W", "0x53148", "0x6361192b"
"R", "0x19503f"
"W", "0x1c8f0c", "0x7aef7e61"
"R", "0x211a2b"
"W", "0x3d030e", "0x443e1321"
"W", "0x33ecd", "0x16074cfc"
"R", "0x230ca6"
"W", "0x2d6f36", "0x64ba549"
"W", "0x723c3", "0x11e3d92a"
"W", "0x391e18", "0x75170ca4"
"R", "0x391e18"
"W", "0x28e417", "0x6917ebdf"
"W", "0xda15d", "0x6c569f8b"
"R", "0x18aa16"
"R", "0xa6290"
"W", "0x3492f9", "0x732c9bae"
"R", "0x1d3535"
"R", "0x2f61b1"
"W", "0xcfb34", "0x2f80e615"
"R", "0x1fcdd9"
"W", "0x2d6f36", "0xaa24e1c"
"R", "0x211a2b"
"W", "0x3da937", "0xbe93c15"
"W", "0x3e4f6", "0x3b80789b"
"W", "0x368574", "0x3cdcb531"
"R", "0x298a40"
"R", "0x230ca6"
"W", "0x723c3", "0x75614fb6"
"W", "0x1be8e3", "0x1c7f4d4a"
"R", "0x2b7cbb"
"W", "0x122c7c", "0x3099b295"
"W", "0x353922", "0xe41a810"
"W", "0x2f61b1", "0x19aaedd6"
"W", "0x4041db", "0x6ea39799"
"R", "0x2c22e4"
"R", "0x1c8f0c"
"W", "0x31542c", "0x77750a48"
"W", "0x23b2cf", "0x4b195b1f"
"W", "0xa6290", "0x39ff3874"
"W", "0xf93d8", "0x532adf17"
"R", "0x298a40"
"R", "0x103a01"
"W", "0x2ad692", "0x520a1716"
"R", "0x2b7cbb"
"W", "0x3b1093", "0x2fb304b4"
"R", "0x161172"
"W", "0x3c5ce5", "0x503a5267"
"W", "0x3f9bb2", "0x33c3abf5"
"R", "0x141ef7"
"R", "0x3da937"
"R", "0x1ddb5e"
"W", "0x26f19c", "0x35fa4100"
"W", "0x9bc67", "0x6a77c8f6"
"R", "0x391e18"
"W", "0x1b42ba", "0x14bc5c0c"
"R", "0x391e18"
"W", "0x25a54a", "0x18681f1f"
"W", "0x9163e", "0x12e54f7c"
"R", "0x16b79b"
"W", "0x3346a7", "0x2f5b021a"
"R", "0x3877ef"
"W", "0x31542c", "0xf9c9c9"
"W", "0x391e18", "0xe26d6b5"
"R", "0x1c8f0c"
"R", "0x353922"
"R", "0x9bc67"
"W", "0x1ddb5e", "0x2faf5dce"
"R", "0x2ad692"
"W", "0x3b1093", "0x2752efba"
"R", "0x211a2b"
"W", "0x2ad692", "0x75607542"
"W", "0x18aa16", "0x13678ad"
"W", "0x4426d1", "0x7736a167"
"R", "0x16b79b"
"R", "0x3b1093"
"W", "0x12d2a5", "0x5d1230cc"
"W", "0x16b79b", "0x3185c6cb"
"R", "0x298a40"
"W", "0xeedaf", "0x11ee172f"
"R", "0x3a6a6a"
"R", "0x3ef589"
"W", "0x7c9ec", "0x39bfae89"
"R", "0x3a6a6a"
"R", "0x3da937"
"R", "0x10e02a"
"W", "0x87015", "0x578ea592"
"W", "0x161172", "0x120cda06"
"R", "0x26f19c"
"R", "0x3007da"
"W", "0xeedaf", "0x17cad28d"
"W", "0x33ecd0", "0x5967d08b"
"W", "0x1378ce", "0x73b5125e"
"W", "0x10e02a", "0x18387902"
"R", "0xc550b"
"W", "0x12d2a5", "0x535075a7"
"R", "0x1803ed"
"R", "0x141ef7"
"W", "0x141ef7", "0x31bf2aeb"
"W", "0x53148", "0x16a7840c"
"R", "0x30ae03"
"W", "0x10e02a", "0xb2540b4"
"W", "0x161172", "0x1b13ef47"
"W", "0x118653", "0x72b29f99"
"R", "0xda15d"
"R", "0x12d2a5"
"R", "0x2b7cbb"
"R", "0x40e804"
"R", "0xcfb34"
"R", "0x372b9d"
"W", "0x2458f8", "0x3be28b72"
"W", "0x2797c5", "0x2cd0906b"
"W", "0x103a01", "0x371acadd"
"W", "0x283dee", "0x25a81430"
"R", "0x264b73"
"R", "0x1f27b"
"W", "0x175dc4", "0x11c33abd"
"W", "0x207402", "0x59a66653"
"R", "0x39c441"
"W", "0x2f61b1", "0x4562fc7d"
"W", "0x3ef589", "0x67f99892"
"W", "0x1ddb5e", "0x3869176c"
"R", "0x1fcdd9"
"R", "0x1a9c91"
"R", "0x2458f8"
"W", "0x2ad692", "0x30dccbe3"
"W", "0x372b9d", "0x2dc7d59c"
"R", "0x3a6a6a"
"R", "0x32a07e"
"W", "0x31fa55", "0x34ae1fa1"
"R", "0xcfb34"
"R", "0x3ef589"
"W", "0x353922", "0x49c7e685"
"W", "0x5d771", "0x29d12672"
"W", "0x24ff21", "0x788fb8dc"
"R", "0xbaee2"
"R", "0x2d6f36"
"W", "0x1a9c91", "0x7b236c2b"
"R", "0x161172"
"R", "0x3b1093"
"W", "0x161172", "0xe46ffde"
"R", "0x23b2cf"
"W", "0x40e804", "0x510ccc0f"
"R", "0x46194c"
"W", "0x24ff21", "0x68e813e8"
"R", "0x2797c5"
"W", "0xeedaf", "0x51574423"
"R", "0x2a3069"
"R", "0x2cc90d"
"R", "0x28e417"
"W", "0x4041db", "0x26a87e53"
"R", "0x9bc67"
"W", "0x2a3069", "0x2ddede77"
"W", "0x2f61b1", "0x73a09b93"
"R", "0x32a07e"
"R", "0x141ef7"
"R", "0x1378ce"
"W", "0x31fa55", "0x5874dc49"
"R", "0x87015"
"R", "0x3d030e"
"R", "0x42da7f"
"R", "0x1d3535"
"W", "0x2458f8", "0x1b32d703"
"R", "0x103a01"
"W", "0x1e8187", "0x202c7620"
"W", "0x67d9a", "0x1fe5875f"
"R", "0x3f9bb2"
"W", "0xbaee2", "0x475db554"
"R", "0x1ddb5e"
"R", "0x211a2b"
"R", "0x2a3069"
"R", "0x207402"
"R", "0x3bb6bc"
"R", "0xda15d"
"R", "0x2e155f"
"W", "0x4426d1", "0x4289171d"
"R", "0x2f61b1"
"W", "0x7c9ec", "0x1c11fa47"
"R", "0x22667d"
"W", "0x22667d", "0x55698083"
"W", "0x28e417", "0x3ac1b6b6"
"R", "0x2e155f"
"W", "0x3007da", "0x15b6b2f7"
"W", "0x156b49", "0x3f90a8ec"
"R", "0x3ef589"
"R", "0xcfb34"
"W", "0x283dee", "0x780a7e83"
"W", "0x28e417", "0x56cd9864"
"W", "0x3c5ce5", "0x15a21154"
"R", "0x103a01"
"R", "0x1b42ba"
"W", "0x2f61b1", "0x64693cfa"
"R", "0x39c441"
"R", "0x87015"
"W", "0x3f9bb2", "0x257461fe"
"R", "0x40e804"
"R", "0x122c7c"
"R", "0x1c8f0c"
"R", "0xe4786"
"W", "0x2a3069", "0x30ec81f6"
"R", "0x3f9bb2"
"W", "0x264b73", "0x1c8c89ca"
"R", "0x3877ef"
"R", "0x37d1c6"
"R", "0x298a4"
"W", "0x2ebb88", "0x2c784ded"
"R", "0x31542c"
"R", "0x1be8e3"
"W", "0x283dee", "0x18d97575"
"R", "0x2d6f36"
"W", "0x37d1c6", "0x2d490124"
"W", "0x40e804", "0x7293959b"
"W", "0x53148", "0x7922cadc"
"R", "0x18aa16"
"R", "0x3007da"
"W", "0x5d771", "0x517ad7de"
"W", "0x16b79b", "0x3d35ee8b"
"R", "0x2e155f"
"W", "0x9bc67", "0x3f920ef4"
"W", "0x391e18", "0x8ab3c40"
"W", "0x87015", "0x49b81107"
"W", "0x1a9c91", "0x7e6e8b02"
"R", "0x2ad692"
"W", "0x161172", "0x74682fc"
"W", "0xb08b9", "0x22b82830"
"R", "0x31fa55"
"W", "0x1be8e3", "0x21d06ced"
"R", "0x16b79b"
"R", "0x19503f"
"W", "0xeedaf", "0x60b791f"
"W", "0x3492f9", "0x69929372"
"W", "0x33ecd0", "0xccc00c7"
"R", "0xf93d8"
"W", "0x3877ef", "0x6990633c"
"W", "0xbaee2", "0x41a387ee"
"R", "0xa6290"
"R", "0x5d771"
"R", "0x103a01"
"R", "0x33ecd0"
"W", "0x24ff21", "0x4c8d26d5"
"R", "0x3ef589"
"W", "0x2c22e4", "0x162642cb"
"W", "0x418e2d", "0x68f00ea7"
"R", "0x1be8e3"
"R", "0xeedaf"
"R", "0x3bb6bc"
"R", "0x25a54a"
"R", "0x19503f"
"R", "0x283dee"
"R", "0x211a2b"
"W", "0x32a07e", "0x713b20d6"
"R", "0x2a3069"
"R", "0x22667d"
"R", "0x1b42ba"
"W", "0xda15d", "0x73269d99"
"R", "0xda15d"
"W", "0x122c7c", "0x3446bec6"
"R", "0x372b9d"
"R", "0x26f19c"
"R", "0x14c520"
"W", "0x103a01", "0x5a4b9159"
"R", "0xb08b9"
"R", "0x24ff21"
"R", "0x3d030e"
"W", "0xeedaf", "0x233d065f"
"W", "0x9163e", "0x3a91fd35"
"R", "0x1a9c91"
"W", "0x3007da", "0x2000f4d4"
"W", "0x19503f", "0x2e4c1f31"
"R", "0x230ca6"
"W", "0x283dee", "0x4d5e0526"
"R", "0x37d1c6"
"R", "0x30ae03"
"W", "0x1f27b0", "0x624b22ad"
"R", "0x122c7c"
"W", "0x1b42ba", "0xe75c38a"
"W", "0x24ff21", "0x581f4b5a"
"W", "0x31542c", "0x5c5f5148"
"R", "0x22667d"
"W", "0x3492f9", "0x6cd46f2"
"R", "0x3877ef"
"R", "0x1be8e3"
"R", "0x298a4"
"W", "0x12d2a5", "0x330f455d"
"W", "0x5d771", "0x74fbeb17"
"W", "0x3e4f60", "0x12505b7a"
"R", "0x42da7f"
"R", "0x28e417"
"W", "0xeedaf", "0x29bbd606"
"W", "0x175dc4", "0x246a52c7"
"W", "0x19503f", "0x4b65f85b"
"R", "0x31542c"
"R", "0x283dee"
"R", "0x33ecd0"
"W", "0x723c3", "0x2ac824e3"
"R", "0x24ff21"
"R", "0x19f668"
"W", "0x19f668", "0x23c9e713"
"W", "0x2a3069", "0x21dd01b1"
"R", "0x423456"
"R", "0x3877ef"
"R", "0x372b9d"
"W", "0x207402", "0x12565a9c"
"W", "0xe4786", "0x47a263c"
"R", "0xf93d8"
"W", "0x87015", "0xf9ce6db"
"W", "0x2b7cbb", "0x472aa883"
"R", "0x87015"
"R", "0x2f61b1"
"R", "0x25a54a"
"W", "0xbaee2", "0x36d3eaf7"
"R", "0x16b79b"
"W", "0x3877ef", "0x57ef0651"
"R", "0x9163e"
"W", "0x368574", "0x7f927289"
"R", "0xa6290"
"W", "0x19503f", "0xc93c9e1"
"W", "0x67d9a", "0x49bee363"
"R", "0x1ddb5e"
"W", "0x3a6a6a", "0x76deb223"
"W", "0xeedaf", "0xd97bf10"
"R", "0x67d9a"
"W", "0x2797c5", "0x69f65f12"
"W", "0x1fcdd9", "0x3a44a81c"
"W", "0x3e4f6", "0x6dcdd6e4"
"W", "0x19f668", "0x3e3629fb"
"W", "0x207402", "0x68b744ec"
"R", "0xda15d"
"R", "0x30ae03"
"R", "0x3492f9"
"W", "0x1be8e3", "0x6129c1f7"
"R", "0x4426d1"
"R", "0x53148"
"R", "0x1c8f0c"
"W", "0x53148", "0x1f5ab688"
"R", "0x122c7c"
"W", "0x2ad692", "0x3e2b0572"
"R", "0x2b7cbb"
"R", "0x2c22e4"
"R", "0x23b2cf"
"W", "0x2458f8", "0xef686e2"
"R", "0x30ae03"
"W", "0x118653", "0x3bc01aaf"
"W", "0x118653", "0x1dc7aecb"
"W", "0x298a4", "0x5175a189"
"R", "0x3b1093"
"R", "0x3bb6bc"
"R", "0x42da7f"
"W", "0x1b42ba", "0x2cae267d"
"R", "0x16b79b"
"W", "0x40e804", "0x3abcb8db"
"W", "0x18aa16", "0x23a65e47"
"W", "0x14c520", "0x41fd9b98"
"W", "0x175dc4", "0xf981705"
"R", "0xe4786"
"R", "0x2f61b1"
"W", "0x230ca6", "0x1472a6fc"
"R", "0x19f668"
"W", "0xf93d8", "0x790ad128"
"R", "0x1d3535"
"R", "0x9bc67"
"W", "0x35df4b", "0x5b7350ce"
"R", "0x67d9a"
"R", "0x103a01"
"W", "0x3bb6bc", "0x7665fb79"
"W", "0x161172", "0x1d1b1b01"
"W", "0x3346a7", "0x7307ce6e"
"R", "0xda15d"
"R", "0x30ae03"
"W", "0x1f27b0", "0xfcd22fe"
"R", "0xc550b"
"R", "0x39c441"
"R", "0x423456"
"W", "0x211a2b", "0x16c3489d"
"R", "0x1f27b0"
"R", "0x31fa55"
"R", "0x2ad692"
"W", "0x391e18", "0x3456c29e"
"W", "0x118653", "0x77b46d20"
"R", "0x1a9c91"
"W", "0x2e155f", "0x715a8923"
"R", "0x211a2b"
"W", "0x372b9d", "0x723b8460"
"W", "0x2ebb88", "0x7030bec2"
"W", "0x2a3069", "0xe6291d8"
"R", "0x40e804"
"R", "0x103a01"
"W", "0x141ef7", "0x7e4349"
"R", "0x2797c5"
"R", "0x2f61b1"
"W", "0x37d1c6", "0x33cf9dbb"
"W", "0x23b2cf", "0x68421c9b"
"R", "0x211a2b"
"W", "0x23b2cf", "0x2f4fee38"
"R", "0x32a07e"
"R", "0x67d9a"
"R", "0xe4786"
"R", "0x372b9d"
"W", "0x3e4f60", "0x7c7d09e9"
"W", "0x423456", "0x400b6380"
"W", "0x264b73", "0x6da829ca"
"W", "0x3ef589", "0x58f2b4e5"
"W", "0x21c054", "0x45fb651"
"R", "0x3ef589"
"W", "0x18aa16", "0x525f4cf7"
"W", "0x1e8187", "0x7a6e4b20"
"R", "0x7c9ec"
"R", "0x23b2cf"
"R", "0x457323"
"W", "0x2d6f36", "0x78f01ca7"
"R", "0x207402"
"R", "0x723c3"
"W", "0x391e18", "0x26d23d80"
"W", "0x3877ef", "0x6dac5906"
"W", "0x353922", "0x3d2af0e7"
"R", "0x391e18"
"W", "0x3007da", "0x42a3795"
"R", "0x2797c5"
"W", "0x9163e", "0x3d00ff1d"
"R", "0x161172"
"R", "0x53148"
"W", "0x1f27b0", "0x5806e379"
"R", "0x118653"
"W", "0x161172", "0x56a1d033"
"R", "0x3f9bb2"
"R", "0x3e4f60"
"W", "0x3a6a6a", "0x27a6ecce"
"W", "0x21c054", "0x7f8c0536"
"R", "0x2cc90d"
"W", "0x1c8f0c", "0x135e42cc"
"R", "0x122c7c"
"R", "0x3e4f6"
"R", "0x3e4f60"
"R", "0x161172"
"W", "0x25a54a", "0x4bc2f39c"
"W", "0x5d771", "0x1ec1939d"
"R", "0x1ddb5e"
"W", "0x53148", "0x402b9557"
"W", "0x2458f8", "0x3b8c7c4"
"R", "0x28e417"
"R", "0x230ca6"
"R", "0x26f19c"
"W", "0x207402", "0xaca66a2"
"W", "0x48b1f", "0x636f2a5a"
"W", "0x2d6f36", "0x5f83f5c7"
"R", "0x4380a8"
"R", "0x3346a7"
"R", "0x175dc4"
"R", "0x14c52"
"W", "0x67d9a", "0x5fdbdbd6"
"W", "0x14c52", "0x555a4278"
"R", "0x3f9bb2"
"R", "0x2cc90d"
"R", "0x31fa55"
"W", "0x67d9a", "0x46a730eb"
"W", "0xc550b", "0x58bd4a86"
"W", "0x368574", "0x73e6f318"
"R", "0x3bb6bc"
"R", "0x67d9a"
"R", "0x24ff21"
"R", "0x103a01"
"W", "0x14c52", "0x7b444068"
"W", "0x1f27b", "0x6ba3fd1b"
"W", "0x264b73", "0x404dc670"
"R", "0x3da937"
"W", "0x207402", "0x4aa3ca68"
"W", "0x3007da", "0x4bfaad3c"
"W", "0x22667d", "0x412726f7"
"R", "0x26f19c"
"R", "0x1b42ba"
"R", "0x3492f9"
"R", "0xda15d"
"R", "0x1c8f0c"
"R", "0x33ecd"
"W", "0x1ddb5e", "0x18aeb989"
"R", "0x298a40"
"W", "0x3f9bb2", "0x2f3a66b6"
"R", "0x3492f9"
"W", "0x1803ed", "0x61693d7"
"R", "0x33ecd"
"W", "0x391e18", "0x87f9c56"
"R", "0x87015"
"W", "0x4041db", "0x72895c1"
"W", "0x391e18", "0x2af82bc0"
"W", "0x32a07e", "0x34927eb8"
"W", "0x9163e", "0x4c3c8bda"
"W", "0x19503f", "0x71d7a3b3"
"R", "0x2ebb88"
"R", "0xb08b9"
"W", "0x9bc67", "0x696274a4"
"W", "0x3ef589", "0x1adf8652"
"W", "0x423456", "0xbd04912"
"W", "0x3d030e", "0x2ded216d"
"R", "0xbaee2"
"R", "0x2d6f36"
"R", "0x2cc90d"
"W", "0x1e8187", "0x387a068e"
"W", "0x457323", "0x6899d6a4"
"W", "0xeedaf", "0x4cff97a4"
"W", "0x2f61b1", "0x5d452996"
"W", "0x211a2b", "0x6b31b1b7"
"R", "0x156b49"
"W", "0x156b49", "0x354bec9b"
"W", "0x1be8e3", "0x6d89ca43"
"W", "0x14c520", "0x40629f0f"
"R", "0xb08b9"
"R", "0x35df4b"
"W", "0x3007da", "0x23eae2cc"
"R", "0x19503f"
"W", "0x2e155f", "0x5fd1a89d"
"W", "0x207402", "0x4a6c2594"
"W", "0x3346a7", "0x3dbdb49c"
"W", "0x156b49", "0x76d7c40e"
"R", "0x22667d"
"R", "0x87015"
"W", "0x39c441", "0x51f68753"
"W", "0x3e4f60", "0x7a3c11d7"
"R", "0x9bc67"
"W", "0x87015", "0x69127abf"
"R", "0xe4786"
"R", "0x2e155f"
"R", "0x3346a7"
"W", "0x48b1f", "0x342956f7"
"R", "0xa6290"
"R", "0x3d030e"
"W", "0x141ef7", "0x3b9bbd81"
"W", "0x3877ef", "0x7b873c87"
"R", "0x3e4f60"
"W", "0x9bc67", "0x5181b14b"
"R", "0x33ecd0"
"R", "0x48b1f"
"W", "0x2d6f36", "0xf68808f"
"R", "0x2e155f"
"W", "0x2c22e4", "0x46e631e1"
"R", "0x3d030e"
"R", "0xf93d8"
"W", "0x18aa16", "0x50add869"
"W", "0x2d6f36", "0x3c03b03d"
"W", "0x21c054", "0x97da7b1"
"R", "0x3ef589"
"R", "0x2b7cbb"
"W", "0x33ecd0", "0x695c8183"
"R", "0x3b1093"
"R", "0x12d2a5"
"W", "0x3da937", "0x1cda9cef"
"R", "0x2ad692"
"W", "0x2b7cbb", "0x1c36009"
"W", "0x391e18", "0x4c9a6b7b"
"R", "0x7c9ec"
"W", "0xeedaf", "0x1ac4e506"
"W", "0x1be8e3", "0x611c6826"
"W", "0x368574", "0x4381819"
"W", "0x283dee", "0x756d5bfc"
"W", "0x2a3069", "0x59f165e3"
"R", "0x3c5ce5"
"W", "0x42da7f", "0x17d34c58"
"R", "0xc550b"
"R", "0x1f27b0"
"W", "0x1f27b", "0x4c13d9d8"
"W", "0x10e02a", "0x1c66ebb1"
"W", "0x3c5ce5", "0x43c9af57"
"W", "0x1d3535", "0x38e8ec20"
"R", "0x5d771"
"R", "0x264b73"
"R", "0xe4786"
"R", "0x67d9a"
"R", "0x1be8e3"
"W", "0x368574", "0x3a6b5ad9"
"W", "0x423456", "0x710602c3"
"W", "0x1378ce", "0x54111a7e"
"W", "0xeedaf", "0x384c2b04"
"R", "0x35df4b"
"W", "0x53148", "0xd984b05"
"W", "0x42da7f", "0x6b9707c7"
"R", "0x122c7c"
"W", "0x391e18", "0x3aa76e8b"
"W", "0x33ecd0", "0x73e117f5"
"W", "0x2b7cbb", "0xf2d18cf"
"W", "0x4380a8", "0x55b73cb0"
"R", "0x368574"
"W", "0x18aa16", "0x297a6dd5"
"R", "0x3d030e"
"R", "0x39c441"
"R", "0x3007da"
"R", "0x3a6a6a"
"R", "0x46194c"
"W", "0x31542c", "0x7b7cc42b"
"W", "0x3007da", "0x4b533230"
"W", "0x2cc90d", "0x6ee94003"
"W", "0x3a6a6a", "0x699aec25"
"W", "0x24ff21", "0x6f5aaebe"
"W", "0x1d3535", "0x3ac26740"
"R", "0x28e417"
"W", "0x368574", "0x3fe77236"
"R", "0x39c441"
"R", "0x12d2a5"
"W", "0x31fa55", "0x1636ffa5"
"W", "0x372b9d", "0x3b427f1d"
"W", "0x1a9c91", "0x5e5f85f4"
"W", "0x3b1093", "0x6dbe4270"
"R", "0x230ca6"
"R", "0x1a9c91"
"R", "0x31fa55"
"R", "0x16b79b"
"W", "0x1e8187", "0x2afb4716"
"W", "0x24ff21", "0x25771638"
"W", "0xda15d", "0x714311f"
"R", "0x37d1c6"
"R", "0x2f61b1"
"W", "0x3a6a6a", "0x6ef2db3c"
"W", "0x24ff21", "0x6ae3f94f"
"W", "0x26f19c", "0x1730e412"
"W", "0x1e8187", "0x7d3ab89f"
"W", "0x3f9bb2", "0x92db720"
"W", "0x2d6f36", "0x56445e18"
"R", "0x3b1093"
"R", "0x18aa16"
"R", "0x3f9bb2"
"W", "0x10e02a", "0x46fe271"
"R", "0x3492f9"
"R", "0x122c7c"
"R", "0x48b1f"
"W", "0x3d030e", "0x72983459"
"R", "0x207402"
"R", "0x2a3069"
"R", "0x118653"
"R", "0xbaee2"
"W", "0x1a9c91", "0x46eae646"
"R", "0x230ca6"
"R", "0x10e02a"
"W", "0x353922", "0x6734473a"
"W", "0x23b2cf", "0x25c59108"
"W", "0x3bb6bc", "0x54f8fab5"
"R", "0x9163e"
"R", "0x30ae03"
"R", "0x2e155f"
"W", "0x230ca6", "0x350ba1f1"
"R", "0x7c9ec"
"R", "0xe4786"
"R", "0xcfb34"
"W", "0x418e2d", "0x492206d3"
"R", "0x33ecd"
"W", "0x2cc90d", "0x7741b2bf"
"R", "0x2458f8"
"R", "0x32a07e"
"R", "0x12d2a5"
"R", "0x19f668"
"R", "0x423456"
"R", "0x3877ef"
"R", "0x3007da"
"R", "0x283dee"
"R", "0xa6290"
"R", "0x3346a7"
"W", "0x2458f8", "0x95af757"
"W", "0xa6290", "0x3886a65b"
"W", "0x264b73", "0x8de6b4b"
"R", "0x2d6f36"
"W", "0x35df4b", "0x23ba08bf"
"W", "0x1378ce", "0x282f37c9"
"W", "0x48b1f", "0x366e7c1e"
"W", "0xbaee2", "0x310a5cb8"
"R", "0x118653"
"R", "0x2c22e4"
"W", "0x1378ce", "0x2612c29f"
"W", "0x3c5ce5", "0x63233f82"
"R", "0x1e8187"
"R", "0x16b79b"
"W", "0x3bb6bc", "0x6b7ad9e9"
"W", "0x3d030e", "0x63ef244e"
"R", "0x24ff21"
"R", "0x39c441"
"W", "0x3492f9", "0x25f883a8"
"W", "0x372b9d", "0x6ab3cfce"
"W", "0x3877ef", "0x4cd5884b"
"R", "0x33ecd0"
"W", "0x18aa16", "0x74fdcffd"
"R", "0x33ecd0"
"R", "0x9bc67"
"W", "0x283dee", "0x24fa7aaf"
"R", "0x298a4"
"R", "0x2a3069"
"W", "0xbaee2", "0x694ac3bc"
"R", "0xc550b"
"W", "0x3a6a6a", "0x172ea470"
"R", "0x12d2a5"
"R", "0x2a3069"
"R", "0x3d030e"
"R", "0x67d9a"
"W", "0xc550b", "0x722ef46"
"R", "0x3e4f60"
"R", "0x14c520"
"W", "0xb08b9", "0x29060aa1"
"R", "0x2b7cbb"
"R", "0x28e417"
"R", "0x2a3069"
"R", "0x3e4f60"
"W", "0x368574", "0x509353fa"
"R", "0x3da937"
"R", "0x31542c"
"R", "0x3c5ce5"
"W", "0x4041db", "0xef4f090"
"R", "0x298a40"
"W", "0xf93d8", "0x7513fd5a"
"W", "0x264b73", "0x2dd1a142"
"R", "0x4041db"
"W", "0x10e02a", "0x6d88e8bd"
"W", "0x423456", "0x27e8ee63"
"R", "0x28e417"
"R", "0x264b73"
"W", "0x3007da", "0x36247954"
"R", "0x2e155f"
"R", "0x2a3069"
"W", "0x1f27b0", "0x20a49f3"
"R", "0x391e18"
"R", "0x35df4b"
"R", "0x10e02a"
"W", "0x156b49", "0x144fa9c4"
"W", "0x40e804", "0x3f52d177"
"W", "0x3b1093", "0x5c2cb515"
"R", "0x391e18"
"R", "0x298a40"
"W", "0x18aa16", "0x59666cf3"
"R", "0x3da937"
"W", "0x1378ce", "0x2121a6dc"
"W", "0x5d771", "0x15b83d33"
"W", "0x67d9a", "0x42652be6"
"R", "0x30ae03"
"W", "0x26f19c", "0x4b0d5a04"
"R", "0x1378ce"
"R", "0x353922"
"R", "0x298a40"
"W", "0x2b7cbb", "0x608b28ac"
"W", "0x1d3535", "0x25a5624d"
"W", "0x42da7f", "0x53ce6f98"
"R", "0x2e155f"
"W", "0x1be8e3", "0x381509c8"
"R", "0x118653"
"R", "0x48b1f"
"W", "0x3492f9", "0x1e8a041c"
"R", "0x161172"
"R", "0x368574"
"W", "0x19503f", "0x43fd12f4"
"W", "0x1c8f0c", "0x501b1dc6"
"R", "0x391e18"
"R", "0x3c5ce5"
"R", "0x207402"
"W", "0x2e155f", "0x42308ef3"
"R", "0x31fa55"
"R", "0xda15d"
"W", "0x26f19c", "0x1256c421"
"W", "0x1a9c91", "0x563fbec0"
"R", "0x3da937"
"R", "0x2cc90d"
"R", "0x207402"
"R", "0x67d9a"
"W", "0xbaee2", "0x12983fdd"
"R", "0xe4786"
"W", "0x103a01", "0x52d5ffa6"
"W", "0x22667d", "0x14cdf0ee"
"R", "0xcfb34"
"R", "0x9163e"
"W", "0x264b73", "0x1156f630"
"R", "0x9163e"
"W", "0x2f61b1", "0x158374ff"
"R", "0x3877ef"
"R", "0x2a3069"
"W", "0x9163e", "0x4e01c8f3"
"R", "0x2b7cbb"
"R", "0x3bb6bc"
"W", "0x31542c", "0x66ec02b8"
"W", "0xc550b", "0x77a5f4b2"
"W", "0x103a01", "0x4d134e0f"
"R", "0x3f9bb2"
"W", "0x4380a8", "0x44760704"
"R", "0x9bc67"
"R", "0xa6290"
"W", "0x122c7c", "0x228f829d"
"W", "0xc550b", "0x29e830ce"
"R", "0x1803ed"
"R", "0xda15d"
"W", "0x32a07e", "0x420126df"
"R", "0x418e2d"
"W", "0x161172", "0x3d695aa7"
"W", "0x1378ce", "0x5a3a720f"
"W", "0x1e8187", "0x2df689fd"
"W", "0x5d771", "0x3236acdc"
"R", "0x1be8e3"
"W", "0x1a9c91", "0x5e5df130"
"R", "0x1be8e3"
"R", "0xa6290"
"R", "0x2d6f36"
"R", "0x1be8e3"
"R", "0x87015"
"W", "0x391e18", "0x5520dcb4"
"W", "0x3ef589", "0x46981ef2"
"R", "0x2797c5"
"W", "0x40e804", "0x3d416abd"
"R", "0x3c5ce5"
"W", "0x33ecd0", "0x55025d9e"
"W", "0x3346a7", "0x3e7358cc"
"W", "0x2d6f36", "0x6560900b"
"R", "0x2d6f36"
"R", "0x391e18"
"R", "0x16b79b"
"W", "0x2f61b1", "0x2958362a"
"R", "0x31542c"
"R", "0x230ca6"
"R", "0x35df4b"
"W", "0x22667d", "0x7eef0efa"
"W", "0x1b42ba", "0x62f4fd47"
"W", "0x21c054", "0x11440c71"
"R", "0x19f668"
"W", "0x103a01", "0x16380162"
"R", "0x353922"
"W", "0x372b9d", "0x4c2a5a2"
"W", "0x1be8e3", "0x7b16bb2c"
"W", "0x122c7c", "0x6202ddc3"
"R", "0x19503f"
"R", "0x298a4"
"W", "0x42da7f", "0x56dddec1"
"R", "0x2c22e4"
"W", "0x1c8f0c", "0x17585f53"
"W", "0x457323", "0x411f8fc2"
"W", "0x1d3535", "0x17401aea"
"R", "0x4041db"
"W", "0x298a4", "0x115174bf"
"R", "0x3b1093"
"R", "0x2b7cbb"
"R", "0x33ecd0"
"R", "0x3e4f6"
"W", "0x23b2cf", "0xbedbfbe"
"R", "0x207402"
"R", "0xa6290"
"R", "0x1be8e3"
"R", "0x1d3535"
"R", "0x32a07e"
"R", "0x21c054"
"R", "0x3a6a6a"
"R", "0x30ae03"
"W", "0x1f27b0", "0x6acc9d50"
"W", "0x175dc4", "0x292d6061"
"W", "0x3b1093", "0x43e49f3a"
"R", "0x298a4"
"W", "0xe4786", "0x13887765"
"R", "0x2458f8"
"W", "0x19503f", "0x504f3485"
"R", "0xcfb34"
"W", "0x3c5ce5", "0x20dcfde2"
"R", "0x1e8187"
"W", "0x2ad692", "0x58fef5ce"
"R", "0x723c3"
"W", "0x39c441", "0x6b940366"
"W", "0x32a07e", "0x58c68b99"
"R", "0x1be8e3"
"R", "0xa6290"
"W", "0x3e4f60", "0x20230f33"
"W", "0x2d6f36", "0x3f867c06"
"W", "0x2b7cbb", "0x25e9a431"
"R", "0x1803ed"
"W", "0x33ecd0", "0x77593d96"
"W", "0xda15d", "0x17b35861"
"W", "0x2f61b1", "0x83b345e"
"W", "0x21c054", "0x5acd040b"
"R", "0x264b73"
"W", "0x122c7c", "0x737b9301"
"R", "0x26f19c"
"W", "0xe4786", "0x5cf17edf"
"W", "0x14c520", "0x69c2377c"
"W", "0x141ef7", "0x38d63cb9"
"R", "0x40e804"
"W", "0x4041db", "0x6bfaa8d7"
"R", "0x1c8f0c"
"R", "0x1c8f0c"
"W", "0xeedaf", "0x5456bd52"
"R", "0x67d9a"
"R", "0x3346a7"
"R", "0x7c9ec"
"W", "0x3e4f6", "0xb486c6b"
"W", "0x3bb6bc", "0x1164980e"
"W", "0xf93d8", "0x2a209b01"
"W", "0x2a3069", "0x780d9e94"
"W", "0x3f9bb2", "0x65b11be1"
"R", "0x1d3535"
"W", "0x3492f9", "0x30d272e9"
"W", "0x39c441", "0x5cfd9b3e"
"R", "0x22667d"
"W", "0x67d9a", "0x58cb40bf"
"R", "0x2f61b1"
"W", "0x22667d", "0x12002fb4"
"R", "0x2ad692"
"R", "0x3b1093"
"W", "0x14c520", "0x10c8122c"
"W", "0x67d9a", "0x6f8baeeb"
"W", "0xbaee2", "0x3a828656"
"W", "0x24ff21", "0x1a0ea5ee"
"R", "0x2cc90d"
"R", "0x1be8e3"
"W", "0xc550b", "0x6aa0ff81"
"W", "0x2e155f", "0x2a20ef0a"
"R", "0x30ae03"
"W", "0x18aa16", "0x37f5fdf4"
"W", "0x1a9c91", "0x41d003bc"
"R", "0x2a3069"
"W", "0x230ca6", "0x201f19b9"
"W", "0x3e4f6", "0x4d9f643e"
"W", "0x283dee", "0x3a684f1"
"W", "0x3b1093", "0x513b5d89"
"R", "0x1e8187"
"R", "0xda15d"
"R", "0xc550b"
"R", "0x1378ce"
"W", "0x5d771", "0x3809561b"
"R", "0x283dee"
"R", "0x3e4f60"
"W", "0x21c054", "0x54bfabc8"
"R", "0x1e8187"
"R", "0x723c3"
"W", "0x2cc90d", "0x74d0e075"
"W", "0x1c8f0c", "0x73d4a1f1"
"R", "0x230ca6"
"W", "0x3f9bb2", "0x6e0ddb47"
"W", "0xa6290", "0x1c1ed5f2"
"R", "0x161172"
"R", "0xf93d8"
"W", "0x7c9ec", "0x2bd31e18"
"R", "0x28e417"
"W", "0x353922", "0x2a97b3b3"
"R", "0x423456"
"R", "0x418e2d"
"W", "0x3a6a6a", "0x7ce4cdff"
"R", "0x457323"
"W", "0xb08b9", "0x744cd5cd"
"W", "0x24ff21", "0x5d30dac2"
"W", "0xcfb34", "0x281486a0"
"W", "0x1b42ba", "0x54cd64bd"
"W", "0x3e4f6", "0x24ab3cfe"
"R", "0x19503f"
"R", "0x3a6a6a"
"R", "0x2ebb88"
"W", "0x1e8187", "0x6263fe9d"
"W", "0x32a07e", "0x1e649cf2"
"R", "0x103a01"
"W", "0xeedaf", "0xa36e832"
"W", "0x3346a7", "0x2c755def"
"R", "0x25a54a"
"R", "0x40e804"
"R", "0x18aa16"
"R", "0x103a01"
"R", "0x264b73"
"R", "0x3007da"
"R", "0x3877ef"
"R", "0x264b73"
"W", "0x12d2a5", "0x331465a2"
"W", "0x283dee", "0x336661d0"
"W", "0xbaee2", "0x405106b6"
"W", "0x1ddb5e", "0x23fc650c"
"W", "0x118653", "0x58a8929f"
"R", "0x25a54a"
"W", "0x42da7f", "0xb20fdbe"
"W", "0xda15d", "0x4ce8e9b5"
"W", "0x141ef7", "0x573635c0"
"W", "0x19f668", "0x644626a1"
"W", "0x156b49", "0x24a19b0d"
"W", "0x1e8187", "0x548f602d"
"R", "0x2797c5"
"W", "0x22667d", "0x5591f5d4"
"R", "0x2ebb88"
"R", "0xeedaf"
"W", "0x3492f9", "0x5237da24"
"R", "0x372b9d"
"W", "0xbaee2", "0x6bb5bc4d"
"R", "0x103a01"
"W", "0x175dc4", "0x78c1e66"
"R", "0x3bb6bc"
"W", "0x24ff21", "0x7089c862"
"R", "0x1c8f0c"
"W", "0x39c441", "0x22ad89d1"
"R", "0x3a6a6a"
"R", "0x53148"
"W", "0x33ecd0", "0x3d167184"
"W", "0x1803ed", "0x676c2fe4"
"R", "0x44ccfa"
"W", "0x31fa55", "0x5ea1e82"
"W", "0x2ad692", "0x123e403e"
"R", "0x3e4f60"
"W", "0x2d6f36", "0x30c8d783"
"R", "0x31fa55"
"W", "0x156b49", "0x67b5b469"
"W", "0x7c9ec", "0x87e2f25"
"R", "0x3f9bb2"
"R", "0x40e804"
"R", "0x457323"
"R", "0x207402"
"R", "0x207402"
"R", "0x3e4f6"
"R", "0x103a01"
"W", "0x31542c", "0x370adae6"
"R", "0x1ddb5e"
"R", "0xda15d"
"R", "0x5d771"
"R", "0x372b9d"
"W", "0x22667d", "0x36484409"
"W", "0x2458f8", "0x3b35d8d"
"W", "0x368574", "0x22ad2cdb"
"W", "0x2b7cbb", "0x1227b5b0"
"R", "0x3f9bb2"
"W", "0x372b9d", "0x1176d582"
"W", "0x2ad692", "0x3c78fe2"
"W", "0xb08b9", "0x7752eab5"
"W", "0x31542c", "0x57e991a2"
"R", "0x35df4b"
"W", "0x2d6f36", "0x29af0d9a"
"R", "0x3007da"
"W", "0x42da7f", "0x208db535"
"W", "0x3492f9", "0x48d72300"
"W", "0x391e18", "0x3427696c"
"W", "0x175dc4", "0x3edc8360"
"W", "0x2a3069", "0x5e5c032b"
"W", "0x24ff21", "0x45dbeabe"
"R", "0x37d1c6"
"W", "0x30ae03", "0x5fd8f28c"
"W", "0x40e804", "0x3943ec54"
"R", "0x21c054"
"R", "0x5d771"
"W", "0x22667d", "0x2bfaab6b"
"R", "0x32a07e"
"R", "0xc550b"
"R", "0x1be8e3"
"R", "0x161172"
"R", "0x3bb6bc"
"W", "0x3c5ce5", "0x6348cc4e"
"R", "0x372b9d"
"R", "0x23b2cf"
"R", "0x30ae03"
"W", "0x23b2cf", "0x3c2abd6e"
"R", "0x1378ce"
"W", "0x9bc67", "0x399d83ef"
"W", "0x423456", "0x1fb34bb"
"W", "0x1803ed", "0x1177cdfe"
"W", "0x3d030e", "0x3bd93cda"
"R", "0xeedaf"
"W", "0x353922", "0x52493d43"
"R", "0x3877ef"
"R", "0x3e4f60"
"W", "0x3b1093", "0x393ebde9"
"W", "0x723c3", "0x10fa3986"
"W", "0x22667d", "0x7f37ee58"
"R", "0x2a3069"
"W", "0x1f27b0", "0x4c965dba"
"W", "0x298a40", "0x4aa436cd"
"W", "0x2c22e4", "0xaf83d9a"
"R", "0x2b7cbb"
"W", "0x230ca6", "0x7174a1fa"
"R", "0xe4786"
"W", "0x368574", "0x2852f043"
"R", "0x211a2b"
"R", "0x3d030e"
"W", "0x35df4b", "0x1a35aafd"
"W", "0x31542c", "0x59736b93"
"W", "0x418e2d", "0x280fcf25"
"W", "0x16b79b", "0xfc7a7ab"
"R", "0xbaee2"
"W", "0x19f668", "0x232f6a65"
"W", "0x1c8f0c", "0x592a3416"
"R", "0x418e2d"
"W", "0x141ef7", "0x68b9a1be"
"R", "0x18aa16"
"W", "0x3a6a6a", "0x65d380c6"
"R", "0x391e18"
"W", "0x32a07e", "0x1dd4b091"
"R", "0xb08b9"
"W", "0x1f27b0", "0x6567805"
"W", "0xc550b", "0x6a205590"
"R", "0x391e18"
"W", "0x368574", "0x168f5775"
"R", "0x25a54a"
"W", "0x21c054", "0x1433be54"
"R", "0x3492f9"
"R", "0xbaee2"
"W", "0xb08b9", "0x29750dbb"
"R", "0x24ff21"
"W", "0x9163e", "0x745281f"
"W", "0x22667d", "0x7d4602b3"
"W", "0x2ebb88", "0x3764acd3"
"R", "0x3492f9"
"W", "0x3e4f60", "0x5153c2da"
"R", "0x1ddb5e"
"R", "0x3f9bb2"
"R", "0x12d2a5"
"R", "0x48b1f"
"R", "0x26f19c"
"R", "0x2ad692"
"R", "0x3ef589"
"W", "0x12d2a5", "0x447a1c11"
"W", "0x40e804", "0x5ce2127e"
"W", "0x67d9a", "0xa79b0d0"
"W", "0x28e417", "0x7ba0207c"
"R", "0x3f9bb2"
"R", "0x207402"
"R", "0x368574"
"R", "0x32a07e"
"R", "0x3e4f6"
"R", "0x10e02a"
"W", "0x28e417", "0x3a180c6"
"R", "0x298a4"
"W", "0x18aa16", "0x3bc79af7"
"R", "0x2d6f36"
"R", "0x16b79b"
"R", "0x16b79b"
"W", "0x23b2cf", "0x45ccf2a9"
"R", "0x1fcdd9"
"R", "0x32a07e"
"R", "0x1e8187"
"W", "0x1f27b0", "0x6ad09b71"
"W", "0x423456", "0x38eddcb6"
"R", "0x1b42ba"
"R", "0x1803ed"
"W", "0x368574", "0x53d2217d"
"R", "0x14c520"
"W", "0x19f668", "0x3ef1f4ed"
"R", "0x37d1c6"
"R", "0x418e2d"
"W", "0x53148", "0x1e169f9f"
"W", "0x19f668", "0x26514d3c"
"R", "0x1fcdd9"
"W", "0x31fa55", "0x39f85ff6"
"W", "0x1803ed", "0x4bbbb9a9"
"W", "0x14c520", "0x41c0c3e8"
"R", "0x423456"
"W", "0x1378ce", "0x5403a12b"
"R", "0x5d771"
"R", "0x2458f8"
"W", "0x1f27b0", "0x781c841"
"R", "0x35df4b"
"R", "0x35df4b"
"R", "0x2ebb88"
"W", "0x372b9d", "0x1004cb8"
"R", "0xbaee2"
"W", "0x3ef589", "0x378a8f24"
"R", "0x23b2cf"
"R", "0x1be8e3"
"R", "0xda15d"
"W", "0x3bb6bc", "0xd41ccc1"
"R", "0x1e8187"
"R", "0x9bc67"
"R", "0xda15d"
"R", "0xf93d8"
"W", "0x207402", "0x61c05e7f"
"W", "0x3346a7", "0x4d10d2cf"
"R", "0x3e4f60"
"W", "0x33ecd0", "0x1b394902"
"R", "0x1fcdd9"
"W", "0xc550b", "0x19848502"
"R", "0x2458f8"
"W", "0x368574", "0x4809ffec"
"W", "0x14c52", "0x35b60c3"
"R", "0x353922"
"W", "0xa6290", "0x43965e81"
"R", "0x2c22e4"
"W", "0x7c9ec", "0x4fac3fb7"
"W", "0x22667d", "0x27dff21b"
"R", "0x26f19c"
"W", "0x283dee", "0x1e453753"
"W", "0x372b9d", "0x32c47d89"
"R", "0x353922"
"R", "0x9bc67"
"R", "0x423456"
"R", "0x3a6a6a"
"W", "0x230ca6", "0x6ad825c0"
"W", "0x24ff21", "0x58bca40"
"W", "0x3c5ce5", "0x73fd7d3b"
"W", "0x5d771", "0x3a937ef4"
"W", "0x31542c", "0x2a805ac8"
"W", "0x24ff21", "0x16f52c35"
"W", "0x3346a7", "0x517e6d37"
"R", "0x9bc67"
"W", "0x9163e", "0x2e05230e"
"W", "0x3e4f6", "0x1e35b43d"
"W", "0x264b73", "0x25a84c3d"
"R", "0xbaee2"
"W", "0x2f61b1", "0x10d0e91c"
"R", "0x3877ef"
"W", "0x3b1093", "0x60f3a445"
"R", "0x156b49"
"R", "0xbaee2"
"R", "0x31542c"
"W", "0xb08b9", "0xb125355"
"R", "0x391e18"
"R", "0x723c3"
"R", "0x3d030e"
"R", "0xe4786"
"W", "0x3346a7", "0x20ee208e"
"W", "0x16b79b", "0x280a63fb"
"W", "0x87015", "0x17c503cb"
"W", "0x14c520", "0x3d94bebc"
"W", "0x298a4", "0x6933fcc6"
"W", "0x5d771", "0x1473d9fc"
"W", "0x9bc67", "0x540e37ad"
"W", "0x175dc4", "0x3f4fd7b5"
"W", "0x30ae03", "0x7e937e10"
"R", "0xa6290"
"W", "0x298a4", "0x1c61b5b7"
"W", "0x1803ed", "0x7ee9ab67"
"R", "0x21c054"
"R", "0x3da937"
"R", "0x3f9bb2"
"W", "0x1378ce", "0x6be271e"
"W", "0x19f668", "0x3410bf07"
"W", "0x230ca6", "0x7a383251"
"R", "0x40e804"
"W", "0x1c8f0c", "0x3aa3a0e1"
"R", "0x0"
"R", "0x7c9ec"
"R", "0x37d1c6"
"R", "0x1f27b"
"W", "0x141ef7", "0x6c5bbac6"
"W", "0x24ff21", "0x1ddb818d"
"R", "0x28e417"
"R", "0x2d6f36"
"R", "0x3e4f60"
"W", "0x14c520", "0x31016866"
"R", "0xc550b"
"R", "0x103a01"
"W", "0x372b9d", "0x6a028244"
"R", "0xc550b"
"W", "0x4426d1", "0x2ac2c862"
"R", "0x3492f9"
"W", "0x1be8e3", "0x44df2336"
"R", "0x1b42ba"
"W", "0x122c7c", "0x5ecbc1a9"
"R", "0x67d9a"
"R", "0x2e155f"
"W", "0x35df4b", "0x20eac283"
"R", "0x1c8f0c"
"W", "0x103a01", "0x5a8b00d9"
"W", "0xeedaf", "0x3c39930a"
"W", "0x372b9d", "0x1b747206"
"W", "0x3a6a6a", "0x67d946e4"
"R", "0x9bc67"
"R", "0x2797c5"
"R", "0x21c054"
"R", "0x3d030e"
"W", "0x2d6f36", "0x4f76b876"
"R", "0x1803ed"
"W", "0x423456", "0x2e632f65"
"R", "0x37d1c6"
"R", "0x30ae03"
"W", "0x3e4f60", "0x29af5b9b"
"W", "0x1d3535", "0x7ec841d3"
"W", "0x31542c", "0xcacc824"
"W", "0x161172", "0x152ce041"
"R", "0x14c52"
"R", "0x67d9a"
"R", "0x26f19c"
"R", "0x3ef589"
"R", "0x3346a7"
"W", "0x2ebb88", "0x75b24b53"
"W", "0x28e417", "0x76a8f431"
"R", "0x18aa16"
"R", "0x46bf75"
"W", "0x3bb6bc", "0x71e05448"
"W", "0x3f9bb2", "0x3b68c9ed"
"W", "0x141ef7", "0x17447ce3"
"R", "0xa6290"
"W", "0x1378ce", "0x17a41ae1"
"W", "0x35df4b", "0x378aee95"
"R", "0x2797c5"
"W", "0x2e155f", "0x33e3f604"
"R", "0xcfb34"
"W", "0xb08b9", "0xedca66c"
"R", "0x67d9a"
"W", "0x122c7c", "0x7b048015"
"W", "0x3492f9", "0x7c7908cf"
"R", "0x53148"
"W", "0xb08b9", "0x355a772b"
"R", "0x283dee"
"W", "0x141ef7", "0x57511e2d"
"W", "0x368574", "0x883d29"
"R", "0x2797c5"
"W", "0x372b9d", "0x5cc54ea8"
"W", "0x2a3069", "0x701d8b80"
"W", "0x207402", "0x2b69a51d"
"W", "0x391e18", "0x21dcb50b"
"R", "0x44ccfa"
"W", "0x1a9c91", "0x62ab600e"
"W", "0x2cc90d", "0x1d75319c"
"R", "0x141ef7"
"R", "0x2b7cbb"
"R", "0x19503f"
"W", "0x24ff21", "0x7d39b38"
"R", "0xe4786"
"W", "0x12d2a5", "0x6fd8f559"
"R", "0x1803ed"
"W", "0x1e8187", "0x4b274385"
"W", "0x2458f8", "0x36e3ef11"
"R", "0x7c9ec"
"R", "0x2797c5"
"W", "0x2cc90d", "0x1f1f379c"
"W", "0x24ff21", "0x1dd4fb6e"
"R", "0x33ecd"
"W", "0xda15d", "0x54423743"
"R", "0x19f668"
"R", "0x3da937"
"W", "0x3da937", "0x453a5306"
"W", "0x723c3", "0x302efe48"
"R", "0x2e155f"
"W", "0x3e4f60", "0x7f7295c1"
"W", "0x2ebb88", "0x2c313430"
"W", "0xb08b9", "0x32f0f25e"
"W", "0x103a01", "0x5e2ed434"
"W", "0x32a07e", "0x62f48de7"
"R", "0x33ecd0"
"R", "0x53148"
"W", "0x3bb6bc", "0x3ad1744"
"W", "0x12d2a5", "0x45a8f75b"
"R", "0x35df4b"
"W", "0x19503f", "0x5316ec0a"
"W", "0x67d9a", "0x18a6e664"
"W", "0xa6290", "0x4cbcfc94"
"R", "0x40e804"
"R", "0x14c520"
"R", "0x2a3069"
"R", "0x1e8187"
"W", "0x2ad692", "0x53aeb922"
"R", "0xbaee2"
"W", "0xa6290", "0x5d41f047"
"R", "0x1378ce"
"R", "0x5d771"
"W", "0x30ae03", "0x4f703314"
"R", "0x48b1f"
"R", "0x30ae03"
"R", "0x1b42ba"
"R", "0x3877ef"
"R", "0x3877ef"
"R", "0x23b2cf"
"R", "0x2c22e4"
"R", "0xbaee2"
"W", "0x1d3535", "0x768098da"
"W", "0x3da937", "0x2925259"
"R", "0x16b79b"
"W", "0x31542c", "0x7d4c3b9c"
"R", "0x87015"
"W", "0x3d030e", "0x117b6934"
"R", "0x1b42ba"
"W", "0x2ebb88", "0x10932299"
"R", "0x1f27b0"
"W", "0xbaee2", "0x72f33007"
"R", "0x3d030e"
"W", "0x3c5ce5", "0x81f1025"
"W", "0x3a6a6a", "0x7f097df2"
"R", "0xc550b"
"R", "0x31542c"
"R", "0x33ecd0"
"R", "0x418e2d"
"W", "0x156b49", "0xcf7d6c"
"W", "0x40e804", "0xadc168c"
"W", "0xbaee2", "0x3c914425"
"R", "0x175dc4"
"W", "0x3f9bb2", "0x41cc4d0f"
"R", "0x19503f"
"W", "0x3bb6bc", "0x7ef412ea"
"R", "0x207402"
"R", "0x156b49"
"W", "0x25a54a", "0xd64132f"
"R", "0x1ddb5e"
"R", "0x122c7c"
"R", "0xc550b"
"W", "0x3a6a6a", "0x1abbc804"
"R", "0x2f61b1"
"W", "0xc550b", "0x8287e76"
"R", "0x4041db"
"W", "0x7c9ec", "0x3af8a057"
"R", "0x1be8e3"
"R", "0xe4786"
"W", "0x2cc90d", "0x6a1c3d22"
"R", "0x2c22e4"
"W", "0x391e18", "0xaa8a4f9"
"R", "0x423456"
"W", "0x19503f", "0x6129eced"
"W", "0x1b42ba", "0x1f7f2c13"
"W", "0x19503f", "0x687951f9"
"W", "0x298a40", "0x751c80e7"
"R", "0x3877ef"
"W", "0x7c9ec", "0x444ffdec"
"W", "0x1d3535", "0x595775a"
"R", "0x42da7f"
"R", "0xa6290"
"W", "0x2e155f", "0x7269be2f"
"W", "0x10e02a", "0xd9355ce"
"R", "0x16b79b"
"W", "0xbaee2", "0x36c2e507"
"W", "0x723c3", "0x7bcaf4da"
"R", "0x3e4f6"
"R", "0x2c22e4"
"W", "0xcfb34", "0xfb0c9aa"
"W", "0x12d2a5", "0x5aea5676"
"R", "0x33ecd"
"R", "0x32a07e"
"W", "0x175dc4", "0x792dc074"
"R", "0x18aa16"
"R", "0x26f19c"
"R", "0x31fa55"
"W", "0x372b9d", "0x7cf6f7fe"
"R", "0x2797c5"
"R", "0x33ecd"
"W", "0x2ebb88", "0x28cf964b"
"R", "0x4041db"
"R", "0x37d1c6"
"R", "0x1be8e3"
"W", "0x42da7f", "0x5247b343"
"W", "0x37d1c6", "0x7fb32b1c"
"W", "0x22667d", "0x75a0a839"
"R", "0x298a40"
"W", "0x7c9ec", "0x4c19d04c"
"W", "0x5d771", "0x1f6ebbf2"
"R", "0xeedaf"
"R", "0x2a3069"
"W", "0x4041db", "0x747c54d2"
"W", "0x23b2cf", "0x4fd33fed"
"W", "0x28e417", "0x7117cf97"
"W", "0x1f27b0", "0x18bd45b1"
"W", "0x40e804", "0x35faf3a9"
"W", "0x1378ce", "0x93673b2"
"W", "0xe4786", "0x3922eb6d"
"W", "0x3d030e", "0x492e562b"
"W", "0x1be8e3", "0x39f5d739"
"R", "0xda15d"
"R", "0x211a2b"
"R", "0x4041db"
"R", "0x230ca6"
"R", "0x32a07e"
"W", "0x32a07e", "0x6663c876"
"W", "0x2ebb88", "0x69692b8f"
"W", "0x21c054", "0x7558e0fe"
"R", "0x48b1f"
"R", "0x230ca6"
"R", "0x368574"
"R", "0xc550b"
"W", "0x19503f", "0x3ddddb89"
"W", "0x207402", "0x31fdcacb"
"W", "0x40e804", "0x29d9f996"
"R", "0x211a2b"
"R", "0x33ecd"
"W", "0xe4786", "0x24929a4"
"R", "0x87015"
"W", "0x33ecd", "0x757835cc"
"R", "0x230ca6"
"R", "0xb08b9"
"W", "0x2797c5", "0x20ab8a37"
"R", "0x1d3535"
"W", "0x9bc67", "0x60c72d99"
"W", "0x230ca6", "0x3f9008ac"
"W", "0x4041db", "0x3a756c61"
"R", "0x31fa55"
"R", "0x67d9a"
"R", "0xda15d"
"W", "0x3da937", "0x3aa6ba82"
"R", "0x3b1093"
"W", "0x1d3535", "0x3c1c3dc5"
"W", "0x2b7cbb", "0x20aad20c"
"R", "0x1803ed"
"W", "0x3b1093", "0x6dc97089"
"R", "0xf93d8"
"R", "0x23b2cf"
"W", "0x5d771", "0x5e863fa9"
"R", "0x28e417"
"R", "0x423456"
"R", "0x23b2cf"
"W", "0xc550b", "0x3983bcce"
"R", "0x2458f8"
"R", "0x28e417"
"W", "0x3da937", "0x2ce192c9"
"W", "0x1be8e3", "0x52f1c784"
"W", "0xbaee2", "0x409cb459"
"W", "0x264b73", "0x65bfc76c"
"W", "0x12d2a5", "0x6b28cda9"
"W", "0x2797c5", "0xfc48e4a"
"R", "0x122c7c"
"W", "0x28e417", "0x1eb428aa"
"W", "0x2ad692", "0x1b720dff"
"R", "0x2ebb88"
"R", "0x3e4f60"
"R", "0x723c3"
"R", "0x3a6a6a"
"R", "0x2cc90d"
"R", "0x4426d1"
"W", "0x368574", "0x137a2cd5"
"W", "0x353922", "0x264488de"
"W", "0x2b7cbb", "0x2771ff35"
"W", "0x87015", "0x5157a381"
"R", "0x2b7cbb"
"W", "0x3ef589", "0xae44deb"
"R", "0x25a54a"
"R", "0x141ef7"
"W", "0x2c22e4", "0xb919ea7"
"W", "0x391e18", "0xd13b2a5"
"R", "0x39c441"
"W", "0x39c441", "0x6e32b1fe"
"R", "0x1ddb5e"
"W", "0x44ccfa", "0x2da564f7"
"R", "0x2e155f"
"R", "0x2797c5"
"R", "0x368574"
"W", "0x4426d1", "0x75685c7"
"W", "0x3ef589", "0x257d6901"
"R", "0xda15d"
"R", "0x283dee"
"R", "0x418e2d"
"W", "0xe4786", "0x7d697330"
"R", "0x1e8187"
"R", "0x32a07e"
"R", "0x4426d1"
"R", "0x67d9a"
"W", "0xa6290", "0x55155da5"
"W", "0x18aa16", "0x42c349b7"
"W", "0x19f668", "0x9e1d3d0"
"R", "0xb08b9"
"W", "0x230ca6", "0x6956c0c9"
"W", "0x2f61b1", "0x5c14302b"
"R", "0x283dee"
"R", "0x9bc67"
"W", "0x2ebb88", "0x15cbcd70"
"W", "0x12d2a5", "0x6918e78c"
"W", "0x67d9a", "0x2083ca88"
"W", "0xeedaf", "0x671e30a3"
"R", "0xe4786"
"W", "0x28e417", "0x7bc6c98a"
"R", "0x7c9ec"
"R", "0x1ddb5e"
"R", "0xb08b9"
"R", "0x1c8f0c"
"R", "0x298a4"
"R", "0x3492f9"
"W", "0xbaee2", "0x52f508be"
"W", "0x298a4", "0xe6388ad"
"W", "0xda15d", "0x4241b37f"
"R", "0x30ae03"
"R", "0x391e18"
"R", "0x4380a8"
"W", "0x18aa16", "0x4ca1bbe5"
"R", "0x7c9ec"
"W", "0x1ddb5e", "0x1b8052aa"
"R", "0x2ebb88"
"R", "0xb08b9"
"W", "0x1e8187", "0xcd73565"
"W", "0x298a40", "0xf07bf5"
"R", "0x32a07e"
"R", "0x1b42ba"
"R", "0x298a40"
"W", "0x19f668", "0x43f874a2"
"W", "0x1d3535", "0x5888701"
"R", "0x32a07e"
"W", "0x48b1f", "0x70a69135"
"W", "0x372b9d", "0x6b48205b"
"W", "0x2a3069", "0x2cda5e0"
"W", "0xcfb34", "0x1af2ac73"
"W", "0x1f27b0", "0x965db1e"
"W", "0x33ecd0", "0x34d4c612"
"W", "0x368574", "0x450987a9"
"W", "0x2a3069", "0x798b1fee"
"R", "0x372b9d"
"R", "0x141ef7"
"R", "0x2c22e4"
"R", "0x1be8e3"
"R", "0x3da937"
"W", "0x30ae03", "0x6ebf258a"
"R", "0x2e155f"
"R", "0x207402"
"W", "0x141ef7", "0x61cab1a0"
"W", "0x2ebb88", "0x71972137"
"W", "0x211a2b", "0x2fffd5de"
"R", "0x3e4f6"
"W", "0x1803ed", "0x1bddd028"
"R", "0x2458f8"
"W", "0x2cc90d", "0x6cc889f0"
"W", "0x3da937", "0xdd831de"
"R", "0x3877ef"
"W", "0x3da937", "0x5cbc93e"
"R", "0x21c054"
"R", "0x3877ef"
"W", "0x2ad692", "0x305b7bae"
"R", "0xa6290"
"R", "0x391e18"
"W", "0x16b79b", "0x424d961b"
"R", "0x5d771"
"W", "0x14c520", "0x18b2f07a"
"W", "0x298a40", "0x19b91810"
"W", "0x298a4", "0x6cbc7891"
"W", "0x67d9a", "0x46de0da"
"R", "0x3c5ce5"
"R", "0x3492f9"
"R", "0x3ef589"
"W", "0x42da7f", "0x18838e90"
"W", "0x2e155f", "0x282819e0"
"R", "0x1d3535"
"R", "0xc550b"
"R", "0x3bb6bc"
"W", "0x2f61b1", "0x7d0fc860"
"R", "0xbaee2"
"W", "0x16b79b", "0x83435d6"
"W", "0x32a07e", "0x2e73615d"
"W", "0x391e18", "0x793f36b4"
"R", "0x1d3535"
"R", "0x4380a8"
"W", "0xc550b", "0x55956d97"
"W", "0x46194c", "0x41f54725"
"R", "0x4041db"
"W", "0x3f9bb2", "0x4f21991d"
"R", "0x1b42ba"
"R", "0x3f9bb2"
"W", "0x1fcdd9", "0x25e4cd13"
"R", "0x103a01"
"R", "0x368574"
"R", "0x10e02a"
"W", "0x1c8f0c", "0x6f7d57a2"
"R", "0x3e4f6"
"W", "0x1fcdd9", "0x7978cd3"
"R", "0x14c520"
"R", "0x1c8f0c"
"W", "0x230ca6", "0x64a2a6b2"
"W", "0x207402", "0x59fa1c39"
"W", "0x391e18", "0x784c04b7"
"R", "0x3c5ce5"
"R", "0x1d3535"
"W", "0x53148", "0x285deb9b"
"R", "0x1803ed"
"R", "0x87015"
"W", "0xa6290", "0x556fa9ba"
"W", "0x3c5ce5", "0x7dbc7df0"
"R", "0x3c5ce5"
"W", "0x3492f9", "0xc815f4c"
"R", "0x1c8f0c"
"W", "0x30ae03", "0x4f393ccd"
"W", "0xcfb34", "0x5834ddac"
"W", "0x3877ef", "0x5d959197"
"R", "0x37d1c6"
"R", "0x2f61b1"
"R", "0x1be8e3"
"R", "0x1a9c91"
"W", "0x1a9c91", "0x5d65e425"
"R", "0x2f61b1"
"W", "0x46194c", "0x5b5769bf"
"R", "0x12d2a5"
"R", "0x3ef589"
"R", "0x1378ce"
"W", "0x16b79b", "0x4951526b"
"W", "0x53148", "0x4b2f08e"
"W", "0x10e02a", "0x5521b28e"
"W", "0x18aa16", "0x25f343be"
"R", "0x1a9c91"
"R", "0x2458f8"
"W", "0x1be8e3", "0x22209d62"
"R", "0xda15d"
"W", "0x53148", "0x11297376"
"R", "0x7c9ec"
"R", "0x25a54a"
"R", "0x2b7cbb"
"W", "0x3f9bb2", "0x28feb2a4"
"R", "0x2ad692"
"W", "0x2ebb88", "0x24b99fdc"
"W", "0x1be8e3", "0x6c93ecde"
"R", "0x1be8e3"
"W", "0x53148", "0x54fea44"
"R", "0x33ecd"
"W", "0x2ebb88", "0x67eaf0af"
"R", "0x161172"
"R", "0x2cc90d"
"R", "0x4041db"
"R", "0x1ddb5e"
"R", "0x2458f8"
"W", "0x207402", "0x1940a544"
"W", "0x372b9d", "0x43f06da0"
"R", "0x2a3069"
"W", "0x28e417", "0xe7d176e"
"R", "0x264b73"
"W", "0x37d1c6", "0x15a66c25"
"W", "0x3da937", "0x7ab7c948"
"R", "0x298a40"
"W", "0x67d9a", "0x5138ceec"
"R", "0x30ae03"
"R", "0xb08b9"
"R", "0x3f9bb2"
"R", "0x2e155f"
"W", "0x2c22e4", "0x243fa0ed"
"W", "0x3346a7", "0x5fd9f9cc"
"R", "0x21c054"
"R", "0x103a01"
"R", "0x2a3069"
"W", "0x67d9a", "0x64127eb7"
"W", "0x16b79b", "0x49bb1f8d"
"W", "0x5d771", "0x4f7da664"
"W", "0x3c5ce5", "0x41579667"
"W", "0x12d2a5", "0x70d0c4aa"
"W", "0x33ecd", "0x2caf23e"
"W", "0x3d030e", "0x73526e76"
"R", "0x1ddb5e"
"W", "0x211a2b", "0x677cdb66"
"R", "0x9bc67"
"R", "0x2e155f"
"W", "0x53148", "0x3c897461"
"W", "0x14c520", "0x52177d0f"
"R", "0x23b2cf"
"R", "0x1be8e3"
"W", "0x156b49", "0x3471f233"
"R", "0x9bc67"
"R", "0x122c7c"
"W", "0x16b79b", "0xf3031b0"
"W", "0x53148", "0x619aff08"
"R", "0x423456"
"W", "0x2d6f36", "0x712a519d"
"R", "0x2458f8"
"W", "0x264b73", "0x63d1295f"
"R", "0x3a6a6a"
"W", "0x1f27b0", "0x2929e835"
"W", "0x19503f", "0x7934ffc4"
"W", "0x156b49", "0x25196fbb"
"W", "0x22667d", "0x38942743"
"W", "0x1803ed", "0x4b03f514"
"W", "0x3492f9", "0x94135b4"
"R", "0x3c5ce5"
"W", "0x161172", "0x425cd502"
"R", "0x156b49"
"W", "0x7c9ec", "0x1bafee3c"
"R", "0x12d2a5"
"W", "0x1378ce", "0x181a557f"
"W", "0x141ef7", "0x278a1f74"
"R", "0x28e417"
"R", "0x48b1f"
"R", "0x1803ed"
"R", "0x30ae03"
"R", "0x39c441"
"R", "0xb08b9"
"R", "0x103a01"
"W", "0x103a01", "0x7250eca2"
"W", "0xda15d", "0x2abed56"
"R", "0x156b49"
"R", "0x2b7cbb"
"W", "0xbaee2", "0xcbf7b5"
"R", "0x37d1c6"
"W", "0xe4786", "0x2358d2f2"
"W", "0x3e4f60", "0x3599748c"
"W", "0x5d771", "0x2c42031"
"W", "0x2c22e4", "0x1522362"
"R", "0x3492f9"
"W", "0x3f9bb2", "0x4d44424b"
"W", "0x19503f", "0x1a9956b3"
"W", "0x423456", "0x4860631c"
"W", "0x31542c", "0x343484de"
"W", "0x122c7c", "0x444693cd"
"W", "0x353922", "0x47014c87"
"W", "0x18aa16", "0x18b0827a"
"W", "0x7c9ec", "0x59845a03"
"R", "0x2f61b1"
"R", "0x2797c5"
"R", "0x298a40"
"W", "0x175dc4", "0x487f40df"
"W", "0x3f9bb2", "0xa5137db"
"W", "0x2e155f", "0x8fb8f6a"
"R", "0xe4786"
"R", "0x3d030e"
"R", "0x175dc4"
"W", "0x5d771", "0x6cb9d2fa"
"R", "0x3da937"
"R", "0x353922"
"R", "0x3bb6bc"
"W", "0x1803ed", "0x5264cd0c"
"W", "0x46194c", "0x695dce15"
"W", "0x118653", "0x450c94c2"
"R", "0x21c054"
"R", "0x2cc90d"
"R", "0x2e155f"
"R", "0x1f27b"
"R", "0x10e02a"
"R", "0x1c8f0c"
"R", "0x264b73"
"W", "0xb08b9", "0x40a1a828"
"R", "0x19503f"
"W", "0x67d9a", "0x7c383b9"
"W", "0x2ad692", "0x6db0181"
"W", "0x32a07e", "0x647813b1"
"R", "0x1a9c91"
"W", "0x1f27b", "0x6b3c3344"
"W", "0x18aa16", "0x1a675c71"
"R", "0x37d1c6"
"R", "0x1378ce"
"R", "0x1803ed"
"W", "0xda15d", "0x288bc0bc"
"W", "0x391e18", "0x4393c421"
"R", "0x372b9d"
"W", "0x3346a7", "0x24549bb9"
"W", "0x42da7f", "0x7e4e4fd4"
"R", "0x31fa55"
"R", "0x372b9d"
"W", "0x2cc90d", "0x59592946"
"R", "0x1a9c91"
"R", "0x1e8187"
"R", "0x3c5ce5"
"W", "0x87015", "0x19ce2141"
"W", "0x30ae03", "0x464d0bce"
"R", "0x283dee"
"R", "0x3e4f60"
"R", "0x25a54a"
"W", "0x3bb6bc", "0x61cd00d4"
"W", "0x2797c5", "0x891de94"
"W", "0x283dee", "0xdc94a4e"
"W", "0x3bb6bc", "0x27dfb5c2"
"R", "0xb08b9"
"W", "0x12d2a5", "0xb162030"
"W", "0xda15d", "0x689e678e"
"R", "0xcfb34"
"W", "0x40e804", "0x34fc1c3a"
"W", "0xe4786", "0x3b5005f4"
"W", "0x3d030e", "0x25c3f351"
"R", "0x1e8187"
"W", "0x1803ed", "0x15c9df95"
"R", "0x10e02a"
"R", "0x2797c5"
"W", "0x141ef7", "0x6cbe40a7"
"R", "0x1f27b0"
"R", "0x19f668"
"W", "0xb08b9", "0x74d44d31"
"W", "0x24ff21", "0xb9fd8c1"
"R", "0x39c441"
"R", "0x3492f9"
"W", "0x18aa16", "0x3c57ae49"
"R", "0xc550b"
"R", "0x28e417"
"W", "0x1a9c91", "0x3bae75a3"
"W", "0x298a40", "0x660057b9"
"W", "0x1378ce", "0x6b9558f9"
"W", "0x2e155f", "0x6d01df6b"
"R", "0x30ae03"
"W", "0x118653", "0x1d3ba2f"
"R", "0x1ddb5e"
"W", "0x3bb6bc", "0x5ac71fa4"
"R", "0x3ef589"
"R", "0x9163e"
"W", "0x1f27b0", "0x2795b041"
"W", "0x1c8f0c", "0xa86f49f"
"W", "0x26f19c", "0x2b82350"
"R", "0x9bc67"
"W", "0x3bb6bc", "0x3409e5e1"
"W", "0x33ecd0", "0x1e84e0db"
"R", "0x23b2cf"
"R", "0x23b2cf"
"W", "0x372b9d", "0x71549812"
"R", "0x3bb6bc"
"R", "0x2c22e4"
"R", "0x3bb6bc"
"R", "0x118653"
"W", "0x33ecd", "0x7af9de64"
"R", "0x141ef7"
"W", "0x2c22e4", "0x78fcfe79"
"W", "0x14c520", "0x28998e1"
"R", "0x3c5ce5"
"R", "0x2c22e4"
"W", "0x18aa16", "0x106d4c16"
"W", "0x1f27b0", "0x4a0b77fb"
"W", "0xb08b9", "0x58426146"
"R", "0x24ff21"
"R", "0x25a54a"
"R", "0x3ef589"
"R", "0x1e8187"
"R", "0x23b2cf"
"R", "0x22667d"
"R", "0x2d6f36"
"R", "0x5d771"
"W", "0xf93d8", "0x7111bbe4"
"R", "0x207402"
"W", "0x353922", "0x7a7b9324"
"W", "0x10e02a", "0x6523b9b2"
"W", "0x16b79b", "0x30b7a82d"
"R", "0x3877ef"
"R", "0x28e417"
"W", "0x31542c", "0x5286b421"
"R", "0x2f61b1"
"W", "0x391e18", "0x5c4c3f79"
"W", "0x9163e", "0x7e93fa56"
"R", "0x18aa16"
"W", "0x3346a7", "0x118bf577"
"R", "0x23b2cf"
"W", "0x4380a8", "0x5d471f17"
"R", "0x4041db"
"R", "0x25a54a"
"R", "0x53148"
"W", "0x2797c5", "0x516640c3"
"R", "0x19503f"
"W", "0xb08b9", "0xdc02acb"
"W", "0x2e155f", "0x50369053"
"R", "0x122c7c"
"R", "0x298a4"
"W", "0x3d030e", "0x5a89c2a7"
"W", "0x28e417", "0xcb0aff0"
"W", "0x2ebb88", "0x79c0d422"
"W", "0x40e804", "0x36b84d44"
"W", "0x264b73", "0x78de9fab"
"R", "0x3d030e"
"R", "0x22667d"
"R", "0x1f27b"
"R", "0x67d9a"
"R", "0x1b42ba"
"W", "0x12d2a5", "0x1910f96d"
"W", "0x21c054", "0x4115a9dd"
"R", "0x3b1093"
"W", "0x3da937", "0x3c368ce"
"W", "0x3346a7", "0xdaf8c2a"
"R", "0x7c9ec"
"R", "0x3d030e"
"R", "0x30ae03"
"W", "0x3346a7", "0x52593d96"
"R", "0x118653"
"R", "0xa6290"
"W", "0x3b1093", "0xc777ebf"
"R", "0x42da7f"
"R", "0xbaee2"
"R", "0x39c441"
"R", "0x31fa55"
"W", "0x207402", "0x25d15f59"
"R", "0x2ebb88"
"W", "0x10e02a", "0x3b6f41d4"
"R", "0x3007da"
"W", "0x53148", "0x70db8d2"
"R", "0x2e155f"
"R", "0x23b2cf"
"W", "0x418e2d", "0x694a6cf0"
"W", "0x1c8f0c", "0x21931d04"
"W", "0x353922", "0x4ca36401"
"W", "0x1c8f0c", "0x1364bf8f"
"R", "0x3007da"
"R", "0x1be8e3"
"W", "0x3ef589", "0x8390509"
"W", "0x2cc90d", "0xfd4b52e"
"W", "0x3bb6bc", "0x65b0da2d"
"R", "0x175dc4"
"W", "0x211a2b", "0x7288ad89"
"R", "0x33ecd0"
"W", "0x1d3535", "0x30450fe8"
"R", "0x175dc4"
"R", "0x28e417"
"W", "0x9163e", "0x7a5960d9"
"W", "0x25a54a", "0x2207882c"
"W", "0x18aa16", "0x2f41a11f"
"W", "0x423456", "0x546c17aa"
"W", "0x2cc90d", "0x6b750889"
"R", "0x118653"
"W", "0x1ddb5e", "0x7def704"
"R", "0x33ecd0"
"W", "0x31fa55", "0x75ca9875"
"W", "0x3da937", "0x953166"
"W", "0x33ecd0", "0x24d5749e"
"R", "0x372b9d"
"W", "0x2f61b1", "0x7efad505"
"W", "0x5d771", "0x198e9616"
"R", "0x19503f"
"W", "0x3f9bb2", "0x10b5468d"
"W", "0x26f19c", "0x1f8a0f73"
"W", "0x4380a8", "0x445eaadd"
"W", "0x368574", "0x3e6705cc"
"W", "0x175dc4", "0x7c8d45a3"
"W", "0x1803ed", "0x4567b23e"
"R", "0x7c9ec"
"R", "0x391e18"
"R", "0x3ef589"
"R", "0x1c8f0c"
"R", "0x1e8187"
"W", "0x14c520", "0x6b012b3c"
"R", "0x19503f"
"W", "0x16b79b", "0x1d14fc36"
"W", "0xbaee2", "0x70a98527"
"R", "0x2b7cbb"
"W", "0x1be8e3", "0x4cd68b81"
"R", "0x3492f9"
"W", "0x156b49", "0x3d6ad44e"
"R", "0x2b7cbb"
"W", "0x3492f9", "0x61602da1"
"R", "0x3c5ce5"
"R", "0xbaee2"
"W", "0x14c520", "0x15790b21"
"R", "0x283dee"
"W", "0x298a4", "0x6dd945d4"
"R", "0x1c8f0c"
"R", "0x2a3069"
"W", "0x298a40", "0x109c2d2"
"R", "0x53148"
"W", "0x2a3069", "0x95eb0a"
"W", "0xc550b", "0x486144c6"
"R", "0x14c52"
"R", "0x2797c5"
"W", "0x16b79b", "0x1f89d292"
"W", "0x2797c5", "0x5cca076c"
"R", "0x9163e"
"W", "0x31fa55", "0x32ae8853"
"R", "0x1c8f0c"
"R", "0x5d771"
"W", "0x103a01", "0x33b29002"
"W", "0x1fcdd9", "0x6718880b"
"W", "0x32a07e", "0x6e5af181"
"R", "0x3346a7"
"R", "0xa6290"
"R", "0x3492f9"
"W", "0x3877ef", "0x7960dc1d"
"R", "0x12d2a5"
"R", "0x1be8e3"
"W", "0x1378ce", "0x1b1051fa"
"R", "0x26f19c"
"W", "0x161172", "0x7c684f24"
"W", "0x298a40", "0x3fcfc1ae"
"R", "0x1378ce"
"R", "0x16b79b"
"W", "0x12d2a5", "0x61d7fdbd"
"W", "0x30ae03", "0x36c36ce7"
"R", "0x118653"
"W", "0x1b42ba", "0x4aa16337"
"W", "0x7c9ec", "0x1e1a2d27"
"W", "0x122c7c", "0x94fd0b4"
"R", "0x3a6a6a"
"W", "0x1d3535", "0xa8bad3b"
"W", "0x31fa55", "0x2cef4a53"
"W", "0x3c5ce5", "0x3f496330"
"W", "0x19503f", "0x78cbe538"
"R", "0x3877ef"
"R", "0x31fa55"
"R", "0xda15d"
"R", "0x3007da"
"W", "0x391e18", "0x721a6d70"
"R", "0x32a07e"
"R", "0x161172"
"R", "0x122c7c"
"W", "0x1378ce", "0x2c5250fc"
"R", "0x31542c"
"W", "0x28e417", "0x5e5750f5"
"R", "0x103a01"
"W", "0x3877ef", "0x3d8bd553"
"W", "0x264b73", "0x39a6385b"
"W", "0x122c7c", "0xe35c41d"
"R", "0x2d6f36"
"R", "0x42da7f"
"R", "0x4380a8"
"W", "0x211a2b", "0x53539c2d"
"R", "0x4380a8"
"R", "0x2d6f36"
"R", "0x5d771"
"R", "0x67d9a"
"W", "0x5d771", "0x7ad2c204"
"R", "0x211a2b"
"W", "0xe4786", "0x1077cafd"
"R", "0x33ecd"
"R", "0xda15d"
"W", "0x2c22e4", "0x37306443"
"W", "0x37d1c6", "0x5e67d173"
"W", "0x46bf75", "0x674358f3"
"R", "0x211a2b"
"R", "0x7c9ec"
"R", "0xf93d8"
"R", "0x2458f8"
"W", "0x22667d", "0x6c16515c"
"R", "0x2b7cbb"
"R", "0x2ebb88"
"R", "0x22667d"
"R", "0x3b1093"
"R", "0x2a3069"
"R", "0x3007da"
"W", "0x1378ce", "0x5fc35b33"
"R", "0x2f61b1"
"W", "0x3c5ce5", "0x16c0b409"
"W", "0x10e02a", "0x79b3a52c"
"R", "0x21c054"
"W", "0x3007da", "0x7a7334b6"
"W", "0x2cc90d", "0x77a2c94a"
"W", "0x19503f", "0x4aa06f2e"
"R", "0xf93d8"
"W", "0x2d6f36", "0xdcd6a18"
"R", "0x723c3"
"R", "0x423456"
"W", "0x2ebb88", "0x7ec2354"
"W", "0x16b79b", "0x3d2d5b8"
"W", "0x33ecd0", "0x5cd2f431"
"W", "0x175dc4", "0x36e906b1"
"R", "0x1803ed"
"R", "0x2458f8"
"R", "0x2458f8"
"R", "0x1d3535"
"R", "0xf93d8"
"W", "0xda15d", "0x4c664759"
"W", "0x1378ce", "0x6a465753"
"W", "0x175dc4", "0x2c322e9e"
"W", "0x10e02a", "0x3f21edd9"
"R", "0x1d3535"
"R", "0x12d2a5"
"W", "0x22667d", "0x32fa1e96"
"W", "0x353922", "0x57ccdaba"
"W", "0x21c054", "0x52cb73c0"
"R", "0x14c520"
"R", "0x3f9bb2"
"W", "0x37d1c6", "0x6945d94a"
"R", "0x2797c5"
"R", "0x3bb6bc"
"R", "0x175dc4"
"R", "0x161172"
"R", "0x9163e"
"W", "0xf93d8", "0x174551c8"
"R", "0x1c8f0c"
"R", "0x19503f"
"W", "0x25a54a", "0x5cf82d7c"
"W", "0x26f19c", "0x34cbfda2"
"W", "0x1ddb5e", "0x2c512dc0"
"R", "0x14c520"
"W", "0x283dee", "0x1a041e7"
"R", "0x39c441"
"R", "0x33ecd0"
"W", "0x2c22e4", "0x43f74f7e"
"W", "0x353922", "0x1e53b699"
"R", "0x16b79b"
"R", "0x33ecd"
"W", "0x28e417", "0x4ce4fa56"
"R", "0x14c520"
"W", "0x2d6f36", "0x317a6a5f"
"R", "0x211a2b"
"R", "0x3492f9"
"W", "0x1fcdd9", "0xa29f8f5"
"W", "0x368574", "0x2a9c7028"
"W", "0x3f9bb2", "0x734f4a79"
"W", "0x2ad692", "0x41718f4e"
"R", "0x87015"
"W", "0x2c22e4", "0x4f23f9a"
"R", "0x2458f8"
"R", "0x2ebb88"
"R", "0x423456"
"W", "0x53148", "0x17d342c8"
"R", "0x1ddb5e"
"W", "0x19503f", "0x667534e5"
"R", "0x372b9d"
"R", "0x3d030e"
"R", "0x2b7cbb"
"R", "0x2ad692"
"W", "0x10e02a", "0x6fc12584"
"R", "0x3d030e"
"W", "0x264b73", "0x30b31c1c"
"R", "0x3ef589"
"R", "0x28e417"
"R", "0x2d6f36"
"R", "0xf93d8"
"W", "0x35df4b", "0xdfde2db"
"R", "0x48b1f"
"W", "0x67d9a", "0x544d7072"
"R", "0x37d1c6"
"R", "0x25a54a"
"R", "0x2458f8"
"R", "0x12d2a5"
"W", "0x103a01", "0x7c6eddc9"
"R", "0x3b1093"
"W", "0x9bc67", "0x205a5124"
"W", "0x3f9bb2", "0x31483a75"
"R", "0x141ef7"
"W", "0x3bb6bc", "0x2c7906e0"
"W", "0x5d771", "0x2f827817"
"R", "0x19503f"
"R", "0x12d2a5"
"R", "0x175dc4"
"W", "0x30ae03", "0x7813c2ee"
"R", "0x2a3069"
"W", "0x10e02a", "0x3d29515a"
"R", "0x1f27b0"
"W", "0x1803ed", "0xf6f72e"
"R", "0x19503f"
"R", "0x1d3535"
"W", "0x4041db", "0x39442933"
"W", "0x2a3069", "0xb220669"
"R", "0x1be8e3"
"R", "0x1e8187"
"W", "0x19503f", "0x3a792dd0"
"W", "0x3e4f60", "0x5f4efc97"
"W", "0x3bb6bc", "0x4e62e7e7"
"W", "0xeedaf", "0x47d13be1"
"R", "0x2797c5"
"W", "0x25a54a", "0x451950bc"
"R", "0x7c9ec"
"W", "0x156b49", "0x5472f071"
"W", "0x4426d1", "0x64cc50ad"
"R", "0x3346a7"
"W", "0x40e804", "0x55b9598d"
"R", "0x283dee"
"W", "0x161172", "0x1f9e39b6"
"W", "0x21c054", "0x44160485"
"W", "0x30ae03", "0x2526a951"
"W", "0xda15d", "0x68b8f0c9"
"W", "0x4041db", "0x46c2478f"
"W", "0xa6290", "0x4d98b473"
"R", "0x7c9ec"
"R", "0x42da7f"
"R", "0x2f61b1"
"W", "0x5d771", "0x3afe278"
"W", "0x1b42ba", "0x3ae17493"
"R", "0x30ae03"
"W", "0xda15d", "0x764527c4"
"W", "0x87015", "0x31c5e1e9"
"W", "0x2797c5", "0x4424db1"
"W", "0xe4786", "0x2359cccb"
"R", "0x26f19c"
"R", "0x2ebb88"
"W", "0x1c8f0c", "0xcda9ff5"
"W", "0xc550b", "0x41acb71f"
"W", "0x30ae03", "0x56325ebe"
"R", "0x372b9d"
"R", "0x141ef7"
"R", "0x2458f8"
"R", "0x42da7f"
"R", "0x353922"
"W", "0x28e417", "0x7107be0a"
"W", "0x230ca6", "0x5fd95b93"
"W", "0x2ebb88", "0xcb7e9fa"
"W", "0x3bb6bc", "0x718a1e03"
"R", "0x2c22e4"
"R", "0x3a6a6a"
"R", "0x2c22e4"
"W", "0x1803ed", "0x142cb22e"
"R", "0x7c9ec"
"R", "0x23b2cf"
"W", "0x3f9bb2", "0x48dd8933"
"R", "0x1c8f0c"
"W", "0x67d9a", "0x7b7cb530"
"W", "0xf93d8", "0x7fc9aa1f"
"W", "0x457323", "0x1be17606"
"R", "0x161172"
"R", "0xda15d"
"W", "0x31fa55", "0x1803204c"
"R", "0x39c441"
"R", "0x298a40"
"R", "0x3f9bb2"
"R", "0xeedaf"
"R", "0x368574"
"R", "0x156b49"
"R", "0x24ff21"
"R", "0x141ef7"
"W", "0x19f668", "0x4367cd8e"
"W", "0x3d030e", "0x78d177fc"
"W", "0x353922", "0x3c321662"
"W", "0x118653", "0x7d6f4eb1"
"R", "0xb08b9"
"W", "0x48b1f", "0x36fec4c"
"R", "0x1c8f0c"
"R", "0x21c054"
"R", "0x298a40"
"R", "0x2458f8"
"W", "0x2ebb88", "0x4135deee"
"W", "0x1c8f0c", "0x68d8d866"
"W", "0x87015", "0x86c15fa"
"R", "0x9bc67"
"W", "0x9163e", "0x47ddefc4"
"R", "0x18aa16"
"R", "0x2c22e4"
"R", "0x32a07e"
"W", "0x9bc67", "0x6442fdfc"
"W", "0x3d030e", "0x52c1c153"
"W", "0x1378ce", "0x5c7f9aa7"
"R", "0x298a40"
"W", "0x4041db", "0x27997767"
"W", "0xeedaf", "0x774d9fb2"
"W", "0x9bc67", "0x8205f2f"
"R", "0x161172"
"W", "0x9163e", "0x2988afcf"
"R", "0x53148"
"W", "0x723c3", "0x6be43f5d"
"R", "0x2cc90d"
"W", "0x53148", "0x4fac31e6"
"W", "0x175dc4", "0x1172bbcd"
"R", "0x3877ef"
"R", "0x23b2cf"
"R", "0x1b42ba"
"W", "0x18aa16", "0x220536ea"
"R", "0x2a3069"
"R", "0x264b73"
"R", "0x37d1c6"
"W", "0x7c9ec", "0x395ac502"
"W", "0x33ecd0", "0x37a65d7b"
"R", "0x16b79b"
"R", "0x40e804"
"W", "0xa6290", "0x42be4259"
"W", "0x26f19c", "0xc70c51a"
"W", "0x1a9c91", "0x532a5717"
"W", "0x103a01", "0x1e37061c"
"R", "0x2797c5"
"W", "0x3da937", "0x145c5848"
"R", "0x1a9c91"
"R", "0x211a2b"
"R", "0x3346a7"
"W", "0x33ecd0", "0xeeb89bd"
"W", "0x2797c5", "0x6941b430"
"W", "0x18aa16", "0xddaae7f"
"R", "0x372b9d"
"W", "0x368574", "0x686d3152"
"W", "0xa629", "0xcf671e3"
"R", "0x3d030e"
"R", "0x175dc4"
"R", "0x19f668"
"R", "0x161172"
"R", "0x26f19c"
"R", "0x2a3069"
"W", "0x2b7cbb", "0x6a9886d3"
"R", "0x418e2d"
"W", "0x2b7cbb", "0xc17ee97"
"R", "0x1b42ba"
"W", "0x161172", "0x14da40b1"
"W", "0x67d9a", "0x1ddc6cb0"
"W", "0x16b79b", "0x4a8404f"
"R", "0x118653"
"R", "0x35df4b"
"W", "0x122c7c", "0x228da281"
"R", "0x1a9c91"
"W", "0x368574", "0x3f013bcc"
"W", "0x2797c5", "0x357138d3"
"W", "0xe4786", "0x3ec846fa"
"W", "0x9bc67", "0x79a9e4ab"
"W", "0x1d3535", "0x3d5841b1"
"R", "0x1fcdd9"
"R", "0x723c3"
"R", "0x9bc67"
"W", "0x1c8f0c", "0x12374326"
"W", "0xeedaf", "0x30c5bf8"
"W", "0x31fa55", "0x201b06d6"
"R", "0x32a07e"
"R", "0x1e8187"
"W", "0x40e804", "0x7f2d0524"
"W", "0x24ff21", "0x2f8aafe1"
"W", "0x3c5ce5", "0x3814a0aa"
"R", "0x31fa55"
"W", "0x1d3535", "0xf5da881"
"W", "0x87015", "0x4e895e6c"
"W", "0x1b42ba", "0x62b7b643"
"W", "0x7c9ec", "0x47ed6e70"
"W", "0x103a01", "0x36cb26a3"
"W", "0xb08b9", "0x7a2f6a92"
"R", "0x423456"
"W", "0x3492f9", "0x41607c58"
"R", "0x7c9ec"
"R", "0x211a2b"
"R", "0x23b2cf"
"W", "0xda15d", "0x50700843"
"W", "0x12d2a5", "0xd177a2c"
"W", "0x3e4f6", "0x5f1cfaab"
"R", "0x12d2a5"
"W", "0x3b1093", "0x37c90caf"
"W", "0x1378ce", "0x411a6252"
"W", "0x3bb6bc", "0x6d5dae45"
"W", "0x2e155f", "0x3f65c7b5"
"W", "0x3877ef", "0x5be3f6f2"
"R", "0x35df4b"
"R", "0x1378ce"
"R", "0x9163e"
"R", "0x2e155f"
"R", "0x10e02a"
"W", "0x39c441", "0x4c16509f"
"R", "0xda15d"
"R", "0x3346a7"
"R", "0x18aa16"
"R", "0x19f668"
"W", "0x283dee", "0x2927a8b"
"W", "0x24ff21", "0x7e8da39c"
"R", "0x3346a7"
"W", "0x24ff21", "0x240884c7"
"W", "0x372b9d", "0x6a6302ac"
"W", "0x161172", "0x7546ee92"
"W", "0xbaee2", "0x62ca7702"
"W", "0x122c7c", "0x5575ab82"
"R", "0xa629"
"W", "0xa6290", "0x76b2c90e"
"W", "0x24ff21", "0x70fbbd0"
"W", "0x211a2b", "0x3b5e7fc9"
"R", "0x1378ce"
"R", "0x1d3535"
"W", "0x2d6f36", "0x17ccd972"
"R", "0x22667d"
"R", "0x298a40"
"W", "0x3e4f60", "0x35cb3270"
"R", "0x35df4b"
"W", "0x1f27b0", "0x2c05667"
"R", "0x3877ef"
"W", "0x283dee", "0xe5c5410"
"R", "0x40e804"
"R", "0x42da7f"
"R", "0x211a2b"
"W", "0x391e18", "0x2540aee"
"W", "0x161172", "0x6fdff80"
"R", "0x423456"
"W", "0x3a6a6a", "0x186dd3a7"
"W", "0x19f668", "0x732a783b"
"W", "0x30ae03", "0xfce44f5"
"W", "0x2cc90d", "0x2d9c67c1"
"R", "0x3da937"
"W", "0x2c22e4", "0x76e04455"
"W", "0x3bb6bc", "0x78797f73"
"R", "0x3da937"
"R", "0x3b1093"
"W", "0x21c054", "0x116f74f2"
"W", "0x22667d", "0x3f8e0bc9"
"W", "0x1f27b0", "0x7aa8fa85"
"W", "0xf93d8", "0x6b89831f"
"R", "0x3da937"
"R", "0x3346a7"
"W", "0x3b1093", "0x29602e24"
"R", "0x264b73"
"R", "0x1ddb5e"
"R", "0x7c9ec"
"W", "0x22667d", "0x221b4346"
"R", "0x372b9d"
"R", "0x3c5ce5"
"W", "0x122c7c", "0x4576cdc2"
"R", "0x2e155f"
"R", "0x9bc67"
"W", "0x5d771", "0x2075b5bd"
"W", "0x2ad692", "0x27f679ec"
"W", "0x19503f", "0x15b04344"
"R", "0x32a07e"
"W", "0x31542c", "0x623a3ad8"
"W", "0x33ecd", "0x529c73e7"
"W", "0x2458f8", "0x47d81d02"
"W", "0x26f19c", "0x350c7442"
"W", "0x31542c", "0x2c592479"
"W", "0x264b73", "0x7cc0a09e"
"R", "0x7c9ec"
"R", "0x2c22e4"
"W", "0x32a07e", "0x6456175e"
"W", "0x3877ef", "0x14970ea8"
"W", "0xbaee2", "0x5acd4ce7"
"R", "0x5d771"
"R", "0x3e4f60"
"R", "0x39c441"
"W", "0x40e804", "0xb98229d"
"W", "0x3007da", "0x733e211c"
"R", "0x14c520"
"R", "0x2c22e4"
"R", "0x67d9a"
"W", "0x39c441", "0x31f787fb"
"R", "0x156b49"
"W", "0x19503f", "0x5d49c0e8"
"R", "0x67d9a"
"R", "0x24ff21"
"R", "0x2f61b1"
"R", "0x2d6f36"
"W", "0x21c054", "0x19b7d39d"
"R", "0x7c9ec"
"W", "0x1fcdd9", "0x56bfc569"
"R", "0xbaee2"
"R", "0x3007da"
"W", "0x7c9ec", "0x482ae4b0"
"W", "0xa629", "0x24cac3b6"
"R", "0x1803ed"
"W", "0x40e804", "0x5e96d3d"
"W", "0xa6290", "0xc8c42b3"
"R", "0x2c22e4"
"W", "0x28e417", "0x3f7e3ffb"
"W", "0xc550b", "0x485056fc"
"W", "0x35df4b", "0x95cbacf"
"W", "0x230ca6", "0x579c4d42"
"R", "0x2b7cbb"
"W", "0x2e155f", "0x6d926513"
"W", "0x2ad692", "0xd09f903"
"W", "0x18aa16", "0x5d622e26"
"W", "0x22667d", "0x2dfb44e1"
"W", "0x372b9d", "0x2ae8b3b3"
"W", "0x39c441", "0x4e2d255f"
"R", "0x1be8e3"
"R", "0x14c520"
"W", "0x1803ed", "0x464021c4"
"R", "0x10e02a"
"W", "0x1fcdd9", "0x7684eaa6"
"R", "0xeedaf"
"W", "0xbaee2", "0x30b7d6f1"
"R", "0x368574"
"W", "0x353922", "0x490cc61b"
"W", "0x298a40", "0x1e5c92b6"
"R", "0x87015"
"W", "0x161172", "0x30165bd0"
"R", "0x10e02a"
"W", "0x1c8f0c", "0x2143e34c"
"W", "0x3ef589", "0x4781fa1a"
"W", "0x87015", "0x2fa03dcd"
"W", "0x2b7cbb", "0x3556dc53"
"W", "0x2cc90d", "0x6cb3ca86"
"R", "0x391e18"
"W", "0x298a40", "0x38196278"
"R", "0x2a3069"
"W", "0x33ecd0", "0x516feb89"
"W", "0x353922", "0x2fad76ba"
"W", "0x1f27b0", "0x5aa5f77b"
"R", "0xbaee2"
"R", "0x141ef7"
"R", "0x40e804"
"W", "0x122c7c", "0x65af0062"
"R", "0x31542c"
"R", "0x53148"
"W", "0x21c054", "0x703e74aa"
"W", "0x53148", "0xfb2f067"
"W", "0x19503f", "0x6bd6fff8"
"R", "0x2ebb88"
"R", "0x2d6f36"
"R", "0x391e18"
"W", "0x39c441", "0x17679b9c"
"W", "0xc550b", "0x728a3710"
"W", "0x40e804", "0x15a510bd"
"R", "0x1b42ba"
"R", "0x283dee"
"R", "0x298a4"
"R", "0x1fcdd9"
"W", "0xcfb34", "0x2c70997c"
"W", "0x32a07e", "0x55d279e9"
"W", "0xeedaf", "0xa4d0dae"
"W", "0x1ddb5e", "0x6a31acde"
"W", "0x3bb6bc", "0x6be08c9e"
"W", "0x67d9a", "0x4c70e287"
"R", "0x32a07e"
"R", "0x118653"
"W", "0x87015", "0x5e6f635"
"R", "0x2a3069"
"W", "0x28e417", "0x26aeceb7"
"R", "0x418e2d"
"R", "0x1f27b"
"R", "0x161172"
"R", "0x3bb6bc"
"W", "0x40e804", "0x3a002668"
"R", "0x37d1c6"
"W", "0x23b2cf", "0x43eccbe3"
"R", "0x122c7c"
"R", "0x28e417"
"W", "0xeedaf", "0x6e244f59"
"W", "0x2b7cbb", "0x4cb46a72"
"W", "0x353922", "0x3cc15f65"
"W", "0x2ebb88", "0x21597fac"
"W", "0x103a01", "0xdb8bf1f"
"R", "0x22667d"
"R", "0x25a54a"
"W", "0x1e8187", "0x6edf202e"
"R", "0x40e804"
"W", "0xeedaf", "0x6ec7d591"
"W", "0x4380a8", "0x40a5d65c"
"W", "0x87015", "0x2dabe1ec"
"R", "0x35df4b"
"R", "0x3e4f60"
"W", "0x7c9ec", "0x36ba5d92"
"W", "0x2ebb88", "0xfbe44e6"
"R", "0xa629"
"R", "0x283dee"
"R", "0x1a9c91"
"R", "0x3007da"
"W", "0x156b49", "0x75e71349"
"W", "0x2b7cbb", "0x1c9cd0c9"
"R", "0x207402"
"R", "0xeedaf"
"W", "0x3007da", "0xb5c7278"
"R", "0x24ff21"
"R", "0x423456"
"R", "0x87015"
"W", "0xbaee2", "0x1f9bd402"
"R", "0x5d771"
"W", "0x30ae03", "0x6609798b"
"W", "0xb08b9", "0x30aba1b9"
"W", "0x175dc4", "0xac7ac80"
"R", "0xb08b9"
"W", "0x19f668", "0x603ebcbb"
"W", "0x4380a8", "0x6a6c8321"
"R", "0x3346a7"
"R", "0x2cc90d"
"R", "0x103a01"
"R", "0x298a40"
"W", "0x67d9a", "0x7e2a941d"
"W", "0x122c7c", "0x34c9e8d7"
"R", "0x31fa55"
"W", "0xa6290", "0x339064c7"
"R", "0x3ef589"
"R", "0x3ef589"
"R", "0x2c22e4"
"W", "0x283dee", "0x30a2e233"
"W", "0x3007da", "0x589b7624"
"W", "0x14c520", "0x39b66dbb"
"W", "0x14c520", "0x7e16bbf2"
"W", "0x2ad692", "0x76d690fe"
"W", "0x103a01", "0x2f3fd0a2"
"W", "0x2f61b1", "0x1b035491"
"W", "0x1be8e3", "0x657ff298"
"W", "0x67d9a", "0x394a4e41"
"R", "0x39c441"
"R", "0x2f61b1"
"R", "0x2d6f36"
"W", "0x19503f", "0x1b339803"
"W", "0x1d3535", "0x3b944fce"
"R", "0x67d9a"
"R", "0x423456"
"R", "0x67d9a"
"W", "0x283dee", "0x51252455"
"R", "0x2b7cbb"
"R", "0x16b79b"
"R", "0x4426d1"
"R", "0x3492f9"
"W", "0x31fa55", "0x3f4a8c8b"
"R", "0x19503f"
"R", "0x3877ef"
"W", "0x3ef589", "0x1bf36e49"
"W", "0x2f61b1", "0x33ab8d9a"
"W", "0x141ef7", "0x6dca242"
"W", "0x67d9a", "0x1b0b7103"
"R", "0x21c054"
"R", "0x457323"
"W", "0x2f61b1", "0x32ffab2f"
"R", "0x19f668"
"R", "0x24ff21"
"R", "0x32a07e"
"W", "0x9bc67", "0x2d58df"
"R", "0x1f27b0"
"R", "0x2cc90d"
"W", "0x24ff21", "0x76b92f3c"
"W", "0xf93d8", "0x1a482403"
"R", "0x31fa55"
"W", "0x3bb6bc", "0x61c7b3d9"
"W", "0x39c441", "0x1b81ea00"
"W", "0x12d2a5", "0x29e291d5"
"W", "0x35df4b", "0x3a742722"
"W", "0x21c054", "0x22ed7c1d"
"W", "0x3e4f60", "0x32944fab"
"W", "0x2e155f", "0x2dc2af73"
"R", "0x3346a7"
"R", "0xa6290"
"W", "0x3492f9", "0x769426fe"
"R", "0x283dee"
"R", "0x31fa55"
"W", "0x283dee", "0x73045b6"
"R", "0x87015"
"R", "0x1c8f0c"
"R", "0x207402"
"W", "0x2b7cbb", "0x5a001af7"
"R", "0x31fa55"
"R", "0xf93d8"
"R", "0xbaee2"
"R", "0x156b49"
"R", "0x283dee"
"W", "0x156b49", "0xa8a05c"
"R", "0x24ff21"
"W", "0x298a40", "0x562c757f"
"R", "0x141ef7"
"W", "0x368574", "0x718ffde4"
"R", "0x48b1f"
"R", "0xf93d8"
"W", "0x161172", "0x24171660"
"W", "0x2e155f", "0x525dae3"
"R", "0x391e18"
"R", "0x2a3069"
"W", "0x19f668", "0x7717ba93"
"W", "0x230ca6", "0x575c8331"
"R", "0xda15d"
"W", "0x48b1f", "0x42c2e3a7"
"R", "0x211a2b"
"R", "0x423456"
"R", "0x423456"
"W", "0x42da7f", "0x682a3a78"
"R", "0x19503f"
"W", "0x40e804", "0x322ba30c"
"W", "0x122c7c", "0x4dcf6d16"
"W", "0x1d3535", "0x6b827cfe"
"R", "0x3a6a6a"
"R", "0x9163e"
"R", "0x3b1093"
"W", "0x2a3069", "0x73c698c"
"R", "0x2ad692"
"R", "0x372b9d"
"W", "0x9bc67", "0x5a1f9784"
"W", "0x3c5ce5", "0x15279fa8"
"W", "0x7c9ec", "0x4220ccd4"
"R", "0x2a3069"
"R", "0x31542c"
"W", "0x19503f", "0x6de8425a"
"W", "0x1b42ba", "0x64759532"
"W", "0x19503f", "0x26d9fa5"
"W", "0x2ad692", "0x36c3a7bf"
"R", "0x42da7f"
"R", "0x2b7cbb"
"R", "0xc550b"
"W", "0x35df4b", "0x10fe30b8"
"R", "0x4380a8"
"W", "0x18aa16", "0x68094141"
"R", "0x4380a8"
"W", "0x2c22e4", "0x2fcd15ac"
"W", "0x418e2d", "0x75fe5ca2"
"W", "0x3b1093", "0x592ef015"
"R", "0x3c5ce5"
"R", "0x1b42ba"
"W", "0xcfb34", "0x6215c0c8"
"W", "0x3b1093", "0x2a11f023"
"R", "0x10e02a"
"R", "0x23b2cf"
"R", "0x3e4f6"
"W", "0x391e18", "0x237013b9"
"W", "0x87015", "0x1bb82f7e"
"W", "0x5d771", "0x2d231207"
"W", "0x3da937", "0x17024558"
"W", "0x1e8187", "0xdb7d8ad"
"W", "0xbaee2", "0x2ea65274"
"R", "0x25a54a"
"W", "0x3007da", "0x7c5e36f"
"W", "0x118653", "0x79a53862"
"W", "0x3e4f6", "0x7a840c11"
"R", "0x141ef7"
"W", "0x3346a7", "0x6a2e0f35"
"R", "0xda15d"
"R", "0xe4786"
"R", "0xe4786"
"W", "0x3877ef", "0x6ab19b7f"
"R", "0x3da937"
"W", "0x2f61b1", "0x171758de"
"R", "0x264b73"
"R", "0x1d3535"
"W", "0x4426d1", "0x4e30399e"
"W", "0x30ae03", "0x5f966d3c"
"W", "0xb08b9", "0x43dba265"
"R", "0xcfb34"
"W", "0x2458f8", "0xd5e67d5"
"W", "0x3c5ce5", "0x5712f6ee"
"W", "0xa6290", "0x76cc8127"
"R", "0x53148"
"W", "0x1c8f0c", "0x4d7fb74e"
"R", "0x175dc4"
"R", "0x26f19c"
"W", "0x298a4", "0x3702fa07"
"R", "0x16b79b"
"W", "0x9bc67", "0x2790f851"
"R", "0x39c441"
"W", "0x35df4b", "0x3da54e9b"
"R", "0xe4786"
"R", "0x1be8e3"
"R", "0x3e4f6"
"R", "0x2c22e4"
"W", "0x2d6f36", "0x2c27fa10"
"R", "0x44ccfa"
"R", "0x1c8f0c"
"W", "0x211a2b", "0x56cc4719"
"W", "0x3da937", "0x14d0cdb4"
"W", "0x7c9ec", "0x50a8aaa1"
"W", "0x87015", "0x3ce7ae30"
"W", "0x3ef589", "0x54d40fc4"
"W", "0x2ebb88", "0x67210f16"
"W", "0x35df4b", "0x4ac55b7f"
"R", "0x3bb6bc"
"R", "0x1f27b"
"W", "0x31542c", "0x553f0885"
"W", "0x16b79b", "0x1d31c129"
"W", "0x2ebb88", "0x7699ba87"
"R", "0x3ef589"
"W", "0x2458f8", "0x3bd23760"
"R", "0x67d9a"
"W", "0x16b79b", "0x7927d6d"
"R", "0x3da937"
"W", "0x207402", "0x6b8959e2"
"W", "0x53148", "0x38035217"
"R", "0x298a4"
"R", "0xeedaf"
"W", "0x33ecd0", "0x5f9e3af2"
"R", "0x141ef7"
"R", "0x1fcdd9"
"R", "0x26f19c"
"W", "0x372b9d", "0x38fb8da"
"W", "0xa6290", "0x123cd43e"
"W", "0x18aa16", "0x5b730374"
"R", "0x3bb6bc"
"R", "0xda15d"
"R", "0x31fa55"
"R", "0x3e4f6"
"W", "0x35df4b", "0x533b8919"
"R", "0x3ef589"
"W", "0x3b1093", "0x3cf6392a"
"R", "0x2e155f"
"R", "0x2c22e4"
"W", "0x30ae03", "0x2191cbb5"
"R", "0x1f27b0"
"R", "0x1378ce"
"W", "0x3007da", "0x7c210840"
"R", "0x4041db"
"W", "0x67d9a", "0x6f1ad3ed"
"W", "0x35df4b", "0x5f55da2f"
"R", "0x3346a7"
"R", "0x283dee"
"W", "0x3d030e", "0x2e8b38fc"
"W", "0x39c441", "0x547b60f1"
"W", "0x2b7cbb", "0x5e73174c"
"W", "0x9163e", "0x35e63d66"
"W", "0x298a40", "0x1a0bccf2"
"R", "0x1a9c91"
"R", "0x1b42ba"
"W", "0x19503f", "0x325fd6f4"
"W", "0x211a2b", "0xb3b2a66"
"W", "0x103a01", "0x12263d91"
"R", "0x24ff21"
"R", "0xcfb34"
"R", "0x35df4b"
"W", "0x141ef7", "0x2b19fd48"
"W", "0x118653", "0xf29e4d6"
"R", "0x161172"
"W", "0x1803ed", "0x646843ac"
"W", "0x12d2a5", "0x6afcca86"
"W", "0x2f61b1", "0x167cdcfb"
"R", "0x4041db"
"W", "0x156b49", "0x7adb2301"
"W", "0x2458f8", "0x603aad"
"R", "0x3ef589"
"R", "0x31fa55"
"R", "0x2ebb88"
"R", "0x2a3069"
"R", "0x1be8e3"
"R", "0x18aa16"
"W", "0x22667d", "0x12cd581e"
"R", "0xc550b"
"W", "0x3346a7", "0x7f9c97b3"
"W", "0x391e18", "0x37d9e3d4"
"R", "0x283dee"
"W", "0x31fa55", "0x317c0e6e"
"W", "0x1378ce", "0x73924d88"
"W", "0x2797c5", "0x6e31e044"
"W", "0x28e417", "0x78e4a6b1"
"R", "0x2b7cbb"
"R", "0x31542c"
"W", "0x33ecd0", "0x505bf8a9"
"R", "0x2a3069"
"R", "0x19f668"
"W", "0x2797c5", "0x1974a652"
"W", "0x3d030e", "0x3bb5f524"
"W", "0x3c5ce5", "0x41faa483"
"W", "0xb08b9", "0x2c39574"
"W", "0x2d6f36", "0x49d3ad33"
"W", "0x3b1093", "0x1c9f5b9f"
"W", "0x39c441", "0x784ea90d"
"W", "0x9bc67", "0x661acd5e"
"R", "0x16b79b"
"R", "0xf93d8"
"W", "0x3bb6bc", "0x5a7e4f7"
"W", "0x4041db", "0x3f0619d6"
"R", "0x211a2b"
"R", "0xc550b"
"R", "0x19503f"
"W", "0x103a01", "0x4f44272e"
"R", "0x3f9bb2"
"R", "0xa6290"
"R", "0x298a40"
"R", "0x1b42ba"
"W", "0x19503f", "0x69096f74"
"W", "0x3f9bb2", "0x6b94fa97"
"W", "0x141ef7", "0x70c7d686"
"R", "0x2e155f"
"R", "0xa629"
"R", "0x30ae03"
"W", "0x31542c", "0x6b4b391d"
"R", "0x25a54a"
"W", "0x31542c", "0xfd4182f"
"R", "0x1803ed"
"W", "0x264b73", "0x77e679fe"
"R", "0x14c520"
"W", "0x40e804", "0x779e5c87"
"R", "0x23b2cf"
"R", "0x3bb6bc"
"R", "0x40e804"
"W", "0x19503f", "0x65383541"
"W", "0x1378ce", "0x688a7cc3"
"R", "0x175dc4"
"W", "0x4041db", "0x15b72c35"
"R", "0x16b79b"
"R", "0x37d1c6"
"R", "0x3e4f60"
"W", "0x423456", "0xe906cdb"
"R", "0xbaee2"
"W", "0xeedaf", "0x6ee11383"
"R", "0x723c3"
"R", "0x122c7c"
"W", "0x298a40", "0x159890c4"
"R", "0x25a54a"
"R", "0x5d771"
"W", "0x2e155f", "0x20552ba5"
"W", "0x19503f", "0x6986720"
"R", "0x103a01"
"W", "0x2ad692", "0x8df3571"
"R", "0x87015"
"W", "0x87015", "0xba9af9c"
"W", "0x5d771", "0x773f35b0"
"W", "0x1be8e3", "0x7250db8e"
"R", "0x2458f8"
"R", "0xeedaf"
"W", "0x19f668", "0x753e93f1"
"W", "0x418e2d", "0x59015b8a"
"R", "0x4041db"
"W", "0x175dc4", "0x32fb3ccb"
"W", "0x3877ef", "0x52cba942"
"R", "0x2f61b1"
"R", "0x48b1f"
"W", "0x372b9d", "0x17066ad6"
"R", "0x2797c5"
"W", "0x1378ce", "0x41238ded"
"R", "0x3ef589"
"R", "0x2d6f36"
"R", "0x1c8f0c"
"W", "0x1f27b0", "0x53aa282"
"R", "0x2c22e4"
"R", "0x103a01"
"R", "0x368574"
"W", "0x31fa55", "0x4fa69a7"
"W", "0x1803ed", "0x44444201"
"W", "0xbaee2", "0x609406e1"
"W", "0x22667d", "0x4ba6ff4f"
"R", "0xbaee2"
"W", "0x30ae03", "0x2e2ed796"
"W", "0xcfb34", "0x8d6984f"
"W", "0x1b42ba", "0x1f0a170a"
"R", "0x3bb6bc"
"W", "0x161172", "0x12fa33ca"
"W", "0x26f19c", "0x1b3d4a42"
"R", "0x21c054"
"R", "0x3346a7"
"W", "0x298a40", "0x1840d09b"
"W", "0x141ef7", "0x50791ec4"
"W", "0x1378ce", "0x2dcad8cc"
"R", "0xb08b9"
"W", "0xb08b9", "0x1113a2e9"
"R", "0x2ad692"
"W", "0xcfb34", "0x40848d06"
"W", "0x2458f8", "0x4e2c48f6"
"R", "0x118653"
"R", "0x175dc4"
"W", "0x25a54a", "0x79826115"
"W", "0x2458f8", "0x4095e008"
"W", "0x4041db", "0x1ec420cb"
"R", "0x118653"
"R", "0x2ad692"
"W", "0x3346a7", "0x756f9d7e"
"R", "0x28e417"
"R", "0x1803ed"
"R", "0xbaee2"
"W", "0x3a6a6a", "0x4f08bdfb"
"W", "0x40e804", "0x153bbc9c"
"W", "0x1be8e3", "0x12efef31"
"W", "0x2a3069", "0x26f26f94"
"R", "0x7c9ec"
"R", "0x1d3535"
"R", "0x723c3"
"R", "0x1ddb5e"
"R", "0xeedaf"
"R", "0x298a40"
"R", "0x25a54a"
"R", "0x283dee"
"R", "0x122c7c"
"W", "0x372b9d", "0x3b3fe3ee"
"W", "0x14c52", "0x6ed8fa75"
"R", "0x4380a8"
"W", "0x2b7cbb", "0x46cb7467"
"W", "0x1b42ba", "0x6af4e0b8"
"W", "0x31542c", "0x2baba6d0"
"W", "0x372b9d", "0x32bab8f8"
"R", "0x1f27b0"
"W", "0x2e155f", "0x16ebd4cc"
"W", "0x19503f", "0x7d29edc3"
"R", "0x37d1c6"
"W", "0x423456", "0x3e0f62bf"
"R", "0x33ecd0"
"R", "0x18aa16"
"W", "0xcfb34", "0x3f709994"
"W", "0x40e804", "0x344f7c9c"
"R", "0x3877ef"
"W", "0x353922", "0x70300c9c"
"R", "0x161172"
"W", "0x230ca6", "0x6ea5866e"
"R", "0x207402"
"W", "0x156b49", "0x49db99d6"
"W", "0x207402", "0x56275e5b"
"R", "0x21c054"
"R", "0x19503f"
"R", "0x2cc90d"
"W", "0x211a2b", "0xaaff0a4"
"R", "0x1f27b0"
"R", "0x1b42ba"
"R", "0x23b2cf"
"R", "0x3c5ce5"
"R", "0x211a2b"
"R", "0x2797c5"
"R", "0x31542c"
"W", "0xeedaf", "0x22b8fd40"
"W", "0x2ad692", "0x1ddbdeb3"
"R", "0x1d3535"
"R", "0x1fcdd9"
"W", "0x283dee", "0x5e408761"
"R", "0x31542c"
"R", "0x1378ce"
"W", "0x3e4f60", "0x4f8824f4"
"W", "0x211a2b", "0x4d2fbe0c"
"R", "0x33ecd"
"W", "0xf93d8", "0x3d974333"
"W", "0x31fa55", "0x25c97ad1"
"W", "0x3a6a6a", "0x47ac2e0b"
"W", "0x2ad692", "0x62e91d99"
"R", "0x33ecd0"
"R", "0x3a6a6a"
"R", "0x298a4"
"R", "0x3ef589"
"R", "0x1fcdd9"
"W", "0xda15d", "0x28c462fc"
"R", "0x24ff21"
"R", "0x19f668"
"R", "0x87015"
"R", "0x2458f8"
"W", "0x723c3", "0x7dace0ac"
"R", "0x1f27b0"
"W", "0x2797c5", "0x256673c6"
"R", "0x23b2cf"
"W", "0x9163e", "0x681d2e76"
"W", "0x3e4f60", "0x2c7c1338"
"R", "0x2797c5"
"R", "0x5d771"
"W", "0x141ef7", "0x5dd2ea53"
"R", "0xc550b"
"R", "0xcfb34"
"R", "0x353922"
"W", "0x2cc90d", "0x31066f71"
"W", "0x2ad692", "0x2eb84b45"
"W", "0x33ecd0", "0x2ae54a6e"
"W", "0x5d771", "0x401caae0"
"W", "0x3ef589", "0x36c5a8e1"
"R", "0x31fa55"
"R", "0x3bb6bc"
"W", "0x2797c5", "0x25d2a008"
"R", "0x368574"
"W", "0x18aa16", "0x52b8b6c"
"R", "0x2b7cbb"
"R", "0x3d030e"
"W", "0x141ef7", "0x2b36c552"
"R", "0x16b79b"
"R", "0x423456"
"R", "0x118653"
"W", "0x3007da", "0x7a2822a1"
"W", "0x9bc67", "0x67189089"
"W", "0x723c3", "0xc55d7b9"
"R", "0x211a2b"
"W", "0x7c9ec", "0x1eb97059"
"W", "0xeedaf", "0x1bd1a397"
"R", "0x122c7c"
"W", "0xbaee2", "0x231aed7c"
"R", "0x3c5ce5"
"R", "0xcfb34"
"R", "0x3e4f6"
"R", "0x723c3"
"W", "0x391e18", "0x1500cfeb"
"R", "0x4380a8"
"R", "0xcfb34"
"W", "0x42da7f", "0x60eaa60"
"R", "0x2ebb88"
"R", "0x30ae03"
"R", "0xf93d8"
"R", "0x457323"
"W", "0x2b7cbb", "0x3ac79027"
"W", "0x3f9bb2", "0x3536c53b"
"R", "0x9bc67"
"R", "0xbaee2"
"W", "0x211a2b", "0x51729608"
"W", "0x283dee", "0x48eb9b99"
"W", "0x3da937", "0x92e44bb"
"R", "0x3e4f60"
"R", "0x9163e"
"R", "0x211a2b"
"R", "0x3b1093"
"R", "0x3d030e"
"W", "0xeedaf", "0x3a1d9988"
"R", "0x1378ce"
"R", "0x18aa16"
"W", "0x156b49", "0x34fbfb43"
"R", "0x2ebb88"
"R", "0xa6290"
"W", "0x283dee", "0x3fc2b49c"
"W", "0x3bb6bc", "0x440f2f92"
"W", "0x2ebb88", "0x3609f40a"
"R", "0x1fcdd9"
"R", "0x19f668"
"W", "0x25a54a", "0x7134d24c"
"W", "0x3da937", "0x5d48534a"
"R", "0x9163e"
"W", "0x118653", "0x61f7c6ee"
"R", "0x3492f9"
"R", "0x33ecd0"
"R", "0x23b2cf"
"R", "0x42da7f"
"R", "0xb08b9"
"W", "0x9bc67", "0x489601fa"
"W", "0x423456", "0xb339e33"
"R", "0x1ddb5e"
"W", "0x30ae03", "0x5140d60a"
"R", "0x3e4f60"
"R", "0x9bc67"
"W", "0x30ae03", "0x4a7b7ba"
"W", "0x1b42ba", "0xbdbf89a"
"W", "0x31542c", "0x371e0a7a"
"R", "0x1ddb5e"
"W", "0x1f27b", "0x151adf9f"
"W", "0x141ef7", "0x64eba88"
"R", "0x23b2cf"
"R", "0x3b1093"
"W", "0x3007da", "0x20819f89"
"R", "0x156b49"
"R", "0x368574"
"R", "0x2458f8"
"W", "0x37d1c6", "0x543ceb95"
"W", "0x2f61b1", "0x4cff7109"
"R", "0x24ff21"
"W", "0x103a01", "0x27748311"
"W", "0x24ff21", "0x13b5792b"
"W", "0x18aa16", "0x4b14199a"
"R", "0x22667d"
"R", "0x118653"
"W", "0x283dee", "0x675d5e9"
"R", "0x1c8f0c"
"W", "0x23b2cf", "0x4fe7c6e8"
"W", "0x4426d1", "0x7ea3239e"
"W", "0x40e804", "0x3de2fc59"
"R", "0x40e804"
"R", "0xda15d"
"R", "0x122c7c"
"R", "0x19f668"
"W", "0x9bc67", "0x7e4485af"
"R", "0x16b79b"
"W", "0x33ecd", "0x64804a61"
"R", "0x423456"
"R", "0x3e4f60"
"W", "0x2458f8", "0x74ba3ad8"
"R", "0x3bb6bc"
"W", "0x40e804", "0x3efeb896"
"R", "0x2e155f"
"W", "0x2c22e4", "0x3b5541d2"
"W", "0x1b42ba", "0x64599e25"
"W", "0x53148", "0x444acea2"
"W", "0x2797c5", "0x68e671f1"
"R", "0x2ebb88"
"R", "0x230ca6"
"R", "0x3492f9"
"R", "0x1d3535"
"R", "0x391e18"
"R", "0x37d1c6"
"W", "0x2a3069", "0x26a55268"
"R", "0x2b7cbb"
"R", "0x391e18"
"R", "0x67d9a"
"W", "0x353922", "0x195222e1"
"R", "0x31542c"
"W", "0x1d3535", "0x348d5d1a"
"W", "0x19f668", "0x65751ed4"
"R", "0xc550b"
"W", "0x122c7c", "0x3f0046b5"
"W", "0xa6290", "0x3f867f99"
"R", "0x298a4"
"R", "0x9bc67"
"R", "0x1f27b0"
"W", "0x42da7f", "0x2f20ef78"
"R", "0xf93d8"
"R", "0x31fa55"
"W", "0x2458f8", "0x26d9ab74"
"W", "0x3d030e", "0x59cc19e1"
"W", "0x211a2b", "0x7327781d"
"W", "0xb08b9", "0x4c14d0d9"
"R", "0x298a4"
"R", "0x156b49"
"W", "0x4041db", "0x8593071"
"R", "0x19503f"
"R", "0x9163e"
"R", "0x1fcdd9"
"R", "0x9163e"
"R", "0x33ecd0"
"R", "0x2ebb88"
"R", "0x23b2cf"
"R", "0x3f9bb2"
"R", "0x24ff21"
"W", "0x28e417", "0x3d996792"
"W", "0x3ef589", "0x2b114eef"
"W", "0x264b73", "0x575b5eee"
"R", "0x22667d"
"R", "0x12d2a5"
"W", "0x5d771", "0x39d5bcb0"
"R", "0x230ca6"
"R", "0x211a2b"
"W", "0x7c9ec", "0x10d4d6"
"W", "0xeedaf", "0x4548d0ce"
"R", "0x2d6f36"
"W", "0x32a07e", "0x5894a066"
"W", "0x118653", "0x33501115"
"W", "0x418e2d", "0x3ab98cf3"
"W", "0x30ae03", "0x460f0ec7"
"W", "0x16b79b", "0x22008a42"
"W", "0x3492f9", "0x236bab99"
"W", "0x3d030e", "0x37375fe9"
"R", "0x3f9bb2"
"R", "0x2458f8"
"R", "0x368574"
"R", "0x103a01"
"R", "0x2d6f36"
"R", "0x67d9a"
"W", "0x35df4b", "0x4411e5e"
"R", "0x42da7f"
"R", "0x9163e"
"R", "0xe4786"
"R", "0x2b7cbb"
"W", "0x2c22e4", "0x155fab52"
"R", "0x40e804"
"R", "0xc550b"
"W", "0x3bb6bc", "0x79239147"
"R", "0x122c7c"
"W", "0x103a01", "0x7e81ab23"
"R", "0x1e8187"
"W", "0x32a07e", "0x4efd694b"
"R", "0x1fcdd9"
"W", "0x423456", "0x4da70d67"
"W", "0xb08b9", "0x441e854f"
"W", "0x3c5ce5", "0x39e0b72c"
"R", "0x2ad692"
"W", "0x40e804", "0x262305d0"
"R", "0x1c8f0c"
"R", "0x9bc67"
"R", "0x2797c5"
"W", "0x4041db", "0x7e00f1d2"
"W", "0x2b7cbb", "0x383b384c"
"R", "0xc550b"
"R", "0x40e804"
"R", "0x19503f"
"R", "0x3007da"
"W", "0x368574", "0x224e5b04"
"W", "0x122c7c", "0x4a32d5ed"
"W", "0x2e155f", "0x1db37d0"
"R", "0x230ca6"
"W", "0x1f27b0", "0x1d100b1b"
"R", "0x40e804"
"W", "0x3bb6bc", "0x72ae9ef7"
"W", "0x283dee", "0x7a1022ae"
"R", "0x21c054"
"R", "0x21c054"
"R", "0x3f9bb2"
"W", "0x4041db", "0x403d7803"
"R", "0x3e4f60"
"R", "0x3b1093"
"R", "0x1b42ba"
"R", "0x7c9ec"
"W", "0x19503f", "0x53776e6d"
"R", "0x30ae03"
"R", "0x35df4b"
"W", "0x3007da", "0x56fa072d"
"R", "0x161172"
"R", "0x5d771"
"W", "0x230ca6", "0xb39b721"
"R", "0x3a6a6a"
"W", "0x30ae03", "0x19195e30"
"R", "0x723c3"
"R", "0x2c22e4"
"R", "0x3e4f6"
"W", "0x87015", "0x7039b528"
"W", "0x1be8e3", "0x63f1f18a"
"R", "0x175dc4"
"W", "0x67d9a", "0x120710d1"
"W", "0x7c9ec", "0x470b02f5"
"R", "0x298a40"
"R", "0x1be8e3"
"R", "0x19503f"
"W", "0x30ae03", "0x524caeab"
"R", "0x4041db"
"W", "0x1ddb5e", "0x699dffb3"
"W", "0x3ef589", "0x133a1126"
"W", "0x1a9c91", "0x1b318eca"
"R", "0x118653"
"R", "0x23b2cf"
"R", "0x230ca6"
"R", "0x4041db"
"W", "0x1ddb5e", "0x60e9243e"
"R", "0x368574"
"W", "0x53148", "0x579add39"
"R", "0x1f27b"
"R", "0x33ecd0"
"R", "0x1e8187"
"W", "0x19503f", "0x548f923d"
"R", "0x3e4f60"
"R", "0x2f61b1"
"R", "0xa6290"
"W", "0x3492f9", "0x1cc35681"
"R", "0x2cc90d"
"R", "0x2f61b1"
"R", "0x23b2cf"
"R", "0x9163e"
"W", "0x264b73", "0x510497c8"
"W", "0x1b42ba", "0x1facece"
"R", "0x141ef7"
"W", "0x5d771", "0x77475024"
"R", "0xa6290"
"W", "0xcfb34", "0x21ecfae4"
"R", "0x1c8f0c"
"R", "0x1be8e3"
"W", "0x298a40", "0x39de2bcd"
"W", "0x1be8e3", "0x58ff27f0"
"R", "0x122c7c"
"W", "0x48b1f", "0x32d72996"
"R", "0xa6290"
"W", "0x3877ef", "0x267485f"
"R", "0x3bb6bc"
"R", "0x31fa55"
"R", "0x67d9a"
"W", "0x283dee", "0x4c716427"
"R", "0x12d2a5"
"R", "0xeedaf"
"R", "0x35df4b"
"R", "0xb08b9"
"R", "0xda15d"
"R", "0x40e804"
"R", "0x423456"
"R", "0x175dc4"
"W", "0x28e417", "0x2843c960"
"R", "0x10e02a"
"R", "0x12d2a5"
"W", "0xeedaf", "0x30fd91b0"
"W", "0xb08b9", "0xe29b730"
"W", "0x1ddb5e", "0x4ba112bf"
"W", "0x1be8e3", "0xc2d2776"
"W", "0x2797c5", "0x7b653fc7"
"R", "0x372b9d"
"W", "0x1e8187", "0x5abba732"
"R", "0x122c7c"
"W", "0x175dc4", "0x34983bde"
"R", "0x423456"
"W", "0x423456", "0x5f162849"
"R", "0x44ccfa"
"W", "0x9163e", "0x50d7c67c"
"R", "0xf93d8"
"W", "0xa6290", "0x5d1cc706"
"R", "0x5d771"
"W", "0x3ef589", "0x5ad746b0"
"W", "0x211a2b", "0x69ada481"
"W", "0x1f27b0", "0x29c9398e"
"W", "0x1803ed", "0x54267b83"
"W", "0x3d030e", "0x72f5bbe"
"R", "0x53148"
"W", "0x2e155f", "0x706fbaee"
"W", "0x37d1c6", "0x25aead44"
"R", "0x230ca6"
"W", "0x2ebb88", "0x1c7e6bf"
"R", "0x1e8187"
"W", "0x31fa55", "0x2c1b92b8"
"R", "0x122c7c"
"W", "0x2d6f36", "0x76028a1d"
"R", "0x40e804"
"R", "0x42da7f"
"W", "0x39c441", "0x2fea35cf"
"W", "0x3ef589", "0x6e61ab95"
"W", "0xcfb34", "0xbb6ddd"
"W", "0xb08b9", "0x3b2c8729"
"W", "0x24ff21", "0x30a36336"
"R", "0x2d6f36"
"W", "0x368574", "0x3ed6902e"
"R", "0x3e4f60"
"R", "0x22667d"
"R", "0x24ff21"
"R", "0xbaee2"
"W", "0x19503f", "0x7cf58808"
"R", "0x353922"
"W", "0x3d030e", "0x78557402"
"R", "0x1d3535"
"R", "0x30ae03"
"R", "0x23b2cf"
"R", "0x161172"
"W", "0x33ecd0", "0x51ba4d2f"
"W", "0x3da937", "0x71776f0d"
"W", "0x42da7f", "0x30db450b"
"W", "0x3f9bb2", "0x645e7655"
"W", "0x2d6f36", "0x7045c839"
"W", "0x298a40", "0x2fe2aca7"
"W", "0x2a3069", "0x2c7f5937"
"W", "0x3a6a6a", "0x4adf6415"
"W", "0x24ff21", "0x2a5deb43"
"R", "0x37d1c6"
"W", "0xa6290", "0x4e47f7d"
"W", "0x103a01", "0x79fc4019"
"R", "0x24ff21"
"W", "0x2d6f36", "0x230dc12b"
"R", "0x3e4f60"
"W", "0x9bc67", "0x6eaf7f3a"
"W", "0xb08b9", "0x485e0fab"
"W", "0x2ad692", "0x2454309e"
"W", "0x2458f8", "0x4581f21e"
"R", "0x1fcdd9"
"W", "0x1f27b0", "0x70df08bc"
"R", "0x35df4b"
"W", "0x156b49", "0x19098133"
"R", "0x1fcdd9"
"R", "0x14c520"
"W", "0x211a2b", "0x5150c745"
"W", "0x24ff21", "0x4bfda006"
"R", "0x1378ce"
"W", "0x122c7c", "0xc569da7"
"W", "0x3d030e", "0x16fa992b"
"R", "0x2797c5"
"W", "0x37d1c6", "0x4a4e37f4"
"R", "0x24ff21"
"W", "0x2ad692", "0x6d7f14b5"
"R", "0x175dc4"
"W", "0x25a54a", "0x42b7a7ab"
"R", "0xbaee2"
"W", "0x21c054", "0x743f13f5"
"W", "0x3492f9", "0x770002c9"
"R", "0x1fcdd9"
"W", "0x24ff21", "0x1e5a1677"
"W", "0xeedaf", "0x348cc3b5"
"R", "0x3346a7"
"W", "0xcfb34", "0x94278b6"
"R", "0x31542c"
"W", "0x3492f9", "0x3ad68ea5"
"W", "0x31fa55", "0x5e60bb59"
"W", "0x3e4f6", "0x7e3c8035"
"R", "0x44ccfa"
"R", "0x1803ed"
"W", "0x3c5ce5", "0x166b1489"
"W", "0x391e18", "0x5a6d853b"
"R", "0x26f19c"
"R", "0x391e18"
"W", "0x33ecd0", "0x3b6b6c18"
"W", "0x9163e", "0x42a7376d"
"R", "0x1f27b0"
"R", "0x1c8f0c"
"W", "0x9163e", "0x1dbfb30c"
"R", "0x2cc90d"
"R", "0x1fcdd9"
"R", "0x418e2d"
"W", "0xcfb34", "0x6a0c90ac"
"R", "0xb08b9"
"R", "0x103a01"
"W", "0x3492f9", "0x3f84a39b"
"R", "0x9bc67"
"R", "0x118653"
"W", "0x161172", "0x3e5fff36"
"W", "0x3ef589", "0x49d998c8"
"W", "0xc550b", "0x21592f0"
"R", "0xbaee2"
"R", "0x19503f"
"W", "0x26f19c", "0x7fb0a60e"
"W", "0x2f61b1", "0x5f172bbd"
"W", "0x10e02a", "0x5f1aa92b"
"W", "0xeedaf", "0x32ddf6df"
"R", "0x122c7c"
"R", "0x25a54a"
"W", "0x3a6a6a", "0x6b30476c"
"R", "0x18aa16"
"W", "0x230ca6", "0x2a38be1c"
"R", "0x2b7cbb"
"R", "0x1e8187"
"R", "0x298a4"
"W", "0x2d6f36", "0x5db7d1c9"
"R", "0x44ccfa"
"R", "0x122c7c"
"R", "0x1fcdd9"
"W", "0x368574", "0x49c7d36"
"R", "0x2cc90d"
"W", "0x14c520", "0x2a2771e"
"W", "0x33ecd", "0x34b42660"
"W", "0x3da937", "0x48d298e7"
"W", "0x161172", "0x7f16b695"
"R", "0x9bc67"
"R", "0x4041db"
"W", "0x723c3", "0x1d702787"
"R", "0x298a40"
"R", "0x21c054"
"W", "0xe4786", "0x3b663f48"
"R", "0x67d9a"
"W", "0x37d1c6", "0x788672b8"
"R", "0x283dee"
"W", "0x2f61b1", "0x6cca4773"
"R", "0x19503f"
"W", "0x2b7cbb", "0x7dbe8dab"
"R", "0x1f27b0"
"R", "0x207402"
"W", "0x2ad692", "0x28c229dd"
"R", "0x161172"
"R", "0x25a54a"
"W", "0x3f9bb2", "0xf1627d2"
"W", "0x2ad692", "0x67c319a3"
"R", "0x2a3069"
"W", "0x39c441", "0x15cc6a29"
"R", "0x25a54a"
"W", "0xcfb34", "0x94f4c75"
"W", "0x2ebb88", "0x5035fbee"
"W", "0x22667d", "0x6f45e38"
"W", "0x9bc67", "0x333bda76"
"R", "0xf93d8"
"R", "0x67d9a"
"W", "0xb08b9", "0x7c499b58"
"W", "0x33ecd", "0x2f6a3a"
"R", "0x35df4b"
"R", "0xf93d8"
"R", "0x1378ce"
"R", "0x175dc4"
"W", "0x3346a7", "0x1b83e86c"
"W", "0x3346a7", "0x39e7c363"
"R", "0x33ecd0"
"R", "0x3877ef"
"R", "0x211a2b"
"R", "0xf93d8"
"R", "0x298a40"
"R", "0x2f61b1"
"W", "0x24ff21", "0x6d0141ed"
"W", "0x10e02a", "0x73d0d3b9"
"R", "0x39c441"
"R", "0x31fa55"
"R", "0xb08b9"
"R", "0x1803ed"
"W", "0x4041db", "0x46892a52"
"W", "0x298a4", "0x5448a13b"
"R", "0x418e2d"
"W", "0x5d771", "0x1cb9835"
"W", "0x39c441", "0x41914a39"
"R", "0x1ddb5e"
"W", "0x2f61b1", "0x3895be1b"
"R", "0x368574"
"R", "0x3007da"
"W", "0x3007da", "0x243117bf"
"W", "0x3ef589", "0x481ee02f"
"W", "0x53148", "0x454d592c"
"W", "0x2f61b1", "0x673fb899"
"R", "0x1fcdd9"
"R", "0x18aa16"
"R", "0x3877ef"
"R", "0x3bb6bc"
"W", "0x1ddb5e", "0x2de51981"
"W", "0x3007da", "0x5938fac8"
"R", "0x118653"
"W", "0xf93d8", "0x19da8472"
"R", "0x368574"
"R", "0x37d1c6"
"W", "0x2f61b1", "0x6ca33874"
"W", "0x33ecd", "0x4862e397"
"W", "0x14c52", "0x6b264cd7"
"W", "0x283dee", "0x9aab590"
"R", "0xb08b9"
"W", "0x26f19c", "0x38b086f7"
"R", "0x3007da"
"R", "0x161172"
"W", "0x87015", "0x963aa92"
"R", "0x14c520"
"R", "0xa6290"
"W", "0x2458f8", "0x4ebf6af6"
"R", "0xbaee2"
"R", "0x67d9a"
"R", "0x1d3535"
"W", "0x1f27b", "0x609a8e3b"
"W", "0x3ef589", "0x72f3ced7"
"R", "0x1803ed"
"R", "0x12d2a5"
"W", "0x2ebb88", "0x2b8c347b"
"W", "0x35df4b", "0x7b663626"
"W", "0x26f19c", "0x465ed3bc"
"R", "0xf93d8"
"W", "0x372b9d", "0x24ae4392"
"R", "0x3bb6bc"
"W", "0x22667d", "0x7d54e5ec"
"R", "0x2797c5"
"R", "0x28e417"
"W", "0x3c5ce5", "0x47c973ee"
"W", "0xcfb34", "0x656e269d"
"W", "0xc550b", "0x463ddfb7"
"W", "0x44ccfa", "0x72f9c705"
"W", "0xa629", "0x5df8fb6"
"W", "0x31fa55", "0x6e8ef9c7"
"W", "0x25a54a", "0x51c55d17"
"W", "0x298a40", "0x16a83b42"
"R", "0x1f27b0"
"W", "0x2797c5", "0x6a52b294"
"W", "0x1ddb5e", "0x7218e4a0"
"W", "0x7c9ec", "0x6070d34"
"W", "0x2ebb88", "0x1a286400"
"W", "0x457323", "0x4856056f"
"R", "0x2ebb88"
"R", "0xda15d"
"W", "0x1e8187", "0x4f186f34"
"R", "0x1ddb5e"
"R", "0xc550b"
"W", "0x298a40", "0x19d42156"
"W", "0x118653", "0x489de516"
"R", "0x10e02a"
"W", "0x9bc67", "0x5262a93"
"R", "0x1803ed"
"R", "0x141ef7"
"R", "0x3e4f6"
"R", "0x372b9d"
"W", "0xbaee2", "0x6650895"
"W", "0x1803ed", "0x5fe0a675"
"R", "0x723c3"
"W", "0x372b9d", "0x316c18b4"
"R", "0x298a40"
"R", "0x2b7cbb"
"W", "0xe4786", "0x5d93e497"
"W", "0x19503f", "0x55406544"
"R", "0x3e4f60"
"R", "0x53148"
"W", "0xf93d8", "0x3817b39c"
"R", "0x1ddb5e"
"W", "0x53148", "0x54a46bca"
"W", "0x1b42ba", "0x45c62f3"
"W", "0x67d9a", "0x414274d0"
"W", "0x2f61b1", "0x7ad7119e"
"R", "0x391e18"
"R", "0xb08b9"
"W", "0x3007da", "0x5ffe28c5"
"W", "0x2a3069", "0x6fe2a6b3"
"W", "0xbaee2", "0x1de84f49"
"W", "0x2cc90d", "0x27f07393"
"R", "0x28e417"
"W", "0x22667d", "0x2c549f6d"
"R", "0x141ef7"
"R", "0x3e4f60"
"R", "0x3346a7"
"W", "0x24ff21", "0x6d1c40c2"
"R", "0x207402"
"W", "0x3007da", "0x31df0288"
"R", "0x3f9bb2"
"R", "0x21c054"
"R", "0xbaee2"
"W", "0x122c7c", "0x4b330763"
"R", "0x33ecd"
"R", "0x3f9bb2"
"R", "0x230ca6"
"R", "0x5d771"
"R", "0x9163e"
"W", "0x3346a7", "0x55725854"
"R", "0x24ff21"
"W", "0x2b7cbb", "0x22d7c416"
"W", "0x2cc90d", "0x689f5059"
"R", "0x122c7c"
"R", "0x4380a8"
"R", "0xb08b9"
"R", "0x122c7c"
"R", "0x161172"
"R", "0x372b9d"
"W", "0x353922", "0x1a8f420b"
"R", "0x3e4f60"
"R", "0x39c441"
"W", "0x141ef7", "0x14a33db5"
"R", "0x25a54a"
"R", "0x118653"
"R", "0x23b2cf"
"W", "0x44ccfa", "0x66b92647"
"R", "0x298a4"
"R", "0x42da7f"
"W", "0x67d9a", "0x13ecfda9"
"R", "0x33ecd0"
"R", "0x3346a7"
"R", "0x264b73"
"R", "0x353922"
"W", "0x3346a7", "0x4dd0607d"
"W", "0x1b42ba", "0x1344605c"
"R", "0x264b73"
"R", "0x39c441"
"R", "0x298a4"
"W", "0x1a9c91", "0x59375c82"
"R", "0x3b1093"
"W", "0x3d030e", "0x4ecc3fd"
"W", "0x2f61b1", "0xe3ed249"
"W", "0x2ad692", "0x18cdadd5"
"W", "0x3007da", "0x5cad4c59"
"R", "0x156b49"
"R", "0x14c520"
"W", "0x118653", "0x591284fb"
"R", "0x207402"
"R", "0x26f19c"
"W", "0x28e417", "0x76615005"
"W", "0x30ae03", "0xd926b5e"
"R", "0x3f9bb2"
"W", "0x230ca6", "0x3dae1da1"
"W", "0x2458f8", "0x2dfc1ea8"
"R", "0x1d3535"
"W", "0x175dc4", "0x5b3ef02d"
"W", "0x3da937", "0x77e2d42d"
"R", "0x12d2a5"
"W", "0x3e4f6", "0x497f9c4d"
"R", "0x418e2d"
"R", "0x12d2a5"
"W", "0x161172", "0x75a790f0"
"W", "0x16b79b", "0x4212a896"
"W", "0x2c22e4", "0x47420405"
"W", "0x1c8f0c", "0x1302d5b0"
"R", "0x2cc90d"
"R", "0x283dee"
"W", "0x3346a7", "0x31bc7bc9"
"W", "0x161172", "0x1c43e3a"
"W", "0x31fa55", "0x32729ea8"
"R", "0x103a01"
"R", "0x1fcdd9"
"W", "0x37d1c6", "0x680255b0"
"W", "0x118653", "0x2366e4c7"
"W", "0x122c7c", "0x1d00c82b"
"R", "0xb08b9"
"R", "0xa6290"
"R", "0x175dc4"
"W", "0x18aa16", "0x5c3ce44c"
"W", "0x87015", "0x4d88b504"
"R", "0x3c5ce5"
"R", "0xeedaf"
"R", "0x48b1f"
"R", "0x1ddb5e"
"R", "0x23b2cf"
"W", "0x3e4f6", "0xd293962"
"R", "0xda15d"
"W", "0x4041db", "0x34a26e44"
"W", "0x3e4f6", "0x1b0c728d"
"R", "0x418e2d"
"W", "0x31542c", "0x711eccc4"
"W", "0x3d030e", "0x6d2e9e20"
"R", "0x2f61b1"
"W", "0x3007da", "0x6d437a3f"
"W", "0x67d9a", "0x2a0ea4e3"
"R", "0x16b79b"
"R", "0x1d3535"
"W", "0x28e417", "0x2021500d"
"R", "0xe4786"
"R", "0x423456"
"R", "0x3da937"
"W", "0x1a9c91", "0x1f36658b"
"W", "0x122c7c", "0x9444888"
"W", "0x1378ce", "0x7e2b1bb4"
"R", "0x22667d"
"R", "0x283dee"
"W", "0x3bb6bc", "0x3e611d1f"
"R", "0x9bc67"
"R", "0x21c054"
"R", "0x1f27b0"
"R", "0x22667d"
"W", "0x26f19c", "0xc6c3f4b"
"R", "0x1f27b0"
"W", "0x3d030e", "0x7fc19f1a"
"W", "0xe4786", "0x32abed70"
"W", "0x418e2d", "0x237862fa"
"R", "0x1ddb5e"
"W", "0x230ca6", "0x6240a943"
"R", "0x372b9d"
"R", "0x2ebb88"
"R", "0x28e417"
"R", "0x14c520"
"R", "0x31fa55"
"W", "0x22667d", "0x6c9547e6"
"W", "0x3a6a6a", "0x3bfe4bf6"
"R", "0x264b73"
"R", "0x3c5ce5"
"W", "0x156b49", "0xd67bd8e"
"W", "0x14c520", "0x6069e20c"
"W", "0x2ebb88", "0x518fac97"
"R", "0x423456"
"W", "0x67d9a", "0x7747afdd"
"W", "0x19f668", "0x38624f63"
"W", "0x25a54a", "0x5ec438c0"
"R", "0x3e4f60"
"R", "0x3a6a6a"
"R", "0x33ecd0"
"R", "0x3492f9"
"W", "0x3ef589", "0x5578888d"
"W", "0x19f668", "0x3c2eafa9"
"W", "0x1e8187", "0x5399d119"
"W", "0x0", "0x4a159f87"
"R", "0x175dc4"
"W", "0x40e804", "0x7210d9e8"
"R", "0x368574"
"W", "0x1c8f0c", "0x75e6fa4c"
"R", "0x53148"
"W", "0x298a4", "0x449b3df9"
"W", "0x33ecd", "0x7bc39d79"
"W", "0x21c054", "0x2b8c5fca"
"R", "0xa6290"
"W", "0x25a54a", "0x1371d6ef"
"W", "0x207402", "0x7556cd56"
"W", "0x1378ce", "0x593f7818"
"R", "0x48b1f"
"R", "0x1e8187"
"R", "0x1c8f0c"
"R", "0x298a40"
"R", "0x4426d1"
"W", "0x3e4f6", "0x57902aaa"
"W", "0x1d3535", "0x1a3e6055"
"R", "0xa6290"
"R", "0x28e417"
"R", "0x368574"
"R", "0x418e2d"
"R", "0x122c7c"
"R", "0x2c22e4"
"R", "0x5d771"
"R", "0x87015"
"W", "0x3492f9", "0x609ec5da"
"R", "0x1be8e3"
"R", "0x3e4f60"
"R", "0x1be8e3"
"W", "0xda15d", "0x5491e1e1"
"R", "0x5d771"
"W", "0x37d1c6", "0x346c51ad"
"R", "0xe4786"
"W", "0x12d2a5", "0x4b71b42a"
"W", "0x14c520", "0x598df848"
"W", "0x10e02a", "0x370012ca"
"R", "0x1f27b0"
"R", "0x18aa16"
"R", "0x37d1c6"
"W", "0x2797c5", "0x71b8d797"
"R", "0x3d030e"
"W", "0x1ddb5e", "0x742ef73a"
"W", "0x39c441", "0x55494a56"
"W", "0x161172", "0x34951243"
"R", "0x1fcdd9"
"W", "0x19f668", "0x320857d5"
"R", "0x26f19c"
"R", "0xbaee2"
"R", "0x10e02a"
"W", "0x31542c", "0x3b795a30"
"R", "0xe4786"
"R", "0x3c5ce5"
"R", "0x3877ef"
"R", "0x1ddb5e"
"R", "0x3877ef"
"R", "0x2e155f"
"R", "0x53148"
"W", "0x16b79b", "0xf3f7538"
"R", "0x18aa16"
"R", "0x1803ed"
"R", "0x175dc4"
"W", "0x2ad692", "0x6774e510"
"W", "0x16b79b", "0x19261e0d"
"R", "0x2f61b1"
"W", "0x14c520", "0x69b2a2d"
"W", "0x10e02a", "0x4b4dacc0"
"R", "0x16b79b"
"W", "0x4380a8", "0x682a0eb5"
"W", "0x32a07e", "0x6ea6d7f1"
"R", "0xeedaf"
"W", "0x418e2d", "0x5e135ee4"
"R", "0xe4786"
"R", "0x1c8f0c"
"W", "0x2e155f", "0x2df88f57"
"R", "0x18aa16"
"R", "0x2d6f36"
"R", "0x87015"
"W", "0x31542c", "0x63edd4d3"
"W", "0x87015", "0x7a0b0b55"
"R", "0x3da937"
"W", "0x31fa55", "0x6538cbc"
"R", "0xbaee2"
"R", "0x12d2a5"
"W", "0x3a6a6a", "0x2e86de2f"
"W", "0x161172", "0x257471f5"
"W", "0x1c8f0c", "0x5504d928"
"W", "0x9bc67", "0x62fcfd5"
"W", "0x10e02a", "0x2fe168bd"
"R", "0x4426d1"
"W", "0x3bb6bc", "0x6e362159"
"W", "0x1fcdd9", "0x20d0cf7a"
"R", "0x3e4f60"
"R", "0x42da7f"
"R", "0x118653"
"R", "0x25a54a"
"R", "0x37d1c6"
"W", "0xf93d8", "0x1ee1006c"
"R", "0x19f668"
"R", "0xcfb34"
"R", "0x122c7c"
"W", "0x5d771", "0x1f1d72c"
"R", "0x1ddb5e"
"W", "0x28e417", "0x240da333"
"W", "0x14c520", "0x70ae90b"
"W", "0x368574", "0x2edaa56c"
"R", "0x3492f9"
"R", "0x1be8e3"
"R", "0xc550b"
"R", "0x1803ed"
"R", "0x2c22e4"
"R", "0x1f27b0"
"R", "0x3c5ce5"
"W", "0x141ef7", "0x2aa2aa7c"
"R", "0x9163e"
"W", "0x31fa55", "0x12f12a2d"
"W", "0x1d3535", "0x4418720d"
"R", "0x9bc67"
"W", "0xbaee2", "0x229acbcc"
"R", "0x723c3"
"W", "0xda15d", "0x7fc1f00b"
"R", "0x2b7cbb"
"R", "0x2d6f36"
"W", "0x3346a7", "0x2dc40099"
"W", "0x141ef7", "0x570fa324"
"R", "0x22667d"
"W", "0x211a2b", "0x64f7cfcb"
"R", "0x264b73"
"W", "0x5d771", "0x66ba4fac"
"W", "0x3492f9", "0x63c4c81e"
"R", "0x161172"
"R", "0x2458f8"
"R", "0x3b1093"
"R", "0x723c3"
"W", "0x3d030e", "0x45fa7063"
"R", "0x19f668"
"W", "0x2c22e4", "0x7e503ab5"
"R", "0x35df4b"
"W", "0x37d1c6", "0x29644254"
"R", "0x25a54a"
"W", "0x2c22e4", "0x66518b27"
"R", "0x35df4b"
"R", "0x3da937"
"R", "0x39c441"
"R", "0x14c520"
"R", "0x207402"
"R", "0x3007da"
"W", "0x19f668", "0x416882cf"
"R", "0x37d1c6"
"W", "0x1a9c91", "0x3183831e"
"W", "0x3e4f6", "0x63f1834e"
"R", "0xda15d"
"R", "0x40e804"
"R", "0x418e2d"
"W", "0x30ae03", "0xc8f2d5a"
"W", "0x3a6a6a", "0x4bab30a8"
"W", "0x1d3535", "0x5ab1e33c"
"R", "0x2a3069"
"W", "0x18aa16", "0x7c1a4ad9"
"R", "0x298a40"
"W", "0xcfb34", "0x26c0b6d2"
"W", "0x175dc4", "0x33e34f4a"
"W", "0x2cc90d", "0x265b5d5f"
"R", "0x368574"
"R", "0x1c8f0c"
"W", "0x3492f9", "0x4d3c9b1a"
"W", "0x3bb6bc", "0xd857489"
"W", "0x30ae03", "0x5f0fa284"
"R", "0x161172"
"R", "0xcfb34"
"R", "0x3da937"
"W", "0x3da937", "0x338f74c7"
"R", "0x3ef589"
"W", "0x87015", "0x3ea0327f"
"W", "0x2f61b1", "0xd52a1ca"
"W", "0x30ae03", "0x1bd803c0"
"R", "0x2ad692"
"R", "0x3bb6bc"
"R", "0x5d771"
"R", "0x118653"
"R", "0x28e417"
"W", "0x67d9a", "0x526e440c"
"W", "0x1b42ba", "0x6a8c0665"
"R", "0x26f19c"
"R", "0x723c3"
"W", "0x118653", "0x6992c4c9"
"W", "0x391e18", "0x625c35c8"
"W", "0x4426d1", "0x1915c523"
"R", "0x19503f"
"W", "0x22667d", "0x7ccd267f"
"W", "0x283dee", "0x147cfe19"
"W", "0x40e804", "0x1ee55948"
"R", "0x39c441"
"W", "0x9163e", "0x10a879e4"
"W", "0x33ecd0", "0x6039c4d3"
"W", "0x264b73", "0x2c3a7621"
"W", "0x103a01", "0x7d152a03"
"R", "0x53148"
"R", "0x87015"
"W", "0x211a2b", "0x6944ed1b"
"R", "0x1ddb5e"
"R", "0x1fcdd9"
"R", "0x4041db"
"R", "0x9bc67"
"W", "0x3c5ce5", "0x14135c2f"
"W", "0x14c520", "0x3aadeeb7"
"R", "0x40e804"
"R", "0x3c5ce5"
"R", "0x283dee"
"R", "0x7c9ec"
"R", "0x1803ed"
"W", "0x35df4b", "0x765b7e5b"
"W", "0x31fa55", "0x2086fdfd"
"R", "0x2458f8"
"W", "0x53148", "0x3efe7ca8"
"W", "0x368574", "0x54f8bc35"
"R", "0x1b42ba"
"R", "0x175dc4"
"W", "0x211a2b", "0x115bacca"
"R", "0x39c441"
"R", "0x2f61b1"
"R", "0x16b79b"
"W", "0x2e155f", "0x29fd0d27"
"W", "0x87015", "0x1ce32966"
"R", "0x2d6f36"
"W", "0x3492f9", "0xcd9bde"
"R", "0x1be8e3"
"R", "0x33ecd0"
"W", "0x40e804", "0x27c29744"
"R", "0x1378ce"
"W", "0x3e4f60", "0x5e895d8d"
"W", "0x1d3535", "0x777af10e"
"W", "0x2a3069", "0x3552af63"
"R", "0xa6290"
"W", "0x368574", "0x75a0e621"
"R", "0x25a54a"
"W", "0x46194c", "0x732f530c"
"R", "0x33ecd0"
"R", "0x44ccfa"
"R", "0x1c8f0c"
"W", "0x264b73", "0x3a05373"
"R", "0x118653"
"W", "0x3877ef", "0x257812a5"
"R", "0x67d9a"
"W", "0x32a07e", "0x3bd233b8"
"R", "0x1ddb5e"
"R", "0x264b73"
"W", "0x391e18", "0x67a4783f"
"W", "0x353922", "0x12a345b0"
"R", "0x2458f8"
"W", "0xbaee2", "0x68e0d652"
"W", "0x2f61b1", "0x7daa1c9c"
"R", "0x19f668"
"R", "0x31542c"
"W", "0x19503f", "0x14a0ece4"
"R", "0x7c9ec"
"W", "0x2ad692", "0x27b9ecc5"
"W", "0x53148", "0x14d85931"
"R", "0x3da937"
"R", "0x26f19c"
"W", "0x141ef7", "0xd55b689"
"R", "0x372b9d"
"W", "0x1fcdd9", "0x4476bf98"
"W", "0x87015", "0x490c526a"
"W", "0x87015", "0x16a09ce3"
"R", "0xb08b9"
"R", "0x23b2cf"
"R", "0x44ccfa"
"R", "0x2f61b1"
"R", "0xf93d8"
"W", "0x19f668", "0x1653305d"
"R", "0xa6290"
"R", "0x264b73"
"R", "0x2c22e4"
"W", "0x1f27b0", "0x634856e5"
"W", "0x4380a8", "0x45b2b495"
"W", "0xe4786", "0x5a0939a6"
"W", "0x1fcdd9", "0x763cdb4d"
"W", "0x118653", "0x6fab2e4c"
"R", "0x4041db"
"W", "0x7c9ec", "0x59e416f6"
"R", "0xe4786"
"R", "0xa6290"
"W", "0x3bb6bc", "0x654a1886"
"W", "0x44ccfa", "0x2ed1c21f"
"W", "0x9163e", "0x52622584"
"R", "0x87015"
"W", "0x53148", "0x2d72b97b"
"R", "0x35df4b"
"W", "0x418e2d", "0x308a6e73"
"W", "0x418e2d", "0xda12a1a"
"R", "0x22667d"
"R", "0xcfb34"
"R", "0x1378ce"
"W", "0x18aa16", "0x36875f85"
"W", "0x2ebb88", "0x8271cf7"
"W", "0x1803ed", "0x37ab16ae"
"R", "0x87015"
"R", "0x2a3069"
"W", "0xcfb34", "0x3a46ca34"
"W", "0x264b73", "0x65b2cefa"
"R", "0x1fcdd9"
"R", "0x2b7cbb"
"W", "0x3bb6bc", "0x2e984fed"
"W", "0x16b79b", "0x61d7ac4a"
"W", "0x3b1093", "0x43ccd74e"
"R", "0x5d771"
"R", "0x21c054"
"R", "0x207402"
"W", "0x3c5ce5", "0x7e62708a"
"W", "0x30ae03", "0x5c61b6e5"
"R", "0x122c7c"
"W", "0x12d2a5", "0x1fe35566"
"R", "0x12d2a5"
"W", "0x230ca6", "0x58020045"
"W", "0x25a54a", "0x373fa500"
"W", "0xc550b", "0x8d6b13f"
"R", "0x2cc90d"
"R", "0x3f9bb2"
"W", "0x42da7f", "0x526423b3"
"W", "0x26f19c", "0x31ec1997"
"W", "0x2458f8", "0x2672e7c4"
"R", "0x3d030e"
"W", "0x18aa16", "0x212d66a4"
"R", "0x391e18"
"W", "0x122c7c", "0x36baae85"
"R", "0x32a07e"
"W", "0x2458f8", "0x2ed788a9"
"R", "0x30ae03"
"R", "0xf93d8"
"R", "0x156b49"
"W", "0x1803ed", "0x472d9586"
"W", "0x16b79b", "0x7cceef31"
"W", "0x1be8e3", "0x75946c5a"
"W", "0x118653", "0x360e83a3"
"R", "0x33ecd0"
"R", "0x368574"
"R", "0x4380a8"
"R", "0x3da937"
"R", "0x1be8e3"
"W", "0x53148", "0x73828a04"
"R", "0xf93d8"
"W", "0x211a2b", "0x5c8ad916"
"R", "0x4426d1"
"R", "0x22667d"
"W", "0x3b1093", "0x76dd60e2"
"W", "0xc550b", "0x17be65ac"
"R", "0xeedaf"
"R", "0x1f27b"
"W", "0x16b79b", "0x529ee37b"
"R", "0x26f19c"
"R", "0x28e417"
"R", "0x3e4f60"
"W", "0x1fcdd9", "0x2d696966"
"W", "0x298a40", "0x6fbe723d"
"R", "0x24ff21"
"R", "0x31fa55"
"W", "0x30ae03", "0x7a31542e"
"R", "0x2cc90d"
"W", "0x26f19c", "0x3b432ef"
"R", "0x3492f9"
"R", "0x2cc90d"
"W", "0x3c5ce5", "0x2b6e4db7"
"R", "0x3c5ce5"
"W", "0x264b73", "0x7af5f57f"
"R", "0xbaee2"
"W", "0x87015", "0xbfbc9e5"
"W", "0x1ddb5e", "0x11f300a6"
"W", "0x7c9ec", "0x1bc9b5e5"
"W", "0x368574", "0x1d597448"
"W", "0x3f9bb2", "0x4dc10bb3"
"R", "0x14c520"
"W", "0x1803ed", "0x4b5d5db2"
"W", "0x353922", "0x67cece82"
"W", "0x23b2cf", "0x3c644315"
"R", "0x283dee"
"R", "0x10e02a"
"R", "0x1803ed"
"W", "0x28e417", "0x41f04f4a"
"W", "0xa6290", "0x768fb4f2"
"R", "0x391e18"
"R", "0x21c054"
"W", "0x2797c5", "0x79fd2b70"
"R", "0x1fcdd9"
"W", "0xe4786", "0x59a8b7ae"
"W", "0x32a07e", "0x2bff0029"
"R", "0x25a54a"
"W", "0x23b2cf", "0x14564cbe"
"R", "0x3346a7"
"R", "0x3e4f6"
"R", "0x230ca6"
"R", "0x122c7c"
"R", "0x3c5ce5"
"W", "0x22667d", "0x3f49711b"
"R", "0x31fa55"
"W", "0x2458f8", "0x19dd15ea"
"W", "0x33ecd", "0x3150d0f8"
"W", "0x2b7cbb", "0x679efc9e"
"R", "0x1be8e3"
"R", "0x3877ef"
"W", "0x4426d1", "0x7136e859"
"W", "0x3ef589", "0x61d93b2c"
"R", "0x31fa55"
"R", "0x21c054"
"R", "0x33ecd0"
"R", "0x423456"
"W", "0x141ef7", "0x4bc05f6f"
"R", "0x33ecd"
"W", "0xb08b9", "0x70058b38"
"W", "0x2ebb88", "0x5fa1d7ba"
"R", "0x7c9ec"
"R", "0x22667d"
"R", "0x19503f"
"W", "0x19503f", "0x22d69382"
"W", "0xc550b", "0x396426b9"
"W", "0xc550b", "0x3e479d3b"
"W", "0x87015", "0x377f143c"
"R", "0x3e4f60"
"R", "0x1803ed"
"W", "0x161172", "0x689f6181"
"W", "0x3007da", "0x344f0add"
"R", "0x1f27b"
"R", "0x3e4f60"
"R", "0x26f19c"
"R", "0x2f61b1"
"R", "0x19503f"
"R", "0x22667d"
"W", "0x10e02a", "0x7a05fe49"
"R", "0x2ad692"
"R", "0x30ae03"
"W", "0xeedaf", "0x64cdb5d4"
"R", "0x391e18"
"W", "0x2ad692", "0x7dfab597"
"W", "0xe4786", "0x43afbba5"
"W", "0x19f668", "0xf8e0bc0"
"W", "0x9163e", "0x40f217ea"
"W", "0x298a40", "0x26a800ac"
"R", "0x353922"
"W", "0x25a54a", "0x2b9f839"
"W", "0x87015", "0x720b08c"
"R", "0x14c52"
"W", "0xe4786", "0x6cf7cb05"
"R", "0x353922"
"W", "0x9bc67", "0x57476969"
"W", "0xf93d8", "0x18adc6e9"
"R", "0x3bb6bc"
"R", "0x40e804"
"R", "0x53148"
"W", "0x48b1f", "0x7b7b4420"
"W", "0x22667d", "0xda0765a"
"R", "0x3bb6bc"
"R", "0x87015"
"W", "0x2ebb88", "0x3570b239"
"R", "0x1c8f0c"
"R", "0x207402"
"R", "0x2ad692"
"W", "0x3b1093", "0xb7add9e"
"R", "0x26f19c"
"W", "0x25a54a", "0x1def3293"
"R", "0x37d1c6"
"R", "0x24ff21"
"W", "0xc550b", "0x7441ffc8"
"R", "0x2f61b1"
"W", "0x40e804", "0x33a663e8"
"R", "0x3492f9"
"R", "0x230ca6"
"W", "0x3a6a6a", "0x1475b932"
"R", "0x2b7cbb"
"W", "0x14c520", "0x53c76373"
"W", "0x298a40", "0x5586b1a3"
"R", "0x33ecd"
"W", "0x9bc67", "0x11abedac"
"W", "0x1f27b0", "0x35656c84"
"R", "0x161172"
"R", "0x4426d1"
"R", "0x33ecd"
"R", "0x3da937"
"W", "0x2a3069", "0x64782c89"
"R", "0x2cc90d"
"W", "0x264b73", "0x1eba21bb"
"R", "0x2d6f36"
"W", "0xa629", "0x1a79b69d"
"R", "0x2f61b1"
"R", "0x1fcdd9"
"R", "0x3f9bb2"
"R", "0x4426d1"
"W", "0xf93d8", "0x7e80373a"
"W", "0x40e804", "0x1b405f22"
"R", "0x3e4f6"
"W", "0x418e2d", "0x507865c6"
"W", "0x24ff21", "0x165832d1"
"R", "0x3346a7"
"W", "0x25a54a", "0x4ade7de7"
"W", "0x3007da", "0x7c382752"
"R", "0x16b79b"
"W", "0x1e8187", "0x14796c5d"
"R", "0x24ff21"
"R", "0x161172"
"R", "0xcfb34"
"W", "0x39c441", "0x3e2aaaf2"
"R", "0x3ef589"
"W", "0xda15d", "0x7148728b"
"R", "0x14c520"
"W", "0x3d030e", "0x32f287fb"
"W", "0x39c441", "0x5335ac2d"
"W", "0x28e417", "0x5b543f1f"
"R", "0x3c5ce5"
"R", "0x3bb6bc"
"R", "0xb08b9"
"W", "0x1e8187", "0x14be543d"
"W", "0x53148", "0x376b0eea"
"R", "0x30ae03"
"R", "0x48b1f"
"R", "0x33ecd0"
"W", "0x175dc4", "0x340224e2"
"W", "0x7c9ec", "0x48a5a2da"
"R", "0xeedaf"
"W", "0xb08b9", "0x315cc4b3"
"R", "0xeedaf"
"W", "0x35df4b", "0x5899fc46"
"R", "0x3007da"
"R", "0x353922"
"W", "0x33ecd0", "0x7c7ada27"
"R", "0x28e417"
"R", "0x26f19c"
"W", "0x3c5ce5", "0x2ad63036"
"W", "0x2458f8", "0x2d93c66f"
"R", "0x18aa16"
"W", "0x48b1f", "0x25f72355"
"W", "0x423456", "0x26767080"
"W", "0x3bb6bc", "0x20ae6c6"
"W", "0x32a07e", "0x268265c0"
"R", "0x3d030e"
"R", "0x141ef7"
"R", "0x9bc67"
"R", "0x3007da"
"R", "0x67d9a"
"R", "0x2a3069"
"W", "0x39c441", "0x1cf75f71"
"R", "0x3492f9"
"R", "0x21c054"
"R", "0x2cc90d"
"W", "0xb08b9", "0x64d54cd5"
"W", "0x156b49", "0x1476f937"
"R", "0x30ae03"
"W", "0x298a40", "0x577d854e"
"R", "0x21c054"
"R", "0x156b49"
"W", "0x37d1c6", "0x43ac8039"
"W", "0x2d6f36", "0x7e18cddc"
"R", "0x9bc67"
"R", "0x298a40"
"W", "0x2e155f", "0x5015fb1b"
"W", "0x1e8187", "0x7ad4fd84"
"W", "0x1be8e3", "0x480fc756"
"R", "0x283dee"
"W", "0xeedaf", "0xb58415d"
"R", "0x211a2b"
"R", "0x353922"
"R", "0x22667d"
"R", "0x4041db"
"R", "0x2d6f36"
"W", "0x31fa55", "0x17b9d7f2"
"R", "0x3d030e"
"R", "0x1803ed"
"W", "0x9163e", "0x43eec23e"
"R", "0x19503f"
"W", "0xcfb34", "0x68706fec"
"R", "0x3007da"
"R", "0x22667d"
"W", "0x48b1f", "0x6f40f251"
"W", "0x1a9c91", "0x730a48d0"
"W", "0x21c054", "0x11c28525"
"W", "0x30ae03", "0x3370d666"
"W", "0x25a54a", "0x7e7f976f"
"R", "0x28e417"
"W", "0x1b42ba", "0x2921a4f5"
"R", "0x207402"
"W", "0x25a54a", "0x9957052"
"W", "0x230ca6", "0x2f0ad214"
"R", "0x1d3535"
"W", "0x31542c", "0x471155cb"
"W", "0x4041db", "0x7f47032c"
"W", "0xbaee2", "0x6b29b025"
"R", "0xe4786"
"R", "0x1f27b0"
"R", "0x21c054"
"W", "0x2e155f", "0x5e42cc41"
"R", "0x19503f"
"R", "0x2cc90d"
"W", "0x161172", "0x47acc6a8"
"W", "0x1f27b0", "0x6380a629"
"W", "0x31fa55", "0x154daa52"
"R", "0x3877ef"
"W", "0x28e417", "0x1443b44d"
"W", "0xc550b", "0x76c55c7d"
"W", "0x1c8f0c", "0x7c42cbb6"
"W", "0xc550b", "0x27e35fd9"
"R", "0x103a01"
"R", "0x5d771"
"W", "0x3ef589", "0x3f702c0e"
"W", "0x46194c", "0xdb38a87"
"W", "0x1f27b0", "0x49877898"
"R", "0x30ae03"
"W", "0x141ef7", "0x18564529"
"W", "0x7c9ec", "0x77dc675f"
"W", "0x391e18", "0x6ed0d4c7"
"R", "0x1378ce"
"W", "0x122c7c", "0x8a8a486"
"W", "0xda15d", "0x16216e9d"
"W", "0x37d1c6", "0x579ed73f"
"R", "0x10e02a"
"R", "0x353922"
"W", "0x207402", "0x1d582940"
"R", "0x1803ed"
"R", "0x31542c"
"W", "0x3e4f6", "0x3a431f57"
"W", "0x3007da", "0x32f7618c"
"W", "0x211a2b", "0x32965a44"
"W", "0x4426d1", "0x10b5b05"
"R", "0x3e4f6"
"R", "0x1e8187"
"W", "0x298a40", "0x38b657ac"
"R", "0x9163e"
"W", "0x9bc67", "0x1f4aa9b8"
"R", "0x3007da"
"R", "0x2c22e4"
"W", "0x2f61b1", "0x1947a3fa"
"R", "0x230ca6"
"W", "0xb08b9", "0x31b890a9"
"W", "0xa629", "0x114066fc"
"R", "0x22667d"
"R", "0x2ad692"
"W", "0x40e804", "0x2de61dae"
"R", "0x2b7cbb"
"W", "0x1e8187", "0x25a2f74a"
"R", "0x3da937"
"R", "0x10e02a"
"W", "0x1a9c91", "0x3c93f14a"
"R", "0x423456"
"W", "0x21c054", "0x793584cd"
"W", "0x3f9bb2", "0x6c96ca5c"
"R", "0x3e4f6"
"W", "0x372b9d", "0x4df9f374"
"W", "0x30ae03", "0x42234570"
"W", "0x23b2cf", "0x6affb69f"
"W", "0x1378ce", "0x1ce722aa"
"R", "0xbaee2"
"W", "0x37d1c6", "0x4b417173"
"R", "0x32a07e"
"R", "0x3346a7"
"R", "0x141ef7"
"W", "0x298a40", "0x5ec11c1"
"W", "0x4041db", "0x59304d8a"
"W", "0x1ddb5e", "0x187d4821"
"W", "0x423456", "0x5c0ed4"
"W", "0x40e804", "0x2aa169f5"
"W", "0x35df4b", "0x4217357b"
"R", "0x2458f8"
"W", "0xeedaf", "0x7c46d291"
"W", "0x12d2a5", "0x4c857689"
"W", "0x230ca6", "0x7f719c6f"
"R", "0x122c7c"
"W", "0x10e02a", "0x4ad76fe5"
"R", "0x3b1093"
"R", "0x9163e"
"W", "0x3d030e", "0x44e16695"
"W", "0x24ff21", "0x14e58c98"
"W", "0x3bb6bc", "0x2cf5e9c"
"R", "0x230ca6"
"R", "0x53148"
"R", "0x33ecd"
"W", "0x372b9d", "0x17106f9e"
"W", "0x1b42ba", "0x4da59b75"
"R", "0x33ecd0"
"W", "0x156b49", "0xcebb82f"
"W", "0x21c054", "0x45c36adf"
"W", "0x353922", "0x5bd8de35"
"W", "0x3b1093", "0x68c9f13c"
"R", "0x368574"
"W", "0x3492f9", "0x4c051021"
"R", "0xa6290"
"R", "0x230ca6"
"W", "0x3c5ce5", "0x33d228e3"
"W", "0x1be8e3", "0x3fe53171"
"R", "0x3346a7"
"W", "0x9163e", "0x2f429452"
"R", "0x3a6a6a"
"W", "0x3e4f6", "0x26ab1c0e"
"R", "0x37d1c6"
"R", "0x2458f8"
"W", "0x3e4f60", "0x2128a4fa"
"W", "0xc550b", "0x739c8e29"
"W", "0x28e417", "0x5b7304ad"
"W", "0x21c054", "0x1293cbaf"
"R", "0xbaee2"
"W", "0x2458f8", "0x2aa705d7"
"W", "0x44ccfa", "0x1bd1ceb9"
"W", "0x39c441", "0x669e77c8"
"R", "0x141ef7"
"R", "0x161172"
"W", "0x1fcdd9", "0x765a6ff7"
"W", "0x46194c", "0x228144a"
"R", "0x3e4f60"
"R", "0x1e8187"
"W", "0x161172", "0x4bb149fd"
"W", "0x2c22e4", "0x28d56a57"
"W", "0x457323", "0x17c82577"
"W", "0x4041db", "0x362f01d2"
"W", "0x3d030e", "0x7ccd0d26"
"W", "0x2ebb88", "0x7719b523"
"W", "0x161172", "0x1f4266de"
"R", "0x2cc90d"
"R", "0xe4786"
"R", "0x3ef589"
"R", "0x175dc4"
"W", "0x33ecd0", "0x32e8beaf"
"W", "0xeedaf", "0x10db426f"
"W", "0x283dee", "0x5a8dd973"
"W", "0x3d030e", "0x2cd116a9"
"W", "0x18aa16", "0x7a74af05"
"W", "0x3f9bb2", "0x1387213f"
"R", "0x2b7cbb"
"R", "0x2d6f36"
"W", "0x457323", "0x46dadb06"
"W", "0x423456", "0x7f47f58c"
"R", "0x2d6f36"
"W", "0x391e18", "0x2840ed76"
"W", "0x14c520", "0x18ff0f09"
"W", "0x14c520", "0x2ba3cc34"
"R", "0x2d6f36"
"R", "0x7c9ec"
"W", "0x1ddb5e", "0x453f489a"
"W", "0x4041db", "0x33627d9f"
"R", "0xc550b"
"R", "0x1b42ba"
"R", "0x18aa16"
"W", "0x2a3069", "0x37ccd996"
"W", "0x2d6f36", "0x7781c367"
"R", "0x175dc4"
"R", "0x1378ce"
"R", "0x33ecd"
"W", "0x1f27b0", "0x4fb59451"
"R", "0x35df4b"
"R", "0xf93d8"
"W", "0x3e4f60", "0x704d033e"
"R", "0x53148"
"R", "0x2c22e4"
"R", "0x19503f"
"W", "0xa6290", "0x5d0c023e"
"W", "0x2797c5", "0x2beaa5f4"
"R", "0x1ddb5e"
"R", "0x122c7c"
"W", "0x283dee", "0x2d73535"
"W", "0x19f668", "0x2c037aa9"
"W", "0x7c9ec", "0x643cca77"
"R", "0x391e18"
"R", "0x3b1093"
"W", "0x87015", "0x29846185"
"R", "0x3346a7"
"W", "0x14c52", "0x6e30af5"
"W", "0xc550b", "0x782c0afb"
"W", "0x21c054", "0x735eb0ba"
"W", "0x1be8e3", "0x3d89cf90"
"R", "0x1be8e3"
"W", "0x1803ed", "0x58b3e352"
"R", "0x3346a7"
"R", "0x1b42ba"
"W", "0x3877ef", "0x45bfaa31"
"R", "0xeedaf"
"W", "0x3c5ce5", "0x326c936b"
"R", "0x3e4f60"
"W", "0x37d1c6", "0x40b7945e"
"W", "0x372b9d", "0xcad1473"
"R", "0x3007da"
"W", "0x26f19c", "0x727430f8"
"R", "0x26f19c"
"R", "0x28e417"
"W", "0x3a6a6a", "0x7fe51e74"
"R", "0x3346a7"
"R", "0x31fa55"
"R", "0x418e2d"
"W", "0xa6290", "0x3ec747fa"
"R", "0x1f27b0"
"R", "0x31542c"
"W", "0x1be8e3", "0x3bc5afff"
"W", "0x53148", "0x73995ac3"
"R", "0x1ddb5e"
"W", "0x14c520", "0x4a57503d"
"W", "0x12d2a5", "0x38d9132f"
"W", "0x391e18", "0x258ebe8b"
"W", "0x2a3069", "0x559197d3"
"W", "0x3da937", "0x181e0daf"
"R", "0x3c5ce5"
"R", "0xbaee2"
"W", "0x353922", "0x771d9033"
"R", "0x2458f8"
"R", "0x122c7c"
"R", "0x230ca6"
"R", "0xa6290"
"W", "0x22667d", "0x218877c4"
"W", "0x2ad692", "0x69143391"
"R", "0x30ae03"
"W", "0x1803ed", "0x288f9b2e"
"R", "0x31542c"
"W", "0xa6290", "0x479b2c90"
"R", "0x298a40"
"W", "0x368574", "0x14903e15"
"W", "0x19f668", "0x23dff95b"
"W", "0x26f19c", "0x7ebe4933"
"R", "0x5d771"
"W", "0x118653", "0x23a56504"
"W", "0x161172", "0x6a75d114"
"W", "0x1e8187", "0x6a3accc8"
"R", "0x3ef589"
"R", "0x3492f9"
"R", "0x3492f9"
"W", "0x264b73", "0x6ba66188"
"R", "0x156b49"
"W", "0x2d6f36", "0x64b24325"
"R", "0x48b1f"
"R", "0x211a2b"
"R", "0x16b79b"
"W", "0x372b9d", "0x6407316b"
"W", "0xf93d8", "0x3ff59a8c"
"R", "0x39c441"
"W", "0x3007da", "0x667385fd"
"W", "0x22667d", "0x275d2638"
"W", "0x3d030e", "0x2fbe99db"
"W", "0x23b2cf", "0x6fb51b44"
"R", "0x1378ce"
"R", "0x44ccfa"
"R", "0x368574"
"W", "0x2cc90d", "0x1e15cf67"
"W", "0x4380a8", "0x7b21a6c7"
"R", "0x3e4f6"
"R", "0x40e804"
"W", "0xe4786", "0x3d822f5b"
"R", "0x4041db"
"W", "0x2c22e4", "0x32e516db"
"R", "0x10e02a"
"W", "0x391e18", "0x542c3556"
"R", "0xc550b"
"W", "0x53148", "0x5fa9623f"
"W", "0x9163e", "0x4382c087"
"W", "0xc550b", "0x17ca1173"
"W", "0x19503f", "0x5613308e"
"R", "0x353922"
"W", "0x5d771", "0x28735d90"
"W", "0x2e155f", "0x8a9c1d0"
"W", "0x4041db", "0x74181a75"
"W", "0x1a9c91", "0x705d020f"
"R", "0x31542c"
"R", "0x156b49"
"R", "0x22667d"
"W", "0x1f27b0", "0x7b31eecd"
"R", "0x207402"
"W", "0x2cc90d", "0x7aff0c78"
"W", "0x16b79b", "0x7471400e"
"R", "0x3ef589"
"W", "0x2ebb88", "0x3625eb90"
"W", "0x16b79b", "0x13863dc9"
"W", "0x3a6a6a", "0x3b45811e"
"W", "0xc550b", "0x4defeb8b"
"R", "0x26f19c"
"R", "0x391e18"
"R", "0x264b73"
"W", "0x28e417", "0x65b50dce"
"W", "0x28e417", "0x4b146e31"
"R", "0x3d030e"
"R", "0x230ca6"
"W", "0x161172", "0x8ce447f"
"R", "0x3ef589"
"W", "0x2d6f36", "0x32477cd3"
"R", "0x33ecd"
"W", "0x67d9a", "0x6019cfe0"
"W", "0x2797c5", "0x2c450900"
"W", "0x42da7f", "0x5d135559"
"R", "0x230ca6"
"R", "0xeedaf"
"W", "0x211a2b", "0x37c25919"
"R", "0x3a6a6a"
"R", "0x3346a7"
"R", "0x2c22e4"
"W", "0xf93d8", "0x72c7eae3"
"R", "0x207402"
"W", "0x1803ed", "0x55ad67e2"
"W", "0x3a6a6a", "0x333b7ca9"
"R", "0x141ef7"
"W", "0x3492f9", "0x36f49099"
"R", "0xcfb34"
"W", "0x118653", "0x16f95359"
"R", "0x23b2cf"
"R", "0x9bc67"
"R", "0x24ff21"
"R", "0x23b2cf"
"R", "0x2e155f"
"W", "0x22667d", "0x7580ad82"
"W", "0x14c520", "0x7d5750db"
"R", "0x3bb6bc"
"R", "0x391e18"
"W", "0x4041db", "0x2ded4040"
"R", "0x3b1093"
"R", "0x22667d"
"R", "0x161172"
"R", "0x283dee"
"W", "0x1803ed", "0x2391a223"
"R", "0x3a6a6a"
"W", "0x33ecd0", "0x23a83f0a"
"W", "0x9163e", "0x41f03697"
"R", "0x353922"
"R", "0x3ef589"
"R", "0x3bb6bc"
"W", "0x1b42ba", "0x3eb35782"
"W", "0x31542c", "0x6d95aee5"
"W", "0xcfb34", "0x7c573335"
"R", "0x31542c"
"W", "0x9bc67", "0x3fcc024"
"R", "0x2f61b1"
"R", "0x14c520"
"R", "0x423456"
"W", "0xbaee2", "0x5b7e8398"
"R", "0x28e417"
"W", "0x1b42ba", "0x76e1ba99"
"W", "0xc550b", "0x4ad45293"
"R", "0x2b7cbb"
"R", "0x39c441"
"R", "0x3ef589"
"R", "0xcfb34"
"R", "0x1b42ba"
"R", "0x103a01"
"R", "0x48b1f"
"W", "0x3346a7", "0x773d0eed"
"W", "0x2e155f", "0x1d96e7d8"
"W", "0x457323", "0x4f0ad190"
"W", "0x122c7c", "0x46f4a522"
"R", "0x3a6a6a"
"W", "0x2c22e4", "0x4c9adf2c"
"W", "0x368574", "0x4bd57df9"
"R", "0x16b79b"
"R", "0x118653"
"R", "0xc550b"
"W", "0x353922", "0x1960f032"
"R", "0x3877ef"
"W", "0x423456", "0xdda8ce2"
"R", "0x3492f9"
"R", "0xe4786"
"W", "0x30ae03", "0x2b33b56d"
"W", "0x31fa55", "0x12a11c3b"
"R", "0x87015"
"W", "0x353922", "0xf7d7b4c"
"R", "0x122c7c"
"R", "0x3c5ce5"
"W", "0x87015", "0x2b1f2c93"
"W", "0x2797c5", "0x5036e50a"
"R", "0x141ef7"
"R", "0x14c52"
"R", "0x32a07e"
"W", "0x2ad692", "0x206126f9"
"W", "0x368574", "0x76852493"
"R", "0x21c054"
"R", "0x87015"
"W", "0x39c441", "0x175126cc"
"W", "0x283dee", "0x400d60bb"
"W", "0x1be8e3", "0x16d7122c"
"W", "0x23b2cf", "0x58e44d38"
"R", "0x48b1f"
"R", "0x2e155f"
"R", "0x30ae03"
"R", "0x39c441"
"R", "0x35df4b"
"R", "0xda15d"
"W", "0xb08b9", "0x79c7f6fc"
"R", "0x175dc4"
"R", "0x1378ce"
"R", "0x3492f9"
"W", "0x25a54a", "0x1353ab4f"
"W", "0x118653", "0x7caac04b"
"W", "0x298a4", "0x629029b4"
"R", "0x2e155f"
"W", "0x1a9c91", "0x386c79f2"
"W", "0x3007da", "0x3c5c7d1b"
"R", "0x1fcdd9"
"W", "0xc550b", "0x487c9ac5"
"R", "0x1f27b0"
"W", "0x30ae03", "0xbb85b43"
"R", "0x33ecd"
"W", "0x23b2cf", "0x6db956a0"
"R", "0x3492f9"
"W", "0xb08b9", "0x510e7974"
"W", "0x230ca6", "0x1ae5aeb0"
"W", "0x2ebb88", "0x7b10f9b6"
"R", "0xc550b"
"W", "0x283dee", "0x7fb9066"
"W", "0x2a3069", "0x1b1cc701"
"R", "0x3e4f60"
"W", "0x103a01", "0x1862b298"
"R", "0x3e4f60"
"R", "0x18aa16"
"W", "0x24ff21", "0x7eafd1ec"
"W", "0xe4786", "0x16b72ebf"
"W", "0x175dc4", "0x7949d7e3"
"R", "0xa6290"
"W", "0x1ddb5e", "0x426dc849"
"R", "0x3346a7"
"R", "0x3f9bb2"
"R", "0x283dee"
"W", "0x53148", "0x5eb6aa02"
"W", "0x2cc90d", "0x1d8a4d1b"
"W", "0x9bc67", "0xa1d389e"
"W", "0x25a54a", "0x40413aa6"
"R", "0x423456"
"W", "0x1378ce", "0x48f19826"
"W", "0x28e417", "0x351e45bd"
"W", "0x31fa55", "0x7480b852"
"R", "0x372b9d"
"W", "0x21c054", "0x8a3fbda"
"R", "0x5d771"
"W", "0xf93d8", "0x46f3948f"
"W", "0x2d6f36", "0x5c2459"
"R", "0xbaee2"
"R", "0x175dc4"
"W", "0x67d9a", "0x550866a6"
"W", "0x3007da", "0x439d1e71"
"W", "0x2d6f36", "0x6ac364fa"
"W", "0x1b42ba", "0x39688411"
"R", "0x1378ce"
"W", "0x298a40", "0xf31e5cc"
"R", "0x9bc67"
"W", "0x1be8e3", "0x3cc14707"
"R", "0x12d2a5"
"R", "0x391e18"
"W", "0x2c22e4", "0x11194a99"
"R", "0x2797c5"
"W", "0x2b7cbb", "0x44eb70db"
"R", "0x4041db"
"R", "0x14c520"
"R", "0x122c7c"
"W", "0x2b7cbb", "0xbd4dc47"
"R", "0x37d1c6"
"R", "0x457323"
"W", "0x2ebb88", "0x2140fdb6"
"R", "0x1d3535"
"R", "0x211a2b"
"W", "0x1fcdd9", "0x6fe3f82c"
"W", "0x32a07e", "0x7d5a1e18"
"R", "0x3f9bb2"
"W", "0x211a2b", "0x36abd5d3"
"R", "0x30ae03"
"W", "0x19503f", "0x6f49071f"
"R", "0x3007da"
"W", "0x32a07e", "0x1d81dc46"
"W", "0x18aa16", "0x61dbbdda"
"R", "0x21c054"
"W", "0xda15d", "0x5387f05a"
"R", "0x3d030e"
"W", "0x5d771", "0x4a3c3130"
"W", "0x298a40", "0x1f638854"
"W", "0x46194c", "0x31b85687"
"W", "0xeedaf", "0x6de28cb5"
"R", "0x1be8e3"
"R", "0x1f27b0"
"R", "0x16b79b"
"W", "0x3da937", "0x77f2979e"
"W", "0x3492f9", "0x86622de"
"R", "0x31fa55"
"W", "0x207402", "0x9cbaad6"
"R", "0xda15d"
"W", "0xcfb34", "0x6db1d1c8"
"R", "0x2ad692"
"R", "0x211a2b"
"R", "0xcfb34"
"W", "0x230ca6", "0x26348471"
"W", "0x122c7c", "0x2dbed352"
"W", "0x1ddb5e", "0xb02ef4"
"W", "0x1b42ba", "0x3d7ea322"
"W", "0xcfb34", "0x5e1b8ba4"
"R", "0x53148"
"R", "0x368574"
"R", "0x1a9c91"
"W", "0x1f27b0", "0x5cd4437f"
"W", "0x31542c", "0x7568d9ab"
"W", "0x368574", "0x31a3ae8"
"W", "0x211a2b", "0x7ba56ec1"
"R", "0x3492f9"
"R", "0x3a6a6a"
"R", "0x3a6a6a"
"W", "0x1a9c91", "0x41f41a9e"
"R", "0x156b49"
"R", "0x3bb6bc"
"W", "0x87015", "0x5eafe9c1"
"W", "0xb08b9", "0x304da00"
"R", "0xda15d"
"W", "0x372b9d", "0x1474e3cd"
"R", "0x30ae03"
"W", "0xc550b", "0x1b59a5fe"
"R", "0xda15d"
"R", "0x122c7c"
"W", "0xa6290", "0x26eb0cf1"
"R", "0x31542c"
"W", "0x372b9d", "0x7ce8f9a2"
"R", "0x141ef7"
"W", "0x33ecd0", "0x503e39da"
"R", "0x9163e"
"W", "0x1fcdd9", "0x3ab5b5ae"
"W", "0x33ecd0", "0x535c0a4a"
"W", "0x1fcdd9", "0x20e6faef"
"W", "0x33ecd", "0x24e00226"
"W", "0x3bb6bc", "0xa5d9ab8"
"R", "0x3f9bb2"
"R", "0x161172"
"W", "0x3492f9", "0x1ab567f8"
"W", "0x207402", "0x155663ed"
"R", "0x28e417"
"W", "0x18aa16", "0x3b9b5d57"
"R", "0x2458f8"
"R", "0x25a54a"
"W", "0x175dc4", "0x5184bdf0"
"W", "0x32a07e", "0x45390b81"
"W", "0x3da937", "0x1a434be3"
"W", "0x2b7cbb", "0x67546686"
"W", "0x1c8f0c", "0x298a3cf8"
"R", "0x23b2cf"
"W", "0x141ef7", "0x28975d54"
"R", "0x1c8f0c"
"W", "0x3877ef", "0x2ac7c7ec"
"W", "0x1e8187", "0x35bbdfab"
"R", "0x24ff21"
"R", "0x368574"
"R", "0x2458f8"
"R", "0x2a3069"
"W", "0x37d1c6", "0x2203b5a9"
"R", "0x3877ef"
"R", "0x4041db"
"R", "0x3f9bb2"
"W", "0x40e804", "0x9e25d08"
"R", "0x19f668"
"W", "0x1378ce", "0x7f104a57"
"R", "0x211a2b"
"R", "0x283dee"
"W", "0x3877ef", "0x7b07a9fb"
"R", "0x264b73"
"R", "0x1c8f0c"
"W", "0x35df4b", "0x64376eae"
"W", "0x103a01", "0x27c2731b"
"R", "0x118653"
"W", "0x31fa55", "0x7cbb599a"
"W", "0x37d1c6", "0x19d22111"
"R", "0x28e417"
"R", "0x87015"
"R", "0x31542c"
"R", "0x35df4b"
"R", "0xc550b"
"R", "0x4041db"
"R", "0x87015"
"R", "0x10e02a"
"R", "0x3346a7"
"W", "0x2cc90d", "0x20700d08"
"W", "0x9163e", "0x8dcf254"
"R", "0x1c8f0c"
"R", "0xf93d8"
"R", "0x26f19c"
"R", "0x141ef7"
"W", "0x1c8f0c", "0xef6354"
"R", "0xa6290"
"R", "0x7c9ec"
"W", "0x1e8187", "0x5580f495"
"R", "0x298a40"
"W", "0x1c8f0c", "0x17b8e9c3"
"R", "0x3d030e"
"R", "0x1ddb5e"
"R", "0x2ad692"
"W", "0x9bc67", "0x3948989b"
"W", "0x26f19c", "0xdb3848b"
"W", "0x14c520", "0x50354b39"
"R", "0x3c5ce5"
"R", "0x2458f8"
"W", "0x2cc90d", "0x14cbd2f6"
"R", "0x1b42ba"
"R", "0x2b7cbb"
"W", "0x3877ef", "0x47584514"
"W", "0x230ca6", "0x2ef7a2f3"
"R", "0x1b42ba"
"W", "0x21c054", "0x317efbae"
"W", "0x87015", "0x56aa43f"
"R", "0x3e4f6"
"W", "0x230ca6", "0x24833435"
"W", "0xeedaf", "0x339527d"
"W", "0x1803ed", "0x1c2d7448"
"W", "0x2d6f36", "0x69c0408a"
"R", "0x32a07e"
"R", "0x12d2a5"
"R", "0x23b2cf"
"R", "0x230ca6"
"W", "0x1b42ba", "0xaf2dcca"
"R", "0x122c7c"
"R", "0x9163e"
"R", "0x3b1093"
"R", "0x3877ef"
"R", "0xb08b9"
"W", "0x1b42ba", "0x1a38b6e7"
"W", "0x2cc90d", "0x164fa2f5"
"W", "0x7c9ec", "0x75d0f31e"
"R", "0x3877ef"
"W", "0x4380a8", "0x261b1446"
"W", "0x3f9bb2", "0x1296e4ba"
"W", "0x53148", "0x79518c53"
"R", "0x3b1093"
"W", "0x19f668", "0x2a9b1251"
"R", "0x9bc67"
"R", "0x2d6f36"
"W", "0x4041db", "0x4d7ee28a"
"W", "0x298a4", "0x46bb4eab"
"R", "0x2a3069"
"R", "0x3a6a6a"
"R", "0x391e18"
"R", "0x161172"
"R", "0xe4786"
"W", "0x1a9c91", "0x1c8b741f"
"R", "0x175dc4"
"R", "0x2458f8"
"W", "0x9163e", "0x3d6bc062"
"R", "0x230ca6"
"W", "0x118653", "0x529636c"
"R", "0x298a40"
"W", "0x2ad692", "0x1ecf75d0"
"W", "0x1ddb5e", "0x5d0d8476"
"R", "0xa6290"
"R", "0x161172"
"R", "0x1fcdd9"
"R", "0x2ebb88"
"R", "0x9163e"
"W", "0x30ae03", "0xcd0627d"
"W", "0x1e8187", "0x58a2fcd"
"W", "0x2cc90d", "0x4d43c804"
"W", "0x1378ce", "0x14fd2543"
"W", "0x723c3", "0x4b7950e7"
"R", "0x39c441"
"W", "0x44ccfa", "0x76a57b49"
"R", "0x2b7cbb"
"R", "0x32a07e"
"W", "0x19503f", "0x59ab6c7b"
"R", "0x211a2b"
"R", "0x33ecd0"
"R", "0x3e4f60"
"R", "0x7c9ec"
"W", "0x2e155f", "0x7b161598"
"R", "0xbaee2"
"R", "0x2b7cbb"
"W", "0x2c22e4", "0x590ffa5c"
"W", "0x264b73", "0x18c5c18d"
"W", "0x161172", "0x5f2d084f"
"W", "0x418e2d", "0x2e3aa9c6"
"R", "0xc550b"
"W", "0x7c9ec", "0xe28822d"
"R", "0x30ae03"
"W", "0x1c8f0c", "0x22eb4100"
"R", "0x3c5ce5"
"W", "0x368574", "0x1db55191"
"W", "0xb08b9", "0x20e9d6c5"
"R", "0x298a40"
"R", "0x53148"
"R", "0x32a07e"
"R", "0x3f9bb2"
"R", "0x353922"
"W", "0x37d1c6", "0x59ee8098"
"R", "0x5d771"
"W", "0x2b7cbb", "0x6aca0e99"
"R", "0x2a3069"
"W", "0x211a2b", "0x52c4b112"
"R", "0xe4786"
"R", "0x40e804"
"W", "0x24ff21", "0x144100b2"
"W", "0x48b1f", "0x5d46681"
"W", "0x10e02a", "0x7fe70635"
"R", "0x48b1f"
"R", "0x40e804"
"W", "0x28e417", "0x7406d0e3"
"W", "0x1378ce", "0x2920fe60"
"W", "0x42da7f", "0x10838758"
"W", "0x42da7f", "0x3ad28c0a"
"W", "0x9163e", "0x23aa40b8"
"R", "0x298a40"
"W", "0x298a4", "0x6c7358a0"
"W", "0x1be8e3", "0x791b3856"
"W", "0x39c441", "0x33ff7a4"
"R", "0x2ebb88"
"W", "0x26f19c", "0x334aa965"
"W", "0x9bc67", "0x4c315ac6"
"W", "0x18aa16", "0x116a8cc5"
"R", "0x9bc67"
"W", "0x298a40", "0x3cd941e0"
"W", "0x30ae03", "0x4209e3d6"
"W", "0x28e417", "0x198f37e8"
"R", "0x23b2cf"
"R", "0x161172"
"R", "0x141ef7"
"W", "0x1fcdd9", "0x523fe7eb"
"R", "0x19f668"
"W", "0x264b73", "0x25ccde01"
"R", "0x2ad692"
"R", "0x31542c"
"W", "0xda15d", "0x2ab5ff1"
"R", "0xcfb34"
"R", "0x19f668"
"W", "0xe4786", "0xab3c0e6"
"W", "0x31fa55", "0x26fc567"
"R", "0x1803ed"
"R", "0x32a07e"
"W", "0x1d3535", "0x46443ebb"
"W", "0x33ecd0", "0x16a6f0a1"
"R", "0xda15d"
"W", "0x372b9d", "0x116e8fc0"
"W", "0x264b73", "0x133b7278"
"R", "0x35df4b"
"W", "0xe4786", "0x484d6fb0"
"W", "0x2cc90d", "0xef73d29"
"R", "0x298a40"
"R", "0x161172"
"W", "0x156b49", "0x54e18ca1"
"W", "0x87015", "0x23e9653e"
"W", "0x87015", "0x50f089c2"
"W", "0x25a54a", "0x4f392fb6"
"W", "0x283dee", "0x503b08ec"
"W", "0xda15d", "0x2d8d3ea0"
"R", "0x2e155f"
"W", "0x4380a8", "0x288bc5db"
"W", "0x19f668", "0x1a7d690"
"R", "0x2d6f36"
"R", "0x103a01"
"W", "0x3c5ce5", "0x66b522f2"
"W", "0x103a01", "0x21918f3f"
"W", "0x1be8e3", "0x235ccc2e"
"W", "0x391e18", "0x11b34d89"
"W", "0x207402", "0x4dca6a5"
"R", "0x207402"
"R", "0x4426d1"
"R", "0x1b42ba"
"R", "0x9bc67"
"R", "0x723c3"
"R", "0x87015"
"W", "0x3492f9", "0x4d7109aa"
"R", "0x37d1c6"
"W", "0x22667d", "0x14121b45"
"R", "0x33ecd0"
"R", "0x24ff21"
"W", "0x423456", "0x5e098d10"
"R", "0x161172"
"R", "0x3877ef"
"R", "0x5d771"
"R", "0x21c054"
"R", "0x14c52"
"W", "0x28e417", "0x160c63c9"
"W", "0x3b1093", "0x661b6139"
"R", "0x298a40"
"R", "0x21c054"
"R", "0x368574"
"R", "0x3492f9"
"W", "0xb08b9", "0x5dfe2f8d"
"W", "0x1ddb5e", "0x2ed7904b"
"R", "0x2a3069"
"R", "0x19503f"
"R", "0x7c9ec"
"W", "0x298a40", "0x37f0a4dc"
"R", "0xf93d8"
"W", "0x3d030e", "0x79862af3"
"R", "0xe4786"
"R", "0x230ca6"
"R", "0x372b9d"
"R", "0xcfb34"
"W", "0x9163e", "0x736258cf"
"R", "0x25a54a"
"R", "0x368574"
"R", "0x16b79b"
"R", "0x2a3069"
"R", "0x16b79b"
"W", "0x298a40", "0x1d38d21a"
"W", "0x21c054", "0x59056512"
"R", "0x4426d1"
"R", "0x1a9c91"
"R", "0x2a3069"
"R", "0x31542c"
"R", "0x368574"
"W", "0x1f27b0", "0x4d79e0d0"
"R", "0x368574"
"R", "0x353922"
"R", "0x3c5ce5"
"W", "0x87015", "0x5057a72b"
"W", "0xa6290", "0x3fc734f9"
"W", "0x3da937", "0x3bc85c98"
"W", "0xf93d8", "0x3dfa18e"
"W", "0x1e8187", "0x5b7a8c45"
"R", "0x1f27b0"
"R", "0x2f61b1"
"W", "0x175dc4", "0x109ff96e"
"R", "0x10e02a"
"W", "0x2ad692", "0xd18c8da"
"R", "0x32a07e"
"R", "0xc550b"
"R", "0x16b79b"
"R", "0x2ebb88"
"R", "0x353922"
"R", "0x211a2b"
"W", "0x2d6f36", "0x5ff3519c"
"R", "0x1fcdd9"
"W", "0x19503f", "0x15d34acb"
"R", "0x1e8187"
"R", "0x3e4f6"
"R", "0x1be8e3"
"R", "0x32a07e"
"R", "0x25a54a"
"W", "0x264b73", "0x6d11ab44"
"W", "0x3346a7", "0x2b73c169"
"W", "0x16b79b", "0x2b340b77"
"R", "0x16b79b"
"R", "0x5d771"
"W", "0x723c3", "0x6962a39f"
"W", "0x39c441", "0x35e91a3a"
"R", "0x2e155f"
"R", "0x31542c"
"R", "0x30ae03"
"R", "0x1c8f0c"
"R", "0x31542c"
"R", "0x12d2a5"
"R", "0x12d2a5"
"R", "0x87015"
"R", "0xda15d"
"W", "0x372b9d", "0xab387e4"
"W", "0x3a6a6a", "0x7aa64f6c"
"R", "0x1be8e3"
"W", "0x161172", "0x2680dca8"
"W", "0x264b73", "0x2e7b02f0"
"W", "0x30ae03", "0xd96a57b"
"R", "0x723c3"
"W", "0x2cc90d", "0x1909543"
"W", "0x2797c5", "0x2cb7e408"
"R", "0x418e2d"
"R", "0x2a3069"
"W", "0x9bc67", "0xafd269d"
"R", "0xcfb34"
"W", "0x118653", "0x5546ec67"
"R", "0xe4786"
"W", "0x175dc4", "0x345f57f3"
"W", "0x3346a7", "0x760b7df2"
"W", "0x207402", "0x5d2634b5"
"W", "0x207402", "0x57dd3310"
"R", "0x2c22e4"
"R", "0x2a3069"
"W", "0x4426d1", "0x3ac0fa1d"
"R", "0x353922"
"W", "0x141ef7", "0x4fae5316"
"R", "0x14c520"
"W", "0x423456", "0x24475b0d"
"W", "0x156b49", "0x5de058ff"
"W", "0x4426d1", "0x17a3dd43"
"W", "0x418e2d", "0x1b6fea78"
"W", "0x9163e", "0x13920660"
"W", "0x31542c", "0x51c7a0ed"
"W", "0x122c7c", "0x3d0d0121"
"R", "0xbaee2"
"R", "0x7c9ec"
"R", "0x372b9d"
"R", "0x3d030e"
"W", "0xc550b", "0x10ee0a0c"
"W", "0x418e2d", "0x5d0008f3"
"W", "0x23b2cf", "0x7f3a3a00"
"W", "0x2f61b1", "0x251979e9"
"W", "0x283dee", "0x21540ee7"
"W", "0x2b7cbb", "0x2c05f68"
"R", "0x5d771"
"W", "0x2ebb88", "0x3a401e98"
"R", "0x3c5ce5"
"W", "0x16b79b", "0x377da7d9"
"R", "0x1fcdd9"
"W", "0x3b1093", "0x66ecb73b"
"W", "0x2ad692", "0x176c5b77"
"W", "0x87015", "0x77384804"
"W", "0x26f19c", "0x5b5c47c6"
"W", "0x3c5ce5", "0x51c8c496"
"R", "0x1c8f0c"
"W", "0x3e4f6", "0x4287c7e3"
"R", "0x2c22e4"
"R", "0x2d6f36"
"W", "0x39c441", "0x7ad30e07"
"W", "0x141ef7", "0x64604da2"
"R", "0x9163e"
"W", "0x4380a8", "0x69354b67"
"W", "0x1b42ba", "0x25ed01cc"
"W", "0x723c3", "0x6fa72c78"
"W", "0x122c7c", "0x1d83d178"
"R", "0x5d771"
"W", "0x1803ed", "0x703601a"
"W", "0x3f9bb2", "0x442756f4"
"W", "0x156b49", "0x563a5458"
"W", "0x3346a7", "0x232e9189"
"R", "0x423456"
"R", "0x1a9c91"
"R", "0x2ad692"
"R", "0x23b2cf"
"W", "0x3877ef", "0x2a9384a1"
"W", "0x156b49", "0x54092848"
"R", "0x3e4f6"
"W", "0x161172", "0x212843da"
"R", "0x31fa55"
"R", "0x2a3069"
"W", "0x23b2cf", "0x641c9b79"
"R", "0x230ca6"
"R", "0x14c520"
"W", "0x118653", "0x661cd305"
"W", "0x353922", "0x6569ff44"
"W", "0x3c5ce5", "0x65a31272"
"R", "0x3007da"
"R", "0x1b42ba"
"W", "0x230ca6", "0x2128cced"
"R", "0x1c8f0c"
"W", "0x1e8187", "0x2f46e8ef"
"W", "0x353922", "0x3293dbfa"
"W", "0x3da937", "0x5f9e2c1a"
"W", "0x4380a8", "0x5947ecc3"
"W", "0x3bb6bc", "0x417d58e1"
"W", "0x37d1c6", "0x5ccd8154"
"R", "0x3d030e"
"W", "0x87015", "0x230b636c"
"W", "0x35df4b", "0x14fb0b7b"
"R", "0x2797c5"
"R", "0x156b49"
"W", "0x1378ce", "0x5af7c183"
"R", "0x3e4f60"
"R", "0x141ef7"
"R", "0x10e02a"
"W", "0x457323", "0x50991505"
"R", "0x2cc90d"
"W", "0x14c520", "0x87a257e"
"W", "0x175dc4", "0xd10d1e2"
"R", "0x16b79b"
"R", "0x2458f8"
"R", "0x19503f"
"R", "0x372b9d"
"W", "0x298a40", "0x1585c1a5"
"W", "0x3f9bb2", "0x62f6de01"
"R", "0x4041db"
"W", "0xc550b", "0x31e48f41"
"W", "0x26f19c", "0x31b2b5d4"
"W", "0x161172", "0xd46b0bd"
"W", "0x1c8f0c", "0x29512d6a"
"W", "0x9163e", "0x6611098"
"W", "0x3346a7", "0x3b865c44"
"R", "0x298a40"
"W", "0x3da937", "0x1244d032"
"W", "0x3f9bb2", "0x1f7817a1"
"W", "0x211a2b", "0x37bc1a22"
"R", "0x2797c5"
"R", "0x28e417"
"W", "0x3d030e", "0x731042a9"
"W", "0x1d3535", "0x1ececcea"
"R", "0x1803ed"
"W", "0x3346a7", "0x1d33b96d"
"R", "0x22667d"
"R", "0x353922"
"R", "0x103a01"
"R", "0x4426d1"
"W", "0x2e155f", "0x7b8ca674"
"W", "0x31fa55", "0x45cf7194"
"W", "0x2a3069", "0x61fad445"
"W", "0x1ddb5e", "0x3ea07aba"
"W", "0x2458f8", "0x5393c0f2"
"W", "0x3b1093", "0x7b532913"
"R", "0x2b7cbb"
"W", "0x32a07e", "0x1d56d706"
"W", "0x391e18", "0x45c96f70"
"W", "0xda15d", "0x4da9245b"
"W", "0x1378ce", "0x156b2822"
"R", "0x3f9bb2"
"W", "0x31fa55", "0x540e3fda"
"W", "0x1803ed", "0x6424efd1"
"W", "0x283dee", "0x496f45aa"
"R", "0x18aa16"
"R", "0x24ff21"
"W", "0x122c7c", "0x3c669c7e"
"W", "0x141ef7", "0x5894693"
"W", "0x67d9a", "0x2e033b55"
"R", "0x21c054"
"W", "0x2797c5", "0x5d0d2f86"
"W", "0x19503f", "0x1d4d3cf8"
"R", "0x368574"
"R", "0x2b7cbb"
"R", "0x368574"
"W", "0xcfb34", "0x32fa176"
"W", "0x118653", "0x433a7b30"
"R", "0x31fa55"
"W", "0x9163e", "0x77ef59c0"
"W", "0x418e2d", "0x344ed2d9"
"R", "0x1b42ba"
"R", "0x10e02a"
"R", "0x53148"
"W", "0x118653", "0x71091ace"
"R", "0x21c054"
"R", "0x372b9d"
"R", "0x3a6a6a"
"W", "0x7c9ec", "0x17e28144"
"R", "0x2b7cbb"
"W", "0x16b79b", "0x73176a61"
"W", "0x3ef589", "0x37867b4e"
"R", "0xa6290"
"R", "0x31fa55"
"W", "0x264b73", "0x7d587b7b"
"W", "0xf93d8", "0x78b319b3"
"W", "0x19f668", "0x7396bd1a"
"R", "0x3346a7"
"W", "0x175dc4", "0x688e5c0c"
"W", "0x2458f8", "0xc399eb6"
"R", "0x283dee"
"R", "0x3007da"
"W", "0x3b1093", "0x5f490eef"
"W", "0x21c054", "0x1faa2e82"
"R", "0x298a40"
"R", "0x9bc67"
"W", "0x21c054", "0x24629bf9"
"W", "0x39c441", "0x46462c0d"
"R", "0x141ef7"
"W", "0x4380a8", "0x51d0bda0"
"R", "0x2cc90d"
"W", "0x2d6f36", "0x65a103d6"
"R", "0x3e4f60"
"W", "0x18aa16", "0x106eb5bf"
"W", "0x40e804", "0x13de9586"
"W", "0x9163e", "0x479813a6"
"R", "0x3f9bb2"
"W", "0x1e8187", "0x1e2a634"
"W", "0x3bb6bc", "0x2afbbe5e"
"W", "0x2f61b1", "0x4d6b3bf3"
"W", "0x1be8e3", "0x441874d2"
"R", "0x3b1093"
"W", "0x2458f8", "0x69c724b2"
"W", "0x3e4f60", "0xf047ef2"
"W", "0x22667d", "0x76f91de8"
"W", "0xc550b", "0x19a1625"
"R", "0x14c520"
"R", "0x3f9bb2"
"R", "0x87015"
"W", "0x2b7cbb", "0x24d1af29"
"W", "0x35df4b", "0x65ca38a4"
"W", "0x31542c", "0x4c92bd77"
"R", "0x9bc67"
"W", "0x12d2a5", "0x5bd48119"
"W", "0x14c52", "0xb6e6cd"
"R", "0x3d030e"
"W", "0x3346a7", "0x73f73f0"
"W", "0x3e4f60", "0xd4ed413"
"W", "0x31542c", "0x5d517273"
"R", "0x3da937"
"W", "0x4041db", "0x11d63512"
"R", "0x723c3"
"R", "0x723c3"
"W", "0x2c22e4", "0x47507b52"
"W", "0xeedaf", "0x61ed718f"
"R", "0x2cc90d"
"W", "0x31542c", "0x99fd91c"
"R", "0xeedaf"
"R", "0x2ad692"
"R", "0x3da937"
"W", "0xa629", "0x7e2b580"
"R", "0x3b1093"
"W", "0x298a40", "0x2985d2ac"
"W", "0x1fcdd9", "0x2117a41b"
"R", "0x141ef7"
"W", "0x48b1f", "0xc40c577"
"W", "0xbaee2", "0xaad5e35"
"R", "0x10e02a"
"W", "0x1803ed", "0x7d286c8f"
"W", "0x423456", "0x5e5de2ec"
"W", "0x21c054", "0x12f10405"
"W", "0x33ecd0", "0x1d30be3a"
"W", "0x31fa55", "0x69504265"
"W", "0x2ad692", "0x65c9ccc9"
"W", "0x30ae03", "0x33ba34e3"
"R", "0x42da7f"
"W", "0x3f9bb2", "0x43f50041"
"R", "0x28e417"
"R", "0x4426d1"
"W", "0xa629", "0x4f679f7a"
"W", "0xa6290", "0x72ddd6ad"
"W", "0x175dc4", "0x6d2e403c"
"R", "0x1803ed"
"W", "0x1d3535", "0x4640be2e"
"W", "0x33ecd", "0xb2b5073"
"W", "0xbaee2", "0x49f5188f"
"W", "0x2458f8", "0x583b3b16"
"R", "0x2797c5"
"R", "0x283dee"
"W", "0x1be8e3", "0x12679175"
"R", "0x2c22e4"
"W", "0x1c8f0c", "0x7e26293f"
"W", "0x122c7c", "0x689cf880"
"W", "0x4380a8", "0x7ce5f5f5"
"W", "0x40e804", "0x5d40c6fc"
"W", "0x2ebb88", "0x64208d0d"
"W", "0x9bc67", "0x57672edc"
"W", "0xb08b9", "0x5167ab01"
"R", "0xa6290"
"W", "0x156b49", "0xe8857b5"
"W", "0x12d2a5", "0xb77c145"
"R", "0x207402"
"R", "0xe4786"
"R", "0x35df4b"
"R", "0x2b7cbb"
"W", "0x10e02a", "0x623cc201"
"W", "0x2b7cbb", "0x492cf53e"
"R", "0x23b2cf"
"R", "0x3bb6bc"
"R", "0xb08b9"
"W", "0x283dee", "0x26b4ffc"
"R", "0x2ebb88"
"R", "0x2ebb88"
"R", "0x42da7f"
"R", "0x3877ef"
"R", "0x2d6f36"
"R", "0xe4786"
"R", "0x28e417"
"R", "0x1be8e3"
"W", "0x16b79b", "0x30e33344"
"W", "0x4380a8", "0x3940c194"
"R", "0x1ddb5e"
"W", "0x48b1f", "0x7a0c9ff8"
"R", "0x298a4"
"W", "0x2458f8", "0x5b2d5adb"
"R", "0x3da937"
"W", "0x230ca6", "0x2b33227f"
"W", "0x2797c5", "0x78e864a1"
"R", "0x24ff21"
"W", "0x3346a7", "0x75e528ad"
"R", "0x3da937"
"R", "0x368574"
"R", "0x3bb6bc"
"R", "0x175dc4"
"W", "0x1c8f0c", "0x34f17e05"
"W", "0x368574", "0x71c48306"
"R", "0x18aa16"
"R", "0x10e02a"
"R", "0x23b2cf"
"R", "0x14c520"
"R", "0x3b1093"
"R", "0x3492f9"
"R", "0x2b7cbb"
"R", "0x3007da"
"W", "0x418e2d", "0x6108e1d5"
"R", "0x3877ef"
"R", "0x9163e"
"W", "0x67d9a", "0x4dabb0ff"
"W", "0xda15d", "0x711eddd2"
"W", "0x3007da", "0x35937d6a"
"R", "0x3d030e"
"W", "0x3a6a6a", "0x72c69d39"
"W", "0x2ad692", "0x283c708b"
"W", "0x3e4f60", "0x2a5f3c5c"
"W", "0x4041db", "0x492974f9"
"W", "0xa6290", "0x6f03e2c"
"W", "0x1a9c91", "0x72fab88d"
"W", "0x19503f", "0x149e94e9"
"R", "0x3007da"
"R", "0xf93d8"
"W", "0x1e8187", "0x5847f7df"
"R", "0xeedaf"
"R", "0x31fa55"
"R", "0x22667d"
"W", "0x1f27b0", "0x4c920cac"
"R", "0x1fcdd9"
"R", "0x2e155f"
"R", "0x14c52"
"W", "0x418e2d", "0x757faaaa"
"R", "0x19503f"
"R", "0x30ae03"
"R", "0x2a3069"
"R", "0x9bc67"
"R", "0x3bb6bc"
"R", "0x1803ed"
"W", "0x2e155f", "0x5b2f1d38"
"W", "0xe4786", "0x11f12875"
"W", "0x39c441", "0x559e6e2d"
"W", "0x24ff21", "0x58cb3055"
"R", "0x10e02a"
"W", "0xda15d", "0x2ea1e30c"
"W", "0x1b42ba", "0x6f267a10"
"W", "0xbaee2", "0xf90989f"
"R", "0x12d2a5"
"R", "0x7c9ec"
"R", "0x1803ed"
"R", "0x67d9a"
"W", "0x14c520", "0x696544b0"
"R", "0xcfb34"
"W", "0x3da937", "0x5ec9bcfa"
"R", "0x2a3069"
"W", "0x14c520", "0x457d43e6"
"R", "0x2cc90d"
"W", "0x230ca6", "0x2cf28b6"
"R", "0xe4786"
"W", "0x3bb6bc", "0x757646ca"
"R", "0x207402"
"W", "0x2f61b1", "0x5a90167"
"W", "0x175dc4", "0x2729753a"
"W", "0x12d2a5", "0x21255446"
"W", "0xeedaf", "0x45cfa3bd"
"R", "0xe4786"
"R", "0x3346a7"
"R", "0x35df4b"
"W", "0x31fa55", "0x66501ce9"
"R", "0x37d1c6"
"R", "0x1a9c91"
"R", "0x2a3069"
"W", "0x18aa16", "0x55f1b637"
"R", "0xeedaf"
"R", "0x161172"
"R", "0x353922"
"R", "0x19503f"
"R", "0x42da7f"
"W", "0x1a9c91", "0x59d7c38b"
"W", "0x3da937", "0x592c0376"
"R", "0x25a54a"
"R", "0x372b9d"
"R", "0x3da937"
"R", "0x28e417"
"W", "0x9bc67", "0x3d0dfd5d"
"R", "0x2ad692"
"W", "0x2458f8", "0x21f8f2c8"
"R", "0x1803ed"
"R", "0x3346a7"
"R", "0x2c22e4"
"R", "0xda15d"
"W", "0x21c054", "0x14708bec"
"R", "0x3007da"
"R", "0x2458f8"
"W", "0x230ca6", "0x2f5cd693"
"R", "0xda15d"
"W", "0x19f668", "0x13dd916"
"R", "0x1be8e3"
"W", "0x67d9a", "0x63a9ec2"
"R", "0x230ca6"
"W", "0x22667d", "0x60e44a75"
"W", "0x37d1c6", "0x63eaf148"
"W", "0x156b49", "0x76fab338"
"W", "0xf93d8", "0x7b4f2ff0"
"W", "0x4426d1", "0x12efc992"
"W", "0x3f9bb2", "0x3e0cceda"
"W", "0x12d2a5", "0x5c7fad52"
"W", "0x4380a8", "0x1c72bf0"
"W", "0xb08b9", "0x1bf8acce"
"W", "0x35df4b", "0x243f77cb"
"W", "0x2ad692", "0x69a30c63"
"R", "0x161172"
"R", "0x230ca6"
"W", "0x19503f", "0x8a47ef1"
"R", "0x1ddb5e"
"R", "0x2ad692"
"W", "0x31542c", "0x5bbd8d7d"
"W", "0x24ff21", "0x7bfdea84"
"W", "0x1d3535", "0x475b38d3"
"R", "0x2a3069"
"W", "0xcfb34", "0x635b2c43"
"R", "0x2cc90d"
"R", "0x2d6f36"
"W", "0x5d771", "0x44f25510"
"W", "0x35df4b", "0x5c3945bf"
"W", "0x3f9bb2", "0x3d8a58cf"
"W", "0x44ccfa", "0x1504658b"
"R", "0x33ecd"
"R", "0x31fa55"
"R", "0x3007da"
"W", "0x4426d1", "0x59be1f5c"
"W", "0x230ca6", "0x1f4a6665"
"R", "0x25a54a"
"R", "0x1f27b0"
"R", "0x39c441"
"W", "0x39c441", "0x5e4dd6e3"
"R", "0x3b1093"
"W", "0x3da937", "0x7506aa77"
"W", "0x3c5ce5", "0x22bbd8f3"
"W", "0x2797c5", "0x58f44c9f"
"R", "0x122c7c"
"W", "0x1be8e3", "0x63ea9cb3"
"R", "0x21c054"
"W", "0x31542c", "0x7683fef4"
"R", "0x211a2b"
"W", "0x418e2d", "0x69da03f8"
"R", "0x175dc4"
"R", "0x1a9c91"
"R", "0x3a6a6a"
"W", "0x9163e", "0x37863340"
"R", "0x298a40"
"R", "0x353922"
"W", "0x1378ce", "0x46709dcb"
"R", "0x3492f9"
"R", "0x3c5ce5"
"W", "0x1be8e3", "0x7016edc2"
"W", "0x1d3535", "0x7fd50641"
"R", "0x67d9a"
"R", "0xa6290"
"W", "0x18aa16", "0x6dd993aa"
"W", "0x298a4", "0x5309c251"
"W", "0x3007da", "0x6dcad996"
"W", "0x44ccfa", "0x18ca0d54"
"R", "0x122c7c"
"W", "0x230ca6", "0x760f1622"
"R", "0x53148"
"W", "0x3bb6bc", "0xd188a0"
"W", "0x1378ce", "0x67ce9310"
"W", "0xcfb34", "0x1ebba7cc"
"R", "0x4426d1"
"W", "0x391e18", "0x47edfc68"
"W", "0xe4786", "0x635ecace"
"R", "0x298a40"
"W", "0x368574", "0x465d6d11"
"R", "0x264b73"
"R", "0x10e02a"
"W", "0x31fa55", "0x46857a21"
"R", "0x1be8e3"
"R", "0x18aa16"
"W", "0x122c7c", "0x46aa386"
"W", "0x12d2a5", "0x18278cd8"
"W", "0x33ecd0", "0xaa0469"
"W", "0x2797c5", "0x62e851e9"
"W", "0x3346a7", "0x324be0be"
"R", "0x12d2a5"
"W", "0x264b73", "0x6fed2a1f"
"R", "0x26f19c"
"R", "0x3bb6bc"
"W", "0xf93d8", "0xae4d4ca"
"W", "0x28e417", "0x61f98904"
"W", "0x3d030e", "0x3c4daf41"
"R", "0x48b1f"
"R", "0x283dee"
"W", "0x175dc4", "0x427ae2f4"
"W", "0x3007da", "0x5dfe8be7"
"R", "0x16b79b"
"W", "0x7c9ec", "0x29a7516b"
"W", "0x122c7c", "0x206fdb48"
"W", "0x1fcdd9", "0x4bcba0d4"
"R", "0x264b73"
"W", "0x21c054", "0x12d86c76"
"W", "0x3f9bb2", "0x533a8fa"
"R", "0x3877ef"
"R", "0x1f27b0"
"R", "0x1c8f0c"
"R", "0x4041db"
"W", "0x118653", "0x3939ee5"
"R", "0x3ef589"
"R", "0x2458f8"
"W", "0x372b9d", "0x41d08d3b"
"W", "0x67d9a", "0x5cf902fb"
"R", "0x31fa55"
"W", "0x30ae03", "0x181886bc"
"W", "0x2ad692", "0x49dffddf"
"R", "0x33ecd0"
"W", "0x3da937", "0x5f3f9f04"
"W", "0x3492f9", "0xce0896"
"R", "0x391e18"
"W", "0x1be8e3", "0x456c9b7f"
"W", "0x37d1c6", "0x3b2478e7"
"R", "0x1e8187"
"R", "0x48b1f"
"W", "0x28e417", "0x60c17686"
"R", "0xcfb34"
"R", "0x156b49"
"R", "0x53148"
"W", "0x53148", "0x43abdab1"
"W", "0x28e417", "0x42f3df3a"
"R", "0x9163e"
"W", "0x372b9d", "0x13c7f28c"
"W", "0x423456", "0x30d9d966"
"R", "0x3b1093"
"R", "0xf93d8"
"W", "0x1378ce", "0x467db7b6"
"W", "0x2b7cbb", "0x16bf50b7"
"R", "0x2cc90d"
"W", "0x1378ce", "0x795183f3"
"W", "0x10e02a", "0x1cf919b6"
"R", "0x372b9d"
"R", "0x207402"
"R", "0x3f9bb2"
"R", "0x283dee"
"R", "0x16b79b"
"W", "0x21c054", "0x219dcf69"
"W", "0x1a9c91", "0x4bb2ab84"
"W", "0x3c5ce5", "0x9b10957"
"R", "0x103a01"
"W", "0x3007da", "0x77e5e542"
"R", "0x368574"
"R", "0x35df4b"
"R", "0x2e155f"
"W", "0x16b79b", "0x533758f4"
"W", "0x298a4", "0x6469e91d"
"R", "0x3d030e"
"R", "0x32a07e"
"R", "0x2f61b1"
"W", "0x3d030e", "0x12f6229a"
"R", "0x2d6f36"
"W", "0x3da937", "0x41ca9e85"
"W", "0xbaee2", "0x2e4dc73f"
"W", "0x372b9d", "0x3e4f1f75"
"W", "0x87015", "0x22264919"
"R", "0x3bb6bc"
"W", "0x31542c", "0x638d66ba"
"W", "0x24ff21", "0x6eeffaa3"
"W", "0x30ae03", "0x7cfcde26"
"W", "0x3f9bb2", "0x1126e56e"
"R", "0x1b42ba"
"R", "0x207402"
"W", "0x5d771", "0x18fe484f"
"R", "0x1b42ba"
"R", "0x3877ef"
"W", "0x23b2cf", "0x66538271"
"R", "0x7c9ec"
"R", "0x2ad692"
"R", "0x723c3"
"W", "0x2f61b1", "0x8f6427c"
"W", "0x211a2b", "0x76d2e617"
"W", "0x48b1f", "0x758268c9"
"W", "0x2ad692", "0xa11907a"
"R", "0x3877ef"
"R", "0x3877ef"
"R", "0x33ecd0"
"W", "0x2d6f36", "0x6d5e60fa"
"W", "0x3c5ce5", "0x18911b11"
"W", "0x2d6f36", "0x6adf974c"
"R", "0x16b79b"
"R", "0x2797c5"
"W", "0x391e18", "0x44fdd7ab"
"R", "0x31fa55"
"W", "0x230ca6", "0x2d332f6b"
"R", "0x3a6a6a"
"W", "0x2b7cbb", "0x68ddae9e"
"R", "0x3c5ce5"
"R", "0x2f61b1"
"R", "0x118653"
"W", "0x2c22e4", "0x56820418"
"W", "0x141ef7", "0x54179b46"
"W", "0x161172", "0x21c4049f"
"W", "0x3c5ce5", "0x562df37c"
"R", "0xbaee2"
"W", "0x391e18", "0x46398825"
"W", "0x2ad692", "0x10d2643e"
"W", "0x2e155f", "0x1552349"
"W", "0x33ecd", "0x4bd1fbbd"
"W", "0x37d1c6", "0x21cbce01"
"W", "0xb08b9", "0x524c0a9e"
"R", "0xbaee2"
"R", "0x31542c"
"W", "0x3bb6bc", "0x5b5d9685"
"R", "0x3d030e"
"W", "0x10e02a", "0x49b270e9"
"R", "0x372b9d"
"R", "0x3007da"
"W", "0x122c7c", "0x421a6c97"
"R", "0x161172"
"R", "0x1fcdd9"
"W", "0x3b1093", "0x4c39c016"
"W", "0x19503f", "0x1e35c51a"
"R", "0x723c3"
"R", "0x3da937"
"R", "0x298a4"
"R", "0x12d2a5"
"W", "0x53148", "0x467e05d"
"W", "0x87015", "0x3e79143e"
"W", "0x230ca6", "0x3cc88563"
"R", "0x12d2a5"
"R", "0xcfb34"
"R", "0x40e804"
"W", "0x1b42ba", "0x2e89698b"
"R", "0x1be8e3"
"R", "0x2e155f"
"W", "0x14c52", "0x9002fd0"
"W", "0x32a07e", "0x278b90c1"
"W", "0x3e4f60", "0x19775fb"
"R", "0x40e804"
"W", "0x48b1f", "0x239312ec"
"W", "0x3f9bb2", "0x7747bfa6"
"R", "0x2f61b1"
"W", "0x2ad692", "0x171e1bca"
"R", "0xda15d"
"R", "0x372b9d"
"R", "0x39c441"
"W", "0x1d3535", "0x267ff39f"
"R", "0x4380a8"
"W", "0x3b1093", "0x7918a0df"
"R", "0x44ccfa"
"R", "0x37d1c6"
"R", "0x283dee"
"W", "0x9bc67", "0x90c6da2"
"W", "0x40e804", "0x62eb556"
"R", "0x3f9bb2"
"W", "0x3007da", "0x1e6a68fe"
"R", "0xe4786"
"W", "0x3492f9", "0x3d804329"
"W", "0x3b1093", "0x1ef61670"
"W", "0x1be8e3", "0x74934e18"
"W", "0xa6290", "0x42cb525a"
"W", "0x2c22e4", "0x4014c950"
"W", "0x3877ef", "0x5fee2674"
"R", "0x1be8e3"
"W", "0x40e804", "0x47b12c19"
"R", "0x156b49"
"R", "0x2cc90d"
"W", "0x12d2a5", "0xc46e056"
"W", "0x40e804", "0x43fdfc29"
"R", "0x2c22e4"
"W", "0x3da937", "0x26903432"
"W", "0x7c9ec", "0x1ee10d43"
"R", "0x207402"
"R", "0x32a07e"
"R", "0x1803ed"
"R", "0x1b42ba"
"W", "0x18aa16", "0x420307c6"
"W", "0x372b9d", "0x51b1a00b"
"R", "0x18aa16"
"W", "0x5d771", "0x4603d569"
"W", "0x3ef589", "0x7f95164"
"R", "0x7c9ec"
"R", "0x31542c"
"W", "0x14c520", "0x2af64116"
"W", "0x1a9c91", "0x409652b3"
"R", "0x1be8e3"
"R", "0x42da7f"
"R", "0x3da937"
"R", "0x39c441"
"R", "0x2458f8"
"R", "0x3d030e"
"W", "0x37d1c6", "0x16fa7a53"
"W", "0x21c054", "0x62890e52"
"R", "0x3ef589"
"W", "0x3a6a6a", "0x4e5ea185"
"W", "0x391e18", "0x47bf83da"
"R", "0x1f27b"
"R", "0xc550b"
"R", "0xf93d8"
"W", "0x87015", "0xda77884"
"W", "0x1e8187", "0x1d2c951a"
"W", "0x1c8f0c", "0x5d6712a8"
"W", "0x3ef589", "0x432525d6"
"R", "0xc550b"
"W", "0x37d1c6", "0x348b5b65"
"R", "0x391e18"
"R", "0x53148"
"W", "0x2ad692", "0x661a2e3e"
"W", "0x3f9bb2", "0x1dc6c39e"
"W", "0x1ddb5e", "0x273784cc"
"R", "0x48b1f"
"R", "0x1e8187"
"R", "0x1c8f0c"
"R", "0x2f61b1"
"W", "0x67d9a", "0x194cdc03"
"R", "0x1e8187"
"R", "0x25a54a"
"W", "0x19f668", "0x244e54f7"
"R", "0x25a54a"
"R", "0x353922"
"W", "0x18aa16", "0x666282d8"
"W", "0x2797c5", "0x6e3d4dc4"
"W", "0x5d771", "0x5981b90b"
"R", "0x9163e"
"R", "0x1be8e3"
"R", "0x1f27b0"
"W", "0x1c8f0c", "0x121ef715"
"R", "0x31fa55"
"R", "0xda15d"
"W", "0x2c22e4", "0x411ab8c1"
"R", "0x2458f8"
"W", "0x2ebb88", "0x3e7ccf92"
"W", "0x32a07e", "0x32396de1"
"W", "0x1d3535", "0x6e9aadd5"
"R", "0x353922"
"R", "0x103a01"
"R", "0x3346a7"
"W", "0x1be8e3", "0x278c4d2a"
"W", "0x33ecd0", "0x59a4f83"
"W", "0x67d9a", "0x702e6c52"
"W", "0x2ebb88", "0x3d7dcd93"
"W", "0x1f27b", "0x1b3ba59b"
"R", "0x264b73"
"W", "0x53148", "0x39f7a5ac"
"R", "0x3877ef"
"W", "0x35df4b", "0x6186b985"
"W", "0x368574", "0x4ba85db5"
"R", "0xf93d8"
"W", "0x14c520", "0x4c2bc370"
"W", "0x1803ed", "0x7116651b"
"R", "0x4041db"
"W", "0x3e4f6", "0x3af0bda4"
"R", "0xeedaf"
"R", "0xcfb34"
"W", "0x31fa55", "0x619d5ba5"
"W", "0x87015", "0xebaebcc"
"R", "0x18aa16"
"R", "0x4041db"
"R", "0x31fa55"
"R", "0x87015"
"W", "0x40e804", "0x57dae02"
"W", "0x1803ed", "0x718cc57"
"W", "0x118653", "0x19ff9a0b"
"W", "0x3e4f60", "0x448d9f4a"
"R", "0x368574"
"R", "0x1378ce"
"R", "0x10e02a"
"W", "0x3346a7", "0x773ddd9f"
"R", "0x423456"
"W", "0x161172", "0x720f9b7a"
"W", "0x10e02a", "0x46ca1f4f"
"W", "0x353922", "0x5afe3442"
"W", "0xa6290", "0x37f2b83c"
"W", "0x372b9d", "0x5f8a506e"
"R", "0xe4786"
"W", "0x10e02a", "0x15fb979a"
"R", "0x32a07e"
"R", "0x175dc4"
"W", "0x2ebb88", "0x9752d19"
"W", "0x103a01", "0x62e2d54a"
"W", "0x14c520", "0x6395f1f1"
"R", "0x10e02a"
"R", "0x12d2a5"
"W", "0x207402", "0x528f7fa8"
"W", "0x21c054", "0x659a271d"
"W", "0x141ef7", "0x224b72cf"
"R", "0x353922"
"W", "0x2797c5", "0x3a022b5b"
"R", "0x10e02a"
"W", "0x87015", "0x4d529128"
"W", "0x1803ed", "0x1c4d95de"
"W", "0x175dc4", "0x3291a3d4"
"W", "0x22667d", "0x72ef27f9"
"R", "0x3d030e"
"W", "0x423456", "0x2c60a935"
"W", "0xbaee2", "0x6956e557"
"W", "0x1f27b", "0x3b5f41fd"
"R", "0xeedaf"
"W", "0x28e417", "0x6da545c4"
"R", "0x2e155f"
"R", "0x423456"
"R", "0x1a9c91"
"R", "0x25a54a"
"W", "0x3ef589", "0x2781b8ee"
"R", "0x18aa16"
"W", "0xda15d", "0x2dd93325"
"R", "0x1f27b0"
"W", "0x4041db", "0x499f12fb"
"W", "0xcfb34", "0x3ef4fc9f"
"R", "0x2cc90d"
"W", "0x2cc90d", "0x213a7065"
"R", "0x14c520"
"R", "0x3bb6bc"
"R", "0xbaee2"
"W", "0x3da937", "0x49b838f9"
"R", "0x2797c5"
"R", "0x1803ed"
"R", "0x31542c"
"W", "0x3d030e", "0x208102c5"
"W", "0x18aa16", "0x195674b6"
"R", "0x122c7c"
"R", "0x31542c"
"R", "0x2e155f"
"R", "0x10e02a"
"R", "0x161172"
"R", "0x457323"
"W", "0x33ecd0", "0x2f642fe2"
"W", "0x2797c5", "0x13e7f728"
"W", "0x1b42ba", "0x7fc349fe"
"R", "0x423456"
"W", "0x1378ce", "0x6376ec7d"
"R", "0x368574"
"W", "0x16b79b", "0x38ec4bf3"
"W", "0x3ef589", "0x71adcc09"
"W", "0x31542c", "0x40481c05"
"W", "0x31542c", "0x56ab6c4b"
"W", "0x33ecd0", "0x50d9c9c8"
"R", "0x37d1c6"
"R", "0x391e18"
"R", "0xcfb34"
"R", "0x372b9d"
"W", "0x0", "0xcf3c1d8"
"W", "0x35df4b", "0x5ecef9c2"
"W", "0x2797c5", "0x6a3c4579"
"W", "0x2c22e4", "0x5834718e"
"R", "0x4380a8"
"R", "0x2cc90d"
"W", "0x67d9a", "0x56a74fd8"
"R", "0x3e4f60"
"R", "0xa6290"
"W", "0x207402", "0xe732901"
"R", "0x3346a7"
"W", "0x53148", "0x612da300"
"R", "0x1e8187"
"W", "0x48b1f", "0x731f9608"
"W", "0x1be8e3", "0x5a2dc7a3"
"R", "0x423456"
"W", "0x28e417", "0x3a778629"
"R", "0x3346a7"
"W", "0x103a01", "0x52d287cb"
"W", "0x3492f9", "0x36bb5ab6"
"R", "0x103a01"
"W", "0x418e2d", "0x726ea183"
"W", "0x230ca6", "0x70edc794"
"R", "0x1be8e3"
"W", "0x33ecd0", "0x4baa8aae"
"R", "0x25a54a"
"W", "0x368574", "0x3e47d786"
"R", "0x24ff21"
"W", "0x3492f9", "0x2abb01e0"
"R", "0x2c22e4"
"W", "0x3b1093", "0xb6acb26"
"W", "0x2f61b1", "0x4583f9c5"
"W", "0x2d6f36", "0x4946160d"
"R", "0x161172"
"W", "0x175dc4", "0x6a93cebd"
"W", "0x18aa16", "0x737693c3"
"W", "0x1a9c91", "0x756c0314"
"W", "0x141ef7", "0x1bdb35f7"
"R", "0x22667d"
"R", "0x46bf75"
"R", "0x141ef7"
"W", "0x211a2b", "0x569a70d8"
"W", "0xbaee2", "0x87ba77b"
"R", "0x391e18"
"W", "0x19503f", "0x1ceef0c8"
"R", "0xbaee2"
"R", "0x3bb6bc"
"W", "0x156b49", "0x44d924c3"
"R", "0x2cc90d"
"W", "0xda15d", "0x413f2d9e"
"W", "0x3e4f6", "0x478e0a41"
"W", "0x2f61b1", "0x2c158bb5"
"W", "0xe4786", "0x2d22926e"
"R", "0x1378ce"
"R", "0x2a3069"
"R", "0x1d3535"
"W", "0x211a2b", "0x648b512b"
"R", "0x1378ce"
"W", "0x2797c5", "0x387cd15b"
"W", "0x16b79b", "0x4cc747f4"
"R", "0x1ddb5e"
"W", "0x3346a7", "0x1d6258f3"
"W", "0x372b9d", "0x1a0fc22e"
"W", "0x3da937", "0x706ae83b"
"W", "0x1378ce", "0x2200f928"
"R", "0x31fa55"
"W", "0x2797c5", "0x1ff1d50d"
"R", "0x3492f9"
"R", "0x122c7c"
"W", "0x28e417", "0x7b32f97f"
"W", "0x141ef7", "0x75707600"
"W", "0x2d6f36", "0x1a3866e0"
"W", "0x3da937", "0x64719fb7"
"W", "0x391e18", "0xbb1a5ae"
"R", "0x141ef7"
"W", "0x156b49", "0x361450ad"
"R", "0x1c8f0c"
"R", "0x53148"
"R", "0x1803ed"
"R", "0x32a07e"
"W", "0x264b73", "0x6f631911"
"W", "0x1ddb5e", "0x2681cb6b"
"R", "0x35df4b"
"R", "0x31542c"
"W", "0x2c22e4", "0x6a5d5f7f"
"W", "0x2cc90d", "0x57a08811"
"W", "0x3da937", "0x24c1f7c6"
"W", "0x23b2cf", "0x163d34b"
"W", "0x39c441", "0x635bf4cd"
"R", "0x23b2cf"
"W", "0x391e18", "0x10546952"
"R", "0x283dee"
"W", "0x118653", "0x112d46d5"
"W", "0x3b1093", "0x2e4a4959"
"R", "0xeedaf"
"R", "0x3ef589"
"W", "0x28e417", "0x648d218e"
"W", "0x122c7c", "0x19c5498c"
"W", "0x18aa16", "0x5e622d63"
"R", "0x3d030e"
"R", "0x4426d1"
"W", "0x1e8187", "0x6843a134"
"R", "0xc550b"
"R", "0x423456"
"W", "0xeedaf", "0xce84309"
"R", "0x44ccfa"
"R", "0x1b42ba"
"W", "0xc550b", "0x39b281cf"
"R", "0x9163e"
"R", "0x122c7c"
"W", "0x3a6a6a", "0x2bba8283"
"W", "0x1378ce", "0x21a297a"
"W", "0x1f27b", "0x420dbcc5"
"R", "0x230ca6"
"W", "0x723c3", "0x5a4de7aa"
"W", "0x391e18", "0x62295f47"
"W", "0x2ebb88", "0x56485608"
"R", "0x103a01"
"W", "0x22667d", "0x2bbba733"
"R", "0x423456"
"R", "0xb08b9"
"W", "0x4380a8", "0x2870ef55"
"W", "0x2cc90d", "0x4fcd6961"
"R", "0x2458f8"
"R", "0xc550b"
"R", "0x1d3535"
"R", "0x48b1f"
"W", "0x3e4f60", "0x3eaeb93"
"R", "0x391e18"
"R", "0x48b1f"
"R", "0x1ddb5e"
"W", "0x37d1c6", "0x4a4e10b8"
"R", "0x2d6f36"
"W", "0x2f61b1", "0x612c59a3"
"R", "0x4380a8"
"R", "0x156b49"
"R", "0x161172"
"W", "0x161172", "0x54cbcbc9"
"W", "0x9bc67", "0x199e493c"
"W", "0x3d030e", "0x3775139a"
"W", "0x9bc67", "0x49353e9e"
"W", "0xc550b", "0x1588d497"
"R", "0x3e4f60"
"R", "0x14c520"
"R", "0x21c054"
"W", "0x2cc90d", "0x3a7be867"
"W", "0x3b1093", "0xf350078"
"W", "0x3a6a6a", "0x34089824"
"W", "0x14c520", "0x28c052b8"
"R", "0x2ebb88"
"W", "0x5d771", "0x329f8157"
"W", "0x1d3535", "0x24d0cf8"
"R", "0x2b7cbb"
"W", "0x2ebb88", "0x730fd600"
"W", "0x31fa55", "0x1286ec35"
"W", "0x4380a8", "0x371d9c99"
"W", "0x67d9a", "0x7927a9b7"
"R", "0x1c8f0c"
"W", "0x122c7c", "0x429d4cab"
"R", "0x1c8f0c"
"W", "0x1c8f0c", "0x273ef900"
"R", "0x9bc67"
"R", "0x2cc90d"
"W", "0x1a9c91", "0x3a1de907"
"W", "0x3ef589", "0x10b9446d"
"W", "0x3346a7", "0x2f057d83"
"R", "0x9bc67"
"W", "0xb08b9", "0x28928983"
"W", "0x3f9bb2", "0x5acc732a"
"W", "0x2ad692", "0x189ae6a9"
"W", "0x1ddb5e", "0x5d4c17e4"
"W", "0x33ecd", "0x494730e9"
"R", "0x31542c"
"W", "0x14c520", "0x9485a0b"
"W", "0x211a2b", "0x20b8212e"
"W", "0x33ecd", "0x2a2c1195"
"W", "0x1ddb5e", "0x776092ec"
"R", "0x1378ce"
"W", "0x40e804", "0x409234f9"
"R", "0xe4786"
"W", "0x25a54a", "0xc246af2"
"R", "0x2797c5"
"W", "0x2d6f36", "0x4d599ce0"
"R", "0x3f9bb2"
"W", "0x33ecd0", "0x5f2805b"
"W", "0x32a07e", "0x14199afd"
"W", "0x7c9ec", "0x5867268c"
"R", "0x4041db"
"W", "0x31542c", "0x8f33f43"
"R", "0x4380a8"
"W", "0xf93d8", "0x2a3fb8e4"
"W", "0x2b7cbb", "0x23fcfa7a"
"R", "0x2b7cbb"
"W", "0x3da937", "0x4789dc7e"
"W", "0xe4786", "0x153befb2"
"W", "0x391e18", "0x462d9efd"
"R", "0x87015"
"R", "0xcfb34"
"W", "0x3ef589", "0x578aaa0"
"W", "0x1c8f0c", "0x88f87c"
"R", "0x230ca6"
"R", "0x32a07e"
"R", "0x1378ce"
"W", "0x3d030e", "0x111ae445"
"R", "0x14c520"
"W", "0x103a01", "0xcc2caa0"
"W", "0x3ef589", "0x22f8f688"
"R", "0x25a54a"
"R", "0x35df4b"
"W", "0x5d771", "0x187d221e"
"W", "0x207402", "0x197b3369"
"R", "0x9bc67"
"W", "0x44ccfa", "0x66d0bdf1"
"R", "0x1e8187"
"W", "0x87015", "0x2ae119a4"
"R", "0x3346a7"
"W", "0x418e2d", "0x96e896f"
"W", "0x40e804", "0x26c901d0"
"R", "0x3d030e"
"W", "0x298a40", "0x439f3fc"
"W", "0x42da7f", "0x38d294e0"
"R", "0x2cc90d"
"R", "0x264b73"
"R", "0x21c054"
"R", "0x103a01"
"R", "0x3a6a6a"
"W", "0x25a54a", "0x699d4e79"
"R", "0x3bb6bc"
"R", "0x22667d"
"W", "0xbaee2", "0x3c994579"
"R", "0x2e155f"
"R", "0x24ff21"
"W", "0x22667d", "0x78bcc7d7"
"W", "0x4041db", "0x5a7f13ff"
"W", "0x4380a8", "0x5cbd5542"
"W", "0x2a3069", "0x4686f791"
"R", "0xcfb34"
"W", "0x21c054", "0x55f34e4e"
"R", "0x2458f8"
"R", "0x5d771"
"R", "0x2ad692"
"W", "0x33ecd0", "0x1a208619"
"W", "0x264b73", "0x41286286"
"W", "0x283dee", "0x1d7cae2d"
"W", "0x423456", "0x6feed65e"
"W", "0x3492f9", "0x6f09bdaa"
"W", "0x31542c", "0x10f854c4"
"R", "0x1fcdd9"
"R", "0x53148"
"W", "0x368574", "0x62e26bb3"
"R", "0x25a54a"
"W", "0x3b1093", "0xc977c76"
"W", "0x3b1093", "0x4cd10a3a"
"W", "0x1b42ba", "0x185e050c"
"W", "0x22667d", "0x3844685a"
"W", "0x18aa16", "0x5df42683"
"W", "0x3c5ce5", "0xd866325"
"W", "0x3d030e", "0x4051b51a"
"R", "0x5d771"
"W", "0x418e2d", "0xa4f874c"
"R", "0x4426d1"
"W", "0x1f27b0", "0x7282765c"
"R", "0x1d3535"
"W", "0x2cc90d", "0x4f1a9b80"
"R", "0x141ef7"
"W", "0x39c441", "0x41dde265"
"R", "0x31fa55"
"W", "0x418e2d", "0x2c155ed1"
"R", "0x1d3535"
"R", "0x10e02a"
"W", "0x25a54a", "0x7ffbb9ca"
"W", "0x3007da", "0xf7d25a6"
"R", "0x3e4f6"
"W", "0x19f668", "0x3525f009"
"W", "0xe4786", "0x3db200d5"
"R", "0x3007da"
"W", "0x3492f9", "0x6401dc24"
"R", "0x2ad692"
"R", "0x283dee"
"R", "0x141ef7"
"R", "0x39c441"
"W", "0x9163e", "0x246943ac"
"W", "0x3e4f60", "0x1bbb991a"
"R", "0x156b49"
"W", "0x2cc90d", "0x39f2e5e8"
"W", "0x2c22e4", "0x24d3bcdc"
"R", "0x418e2d"
"W", "0x1ddb5e", "0x6ac9c0c1"
"W", "0x31fa55", "0x7d300e83"
"W", "0x4041db", "0x6723ad1c"
"R", "0x3492f9"
"W", "0x4041db", "0x7aa99064"
"W", "0x28e417", "0x6784ed5"
"W", "0x1f27b", "0x19c9d1c9"
"R", "0x207402"
"R", "0x7c9ec"
"W", "0x2ad692", "0x21b82ae"
"W", "0x3e4f60", "0x1be34b43"
"W", "0x33ecd", "0x5c40ef2a"
"R", "0xe4786"
"R", "0x3e4f60"
"W", "0x3c5ce5", "0x7a3fe8d2"
"R", "0x3d030e"
"R", "0x24ff21"
"W", "0x25a54a", "0x3fe6d1e3"
"R", "0x1f27b"
"W", "0x372b9d", "0x281d0cac"
"W", "0x7c9ec", "0x497a03e9"
"R", "0xf93d8"
"W", "0x33ecd", "0x94c909e"
"R", "0x30ae03"
"R", "0x3bb6bc"
"W", "0x24ff21", "0x359e7e71"
"R", "0x368574"
"R", "0x1d3535"
"W", "0x457323", "0x1272e48b"
"W", "0xbaee2", "0x6cccf21c"
"W", "0x118653", "0x4d9870af"
"R", "0x30ae03"
"W", "0xb08b9", "0x1e1f0e65"
"R", "0x298a4"
"W", "0x298a4", "0x49d22e41"
"R", "0x19503f"
"W", "0x7c9ec", "0x59eaab7b"
"W", "0x3f9bb2", "0x64f4850a"
"W", "0x161172", "0x46bb1b0f"
"W", "0x3b1093", "0x3c0cde6d"
"W", "0x4041db", "0x5fe36700"
"R", "0x353922"
"W", "0x3346a7", "0x47e7c256"
"R", "0x1378ce"
"W", "0x4041db", "0x1f62c91a"
"W", "0x118653", "0x664dea57"
"R", "0xda15d"
"R", "0xbaee2"
"W", "0x39c441", "0x5ab51be9"
"R", "0x7c9ec"
"R", "0x2cc90d"
"W", "0x31542c", "0x5babbdba"
"W", "0x23b2cf", "0x6a613d5"
"R", "0x1fcdd9"
"W", "0x353922", "0x41395fa2"
"R", "0x1803ed"
"W", "0x1ddb5e", "0x5d3e3b5"
"R", "0x3a6a6a"
"R", "0x40e804"
"R", "0x122c7c"
"W", "0x1d3535", "0x20b34d4f"
"W", "0x103a01", "0x3441080e"
"R", "0x2d6f36"
"W", "0x2ad692", "0x54501f2b"
"W", "0x3d030e", "0x6dcce44f"
"W", "0x207402", "0x266be1d3"
"W", "0x3346a7", "0x313a7e7c"
"R", "0x28e417"
"W", "0x3bb6bc", "0x635110cc"
"R", "0x14c520"
"W", "0x7c9ec", "0x5a255853"
"W", "0x175dc4", "0x679b4d8"
"W", "0x42da7f", "0x1d018cb7"
"W", "0xbaee2", "0x7e1a11b7"
"W", "0x28e417", "0x4fd024ee"
"W", "0x156b49", "0x16942f1f"
"R", "0x3c5ce5"
"R", "0x3e4f60"
"W", "0x5d771", "0xe97e5df"
"R", "0x3f9bb2"
"R", "0x37d1c6"
"W", "0x3c5ce5", "0x3cc3b9cb"
"R", "0x87015"
"W", "0x10e02a", "0x666d64e3"
"R", "0x87015"
"W", "0x9bc67", "0x62b383e8"
"R", "0x67d9a"
"W", "0x353922", "0x7449fe73"
"W", "0x2f61b1", "0x1e2344a7"
"W", "0x2e155f", "0x3e250be1"
"R", "0x2e155f"
"W", "0x1ddb5e", "0x26e2cef7"
"W", "0x3c5ce5", "0x6c2eb7cd"
"W", "0x12d2a5", "0x2898939a"
"R", "0x161172"
"W", "0x723c3", "0x5883affe"
"R", "0x1378ce"
"R", "0x10e02a"
"R", "0x3346a7"
"R", "0x4041db"
"R", "0x26f19c"
"W", "0x122c7c", "0x33ca9ad6"
"W", "0x118653", "0x43b83d3c"
"R", "0xbaee2"
"W", "0x19f668", "0x34a248c8"
"W", "0x230ca6", "0x564c9d45"
"R", "0x368574"
"W", "0x21c054", "0x370bb759"
"R", "0x298a40"
"R", "0x37d1c6"
"R", "0xa6290"
"W", "0x2797c5", "0x653a6b3a"
"R", "0x16b79b"
"R", "0x211a2b"
"W", "0x22667d", "0x5dd88e88"
"R", "0x118653"
"W", "0x3e4f6", "0x41f7415b"
"R", "0x7c9ec"
"R", "0x35df4b"
"W", "0x1ddb5e", "0x1a2e8b99"
"W", "0x3e4f60", "0x4eef39e0"
"R", "0x1ddb5e"
"R", "0x418e2d"
"W", "0x67d9a", "0x525e6240"
"W", "0x298a40", "0x3da7609d"
"W", "0x3c5ce5", "0x2f18a4ad"
"W", "0x230ca6", "0x228f86cc"
"W", "0x2a3069", "0x2fe29d2c"
"W", "0x18aa16", "0x197cc7e5"
"R", "0x2cc90d"
"R", "0x3d030e"
"R", "0x3007da"
"W", "0x1803ed", "0x6679821b"
"R", "0x28e417"
"W", "0x1fcdd9", "0x797fda81"
"W", "0x211a2b", "0x112e07c3"
"R", "0x2a3069"
"W", "0x19503f", "0x2fda8c94"
"W", "0x418e2d", "0x5da10e7c"
"W", "0xf93d8", "0x3497e2da"
"R", "0x10e02a"
"R", "0x32a07e"
"W", "0x25a54a", "0x44d379e8"
"W", "0x53148", "0x9536f28"
"W", "0x39c441", "0x84808eb"
"R", "0x156b49"
"W", "0x122c7c", "0x1c042690"
"W", "0x1b42ba", "0x18068b84"
"R", "0x67d9a"
"W", "0xa6290", "0x3776c490"
"W", "0x207402", "0x2b435a79"
"W", "0x19f668", "0x111e4fe9"
"R", "0x35df4b"
"W", "0x31fa55", "0x73799350"
"W", "0x87015", "0x21503f21"
"W", "0x3007da", "0x3194aadf"
"R", "0x7c9ec"
"W", "0x3b1093", "0x2d62fa25"
"R", "0x723c3"
"W", "0x723c3", "0x4d97907e"
"W", "0x2b7cbb", "0x7e460a0"
"W", "0x122c7c", "0x43eb6a5a"
"R", "0x156b49"
"W", "0xa6290", "0x5471d816"
"R", "0x1d3535"
"W", "0x2458f8", "0x2a36784"
"R", "0x2e155f"
"W", "0x1ddb5e", "0x33368bf7"
"W", "0x35df4b", "0x55d52027"
"R", "0x25a54a"
"R", "0x53148"
"W", "0x37d1c6", "0xc0dc05b"
"R", "0x33ecd"
"W", "0x9163e", "0x343c698c"
"R", "0x3b1093"
"W", "0x1378ce", "0x3c0c2535"
"W", "0x67d9a", "0x5cf97070"
"W", "0x2ebb88", "0x146f2ae9"
"W", "0x48b1f", "0x588346eb"
"W", "0x230ca6", "0x3827804a"
"W", "0x23b2cf", "0x6963dbb3"
"R", "0xe4786"
"W", "0x3b1093", "0x3c29363b"
"W", "0x30ae03", "0x43278750"
"W", "0x33ecd", "0x287579cd"
"W", "0x2458f8", "0x730410bc"
"W", "0x3492f9", "0x42c39a69"
"W", "0x156b49", "0x35e2ecf2"
"W", "0x28e417", "0x31a1ea35"
"W", "0x2ad692", "0x62d84c74"
"R", "0xc550b"
"W", "0x103a01", "0x5bb2c9b7"
"R", "0x19503f"
"R", "0x2e155f"
"R", "0x161172"
"W", "0x33ecd0", "0x11904da9"
"W", "0x3f9bb2", "0x6cda06d9"
"W", "0x141ef7", "0x6548f6cb"
"R", "0xa629"
"R", "0x3492f9"
"R", "0x723c3"
"R", "0x723c3"
"R", "0x30ae03"
"R", "0x3e4f6"
"W", "0x1ddb5e", "0x105b9c6b"
"W", "0x22667d", "0x82a4cf5"
"R", "0x7c9ec"
"R", "0x723c3"
"W", "0x23b2cf", "0x35729b47"
"W", "0x3a6a6a", "0x4c62107f"
"R", "0x9bc67"
"W", "0x2ebb88", "0x69249609"
"R", "0x230ca6"
"R", "0x3c5ce5"
"W", "0x2797c5", "0x47b93ca8"
"R", "0x3e4f60"
"W", "0x10e02a", "0x51f51d83"
"W", "0x3d030e", "0x658274b2"
"W", "0x368574", "0x1aa726a7"
"R", "0xc550b"
"W", "0x1c8f0c", "0x12240067"
"W", "0x9163e", "0x2950b535"
"R", "0x9163e"
"R", "0x19503f"
"W", "0x28e417", "0x6721f99e"
"W", "0x2d6f36", "0x194d326b"
"W", "0x3bb6bc", "0x6f4f2357"
"R", "0x37d1c6"
"W", "0x33ecd", "0x7c51435f"
"W", "0x230ca6", "0x4c69a0eb"
"R", "0x4426d1"
"R", "0x2d6f36"
"R", "0x5d771"
"R", "0x3007da"
"R", "0x31fa55"
"R", "0x19503f"
"W", "0x22667d", "0x7ee6c0ed"
"W", "0x1a9c91", "0x466e6f46"
"R", "0x1a9c91"
"R", "0x32a07e"
"W", "0x3346a7", "0x6bda5cea"
"R", "0x1d3535"
"W", "0x298a40", "0x5b2f41c6"
"R", "0x3007da"
"W", "0xf93d8", "0x56a6074d"
"R", "0xc550b"
"R", "0x19503f"
"R", "0x48b1f"
"W", "0x1d3535", "0x7fa12c27"
"W", "0x3bb6bc", "0x6927026"
"W", "0x3d030e", "0x796f3614"
"R", "0x3bb6bc"
"R", "0x44ccfa"
"R", "0x19f668"
"R", "0x26f19c"
"W", "0x10e02a", "0x7c5ffe5e"
"R", "0x3877ef"
"W", "0x3877ef", "0x1c9162fe"
"R", "0x103a01"
"W", "0x3d030e", "0xe1b5a0b"
"W", "0x118653", "0x120b091b"
"W", "0x156b49", "0x6e326b18"
"W", "0x175dc4", "0x9c59fca"
"R", "0x10e02a"
"R", "0x33ecd"
"W", "0x3ef589", "0x1cd28ffd"
"W", "0x2f61b1", "0x52c5e707"
"W", "0x298a40", "0x31680d05"
"R", "0x3a6a6a"
"W", "0x264b73", "0x2705c158"
"R", "0x37d1c6"
"W", "0x3d030e", "0x459c1a52"
"W", "0x3e4f6", "0x7f15ea23"
"W", "0x4041db", "0x545377df"
"W", "0x14c520", "0x6c6bf0b2"
"W", "0x26f19c", "0xe4ac73e"
"W", "0x4041db", "0x72c6595b"
"W", "0xc550b", "0x320d1f18"
"W", "0x723c3", "0x1db2603b"
"R", "0x14c520"
"W", "0x19f668", "0x79bd1d7d"
"W", "0xbaee2", "0x5c7bc08b"
"R", "0x18aa16"
"R", "0x22667d"
"W", "0x3007da", "0x71defdc5"
"W", "0x40e804", "0xf7aece8"
"W", "0x1d3535", "0x47bec2f4"
"W", "0x1803ed", "0x577747db"
"R", "0x2b7cbb"
"R", "0x723c3"
"R", "0x7c9ec"
"W", "0x141ef7", "0x1cea64e9"
"W", "0x2458f8", "0x767d9269"
"R", "0x5d771"
"W", "0x4041db", "0x1804140f"
"R", "0x2cc90d"
"R", "0x23b2cf"
"R", "0x141ef7"
"R", "0x298a40"
"W", "0x207402", "0x21f4c20a"
"W", "0x1c8f0c", "0x706598bf"
"R", "0x87015"
"R", "0x3ef589"
"R", "0x30ae03"
"W", "0x1e8187", "0x671ccffd"
"W", "0x207402", "0x53188d82"
"R", "0x5d771"
"R", "0x42da7f"
"W", "0x1c8f0c", "0x44f834f3"
"R", "0x7c9ec"
"W", "0x18aa16", "0x168f8ebe"
"R", "0x156b49"
"R", "0x12d2a5"
"W", "0x2ebb88", "0x76926f70"
"W", "0x53148", "0x1f67b144"
"W", "0x118653", "0x204fdec7"
"W", "0xcfb34", "0x47afe3e4"
"R", "0x23b2cf"
"W", "0xc550b", "0x430e2e24"
"W", "0x10e02a", "0x6fc694a2"
"R", "0x2a3069"
"W", "0x67d9a", "0x6007f477"
"R", "0x1803ed"
"W", "0x16b79b", "0x5c229c98"
"W", "0x141ef7", "0xdc9e972"
"R", "0x1d3535"
"W", "0x3b1093", "0x61a97ad4"
"W", "0x87015", "0x2e45535b"
"W", "0x3346a7", "0x33f194f7"
"W", "0x35df4b", "0x65be8c01"
"W", "0x122c7c", "0x5df1fd43"
"W", "0xa6290", "0x4c4b1dcc"
"W", "0xda15d", "0x535538b"
"R", "0x372b9d"
"R", "0x1c8f0c"
"W", "0x2cc90d", "0x6454d624"
"W", "0x19503f", "0x6fd0d3f9"
"R", "0x14c520"
"W", "0x2cc90d", "0x608c44c8"
"W", "0x1b42ba", "0x1ce0451f"
"R", "0x35df4b"
"R", "0x156b49"
"R", "0xda15d"
"W", "0x40e804", "0x643eda83"
"W", "0x33ecd0", "0x5c1aa1b8"
"W", "0x2d6f36", "0x2ea96631"
"R", "0x21c054"
"W", "0x3346a7", "0x7289e2dd"
"R", "0xeedaf"
"R", "0x19503f"
"R", "0x4380a8"
"R", "0x211a2b"
"R", "0xcfb34"
"W", "0x25a54a", "0x18a8fac1"
"W", "0x40e804", "0x7690c948"
"R", "0x24ff21"
"R", "0x207402"
"R", "0x1e8187"
"W", "0x10e02a", "0x50fbd8a9"
"R", "0x28e417"
"R", "0x31fa55"
"R", "0xbaee2"
"W", "0xda15d", "0x620873ea"
"W", "0x1b42ba", "0x3a42c0"
"W", "0x391e18", "0x7b015824"
"R", "0x1803ed"
"W", "0x3007da", "0x5887d7f6"
"R", "0x141ef7"
"W", "0x264b73", "0x244a53f"
"W", "0xcfb34", "0x5d5f3484"
"R", "0x2b7cbb"
"W", "0x31542c", "0x57a64fa5"
"W", "0x37d1c6", "0x79fea52f"
"R", "0x122c7c"
"W", "0x353922", "0x424538f3"
"R", "0x264b73"
"R", "0x22667d"
"R", "0x230ca6"
"R", "0x156b49"
"W", "0xb08b9", "0x7f3f120f"
"W", "0x723c3", "0x5738b086"
"R", "0x298a40"
"W", "0x1f27b0", "0x20ff511b"
"R", "0x67d9a"
"W", "0xe4786", "0x3545876b"
"W", "0x1803ed", "0x51ccdf3f"
"R", "0x3b1093"
"R", "0x118653"
"R", "0xcfb34"
"R", "0x1b42ba"
"R", "0x0"
"W", "0x26f19c", "0x1c00aebe"
"W", "0x37d1c6", "0x25bd58b4"
"W", "0x21c054", "0x6e66549e"
"W", "0xa6290", "0x66163a77"
"W", "0x26f19c", "0x2fbf25fa"
"W", "0x9bc67", "0x5ffaaca4"
"R", "0x42da7f"
"R", "0x40e804"
"R", "0x18aa16"
"R", "0x3b1093"
"R", "0x7c9ec"
"R", "0x1ddb5e"
"W", "0x31542c", "0x337985ff"
"R", "0x5d771"
"W", "0x25a54a", "0x6f35467c"
"W", "0x33ecd0", "0x527abbdd"
"R", "0xbaee2"
"R", "0x2b7cbb"
"R", "0x3e4f6"
"W", "0x37d1c6", "0x5d7ecba5"
"W", "0x33ecd0", "0x1d315d91"
"R", "0x2458f8"
"W", "0xb08b9", "0x30c84a48"
"R", "0x1be8e3"
"R", "0x1e8187"
"W", "0x30ae03", "0x41baa379"
"W", "0x3e4f60", "0x470ad81c"
"R", "0x21c054"
"R", "0xb08b9"
"R", "0x16b79b"
"W", "0x23b2cf", "0x1181865b"
"R", "0x264b73"
"W", "0xda15d", "0x3c1385cd"
"W", "0x2ebb88", "0x345f2546"
"R", "0x423456"
"W", "0x2cc90d", "0x395b5f57"
"W", "0x175dc4", "0x3f53bc8b"
"R", "0x368574"
"W", "0x31fa55", "0x656d2d99"
"W", "0x3e4f6", "0x35108e20"
"R", "0x3877ef"
"R", "0xa6290"
"W", "0x3c5ce5", "0x625b9faa"
"W", "0x353922", "0x2b442c1f"
"W", "0xbaee2", "0x1608a4eb"
"W", "0xa6290", "0x5ab543d7"
"R", "0x21c054"
"R", "0x4041db"
"W", "0x23b2cf", "0x9e294e5"
"R", "0x3007da"
"W", "0x1d3535", "0x5cfbaae9"
"R", "0x103a01"
"W", "0x31fa55", "0x11aa17f6"
"W", "0x1d3535", "0xc406f16"
"W", "0x3b1093", "0x2c88e109"
"W", "0x1c8f0c", "0x724ad4e0"
"W", "0x10e02a", "0x7acd6cc"
"R", "0x118653"
"W", "0xb08b9", "0x7e289cc0"
"R", "0x18aa16"
"W", "0x1d3535", "0x76b312d5"
"R", "0x2b7cbb"
"W", "0x2ebb88", "0x4c69282c"
"W", "0x3bb6bc", "0x6edb7bda"
"W", "0x48b1f", "0x2cc35836"
"W", "0x353922", "0x3a386d2b"
"W", "0x1378ce", "0x770fbe24"
"R", "0x298a40"
"W", "0x2458f8", "0x2d696ac1"
"W", "0x283dee", "0xc2b90fa"
"W", "0x4380a8", "0x2070d13f"
"W", "0x26f19c", "0x8489b74"
"W", "0x3ef589", "0x1c44e3b3"
"R", "0x391e18"
"R", "0x230ca6"
"R", "0x26f19c"
"R", "0x1ddb5e"
"W", "0x4041db", "0x2711f73a"
"W", "0x1ddb5e", "0x4d1dd271"
"W", "0x67d9a", "0x2d4a65d8"
"R", "0x141ef7"
"W", "0xa6290", "0x3d888dba"
"R", "0x3c5ce5"
"W", "0x87015", "0x6a4d0aab"
"W", "0x298a40", "0x1361fb2c"
"W", "0x141ef7", "0x74cff6db"
"W", "0xc550b", "0x54bedcfb"
"W", "0x9163e", "0x65eb6556"
"W", "0x19f668", "0x5aae7170"
"W", "0x161172", "0x3d062440"
"R", "0x3e4f6"
"R", "0x1a9c91"
"W", "0x2d6f36", "0x2badc8ee"
"R", "0x26f19c"
"W", "0x12d2a5", "0xab7f7ae"
"W", "0x2a3069", "0x1d08ce9a"
"R", "0x3c5ce5"
"R", "0x37d1c6"
"R", "0x1f27b0"
"R", "0x31fa55"
"W", "0x3a6a6a", "0x26e32dd5"
"R", "0x48b1f"
"W", "0x1e8187", "0x6dd5fbc0"
"R", "0x723c3"
"W", "0x298a40", "0x762d3855"
"W", "0x5d771", "0x13f2e863"
"W", "0x16b79b", "0x7e13d94b"
"R", "0x3b1093"
"W", "0x2a3069", "0x6481eb35"
"R", "0x30ae03"
"R", "0x418e2d"
"R", "0x3f9bb2"
"W", "0x25a54a", "0x4b0ae857"
"R", "0x3c5ce5"
"R", "0x1378ce"
"R", "0x298a40"
"W", "0x25a54a", "0x45b1b99d"
"W", "0x1a9c91", "0x67c9ae02"
"W", "0x3346a7", "0x15281d0a"
"R", "0x161172"
"R", "0x2ad692"
"R", "0x207402"
"R", "0x7c9ec"
"R", "0x391e18"
"W", "0x118653", "0xf7a3f6e"
"W", "0x12d2a5", "0xd24ea36"
"W", "0x67d9a", "0x39b67d6c"
"R", "0x33ecd0"
"W", "0x2cc90d", "0x6c2b55ff"
"R", "0x1b42ba"
"W", "0x2e155f", "0x2a554b57"
"R", "0x31542c"
"R", "0x4041db"
"W", "0x2f61b1", "0x74d884d8"
"W", "0xbaee2", "0x513ed728"
"R", "0x33ecd"
"W", "0x1be8e3", "0x2e180a82"
"R", "0x3ef589"
"W", "0x391e18", "0x47d56069"
"W", "0x23b2cf", "0x167af2b2"
"R", "0xeedaf"
"W", "0x3492f9", "0x260fe564"
"R", "0x141ef7"
"W", "0x40e804", "0x2656e0ca"
"W", "0x230ca6", "0xa16ed4d"
"R", "0x3877ef"
"R", "0x2458f8"
"R", "0x30ae03"
"R", "0x10e02a"
"W", "0x2d6f36", "0x57ea154e"
"R", "0x1803ed"
"R", "0x26f19c"
"R", "0x391e18"
"R", "0x391e18"
"W", "0x4380a8", "0x1198528f"
"W", "0x12d2a5", "0x7b2a95cd"
"R", "0x87015"
"W", "0x283dee", "0x42c4edb8"
"W", "0x1378ce", "0x2d29b11c"
"R", "0xbaee2"
"R", "0xbaee2"
"W", "0x3492f9", "0x4b1f07cd"
"W", "0x391e18", "0x3cfe00c"
"W", "0x21c054", "0x666e0f25"
"W", "0x42da7f", "0x22155654"
"W", "0x3da937", "0x56e550d9"
"W", "0x1e8187", "0x4d87e464"
"R", "0x1fcdd9"
"R", "0x1e8187"
"R", "0xf93d8"
"R", "0x23b2cf"
"W", "0x19503f", "0x44cc765a"
"W", "0x21c054", "0x6717c701"
"R", "0x156b49"
"W", "0x39c441", "0x4c8fbf85"
"R", "0x122c7c"
"R", "0x353922"
"R", "0x372b9d"
"R", "0x40e804"
"W", "0x207402", "0x182bbf78"
"W", "0x18aa16", "0x575ee306"
"W", "0x3a6a6a", "0x3ca2cda6"
"R", "0x31fa55"
"W", "0x25a54a", "0x22a127c8"
"W", "0x1be8e3", "0x553d466a"
"R", "0x1e8187"
"W", "0x67d9a", "0x253f2f6b"
"R", "0x723c3"
"R", "0x2d6f36"
"R", "0x31fa55"
"R", "0x2ad692"
"R", "0xb08b9"
"R", "0xa6290"
"W", "0x1d3535", "0x59401ac5"
"R", "0x3d030e"
"R", "0x3da937"
"W", "0x4380a8", "0x25c2b1f7"
"R", "0x723c3"
"W", "0x4041db", "0x6e7848b7"
"R", "0x14c52"
"R", "0x103a01"
"W", "0x2a3069", "0x3b1e1741"
"R", "0x46bf75"
"W", "0x1d3535", "0x1ed80d58"
"W", "0x1fcdd9", "0x39429fd"
"W", "0x2c22e4", "0x1eb178e3"
"W", "0x368574", "0x6552b724"
"W", "0x1be8e3", "0x2b00e835"
"R", "0x25a54a"
"W", "0x211a2b", "0xa895ecd"
"W", "0x25a54a", "0x17afab48"
"R", "0x3da937"
"R", "0x175dc4"
"W", "0x391e18", "0x3a5eec94"
"R", "0x24ff21"
"R", "0x3007da"
"R", "0x1b42ba"
"W", "0x141ef7", "0x5bc2a828"
"W", "0x1ddb5e", "0x34b72b43"
"R", "0x30ae03"
"R", "0x2ad692"
"R", "0x3e4f6"
"W", "0x14c52", "0xd8b0177"
"W", "0x19f668", "0x4567ac7d"
"W", "0x33ecd", "0x56dbcfb6"
"R", "0x264b73"
"R", "0x3c5ce5"
"R", "0x1b42ba"
"R", "0x4426d1"
"R", "0x1e8187"
"R", "0x40e804"
"W", "0x10e02a", "0x78141bf6"
"W", "0x161172", "0x72c3eddd"
"R", "0x156b49"
"R", "0x2c22e4"
"W", "0x10e02a", "0x3fc53400"
"W", "0x2f61b1", "0x7030499c"
"R", "0x211a2b"
"W", "0x12d2a5", "0x31292319"
"W", "0x10e02a", "0x35c8e6fe"
"W", "0x2ebb88", "0x77923e8a"
"R", "0x39c441"
"R", "0x103a01"
"R", "0x298a4"
"R", "0x4041db"
"W", "0x31542c", "0x30847455"
"R", "0x35df4b"
"W", "0x122c7c", "0x735c4c7b"
"W", "0x10e02a", "0x40878d1d"
"W", "0x3b1093", "0x592f708"
"W", "0x264b73", "0x36992ccf"
"R", "0x3877ef"
"R", "0x3f9bb2"
"R", "0x3ef589"
"W", "0x2458f8", "0x4e38f84c"
"R", "0x141ef7"
"W", "0x9bc67", "0x547a1e6"
"R", "0x2a3069"
"R", "0x3492f9"
"W", "0x9163e", "0x5c1f61d5"
"R", "0x26f19c"
"W", "0x141ef7", "0x12961305"
"R", "0x3da937"
"R", "0x372b9d"
"R", "0x353922"
"R", "0x19503f"
"R", "0xc550b"
"R", "0x4041db"
"W", "0x1fcdd9", "0x50e6d1f0"
"W", "0x48b1f", "0x4c38becc"
"R", "0x3d030e"
"W", "0x87015", "0x74643bed"
"R", "0x207402"
"R", "0x211a2b"
"R", "0x723c3"
"W", "0x53148", "0x40c87c65"
"W", "0x4380a8", "0x30cf75e1"
"R", "0xc550b"
"W", "0xb08b9", "0x24ef8dd"
"R", "0x175dc4"
"R", "0x207402"
"W", "0x103a01", "0x12328236"
"W", "0x2ad692", "0xfcb7886"
"R", "0x30ae03"
"R", "0x3f9bb2"
"R", "0xf93d8"
"R", "0x118653"
"R", "0x48b1f"
"W", "0x2d6f36", "0x41f724ca"
"W", "0x1f27b0", "0x63372c7f"
"R", "0x18aa16"
"R", "0x1378ce"
"R", "0x141ef7"
"R", "0x264b73"
"W", "0x19f668", "0x660f6554"
"W", "0x2ebb88", "0x606a26e0"
"W", "0x3346a7", "0x62a191a9"
"W", "0x2a3069", "0x20205120"
"R", "0x118653"
"R", "0x31fa55"
"W", "0xda15d", "0x5f575b81"
"R", "0x3e4f60"
"R", "0x3ef589"
"R", "0x3e4f60"
"W", "0xe4786", "0x22126712"
"R", "0x368574"
"W", "0x3ef589", "0x4b93f8a8"
"R", "0xcfb34"
"R", "0x37d1c6"
"W", "0x264b73", "0x407e06c8"
"R", "0x3ef589"
"R", "0x3f9bb2"
"W", "0x40e804", "0xb750944"
"R", "0x368574"
"W", "0x40e804", "0xfc4919c"
"R", "0x3a6a6a"
"R", "0x3b1093"
"R", "0x2d6f36"
"W", "0x2797c5", "0x5e331fd6"
"W", "0x156b49", "0x5c6dc58d"
"W", "0x368574", "0x4202b41e"
"R", "0x2ad692"
"W", "0xc550b", "0x17941ac6"
"R", "0x3bb6bc"
"R", "0x207402"
"R", "0x3877ef"
"R", "0x48b1f"
"R", "0x28e417"
"R", "0xc550b"
"W", "0x368574", "0x1035ee9a"
"R", "0x2f61b1"
"W", "0x18aa16", "0x9502e6"
"R", "0x1fcdd9"
"R", "0x298a40"
"R", "0xc550b"
"W", "0x3007da", "0x537f6572"
"W", "0x103a01", "0x1d63f952"
"W", "0x26f19c", "0x58e0332"
"W", "0x16b79b", "0x2ef9e560"
"R", "0x3da937"
"R", "0x48b1f"
"R", "0x25a54a"
"R", "0x298a4"
"R", "0xc550b"
"W", "0x3c5ce5", "0x2b38e828"
"W", "0x33ecd0", "0x57e35b04"
"R", "0x23b2cf"
"W", "0xa6290", "0x3ad26c85"
"W", "0x723c3", "0x579af04"
"R", "0x2a3069"
"W", "0x5d771", "0x49206b64"
"R", "0x3346a7"
"R", "0x2cc90d"
"W", "0x3e4f60", "0xccc4764"
"R", "0x2e155f"
"R", "0x2a3069"
"W", "0x18aa16", "0x73ae59e3"
"W", "0x28e417", "0x2e11b0f"
"W", "0x2d6f36", "0x71297cfe"
"W", "0xc550b", "0x6d1f177a"
"R", "0x1378ce"
"W", "0xbaee2", "0x3d4c671c"
"W", "0x3877ef", "0x32111425"
"R", "0x4380a8"
"R", "0xc550b"
"W", "0x35df4b", "0x39518ac2"
"W", "0xeedaf", "0x426c1787"
"W", "0x372b9d", "0x310ead2a"
"W", "0x1e8187", "0x63b611c9"
"W", "0x3da937", "0x7f9ef4ae"
"W", "0x418e2d", "0x736b5a30"
"W", "0x3492f9", "0x71f1501a"
"R", "0x418e2d"
"W", "0x264b73", "0x4e200870"
"R", "0x2c22e4"
"R", "0x22667d"
"R", "0x3bb6bc"
"R", "0x53148"
"W", "0x7c9ec", "0x3b265c00"
"R", "0x3ef589"
"R", "0x1ddb5e"
"W", "0xb08b9", "0x673721a5"
"W", "0x2a3069", "0x129fd203"
"W", "0x723c3", "0x6a302207"
"R", "0x1d3535"
"R", "0x42da7f"
"W", "0x1be8e3", "0x173b08ce"
"R", "0x30ae03"
"W", "0x39c441", "0x2c148330"
"W", "0xa6290", "0x1939e269"
"R", "0x26f19c"
"W", "0x28e417", "0x7aecccdd"
"R", "0x3d030e"
"R", "0x418e2d"
"W", "0xf93d8", "0x346764e6"
"W", "0x23b2cf", "0x15172c56"
"R", "0x418e2d"
"R", "0x19f668"
"R", "0x2d6f36"
"R", "0x1a9c91"
"R", "0x31fa55"
"R", "0x35df4b"
"R", "0x4426d1"
"R", "0x723c3"
"R", "0x3bb6bc"
"W", "0x24ff21", "0x31424b28"
"W", "0x3d030e", "0x7d373ce3"
"R", "0x264b73"
"R", "0x118653"
"W", "0x283dee", "0x7ade9597"
"R", "0x35df4b"
"W", "0x1c8f0c", "0x1a2df9a7"
"R", "0x3c5ce5"
"R", "0x2f61b1"
"R", "0x33ecd"
"W", "0xe4786", "0x3a79bbd9"
"W", "0x18aa16", "0x25ce5b8c"
"W", "0x3d030e", "0x45b77667"
"R", "0x161172"
"R", "0x33ecd0"
"W", "0x1c8f0c", "0x213545e"
"R", "0x207402"
"W", "0x264b73", "0x366069aa"
"W", "0x32a07e", "0x4f3f6460"
"W", "0x16b79b", "0x4635c926"
"W", "0x1ddb5e", "0x33fe674b"
"R", "0x22667d"
"W", "0x33ecd", "0x584efe90"
"R", "0x19f668"
"W", "0x2b7cbb", "0x34728e7a"
"W", "0x3346a7", "0x47746d36"
"W", "0xf93d8", "0x57f8f9c8"
"W", "0x87015", "0x5f96cc97"
"W", "0x423456", "0x49c88ae5"
"R", "0x207402"
"W", "0x40e804", "0x3f53aca6"
"R", "0xa6290"
"W", "0x10e02a", "0x61d33f4c"
"R", "0xeedaf"
"R", "0x1d3535"
"R", "0x87015"
"W", "0x7c9ec", "0x50eff738"
"W", "0x37d1c6", "0xc1cff51"
"R", "0x14c520"
"R", "0x1a9c91"
"R", "0x391e18"
"W", "0x3492f9", "0x251fa4ec"
"R", "0x48b1f"
"R", "0x457323"
"W", "0x23b2cf", "0x5e441ca8"
"W", "0x14c520", "0x58446245"
"W", "0xbaee2", "0x24641a38"
"R", "0x25a54a"
"W", "0x21c054", "0x51b5c44a"
"W", "0x33ecd0", "0x2caac7bf"
"W", "0xe4786", "0x163c209e"
"W", "0x39c441", "0x5ce1590c"
"R", "0x3492f9"
"R", "0xeedaf"
"R", "0x14c52"
"R", "0x37d1c6"
"W", "0x3ef589", "0x2f32aa2b"
"R", "0xa6290"
"W", "0x1d3535", "0x47986b00"
"R", "0x1ddb5e"
"W", "0x3492f9", "0x49927826"
"R", "0xda15d"
"R", "0x1d3535"
"W", "0x391e18", "0x12fb16ce"
"R", "0xf93d8"
"R", "0x18aa16"
"W", "0x2f61b1", "0x7c94dabb"
"W", "0xbaee2", "0x7cc9cb92"
"W", "0x283dee", "0x4e4b6245"
"W", "0x3b1093", "0x5405b65"
"W", "0x25a54a", "0x160660e0"
"W", "0x3346a7", "0x6ae7d988"
"W", "0xeedaf", "0x76238208"
"R", "0x1c8f0c"
"W", "0x46194c", "0x1249f331"
"R", "0x18aa16"
"R", "0x2ad692"
"W", "0x230ca6", "0x3a830a3d"
"W", "0x156b49", "0x2572a98c"
"R", "0x161172"
"W", "0x14c520", "0x2bdd0f57"
"R", "0x230ca6"
"W", "0x48b1f", "0x3e9430fc"
"W", "0x16b79b", "0x83ba241"
"R", "0xf93d8"
"R", "0x22667d"
"R", "0x723c3"
"W", "0xb08b9", "0x1a1ee5b5"
"R", "0x23b2cf"
"R", "0x48b1f"
"W", "0x2797c5", "0x641fac4f"
"R", "0x1803ed"
"R", "0xc550b"
"W", "0x40e804", "0x282306d0"
"W", "0x19f668", "0x5cfd7943"
"W", "0x1c8f0c", "0x600be234"
"W", "0x33ecd0", "0x1e96fcae"
"W", "0x40e804", "0x46fd9768"
"W", "0x40e804", "0x10e923cb"
"R", "0x353922"
"W", "0x122c7c", "0x762b525a"
"W", "0xf93d8", "0x357e131c"
"W", "0x2ad692", "0x25570d0e"
"R", "0x30ae03"
"W", "0x4041db", "0x2f785c61"
"W", "0x2458f8", "0x770f9783"
"R", "0x207402"
"R", "0x418e2d"
"R", "0x3a6a6a"
"R", "0xcfb34"
"R", "0x28e417"
"R", "0x5d771"
"W", "0x1378ce", "0x3e4deb5b"
"R", "0x9163e"
"R", "0x1d3535"
"R", "0x3bb6bc"
"W", "0x3bb6bc", "0x4396b437"
"R", "0x19f668"
"W", "0x28e417", "0x1244ef7d"
"R", "0x156b49"
"W", "0x3877ef", "0x228b2ba2"
"W", "0x372b9d", "0x581c65b0"
"R", "0x118653"
"W", "0x9bc67", "0x1594b740"
"R", "0x33ecd0"
"R", "0xe4786"
"R", "0x21c054"
"R", "0x2c22e4"
"W", "0x230ca6", "0x78bda0c6"
"R", "0x40e804"
"W", "0x141ef7", "0x59f0c00f"
"W", "0x423456", "0x24c1f9cd"
"W", "0x46194c", "0x48086641"
"W", "0x2c22e4", "0x53cdacdc"
"W", "0x103a01", "0x1a1cc2ce"
"W", "0xa6290", "0x71049667"
"W", "0x1f27b", "0x37edc0bc"
"W", "0x1ddb5e", "0x449c3fac"
"W", "0x372b9d", "0x2e563901"
"R", "0x175dc4"
"W", "0x283dee", "0x3af4d50"
"R", "0x2ebb88"
"W", "0x141ef7", "0x589cd80f"
"W", "0x3f9bb2", "0x2b74c060"
"R", "0xb08b9"
"R", "0x3c5ce5"
"R", "0x1b42ba"
"W", "0x4041db", "0x10d691d1"
"W", "0xcfb34", "0x297bc927"
"W", "0x42da7f", "0x541a188"
"R", "0x298a40"
"R", "0x31542c"
"W", "0x1a9c91", "0x3bccebda"
"W", "0x103a01", "0x248f5690"
"R", "0xf93d8"
"W", "0x2797c5", "0x42aa1355"
"R", "0x156b49"
"R", "0x16b79b"
"R", "0x1b42ba"
"R", "0x3ef589"
"W", "0x9bc67", "0x5da37b8f"
"W", "0x12d2a5", "0x75300b51"
"W", "0x18aa16", "0x742c9412"
"W", "0x156b49", "0x12bdd6a5"
"W", "0x2d6f36", "0x12cecfac"
"R", "0x40e804"
"W", "0x42da7f", "0x383c3713"
"W", "0x42da7f", "0x5965b6b4"
"W", "0x32a07e", "0xcc3d65f"
"W", "0x103a01", "0x9eb3160"
"W", "0x2e155f", "0x30f815a6"
"W", "0x230ca6", "0x3cbedcf7"
"W", "0x25a54a", "0x43170d1a"
"R", "0x87015"
"W", "0xb08b9", "0x4b09348e"
"R", "0xe4786"
"W", "0x1a9c91", "0x2ce4a49"
"R", "0x3bb6bc"
"W", "0x3007da", "0x2bf4d26"
"W", "0x2b7cbb", "0x576f640e"
"W", "0x39c441", "0x3e800c73"
"R", "0x2a3069"
"W", "0x264b73", "0x43d534c4"
"R", "0x3877ef"
"R", "0x31fa55"
"R", "0x31fa55"
"R", "0x23b2cf"
"W", "0x723c3", "0x37ae5b26"
"W", "0x9bc67", "0x3517f07"
"W", "0x353922", "0x5bfbb3e2"
"R", "0x1f27b"
"R", "0x12d2a5"
"W", "0x37d1c6", "0xbfccd44"
"W", "0x25a54a", "0x276df6e3"
"R", "0x39c441"
"W", "0x207402", "0x5181a1b0"
"R", "0x24ff21"
"W", "0x37d1c6", "0x4f8bca49"
"R", "0x22667d"
"W", "0x3346a7", "0x6e7993f6"
"R", "0x161172"
"W", "0x32a07e", "0x64947aee"
"W", "0x12d2a5", "0x97a293f"
"R", "0x2c22e4"
"R", "0x1a9c91"
"W", "0x2a3069", "0x697c951b"
"W", "0x175dc4", "0x41b82f90"
"W", "0x9bc67", "0x1511db3a"
"R", "0x5d771"
"W", "0xf93d8", "0x493b481f"
"W", "0x156b49", "0x2c29871d"
"W", "0x23b2cf", "0x7705df7d"
"R", "0x30ae03"
"R", "0x37d1c6"
"W", "0x31fa55", "0x543f9642"
"W", "0x18aa16", "0x46cc5a92"
"W", "0x31fa55", "0x3e50c513"
"W", "0x1ddb5e", "0x6354fe6c"
"W", "0x37d1c6", "0x65a818e1"
"R", "0x1378ce"
"R", "0x39c441"
"R", "0x42da7f"
"W", "0x5d771", "0x74a2509a"
"R", "0x2d6f36"
"W", "0x3e4f60", "0x747bc2b5"
"R", "0x21c054"
"R", "0x25a54a"
"R", "0x53148"
"W", "0xbaee2", "0x703abea"
"W", "0x2ad692", "0xca01fbf"
"W", "0x423456", "0x5351264f"
"R", "0x37d1c6"
"R", "0x1ddb5e"
"R", "0x3b1093"
"W", "0x39c441", "0x4225013a"
"R", "0x156b49"
"W", "0x26f19c", "0x5ec67422"
"W", "0x33ecd0", "0x4f35d892"
"W", "0x3c5ce5", "0x8ed18ef"
"R", "0x53148"
"W", "0x2458f8", "0x3f93b7f1"
"W", "0x16b79b", "0xe964577"
"W", "0x1a9c91", "0x3937685c"
"R", "0x103a01"
"W", "0xb08b9", "0x4ebddba9"
"W", "0x161172", "0x6272c86c"
"R", "0x423456"
"W", "0x21c054", "0x570d0a15"
"W", "0xda15d", "0x7b27ddda"
"W", "0x156b49", "0x23bed63c"
"W", "0x42da7f", "0x3f69a719"
"W", "0x14c52", "0x6720ef7"
"W", "0x14c52", "0x51cdad73"
"W", "0x30ae03", "0x34a46190"
"W", "0x67d9a", "0x1a6c2fb3"
"R", "0x207402"
"R", "0x3346a7"
"R", "0x1e8187"
"W", "0x3da937", "0x4fa66d6d"
"W", "0x9163e", "0xc7f64b"
"W", "0x723c3", "0x34af7c51"
"R", "0x32a07e"
"R", "0x7c9ec"
"R", "0x423456"
"W", "0x2cc90d", "0x3b7d9444"
"W", "0x3346a7", "0x7323f36e"
"R", "0x23b2cf"
"R", "0x3e4f6"
"W", "0x18aa16", "0x213b5e98"
"W", "0x16b79b", "0x770a05f8"
"W", "0x391e18", "0x3037731f"
"W", "0x3da937", "0x40270ac0"
"R", "0x161172"
"R", "0x3a6a6a"
"R", "0x1e8187"
"R", "0x1be8e3"
"W", "0xf93d8", "0x4ed1c86c"
"R", "0x3007da"
"W", "0x14c52", "0x5c060d07"
"R", "0x2a3069"
"R", "0x391e18"
"W", "0x19503f", "0x3ece6d07"
"R", "0x141ef7"
"W", "0x14c520", "0x6c1f20d0"
"W", "0x24ff21", "0x3537dbfa"
"W", "0x2a3069", "0x352ee6f4"
"W", "0x14c520", "0x6bef69a1"
"W", "0x2ebb88", "0x2ff8df50"
"R", "0x37d1c6"
"R", "0x141ef7"
"W", "0xa6290", "0x635e8eb0"
"W", "0x3d030e", "0x702256f7"
"W", "0x372b9d", "0x7d847515"
"R", "0x3492f9"
"R", "0x3007da"
"R", "0x40e804"
"R", "0x22667d"
"R", "0x31fa55"
"R", "0x368574"
"R", "0x2e155f"
"W", "0x1e8187", "0x3599dce1"
"W", "0x26f19c", "0x23c765d8"
"R", "0x3877ef"
"W", "0x10e02a", "0x29369b16"
"W", "0x16b79b", "0x238146e4"
"W", "0x31fa55", "0x2e695dd9"
"W", "0x23b2cf", "0x1e24a1f4"
"W", "0x35df4b", "0x76e30a3"
"R", "0x40e804"
"W", "0x2cc90d", "0x39820ec7"
"W", "0x16b79b", "0x61ffeef0"
"R", "0x33ecd"
"W", "0x2d6f36", "0x7c0f8ec7"
"W", "0x141ef7", "0x65a24e17"
"R", "0x1c8f0c"
"W", "0x2b7cbb", "0x25224177"
"W", "0x118653", "0x75093cc7"
"R", "0x87015"
"R", "0x3da937"
"R", "0x2ad692"
"W", "0x3a6a6a", "0x4ad8306b"
"W", "0x9bc67", "0x140af830"
"R", "0x35df4b"
"W", "0x1a9c91", "0x36abbb0f"
"W", "0x3bb6bc", "0x2768a9fa"
"R", "0x24ff21"
"W", "0x2a3069", "0x5287305c"
"W", "0x3a6a6a", "0x2ce6d55"
"R", "0x21c054"
"R", "0xe4786"
"R", "0x211a2b"
"W", "0x19f668", "0x5f15d5bd"
"W", "0x156b49", "0x612d2e59"
"R", "0x118653"
"R", "0x211a2b"
"W", "0x24ff21", "0x1a8de2c1"
"R", "0x1d3535"
"W", "0xc550b", "0x2d51c326"
"W", "0x1e8187", "0x5af5b99b"
"R", "0x122c7c"
"W", "0x3b1093", "0x21039e07"
"W", "0x19f668", "0x76954af4"
"W", "0x25a54a", "0x4548725d"
"R", "0x2a3069"
"R", "0x2c22e4"
"W", "0xf93d8", "0x6dfa1c10"
"R", "0x1e8187"
"R", "0x7c9ec"
"R", "0x2ad692"
"R", "0xc550b"
"R", "0x3e4f60"
"W", "0x5d771", "0x300854b9"
"W", "0xcfb34", "0x20a84632"
"W", "0xc550b", "0x1b6a13"
"W", "0x723c3", "0x2e5c0454"
"W", "0x16b79b", "0x591332b6"
"R", "0x35df4b"
"W", "0x3ef589", "0x52bc7563"
"R", "0x230ca6"
"W", "0xb08b9", "0x3b4cda51"
"R", "0x32a07e"
"R", "0xeedaf"
"W", "0x16b79b", "0x2b211de7"
"R", "0x2c22e4"
"R", "0xe4786"
"R", "0x3007da"
"W", "0x122c7c", "0x1b761ac8"
"R", "0x2ad692"
"W", "0x283dee", "0x78b0fe5b"
"R", "0x3e4f60"
"W", "0x12d2a5", "0x318bd52f"
"R", "0x10e02a"
"W", "0xda15d", "0x1b0a9f1"
"W", "0x1d3535", "0x38e2175e"
"W", "0x175dc4", "0x583bf4ee"
"R", "0x3ef589"
"R", "0x12d2a5"
"W", "0x2458f8", "0x1e9b3469"
"R", "0x3c5ce5"
"W", "0x3e4f60", "0x14c82c0a"
"R", "0x3e4f60"
"R", "0x21c054"
"R", "0x2cc90d"
"R", "0x1378ce"
"R", "0x5d771"
"W", "0x9163e", "0x7dc17306"
"W", "0x1fcdd9", "0x338f3ca7"
"W", "0x37d1c6", "0x14d608"
"R", "0x23b2cf"
"R", "0x21c054"
"R", "0x2e155f"
"R", "0x1a9c91"
"R", "0x12d2a5"
"R", "0x2cc90d"
"R", "0x21c054"
"R", "0x2f61b1"
"R", "0x32a07e"
"W", "0x67d9a", "0x4c55ae19"
"W", "0x2b7cbb", "0xe85bce6"
"W", "0x3b1093", "0x5eec2633"
"R", "0x368574"
"R", "0x3e4f6"
"W", "0x1c8f0c", "0x707b9f8a"
"R", "0x2b7cbb"
"W", "0x3e4f60", "0x25a6b078"
"R", "0x368574"
"R", "0x33ecd0"
"W", "0x353922", "0x28b197f3"
"R", "0x40e804"
"W", "0x42da7f", "0x7cf4f90d"
"R", "0x2797c5"
"R", "0x26f19c"
"R", "0x7c9ec"
"R", "0x1c8f0c"
"R", "0x46bf75"
"R", "0x14c520"
"R", "0x230ca6"
"W", "0x156b49", "0x2013444f"
"R", "0xbaee2"
"W", "0x1b42ba", "0x4f55be31"
"W", "0x21c054", "0x7c8424e4"
"W", "0x87015", "0x45a88414"
"R", "0xf93d8"
"W", "0x4426d1", "0x24e23f18"
"R", "0x42da7f"
"W", "0x35df4b", "0x6d5391c8"
"R", "0x1c8f0c"
"W", "0x1803ed", "0x58735e8d"
"R", "0x1ddb5e"
"W", "0x87015", "0x72b8df92"
"W", "0x2b7cbb", "0x10cdafbb"
"W", "0x418e2d", "0x2eee6bdc"
"R", "0xf93d8"
"R", "0x32a07e"
"R", "0x723c3"
"R", "0x3b1093"
"W", "0x40e804", "0x662b086e"
"W", "0x2f61b1", "0x23ebf4c3"
"R", "0x372b9d"
"W", "0x1be8e3", "0x36cbf094"
"R", "0x16b79b"
"R", "0x30ae03"
"R", "0x207402"
"R", "0x28e417"
"R", "0x1803ed"
"R", "0x2c22e4"
"W", "0x33ecd0", "0x40491892"
"W", "0x368574", "0x2268e2bf"
"W", "0x156b49", "0x4295ca5b"
"R", "0x264b73"
"W", "0x2ebb88", "0x51d8cb66"
"R", "0x1fcdd9"
"R", "0x3ef589"
"W", "0x19503f", "0x395eafe"
"R", "0x2cc90d"
"W", "0x5d771", "0x5bafb435"
"R", "0x353922"
"W", "0x31542c", "0x699f9df4"
"W", "0x25a54a", "0x787d10dd"
"R", "0x122c7c"
"R", "0x3346a7"
"R", "0x25a54a"
"R", "0x2ad692"
"W", "0x3da937", "0x3024e9a4"
"W", "0x35df4b", "0x37b2e1ea"
"R", "0x18aa16"
"R", "0xda15d"
"W", "0x230ca6", "0x21eaee48"
"W", "0x372b9d", "0x16a9c956"
"R", "0x19503f"
"R", "0x4041db"
"W", "0x3a6a6a", "0x7ada986d"
"R", "0x9163e"
"R", "0x161172"
"R", "0x283dee"
"R", "0x67d9a"
"W", "0x1be8e3", "0x6d162638"
"R", "0x2f61b1"
"W", "0x1803ed", "0x7ecbc0df"
"W", "0x1d3535", "0x35c46b9e"
"R", "0x2ebb88"
"W", "0x1b42ba", "0x52988cc1"
"W", "0x118653", "0x708b6bea"
"R", "0x37d1c6"
"W", "0x35df4b", "0x4bb7b85e"
"R", "0x2f61b1"
"R", "0x1f27b0"
"W", "0x19f668", "0x3c6180e6"
"R", "0xbaee2"
"R", "0x2d6f36"
"W", "0xf93d8", "0x47d7e83f"
"R", "0x298a40"
"W", "0x24ff21", "0x3e269e8"
"W", "0x3492f9", "0x649b12d7"
"R", "0x3bb6bc"
"W", "0x2797c5", "0x3f9533ab"
"W", "0x25a54a", "0x21665ac0"
"R", "0x87015"
"W", "0x10e02a", "0x66e5f261"
"W", "0x2d6f36", "0x274c381d"
"R", "0x35df4b"
"W", "0x3007da", "0x1e9aec86"
"R", "0x4041db"
"R", "0x372b9d"
"W", "0x1d3535", "0x13c3e255"
"R", "0x122c7c"
"R", "0xf93d8"
"R", "0x2d6f36"
"R", "0x2458f8"
"W", "0xeedaf", "0x19b24a29"
"W", "0x418e2d", "0x6a7506c9"
"W", "0x368574", "0x682f9ada"
"R", "0x103a01"
"W", "0x423456", "0x638973c"
"R", "0x9163e"
"R", "0x1d3535"
"R", "0x211a2b"
"R", "0x2c22e4"
"R", "0x2f61b1"
"R", "0x4041db"
"W", "0x48b1f", "0x4bfc9633"
"W", "0x122c7c", "0x683297ea"
"W", "0x4041db", "0x145e4dc7"
"R", "0x31542c"
"R", "0x3e4f60"
"W", "0x3346a7", "0x5c9c562a"
"W", "0x3b1093", "0x7e6abc4f"
"W", "0x67d9a", "0x3a311aae"
"W", "0x3007da", "0x13527404"
"R", "0x1f27b0"
"R", "0x264b73"
"W", "0x2a3069", "0x46183984"
"W", "0x44ccfa", "0x25314a0"
"R", "0x3007da"
"W", "0x2458f8", "0x1d9364e"
"W", "0xeedaf", "0x435f2039"
"W", "0x39c441", "0x9ee9408"
"R", "0xcfb34"
"W", "0x1a9c91", "0xe088634"
"R", "0x23b2cf"
"R", "0x3492f9"
"W", "0x1b42ba", "0x12db3886"
"R", "0x1e8187"
"R", "0x25a54a"
"W", "0x2a3069", "0x1f32e8a7"
"W", "0x31542c", "0x2737646a"
"W", "0x1c8f0c", "0x2d0813"
"W", "0x368574", "0x8ca6f37"
"R", "0x87015"
"W", "0x207402", "0x74d7ccfa"
"R", "0x1fcdd9"
"R", "0x122c7c"
"R", "0x22667d"
"R", "0x207402"
"R", "0xa6290"
"R", "0x161172"
"R", "0x161172"
"W", "0x211a2b", "0x771f7e4"
"W", "0x3c5ce5", "0x18c6e83e"
"R", "0x3f9bb2"
"R", "0x1fcdd9"
"W", "0x103a01", "0x5d4eb167"
"R", "0xcfb34"
"W", "0x1f27b0", "0x56194e26"
"R", "0x2f61b1"
"W", "0x368574", "0x5cb02fab"
"W", "0xeedaf", "0x8295863"
"R", "0x3a6a6a"
"R", "0x35df4b"
"R", "0x32a07e"
"R", "0x1ddb5e"
"R", "0x3492f9"
"R", "0x37d1c6"
"R", "0x3d030e"
"R", "0x175dc4"
"W", "0x418e2d", "0x1dbd414d"
"W", "0x3e4f6", "0x79dfe8e4"
"W", "0x2b7cbb", "0x60acb680"
"W", "0x9163e", "0x2efa4dd"
"R", "0x33ecd0"
"R", "0x1378ce"
"W", "0x87015", "0x2dd85f62"
"W", "0x2d6f36", "0x79ca6f95"
"W", "0x67d9a", "0x53c93a9a"
"W", "0x23b2cf", "0xdc104fd"
"W", "0x30ae03", "0x6cf783e7"
"W", "0x3bb6bc", "0x435a4a42"
"W", "0x7c9ec", "0x4d167c28"
"W", "0x3007da", "0x475acb28"
"R", "0x23b2cf"
"R", "0xeedaf"
"W", "0x25a54a", "0x557bcf69"
"W", "0x67d9a", "0x45c8c473"
"R", "0x31fa55"
"W", "0x22667d", "0x518f4ef8"
"W", "0x32a07e", "0x3cd9ec5b"
"W", "0x87015", "0x1e74f682"
"R", "0x2a3069"
"R", "0xb08b9"
"R", "0x2d6f36"
"W", "0x3877ef", "0x5f6de559"
"R", "0x26f19c"
"R", "0x1fcdd9"
"R", "0x35df4b"
"R", "0x9bc67"
"R", "0x2f61b1"
"R", "0x3bb6bc"
"R", "0x4380a8"
"R", "0x32a07e"
"W", "0x211a2b", "0x696362d9"
"W", "0x22667d", "0x62de9ac8"
"W", "0x18aa16", "0x2f866de8"
"W", "0x353922", "0x77584cdd"
"W", "0x1f27b0", "0x21fe1c38"
"R", "0x161172"
"W", "0x35df4b", "0x1bbd5784"
"R", "0x2b7cbb"
"R", "0x42da7f"
"W", "0x4380a8", "0x17f5fc94"
"W", "0x12d2a5", "0x15faefd2"
"W", "0xda15d", "0x1ca07e3d"
"R", "0x67d9a"
"W", "0x3d030e", "0xfaa5cfe"
"R", "0x1378ce"
"R", "0xe4786"
"R", "0x1f27b0"
"R", "0x2a3069"
"R", "0x141ef7"
"R", "0x48b1f"
"R", "0x21c054"
"W", "0x2b7cbb", "0x683f2fc9"
"W", "0x37d1c6", "0x57bf3dd9"
"R", "0x2f61b1"
"W", "0x103a01", "0x56356a48"
"W", "0x2e155f", "0x7134f071"
"R", "0x2a3069"
"W", "0x161172", "0x541db00"
"R", "0x1d3535"
"R", "0x391e18"
"W", "0x230ca6", "0x204ca0d6"
"R", "0x31542c"
"W", "0x42da7f", "0x229a8255"
"R", "0x33ecd0"
"W", "0x9163e", "0x4c055316"
"R", "0x25a54a"
"W", "0x3877ef", "0x550c528d"
"R", "0xe4786"
"R", "0x3f9bb2"
"R", "0x1a9c91"
"R", "0x175dc4"
"R", "0x118653"
"W", "0x230ca6", "0x726d71b8"
"W", "0x26f19c", "0x7f803d37"
"R", "0x372b9d"
"R", "0x3b1093"
"W", "0x19f668", "0x593d982b"
"W", "0x37d1c6", "0x6f145ab8"
"W", "0x23b2cf", "0x31db5cdc"
"W", "0x2d6f36", "0x3d9a6d36"
"R", "0x30ae03"
"R", "0x24ff21"
"W", "0x5d771", "0x1b7e72b"
"W", "0x31fa55", "0x3a937137"
"W", "0x2797c5", "0x544f325f"
"W", "0x1c8f0c", "0x32a0db7b"
"R", "0x2ebb88"
"W", "0x156b49", "0x6fa7999d"
"W", "0x141ef7", "0x2c54f67e"
"W", "0x4426d1", "0x4eb25a66"
"W", "0x31fa55", "0x792ac408"
"R", "0x372b9d"
"R", "0xa6290"
"W", "0x118653", "0x201f41d8"
"R", "0x18aa16"
"R", "0x423456"
"W", "0xb08b9", "0x2c327462"
"W", "0x35df4b", "0x76110e86"
"W", "0xe4786", "0x2063d0d1"
"R", "0x24ff21"
"R", "0x16b79b"
"R", "0x3f9bb2"
"R", "0x32a07e"
"W", "0xbaee2", "0x4baad949"
"W", "0x19f668", "0x42c98018"
"R", "0x9bc67"
"R", "0xda15d"
"R", "0x723c3"
"R", "0x31fa55"
"R", "0x230ca6"
"W", "0x3f9bb2", "0x6906bc2"
"W", "0x3ef589", "0x6c59ec4d"
"R", "0x67d9a"
"R", "0xf93d8"
"R", "0x3d030e"
"R", "0x14c520"
"R", "0x33ecd0"
"W", "0x2ad692", "0x35320ab"
"R", "0x141ef7"
"R", "0x4380a8"
"W", "0x2797c5", "0x747ca58d"
"W", "0x3e4f60", "0x74db0cef"
"R", "0x4426d1"
"R", "0x3e4f6"
"R", "0x1c8f0c"
"R", "0x37d1c6"
"R", "0x418e2d"
"W", "0x23b2cf", "0x7cccee30"
"W", "0x3d030e", "0x62e993a0"
"R", "0x19f668"
"R", "0x19f668"
"W", "0x211a2b", "0x7abd3aae"
"R", "0x1a9c91"
"R", "0x2cc90d"
"R", "0x723c3"
"R", "0x32a07e"
"R", "0x3492f9"
"R", "0x3a6a6a"
"R", "0x42da7f"
"R", "0xa6290"
"R", "0x12d2a5"
"R", "0x3b1093"
"R", "0x3e4f60"
"W", "0x28e417", "0x2e82a351"
"W", "0x4380a8", "0x17edde36"
"R", "0x33ecd0"
"W", "0x67d9a", "0x3360feb8"
"W", "0x3492f9", "0x14225145"
"W", "0x25a54a", "0x69b5ae8e"
"R", "0x1a9c91"
"R", "0x2c22e4"
"W", "0x3d030e", "0x582d5004"
"W", "0x3d030e", "0x492a7a1f"
"W", "0x24ff21", "0x7c63537f"
"R", "0x2ad692"
"W", "0x3492f9", "0x6f275845"
"W", "0x391e18", "0x7d59f002"
"W", "0x3da937", "0x25eef6b5"
"R", "0x1b42ba"
"R", "0x3c5ce5"
"W", "0x1d3535", "0x735d3350"
"R", "0x23b2cf"
"R", "0x1c8f0c"
"W", "0x391e18", "0x6cdb4db3"
"W", "0x3a6a6a", "0x1082c898"
"R", "0x1803ed"
"W", "0x35df4b", "0x3a2cbe3c"
"W", "0x87015", "0x2eb95078"
"W", "0x207402", "0x13ff6a7b"
"R", "0x33ecd"
"W", "0x22667d", "0x54cd4af7"
"R", "0x67d9a"
"W", "0xf93d8", "0xa105f78"
"R", "0xb08b9"
"W", "0xb08b9", "0x4a8d9a4a"
"R", "0x4041db"
"W", "0x2b7cbb", "0x3872b8f"
"R", "0x2f61b1"
"W", "0x2458f8", "0x5797019a"
"W", "0xda15d", "0x3542880e"
"R", "0x2d6f36"
"R", "0x30ae03"
"R", "0x175dc4"
"W", "0x2ad692", "0x227b5cdb"
"R", "0x141ef7"
"R", "0x21c054"
"W", "0xa6290", "0x1682d80c"
"W", "0x31542c", "0x349c58e5"
"R", "0x25a54a"
"W", "0x25a54a", "0x6820aa98"
"W", "0x141ef7", "0xdf00006"
"W", "0x33ecd", "0x452ff438"
"W", "0xcfb34", "0xb25acd3"
"R", "0x24ff21"
"R", "0x24ff21"
"W", "0x14c520", "0x177a8f01"
"R", "0x141ef7"
"R", "0x211a2b"
"R", "0x12d2a5"
"R", "0x1a9c91"
"R", "0x103a01"
"R", "0x87015"
"R", "0x1e8187"
"W", "0x33ecd0", "0x19de79fb"
"R", "0x18aa16"
"R", "0x2ebb88"
"W", "0x2e155f", "0x4ff6f011"
"R", "0x18aa16"
"W", "0x3bb6bc", "0x6075dd42"
"W", "0x2e155f", "0x6bfc5cbf"
"R", "0x122c7c"
"R", "0xeedaf"
"W", "0x207402", "0x1d749290"
"R", "0x4041db"
"R", "0x37d1c6"
"R", "0x2c22e4"
"R", "0x12d2a5"
"R", "0x19503f"
"W", "0x1f27b0", "0x61a927c8"
"R", "0x33ecd"
"W", "0x1c8f0c", "0x56b59cae"
"R", "0x9bc67"
"W", "0x3f9bb2", "0x2272f80a"
"R", "0x39c441"
"R", "0x2458f8"
"R", "0x9163e"
"W", "0xf93d8", "0x36602e7b"
"W", "0x40e804", "0x644a35f7"
"R", "0x16b79b"
"R", "0x12d2a5"
"W", "0x298a40", "0x291dd21c"
"R", "0x3bb6bc"
"R", "0xe4786"
"W", "0x2458f8", "0x3e2fe344"
"R", "0xc550b"
"R", "0x42da7f"
"R", "0x16b79b"
"W", "0x19503f", "0x208cd395"
"R", "0x3007da"
"W", "0x28e417", "0x1cc80b5f"
"R", "0x1ddb5e"
"W", "0x30ae03", "0x7bf917af"
"W", "0x18aa16", "0x28bf5282"
"W", "0x175dc4", "0x20d96d89"
"R", "0x3b1093"
"R", "0x368574"
"W", "0x264b73", "0x3d31556"
"R", "0xda15d"
"R", "0x3e4f6"
"W", "0x2cc90d", "0x7e77a4c1"
"W", "0x298a4", "0x4ce608dc"
"R", "0x1f27b"
"R", "0x32a07e"
"W", "0x1f27b0", "0x3f97689d"
"W", "0x368574", "0xf78bf9a"
"R", "0x161172"
"R", "0x3d030e"
"R", "0x1fcdd9"
"R", "0x23b2cf"
"R", "0x10e02a"
"R", "0x3346a7"
"R", "0xb08b9"
"R", "0x1a9c91"
"W", "0x2b7cbb", "0x1d85ac99"
"R", "0xf93d8"
"R", "0x1803ed"
"W", "0x175dc4", "0x7f3b2e1"
"R", "0x2458f8"
"W", "0x1d3535", "0x70b57306"
"W", "0x368574", "0x6222fec3"
"W", "0x16b79b", "0x1d21f6bf"
"R", "0x175dc4"
"W", "0x211a2b", "0xb32f414"
"R", "0x32a07e"
"R", "0x2b7cbb"
"W", "0x28e417", "0x15220dee"
"R", "0x3c5ce5"
"W", "0x3d030e", "0x408406f"
"W", "0x103a01", "0x70a0ba66"
"W", "0x230ca6", "0x488f1ff5"
"W", "0x33ecd", "0x6a1f17f0"
"R", "0x122c7c"
"W", "0xeedaf", "0x126fc9dc"
"R", "0x39c441"
"R", "0x3877ef"
"R", "0x33ecd0"
"W", "0x48b1f", "0x434b24cf"
"R", "0x35df4b"
"W", "0x35df4b", "0xebb9d8d"
"W", "0x156b49", "0x20eac051"
"W", "0x7c9ec", "0x8944a60"
"W", "0x22667d", "0x109c72c4"
"W", "0x3d030e", "0x2294b18d"
"R", "0x12d2a5"
"R", "0x19f668"
"R", "0x3c5ce5"
"R", "0x67d9a"
"W", "0xe4786", "0x5f9b7ee2"
"R", "0x3d030e"
"R", "0x2458f8"
"W", "0x3b1093", "0x7ade4c1c"
"W", "0x1f27b0", "0x103b9c9f"
"R", "0x391e18"
"W", "0x67d9a", "0x35ecc663"
"R", "0x353922"
"W", "0x4380a8", "0x1a7d92d1"
"W", "0x7c9ec", "0x3050eb61"
"W", "0x67d9a", "0x6baa864"
"R", "0x3877ef"
"R", "0x23b2cf"
"W", "0x211a2b", "0x323f14cb"
"W", "0x16b79b", "0x73cf6da1"
"R", "0x1be8e3"
"R", "0xf93d8"
"W", "0x2d6f36", "0x6867cafb"
"W", "0x37d1c6", "0xb05c261"
"R", "0x2f61b1"
"R", "0x25a54a"
"W", "0x5d771", "0x5d4a2e30"
"W", "0x23b2cf", "0x666e660e"
"W", "0x7c9ec", "0x6634981f"
"W", "0x103a01", "0x22386621"
"R", "0x3bb6bc"
"W", "0x7c9ec", "0x3ed83d7a"
"W", "0x418e2d", "0x437a477e"
"W", "0x30ae03", "0x4c6e22a0"
"W", "0xa6290", "0x693e6757"
"W", "0x2a3069", "0x29e00066"
"R", "0x353922"
"R", "0xe4786"
"R", "0x67d9a"
"W", "0x10e02a", "0x177e2835"
"W", "0x175dc4", "0x12a90743"
"W", "0x18aa16", "0x4846cb26"
"R", "0xc550b"
"W", "0x2cc90d", "0x4bc2798"
"W", "0x3b1093", "0x2acd38d4"
"W", "0x2ebb88", "0x481d3a16"
"R", "0x211a2b"
"R", "0xda15d"
"W", "0x3007da", "0x57fddde5"
"W", "0x118653", "0x225d143a"
"W", "0x1803ed", "0x202e0fff"
"W", "0xeedaf", "0x97468eb"
"R", "0x2e155f"
"R", "0xcfb34"
"W", "0x3877ef", "0x58c7147"
"R", "0x30ae03"
"R", "0xa6290"
"R", "0x3a6a6a"
"R", "0x39c441"
"R", "0x40e804"
"R", "0x40e804"
"W", "0x67d9a", "0x30eac0e2"
"R", "0x5d771"
"W", "0x3e4f6", "0x11254c07"
"W", "0x1378ce", "0x4498ee4c"
"W", "0x391e18", "0x3ba02547"
"W", "0xa6290", "0x4aa34024"
"W", "0xf93d8", "0x6a33d74"
"W", "0xbaee2", "0x2dcf5d9c"
"W", "0x2797c5", "0x6be2bd0e"
"R", "0x31542c"
"W", "0x32a07e", "0xb449848"
"W", "0x5d771", "0x60d8d5e1"
"W", "0x26f19c", "0x78002dbb"
"R", "0x3007da"
"W", "0xb08b9", "0x6f642610"
"R", "0x2797c5"
"R", "0x3c5ce5"
"W", "0xda15d", "0x58f4acee"
"R", "0x14c52"
"R", "0x207402"
"W", "0x18aa16", "0x247772f6"
"W", "0x18aa16", "0x41a9f537"
"W", "0x4426d1", "0x4b46acdc"
"W", "0xeedaf", "0x6ea79ed1"
"W", "0x3ef589", "0x2306bc32"
"R", "0x391e18"
"R", "0x1a9c91"
"W", "0x30ae03", "0x3e244be6"
"W", "0x3346a7", "0x489baaed"
"W", "0x3877ef", "0x2ffbc30e"
"W", "0x161172", "0x3048beb"
"R", "0x283dee"
"R", "0x12d2a5"
"W", "0x9bc67", "0x37c946a5"
"W", "0x3877ef", "0x24631ba9"
"R", "0x2a3069"
"W", "0xbaee2", "0x71b43663"
"W", "0x3346a7", "0x10faf55e"
"W", "0x31fa55", "0x49a52f5"
"R", "0x2ad692"
"W", "0x211a2b", "0x180b4f6a"
"W", "0x372b9d", "0x1ed796f2"
"R", "0x1a9c91"
"R", "0x39c441"
"W", "0x4041db", "0x77ea67db"
"W", "0x35df4b", "0x439b209"
"W", "0x1a9c91", "0x4762cf9d"
"W", "0x2b7cbb", "0x5c655c17"
"R", "0x1a9c91"
"R", "0x3877ef"
"W", "0x1fcdd9", "0x5f38c4d5"
"W", "0x118653", "0x253de1b5"
"R", "0x14c520"
"W", "0x30ae03", "0x13b007d3"
"W", "0x372b9d", "0x760c8a04"
"R", "0x3da937"
"W", "0x1a9c91", "0x76b64f75"
"W", "0x298a4", "0xb2b23b0"
"R", "0x3a6a6a"
"W", "0x2d6f36", "0x6c27968b"
"R", "0x53148"
"W", "0x298a40", "0x3d5f8259"
"W", "0x156b49", "0x3c06567f"
"R", "0x23b2cf"
"W", "0x31542c", "0x2281f6d"
"W", "0x3007da", "0x4299ca69"
"W", "0x3007da", "0x17468f2d"
"R", "0x18aa16"
"R", "0xa6290"
"W", "0x2e155f", "0x3d6625bb"
"W", "0x3492f9", "0x677e0295"
"W", "0x207402", "0x6b204c6c"
"R", "0x1f27b"
"W", "0x53148", "0x431a3e48"
"R", "0x141ef7"
"R", "0x2458f8"
"W", "0xbaee2", "0xd161182"
"R", "0xeedaf"
"R", "0xe4786"
"W", "0x42da7f", "0x7d89c4f6"
"R", "0x418e2d"
"R", "0x1803ed"
"R", "0x3f9bb2"
"W", "0x175dc4", "0x6f3512c9"
"R", "0x14c520"
"W", "0xda15d", "0x630463b"
"W", "0x122c7c", "0x7e2064a9"
"W", "0x19503f", "0x5ba12b77"
"W", "0x3b1093", "0x431ad981"
"W", "0x23b2cf", "0x518beeb1"
"R", "0x12d2a5"
"R", "0x211a2b"
"R", "0x1b42ba"
"W", "0x2f61b1", "0x217bd05d"
"R", "0x10e02a"
"R", "0x18aa16"
"W", "0x3877ef", "0x270f6ec1"
"R", "0x22667d"
"W", "0x2a3069", "0x70cc2f4a"
"R", "0xeedaf"
"R", "0x87015"
"R", "0x1378ce"
"W", "0x3d030e", "0x3b57bb19"
"W", "0x25a54a", "0x6794ba67"
"W", "0x3b1093", "0x4a0ae713"
"R", "0x156b49"
"W", "0x298a4", "0x326ea928"
"W", "0x40e804", "0x5c7b4f3d"
"W", "0x39c441", "0x1240b4ba"
"W", "0x35df4b", "0x3ee947bb"
"R", "0x28e417"
"W", "0x67d9a", "0x5f85c28f"
"W", "0x40e804", "0x1663bb50"
"W", "0x211a2b", "0x14208b61"
"W", "0x211a2b", "0x18fefd08"
"R", "0xe4786"
"W", "0x39c441", "0x3c8f1fc1"
"R", "0x1e8187"
"W", "0x21c054", "0x40e46e0"
"W", "0x12d2a5", "0x7eceb8c9"
"R", "0x118653"
"W", "0x118653", "0x282da03"
"R", "0x3e4f6"
"R", "0x87015"
"R", "0xcfb34"
"W", "0x33ecd0", "0x5984a1ec"
"W", "0x2a3069", "0x798f0600"
"R", "0xcfb34"
"R", "0x2458f8"
"R", "0x39c441"
"W", "0xda15d", "0x4998c065"
"W", "0x3f9bb2", "0x24bc9ed7"
"R", "0x3a6a6a"
"R", "0x298a40"
"R", "0x2f61b1"
"W", "0x9bc67", "0x18f4de1e"
"R", "0x1803ed"
"W", "0x2b7cbb", "0x1eaa716f"
"W", "0x3bb6bc", "0x2d0da92f"
"W", "0x1b42ba", "0x190602c5"
"W", "0x44ccfa", "0x524fc00f"
"R", "0x3877ef"
"W", "0x9bc67", "0x1486f553"
"R", "0x2f61b1"
"W", "0x2f61b1", "0x3a42e84e"
"W", "0x24ff21", "0x56ed8d4c"
"W", "0xb08b9", "0x37f0c6c1"
"W", "0x22667d", "0x2ed6874d"
"W", "0x368574", "0x5209badf"
"R", "0x1f27b0"
"R", "0xf93d8"
"W", "0x1803ed", "0x1cc26edb"
"W", "0x14c520", "0x5a4d2037"
"R", "0x67d9a"
"W", "0x2d6f36", "0x42985bc6"
"W", "0x2e155f", "0x1a1d0423"
"R", "0x3007da"
"R", "0x2797c5"
"R", "0x31fa55"
"R", "0x23b2cf"
"W", "0x3ef589", "0x18d23dae"
"R", "0x2cc90d"
"W", "0x283dee", "0x388a8524"
"W", "0x28e417", "0x76b038ff"
"R", "0xb08b9"
"R", "0x53148"
"W", "0x33ecd0", "0x5943eeee"
"R", "0xbaee2"
"R", "0x35df4b"
"R", "0x3492f9"
"W", "0x28e417", "0x3bf18117"
"R", "0x31542c"
"W", "0x18aa16", "0x39fea342"
"R", "0x2797c5"
"W", "0x372b9d", "0x4630d3f0"
"R", "0x122c7c"
"W", "0x33ecd", "0x7f3f8fc"
"R", "0x18aa16"
"R", "0x283dee"
"W", "0x28e417", "0x7bf33de1"
"R", "0x48b1f"
"W", "0x211a2b", "0x6ad95d90"
"R", "0x2458f8"
"R", "0x9163e"
"R", "0x3877ef"
"W", "0x211a2b", "0x6bd5640"
"W", "0x31542c", "0x758ae504"
"W", "0x3e4f60", "0x5f9bd7f5"
"R", "0x207402"
"W", "0x67d9a", "0x610af56c"
"R", "0x24ff21"
"R", "0x30ae03"
"W", "0x5d771", "0x4853be37"
"W", "0x2b7cbb", "0x3a9b2894"
"R", "0x1be8e3"
"W", "0x25a54a", "0x6a4da80d"
"W", "0xc550b", "0x6eed61c4"
"R", "0x5d771"
"R", "0x1e8187"
"R", "0x118653"
"W", "0x4041db", "0x7b6080f8"
"W", "0x368574", "0x2f78f79f"
"R", "0x230ca6"
"R", "0x418e2d"
"W", "0x1ddb5e", "0x22ce2488"
"R", "0x23b2cf"
"W", "0x53148", "0x55716496"
"R", "0x418e2d"
"R", "0x53148"
"R", "0x368574"
"R", "0x44ccfa"
"R", "0x10e02a"
"R", "0x18aa16"
"W", "0x3e4f60", "0x6f1296e4"
"W", "0x14c520", "0x5ac9c5a5"
"R", "0x14c52"
"R", "0xe4786"
"R", "0x3ef589"
"R", "0x1f27b0"
"R", "0x3bb6bc"
"W", "0x19f668", "0x16b93b36"
"R", "0x19f668"
"W", "0x1d3535", "0x106dd419"
"W", "0x3da937", "0x35abc38b"
"W", "0x207402", "0x2927a33c"
"R", "0x1c8f0c"
"W", "0x26f19c", "0x21b98e46"
"R", "0x3492f9"
"W", "0x3b1093", "0x16a7b534"
"W", "0x1b42ba", "0x78e782d0"
"R", "0x2797c5"
"R", "0xb08b9"
"W", "0x3877ef", "0x233e1f10"
"W", "0x18aa16", "0x14c53aa7"
"W", "0x103a01", "0x3551c93a"
"W", "0x48b1f", "0x79721443"
"R", "0x230ca6"
"R", "0x2b7cbb"
"R", "0x1be8e3"
"R", "0x2cc90d"
"W", "0x230ca6", "0x5d055e3e"
"W", "0x48b1f", "0x2b6015"
"R", "0xbaee2"
"R", "0x28e417"
"W", "0x1803ed", "0x45666c81"
"W", "0x28e417", "0x72904423"
"R", "0x207402"
"R", "0x3b1093"
"R", "0x1e8187"
"R", "0x1378ce"
"W", "0xb08b9", "0x4981d686"
"W", "0x2ad692", "0x69adaf93"
"W", "0xc550b", "0x2839ccec"
"W", "0x3d030e", "0x37996310"
"W", "0x25a54a", "0x20136a97"
"R", "0x3346a7"
"W", "0x31542c", "0x6cf138e2"
"R", "0x141ef7"
"W", "0x30ae03", "0x4be3d6d2"
"R", "0x2797c5"
"R", "0x207402"
"R", "0x23b2cf"
"W", "0x31fa55", "0xecd70a4"
"W", "0x1f27b0", "0x4df08875"
"R", "0x283dee"
"R", "0x141ef7"
"R", "0x3346a7"
"W", "0x2797c5", "0x59e579f7"
"W", "0x46194c", "0x5ab1335f"
"R", "0x156b49"
"R", "0x2a3069"
"W", "0x372b9d", "0xfd496f5"
"W", "0x723c3", "0x36b494d7"
"W", "0x1fcdd9", "0x4923c4b9"
"R", "0x5d771"
"R", "0x2458f8"
"W", "0x3b1093", "0x29e7edc8"
"R", "0x3d030e"
"W", "0x67d9a", "0x6a8602dd"
"R", "0xda15d"
"W", "0x9163e", "0x1001415f"
"W", "0x10e02a", "0x22b53c70"
"W", "0x118653", "0x57687caf"
"W", "0x723c3", "0x5156765a"
"R", "0xb08b9"
"R", "0x33ecd"
"R", "0x2458f8"
"W", "0xbaee2", "0x7cb1321f"
"R", "0xbaee2"
"W", "0x1ddb5e", "0x639e64ad"
"W", "0x3e4f60", "0x7722ebb2"
"R", "0x1d3535"
"W", "0x3e4f60", "0x130bd5a6"
"W", "0x4041db", "0x3f20518c"
"R", "0x67d9a"
"W", "0x283dee", "0x63589bf7"
"R", "0x48b1f"
"R", "0x35df4b"
"W", "0xbaee2", "0x56d34437"
"W", "0x1b42ba", "0x7b5e29da"
"W", "0x141ef7", "0x5cc60c46"
"R", "0x5d771"
"R", "0x24ff21"
"W", "0x2c22e4", "0x1de52247"
"W", "0x37d1c6", "0x5f6a53b5"
"W", "0x372b9d", "0x28c56983"
"W", "0x1803ed", "0x48bb069a"
"W", "0x32a07e", "0x727fdb9e"
"R", "0xbaee2"
"R", "0x67d9a"
"R", "0x9163e"
"R", "0x211a2b"
"R", "0x283dee"
"W", "0x1ddb5e", "0x3acc790f"
"W", "0x1d3535", "0x53d479c"
"W", "0x122c7c", "0x8d26d5a"
"W", "0x368574", "0x79925e25"
"R", "0x2b7cbb"
"W", "0x9bc67", "0x6523b05d"
"R", "0x48b1f"
"W", "0xf93d8", "0x42900ba5"
"R", "0x33ecd0"
"W", "0x40e804", "0x3f91a92c"
"R", "0x1803ed"
"R", "0xbaee2"
"R", "0x31542c"
"R", "0xa6290"
"R", "0x161172"
"W", "0x30ae03", "0x4d627a3d"
"W", "0x1d3535", "0xbb94d30"
"R", "0xf93d8"
"R", "0xda15d"
"R", "0x3877ef"
"R", "0x4426d1"
"W", "0x1803ed", "0x3b718f9c"
"W", "0x723c3", "0x6c2bf62b"
"W", "0x1ddb5e", "0x59848d25"
"W", "0x122c7c", "0x38328e2f"
"W", "0x418e2d", "0x6cc72e9e"
"W", "0x230ca6", "0x7446bf4d"
"W", "0x122c7c", "0x642d95be"
"W", "0x44ccfa", "0x4891bb2e"
"R", "0x2b7cbb"
"W", "0x2f61b1", "0x64d69578"
"W", "0x0", "0xd4f78a"
"W", "0x2cc90d", "0x491e72b6"
"R", "0x53148"
"W", "0x391e18", "0x283bb94e"
"W", "0x12d2a5", "0x572f2023"
"R", "0x10e02a"
"R", "0x1a9c91"
"R", "0x31542c"
"W", "0x3b1093", "0xb595f7d"
"R", "0x2797c5"
"W", "0xcfb34", "0x3e174620"
"W", "0x22667d", "0x448ec507"
"W", "0x1b42ba", "0x5e77308c"
"R", "0x1b42ba"
"W", "0x1b42ba", "0x701ecc3d"
"R", "0x1d3535"
"R", "0x53148"
"R", "0x2c22e4"
"R", "0x723c3"
"W", "0x3492f9", "0x30cf7a5"
"W", "0x3bb6bc", "0xac7ee47"
"R", "0x2ebb88"
"W", "0xb08b9", "0x6dfd4874"
"W", "0x3da937", "0x33caddd5"
"R", "0x33ecd"
"R", "0x2b7cbb"
"R", "0x9163e"
"R", "0x1c8f0c"
"R", "0x22667d"
"R", "0x4380a8"
"R", "0x32a07e"
"W", "0x25a54a", "0x3a0bb83b"
"R", "0x9163e"
"R", "0x1e8187"
"W", "0x53148", "0x1c1b5ffc"
"W", "0x1be8e3", "0x4f83fbd2"
"R", "0x3bb6bc"
"R", "0x156b49"
"R", "0x3e4f60"
"W", "0x1c8f0c", "0xffc44fa"
"W", "0x1f27b0", "0x7c8441bc"
"W", "0x298a40", "0x59413d5f"
"W", "0x44ccfa", "0x7caadd3b"
"W", "0x1d3535", "0x22dea426"
"R", "0x3ef589"
"R", "0x19503f"
"W", "0x21c054", "0x3b76cbea"
"R", "0x2e155f"
"W", "0x161172", "0x47c55630"
"W", "0x16b79b", "0x77f240e5"
"W", "0xda15d", "0x50434b49"
"R", "0x1f27b"
"R", "0x4041db"
"R", "0x368574"
"W", "0x207402", "0x4bb6d111"
"W", "0x14c520", "0x6efcdc73"
"R", "0x19f668"
"W", "0x3bb6bc", "0x22702581"
"W", "0x3007da", "0x4666449"
"W", "0x14c520", "0x7bfefb9f"
"W", "0x2cc90d", "0x10b0ad50"
"W", "0x2797c5", "0x3b5e82ae"
"W", "0x118653", "0x4cc85ef8"
"W", "0x2a3069", "0x7023996f"
"W", "0xbaee2", "0x53d49feb"
"W", "0x2e155f", "0x6862a0fc"
"W", "0x156b49", "0x2fde3dab"
"W", "0x12d2a5", "0x46144467"
"R", "0x2f61b1"
"R", "0x3c5ce5"
"W", "0x3007da", "0x25faa44"
"R", "0x30ae03"
"R", "0x31fa55"
"R", "0x1ddb5e"
"R", "0xb08b9"
"W", "0x2cc90d", "0x4eec99d"
"W", "0x3346a7", "0x7dc053c3"
"R", "0x368574"
"W", "0x372b9d", "0x786027c8"
"R", "0x3e4f60"
"R", "0x3ef589"
"R", "0x207402"
"W", "0x31542c", "0x4ccc3646"
"R", "0x2797c5"
"W", "0x175dc4", "0x49f69101"
"W", "0x19503f", "0x57d82c4f"
"R", "0x2ad692"
"R", "0xeedaf"
"W", "0x33ecd0", "0x3644c7e4"
"W", "0x2c22e4", "0x16a73445"
"R", "0x26f19c"
"W", "0x24ff21", "0x6072934"
"R", "0x19503f"
"R", "0x2f61b1"
"W", "0x19f668", "0x3766b95f"
"R", "0x3e4f60"
"R", "0x9163e"
"R", "0x1ddb5e"
"W", "0x37d1c6", "0x5db5b8d5"
"W", "0x87015", "0x2938d721"
"W", "0x175dc4", "0x63b1b71a"
"R", "0x1378ce"
"W", "0x35df4b", "0x4feef29"
"R", "0x1be8e3"
"W", "0x19f668", "0x59ddea9f"
"W", "0x1c8f0c", "0xa7b0561"
"R", "0x2ebb88"
"W", "0x103a01", "0x957b502"
"R", "0xa6290"
"R", "0x1e8187"
"R", "0xbaee2"
"W", "0x1a9c91", "0x3ef8197c"
"W", "0x2ebb88", "0x2404acb7"
"W", "0xbaee2", "0x67ec7345"
"W", "0x2e155f", "0x39f9ee3"
"W", "0x19f668", "0x52894f77"
"R", "0x3a6a6a"
"R", "0x103a01"
"W", "0x2e155f", "0x4a6e8f9f"
"W", "0x723c3", "0x784ed977"
"W", "0x264b73", "0x1ab223f0"
"R", "0xbaee2"
"R", "0x22667d"
"R", "0x24ff21"
"R", "0x3c5ce5"
"R", "0x298a40"
"W", "0x5d771", "0x29eb090d"
"W", "0x3346a7", "0x6148aeb2"
"R", "0x87015"
"W", "0x2a3069", "0x667c01c8"
"W", "0x19503f", "0x13e6b928"
"R", "0x23b2cf"
"W", "0x21c054", "0x30512dc4"
"W", "0x31fa55", "0x57914e67"
"W", "0x1c8f0c", "0x7bdd2bf6"
"W", "0xf93d8", "0x2b87be64"
"W", "0x14c520", "0x33b1e25a"
"W", "0x7c9ec", "0x5655de24"
"R", "0x3a6a6a"
"R", "0x10e02a"
"R", "0x26f19c"
"W", "0xda15d", "0x7e7deaea"
"R", "0x3d030e"
"R", "0x1803ed"
"W", "0x31542c", "0x2d548de3"
"R", "0x67d9a"
"R", "0x12d2a5"
"R", "0x1a9c91"
"W", "0x2d6f36", "0x5a928b52"
"W", "0x32a07e", "0x5843a20"
"R", "0x24ff21"
"W", "0x118653", "0x5668e978"
"R", "0x28e417"
"R", "0x3bb6bc"
"R", "0x3bb6bc"
"R", "0x16b79b"
"R", "0x14c520"
"W", "0x2e155f", "0x89cd95c"
"R", "0x40e804"
"R", "0x298a4"
"R", "0x23b2cf"
"R", "0x19503f"
"R", "0x14c520"
"W", "0x264b73", "0x44f99f68"
"R", "0x175dc4"
"R", "0xe4786"
"W", "0x230ca6", "0x5cf9534e"
"R", "0x298a40"
"W", "0x31542c", "0x349a2797"
"W", "0x122c7c", "0x4902cdef"
"W", "0x3a6a6a", "0x3ca7229f"
"R", "0x3f9bb2"
"W", "0x16b79b", "0x76ed9f84"
"W", "0x2797c5", "0x35c3b739"
"W", "0x3007da", "0x7c36eeb5"
"W", "0x46194c", "0xa95271e"
"R", "0x22667d"
"W", "0x118653", "0x7c96a92b"
"R", "0x391e18"
"R", "0xbaee2"
"R", "0x19f668"
"W", "0x1e8187", "0x4ce6b6ee"
"W", "0x3007da", "0x32f2c1df"
"W", "0x3007da", "0x5f889656"
"W", "0x25a54a", "0x219878cb"
"R", "0x207402"
"W", "0x4041db", "0x10b9e453"
"R", "0x298a40"
"R", "0x1e8187"
"W", "0x33ecd0", "0x5cd2745"
"R", "0x3877ef"
"R", "0x9163e"
"R", "0x1803ed"
"R", "0xa6290"
"R", "0x2ad692"
"W", "0x3f9bb2", "0x599ffb47"
"W", "0x21c054", "0x3a6c7f2"
"R", "0x3f9bb2"
"W", "0x3b1093", "0x5f11f186"
"R", "0x207402"
"R", "0x2a3069"
"W", "0x298a4", "0x51643c05"
"R", "0xeedaf"
"W", "0x2cc90d", "0x14df8dc3"
"W", "0x3d030e", "0x5d5c90e1"
"W", "0x3ef589", "0x6a01e21"
"R", "0xbaee2"
"W", "0x2a3069", "0x6df5d0f"
"R", "0xbaee2"
"R", "0x42da7f"
"W", "0x5d771", "0x4e7b5173"
"W", "0x33ecd0", "0x5100422d"
"W", "0x12d2a5", "0x4aa327bb"
"W", "0x207402", "0x456ea43f"
"R", "0x18aa16"
"W", "0x1a9c91", "0xd738628"
"W", "0x103a01", "0x32496728"
"R", "0xda15d"
"W", "0x2cc90d", "0x1f57ea06"
"R", "0x26f19c"
"W", "0x4426d1", "0xd9ccd5b"
"W", "0x3bb6bc", "0x213c5546"
"R", "0x19503f"
"W", "0x5d771", "0x345b1ffb"
"W", "0x1fcdd9", "0x65ad0216"
"W", "0x3492f9", "0x3faabdf9"
"W", "0x7c9ec", "0x6a9487e6"
"R", "0x3e4f60"
"R", "0x372b9d"
"R", "0xe4786"
"R", "0x141ef7"
"W", "0x5d771", "0x621ec82f"
"W", "0x1803ed", "0x4246ad9d"
"R", "0xa6290"
"W", "0x31fa55", "0x283e38db"
"W", "0x175dc4", "0x7caad27c"
"R", "0x19503f"
"W", "0x161172", "0x459430d1"
"W", "0x122c7c", "0x40b76c83"
"W", "0x1f27b0", "0x19faa9eb"
"W", "0x1be8e3", "0x49d57b0e"
"W", "0x353922", "0x1a01656a"
"W", "0x3b1093", "0x6a584829"
"R", "0x1b42ba"
"R", "0x48b1f"
"R", "0x21c054"
"R", "0x5d771"
"R", "0x87015"
"R", "0xeedaf"
"R", "0x1d3535"
"W", "0x21c054", "0x7885fab7"
"W", "0x10e02a", "0x4c5c4c04"
"W", "0x103a01", "0x448a29d7"
"R", "0x3c5ce5"
"R", "0xcfb34"
"W", "0x3c5ce5", "0x7090bac3"
"W", "0x372b9d", "0x5927c006"
"R", "0x457323"
"W", "0xda15d", "0x399306de"
"W", "0x103a01", "0x627b25f7"
"R", "0x2c22e4"
"W", "0x1803ed", "0x217b9267"
"R", "0x10e02a"
"R", "0x418e2d"
"R", "0x207402"
"W", "0x1ddb5e", "0x55533e69"
"R", "0x2a3069"
"W", "0x2a3069", "0x4efefdca"
"R", "0x46bf75"
"W", "0x28e417", "0x1d64e753"
"R", "0x2797c5"
"W", "0x391e18", "0x4b57bb8b"
"W", "0x207402", "0x2073eed3"
"W", "0x2d6f36", "0x68aef45d"
"W", "0x7c9ec", "0x7d09a35d"
"W", "0x21c054", "0x3579707"
"W", "0x1e8187", "0x23148bbc"
"R", "0x21c054"
"W", "0x25a54a", "0x5d3d9397"
"W", "0x1b42ba", "0x64635070"
"R", "0x372b9d"
"W", "0x1d3535", "0x6ce853c3"
"W", "0x1378ce", "0x370a11bf"
"W", "0x7c9ec", "0x5c625806"
"W", "0x19503f", "0x17a20d9e"
"R", "0x37d1c6"
"W", "0x35df4b", "0x266368b4"
"R", "0x2ad692"
"W", "0x2b7cbb", "0x5efaa3d5"
"R", "0x1be8e3"
"W", "0x1803ed", "0xa0b6fdb"
"W", "0x18aa16", "0x752f4473"
"W", "0x10e02a", "0x5b94aee5"
"R", "0x423456"
"W", "0x230ca6", "0x212605f0"
"R", "0xc550b"
"R", "0x53148"
"W", "0x16b79b", "0x6da85f7f"
"R", "0x1e8187"
"W", "0x3d030e", "0xcdcd623"
"W", "0x2ad692", "0x5838350e"
"R", "0xa6290"
"W", "0x122c7c", "0x2612188f"
"W", "0x2cc90d", "0x2ba9c404"
"R", "0x2ad692"
"R", "0x4041db"
"R", "0x24ff21"
"R", "0x141ef7"
"R", "0x10e02a"
"R", "0x25a54a"
"R", "0x2ebb88"
"W", "0x87015", "0x1154bbed"
"W", "0x2c22e4", "0x803f2f7"
"W", "0x25a54a", "0x4e8c1a1f"
"R", "0x368574"
"W", "0x2797c5", "0x6e322f43"
"W", "0x2458f8", "0x705b703a"
"R", "0x418e2d"
"R", "0x31fa55"
"W", "0x19f668", "0x5a2e9934"
"W", "0x3e4f60", "0x369212a1"
"W", "0x1c8f0c", "0x4a3c910a"
"W", "0x2ad692", "0x433237e1"
"W", "0xda15d", "0x40b46681"
"R", "0x48b1f"
"R", "0x7c9ec"
"W", "0x9163e", "0x1af87420"
"W", "0x14c520", "0x6e880369"
"W", "0x1803ed", "0x6ec7d7a2"
"R", "0x10e02a"
"R", "0x1ddb5e"
"R", "0x3f9bb2"
"W", "0x33ecd0", "0x545e0a03"
"W", "0x368574", "0x4cb2c1fb"
"R", "0x14c520"
"R", "0x1e8187"
"R", "0x1d3535"
"W", "0x16b79b", "0x50eb766c"
"W", "0x7c9ec", "0x641c7ed0"
"W", "0x1e8187", "0x7f40b517"
"R", "0x3877ef"
"W", "0x2e155f", "0x3cfc67bf"
"W", "0x19503f", "0x5bb4202"
"W", "0x40e804", "0x218dee84"
"W", "0x3bb6bc", "0x6aa84b5"
"W", "0x9163e", "0x5374402e"
"R", "0x19503f"
"W", "0xa6290", "0x722fc380"
"W", "0x40e804", "0x69333424"
"R", "0x3ef589"
"W", "0xe4786", "0x2eebf8f4"
"R", "0x30ae03"
"W", "0x26f19c", "0x686dd92e"
"R", "0x161172"
"W", "0x19f668", "0x549d0a2"
"W", "0x1f27b0", "0x5e06fe8a"
"R", "0x283dee"
"R", "0x3007da"
"W", "0x3b1093", "0x66b45704"
"W", "0x3b1093", "0x6430f83b"
"W", "0x391e18", "0x46b7b3f3"
"W", "0x28e417", "0x57136ccd"
"W", "0x1ddb5e", "0x3d59abb7"
"W", "0x2a3069", "0x4d0c6606"
"R", "0x211a2b"
"R", "0x264b73"
"R", "0x40e804"
"R", "0x391e18"
"W", "0x3d030e", "0x238a1fab"
"R", "0x3a6a6a"
"R", "0x7c9ec"
"W", "0x40e804", "0x1f3db1d8"
"R", "0x391e18"
"R", "0x53148"
"W", "0x161172", "0x435c98db"
"R", "0x3f9bb2"
"W", "0x1378ce", "0x4a0a3fea"
"R", "0xeedaf"
"W", "0x14c520", "0x2a1bcdf7"
"R", "0x141ef7"
"R", "0xda15d"
"R", "0x368574"
"W", "0x3bb6bc", "0x6cb0f91"
"R", "0x723c3"
"W", "0x18aa16", "0x53fed02b"
"R", "0x4041db"
"W", "0x3d030e", "0x298f5da7"
"R", "0x2ad692"
"W", "0x368574", "0x3d41952e"
"R", "0x211a2b"
"R", "0x87015"
"R", "0x122c7c"
"W", "0x103a01", "0x6ae1720"
"W", "0xb08b9", "0x7d7d8ac6"
"W", "0x46194c", "0x770b1da3"
"R", "0x122c7c"
"W", "0x48b1f", "0x4b60363c"
"W", "0x161172", "0x2c1abfde"
"W", "0x723c3", "0x1281757a"
"R", "0x26f19c"
"W", "0x14c52", "0x7c726f1e"
"W", "0x2ebb88", "0x760ec2d9"
"R", "0x1b42ba"
"W", "0x423456", "0x563ad138"
"W", "0x418e2d", "0x696057f"
"R", "0x2c22e4"
"R", "0x3da937"
"R", "0x3e4f60"
"W", "0x87015", "0x6a0cf270"
"R", "0x2797c5"
"W", "0x5d771", "0x217265a"
"W", "0x40e804", "0x57d5b4a2"
"R", "0x28e417"
"R", "0x32a07e"
"W", "0xcfb34", "0x3d165454"
"W", "0xa6290", "0x379c2ea4"
"W", "0x1ddb5e", "0x5edc2faf"
"R", "0x23b2cf"
"W", "0x4426d1", "0x3eeeed61"
"R", "0x33ecd0"
"R", "0x1a9c91"
"W", "0x3492f9", "0x3eaf0a6a"
"R", "0xb08b9"
"W", "0x2ad692", "0x6357060a"
"W", "0x230ca6", "0x3db25179"
"R", "0x28e417"
"W", "0x31542c", "0x3fd58966"
"R", "0x3d030e"
"W", "0x3f9bb2", "0x26a7c813"
"R", "0x161172"
"W", "0x19503f", "0xd422d60"
"R", "0x23b2cf"
"R", "0x2e155f"
"R", "0x4380a8"
"R", "0x1f27b0"
"R", "0x35df4b"
"R", "0x283dee"
"W", "0x298a40", "0x3327bbe"
"R", "0x33ecd0"
"R", "0x67d9a"
"R", "0x3007da"
"W", "0x21c054", "0x6c3972d6"
"W", "0x423456", "0x24ff6ce"
"W", "0x7c9ec", "0x725b08c8"
"R", "0x53148"
"W", "0x298a40", "0xe87a2c9"
"R", "0x4380a8"
"R", "0x175dc4"
"W", "0x22667d", "0x74e93c9c"
"W", "0x723c3", "0x396b525e"
"W", "0xf93d8", "0xdf673f1"
"R", "0x2e155f"
"W", "0x423456", "0x2c143bb7"
"R", "0x19f668"
"W", "0x23b2cf", "0x4d13fdb0"
"W", "0x3e4f6", "0x32e10ad0"
"W", "0x9163e", "0x47fe1c2e"
"R", "0x723c3"
"W", "0x207402", "0x50a55e47"
"R", "0x10e02a"
"W", "0x1803ed", "0x75e24783"
"R", "0x16b79b"
"R", "0xda15d"
"R", "0x723c3"
"W", "0xda15d", "0x6540727c"
"W", "0x35df4b", "0x448b604e"
"W", "0x2797c5", "0x5d60910c"
"R", "0x31fa55"
"W", "0x103a01", "0x17cb7957"
"W", "0x35df4b", "0x444a7530"
"W", "0x39c441", "0x9930125"
"R", "0x87015"
"R", "0x28e417"
"R", "0x1b42ba"
"W", "0xe4786", "0x1ed7808c"
"W", "0x1e8187", "0x57077855"
"W", "0x3007da", "0x7daabbc3"
"R", "0x3ef589"
"R", "0x12d2a5"
"R", "0xcfb34"
"W", "0x298a4", "0x4c2d8963"
"W", "0x1b42ba", "0x21e9a07d"
"W", "0x2ad692", "0x36682e67"
"W", "0x230ca6", "0x66b08fd5"
"W", "0x67d9a", "0xf6f6f8c"
"W", "0xcfb34", "0x1b3b2b9d"
"R", "0x423456"
"R", "0x3e4f60"
"R", "0x19503f"
"W", "0x3f9bb2", "0x3a5f1c8d"
"W", "0x3d030e", "0xef60875"
"W", "0x3e4f60", "0x149d88d5"
"W", "0x53148", "0x4c3ec087"
"W", "0x264b73", "0xc92dfb6"
"R", "0x67d9a"
"R", "0x368574"
"W", "0x1c8f0c", "0x7dfe0e98"
"R", "0x10e02a"
"W", "0x31542c", "0x6c2323d"
"W", "0x21c054", "0x7e1a2006"
"W", "0x53148", "0x54b93c84"
"W", "0x103a01", "0x25123496"
"W", "0x207402", "0x2cf24097"
"R", "0x1e8187"
"R", "0x1be8e3"
"W", "0x32a07e", "0x755d6384"
"W", "0x1fcdd9", "0x51523fbb"
"W", "0x28e417", "0x5eea32a"
"R", "0x1d3535"
"W", "0x3c5ce5", "0x741a5471"
"W", "0x1ddb5e", "0x256022eb"
"R", "0x2797c5"
"W", "0xc550b", "0x3bc94194"
"W", "0x2ad692", "0x18db89e9"
"W", "0xb08b9", "0x46b770b8"
"R", "0x1f27b0"
"W", "0x5d771", "0x2da32090"
"W", "0x1be8e3", "0x6c1dffb4"
"R", "0x207402"
"W", "0x122c7c", "0x6d0cb149"
"W", "0x3877ef", "0x5c41e6d3"
"R", "0x3f9bb2"
"W", "0x67d9a", "0x4f7321ae"
"R", "0x1f27b0"
"R", "0xe4786"
"W", "0x391e18", "0x5c709e4b"
"R", "0xa6290"
"W", "0x12d2a5", "0x2320a364"
"W", "0x2cc90d", "0xcf85230"
"W", "0x32a07e", "0x50f7615f"
"R", "0x3b1093"
"W", "0x3d030e", "0x4e8b1427"
"R", "0x2b7cbb"
"R", "0x1e8187"
"R", "0x1f27b0"
"R", "0x1e8187"
"W", "0x35df4b", "0x1fb95fd6"
"W", "0x1803ed", "0x2592dd6c"
"R", "0x23b2cf"
"W", "0x207402", "0x58e1de95"
"W", "0x14c520", "0x60051bc2"
"R", "0x12d2a5"
"R", "0x10e02a"
"R", "0x1e8187"
"W", "0x87015", "0x6a07d5d7"
"R", "0x103a01"
"W", "0x418e2d", "0x673a35d6"
"R", "0x2f61b1"
"R", "0x2f61b1"
"R", "0x298a40"
"R", "0x3e4f6"
"R", "0x37d1c6"
"W", "0x10e02a", "0xe4a46a0"
"W", "0x2c22e4", "0x702bdd2d"
"R", "0x16b79b"
"W", "0x23b2cf", "0x32b4b24"
"W", "0x24ff21", "0x80a7131"
"W", "0x1e8187", "0x5ba01044"
"R", "0x14c520"
"R", "0x9163e"
"R", "0x368574"
"R", "0x298a40"
"R", "0x2c22e4"
"W", "0x391e18", "0xdc73bc8"
"R", "0x37d1c6"
"R", "0x4041db"
"W", "0x2a3069", "0x254669dc"
"R", "0x2e155f"
"R", "0x1fcdd9"
"W", "0x3e4f60", "0x301bade0"
"W", "0x3007da", "0x857b5f7"
"W", "0x122c7c", "0x35ac8123"
"W", "0x67d9a", "0x5f8fa0e4"
"R", "0x46194c"
"W", "0x25a54a", "0xdf82906"
"R", "0x1e8187"
"W", "0x33ecd0", "0x66d299b3"
"R", "0x35df4b"
"W", "0x35df4b", "0x74790f78"
"W", "0x1be8e3", "0x5e4c6807"
"R", "0x87015"
"W", "0x2f61b1", "0x2a546918"
"W", "0x39c441", "0x6f5618f8"
"R", "0x298a4"
"R", "0x35df4b"
"W", "0x2797c5", "0x53cd10f"
"W", "0x12d2a5", "0x1ee513a2"
"W", "0x2ad692", "0x25db86ea"
"R", "0x35df4b"
"R", "0x4041db"
"R", "0x22667d"
"R", "0xf93d8"
"W", "0x67d9a", "0x689e4b41"
"R", "0x2458f8"
"W", "0xda15d", "0xc70301e"
"W", "0x2ad692", "0x545ed874"
"R", "0x2ad692"
"W", "0x9163e", "0x75ecae16"
"R", "0x35df4b"
"W", "0x39c441", "0x62af8e89"
"W", "0x122c7c", "0x3d948a90"
"R", "0x3d030e"
"W", "0xa6290", "0x15195fec"
"W", "0x2cc90d", "0x784daa29"
"W", "0x2ad692", "0x6395a104"
"W", "0x32a07e", "0x7c470612"
"W", "0x67d9a", "0x59d22874"
"W", "0x1e8187", "0xb90e381"
"W", "0x141ef7", "0x679f2584"
"R", "0x3492f9"
"W", "0x10e02a", "0x69bf16e4"
"W", "0x156b49", "0x566e06f6"
"R", "0x264b73"
"R", "0x2c22e4"
"R", "0x1378ce"
"R", "0x2b7cbb"
"W", "0x207402", "0x53a7a9d0"
"W", "0x283dee", "0x58ab909e"
"R", "0xda15d"
"R", "0x103a01"
"R", "0x35df4b"
"W", "0x19f668", "0x425820a7"
"W", "0xa6290", "0xed1e095"
"W", "0x1378ce", "0x5ea84dc5"
"W", "0xcfb34", "0xae8e9de"
"W", "0x4041db", "0x58f2e654"
"W", "0x2458f8", "0x38b02b6c"
"R", "0xb08b9"
"W", "0x5d771", "0xf0d8b34"
"W", "0xa6290", "0x58ecce2b"
"W", "0x18aa16", "0x55a2ad58"
"W", "0xe4786", "0x5e43022a"
"R", "0x19503f"
"W", "0x87015", "0x1992ce67"
"R", "0x3e4f60"
"R", "0x33ecd0"
"W", "0x19f668", "0x5cfca8b8"
"W", "0x48b1f", "0x20938179"
"W", "0x207402", "0x74ca6d86"
"W", "0x156b49", "0x12362aee"
"W", "0x7c9ec", "0x6a6dd716"
"W", "0x32a07e", "0x16da6568"
"R", "0x3007da"
"W", "0x53148", "0xf49ee98"
"W", "0x161172", "0x4e2014de"
"W", "0x3346a7", "0x6054c4f1"
"R", "0x21c054"
"W", "0x9163e", "0x5ed74b73"
"W", "0x391e18", "0x11dacfe2"
"R", "0x175dc4"
"R", "0x2ad692"
"R", "0x2a3069"
"R", "0xa6290"
"W", "0x3bb6bc", "0x21053986"
"R", "0x264b73"
"R", "0xf93d8"
"R", "0x18aa16"
"W", "0x4041db", "0x6b7f34bb"
"R", "0x3e4f60"
"R", "0x67d9a"
"R", "0x2458f8"
"R", "0x298a40"
"W", "0xe4786", "0x28aa31c9"
"R", "0x118653"
"R", "0x14c520"
"W", "0x283dee", "0x573bf374"
"W", "0x141ef7", "0x26bb82c4"
"W", "0x156b49", "0x5aa1ae59"
"R", "0x1be8e3"
"W", "0x67d9a", "0x76a2b64d"
"R", "0x25a54a"
"W", "0x35df4b", "0x17deb26c"
"R", "0x14c520"
"R", "0x1378ce"
"R", "0x2ebb88"
"R", "0x264b73"
"R", "0x211a2b"
"R", "0x391e18"
"W", "0x3d030e", "0x1f4bcdf2"
"W", "0x42da7f", "0x90458f2"
"R", "0x264b73"
"W", "0x3e4f6", "0x266d482b"
"W", "0xc550b", "0x22e4a2ec"
"R", "0x23b2cf"
"W", "0x3d030e", "0x3d93f1da"
"W", "0xa629", "0x15f5ec99"
"W", "0x723c3", "0x4c524244"
"R", "0xc550b"
"R", "0x1f27b0"
"R", "0x23b2cf"
"R", "0x1b42ba"
"W", "0xa6290", "0x5bb3857e"
"R", "0x87015"
"W", "0x3a6a6a", "0x4d35d005"
"R", "0x19503f"
"R", "0xb08b9"
"R", "0x1b42ba"
"R", "0x53148"
"R", "0x723c3"
"R", "0x19f668"
"W", "0x31542c", "0x505d28e8"
"R", "0x3e4f6"
"R", "0x391e18"
"W", "0x122c7c", "0x644fe95e"
"W", "0x2cc90d", "0x33be1e1c"
"W", "0xa6290", "0x26d1f3b7"
"W", "0x141ef7", "0x2e3f01b0"
"W", "0x161172", "0x14e671e7"
"W", "0x372b9d", "0x503662c1"
"R", "0x103a01"
"R", "0x39c441"
"W", "0x31fa55", "0x2740668a"
"R", "0x3ef589"
"R", "0x40e804"
"R", "0x3e4f60"
"W", "0x264b73", "0x4d7e5f60"
"W", "0x423456", "0x74053790"
"R", "0x3007da"
"W", "0xbaee2", "0x716bdee3"
"W", "0x230ca6", "0x54f9b26d"
"W", "0x264b73", "0x8838b41"
"R", "0x2e155f"
"W", "0xcfb34", "0x6aa73ce8"
"R", "0x3492f9"
"R", "0xda15d"
"R", "0x16b79b"
"W", "0x141ef7", "0xdbd3f24"
"R", "0xe4786"
"W", "0x2b7cbb", "0x4073e6fd"
"R", "0x1c8f0c"
"R", "0x175dc4"
"R", "0x156b49"
"R", "0x1f27b0"
"W", "0x207402", "0x39a023"
"R", "0x2797c5"
"W", "0x24ff21", "0xf68ca4c"
"R", "0x1ddb5e"
"R", "0x156b49"
"R", "0x1f27b0"
"R", "0x67d9a"
"R", "0x23b2cf"
"W", "0x5d771", "0x1d893e11"
"R", "0x1be8e3"
"R", "0x9bc67"
"R", "0x1d3535"
"W", "0x19503f", "0x22b2581"
"R", "0x4041db"
"R", "0xb08b9"
"W", "0x3e4f60", "0x6eaa9ead"
"W", "0x2cc90d", "0xd24ba3d"
"W", "0x7c9ec", "0x7d9549bc"
"W", "0x211a2b", "0x690847d9"
"W", "0x40e804", "0x56eee6b3"
"R", "0x1f27b"
"W", "0x4380a8", "0x9144ed2"
"W", "0x2ad692", "0x6a9da748"
"W", "0x2797c5", "0x7c7a762c"
"R", "0x3a6a6a"
"W", "0x1be8e3", "0xd3aaf88"
"R", "0x25a54a"
"W", "0x25a54a", "0x29683874"
"W", "0x9163e", "0x2edcc80e"
"W", "0x46bf75", "0x20b65de9"
"W", "0x1378ce", "0x2b72b58b"
"W", "0x19f668", "0x67dcf75b"
"R", "0x161172"
"R", "0x118653"
"R", "0x31542c"
"W", "0x2c22e4", "0xfa1d81d"
"W", "0x3b1093", "0x57fe928e"
"R", "0x3007da"
"R", "0x26f19c"
"W", "0x1378ce", "0x18391829"
"R", "0x175dc4"
"W", "0x353922", "0x3c914921"
"R", "0x141ef7"
"R", "0x2ebb88"
"W", "0x1f27b0", "0x66a801c9"
"R", "0x3877ef"
"W", "0x723c3", "0x53a546ae"
"R", "0x2ebb88"
"R", "0x40e804"
"W", "0x1f27b0", "0x76c242cc"
"R", "0x67d9a"
"W", "0x4041db", "0x4637767f"
"R", "0x3d030e"
"R", "0x3f9bb2"
"R", "0xb08b9"
"R", "0x9bc67"
"R", "0x3ef589"
"W", "0x12d2a5", "0x47e4252c"
"R", "0x391e18"
"R", "0x161172"
"W", "0x1803ed", "0x173a63f1"
"W", "0x298a40", "0x7fd0478a"
"W", "0x21c054", "0x5bfa229f"
"W", "0x283dee", "0x5ec5f7cc"
"R", "0x353922"
"W", "0x2b7cbb", "0x71595f9b"
"R", "0x3f9bb2"
"R", "0x16b79b"
"R", "0x3e4f6"
"W", "0x2c22e4", "0x5b268ec5"
"R", "0x14c52"
"W", "0x4041db", "0x49dfacdc"
"R", "0x2a3069"
"W", "0x103a01", "0x276a1345"
"W", "0x1f27b0", "0x6ed12c23"
"W", "0x67d9a", "0x45ff1081"
"W", "0x3e4f60", "0x10200f4f"
"R", "0x2cc90d"
"W", "0x230ca6", "0xd390a9c"
"R", "0x372b9d"
"W", "0x3c5ce5", "0x28808507"
"R", "0x4041db"
"R", "0x40e804"
"W", "0x1fcdd9", "0x981cf5"
"W", "0x264b73", "0x6a5c6c28"
"R", "0x14c52"
"R", "0x1e8187"
"W", "0x4041db", "0x7e5942dc"
"R", "0x35df4b"
"R", "0x19503f"
"W", "0x3346a7", "0x151f7b42"
"W", "0x1be8e3", "0x4aadea63"
"W", "0x44ccfa", "0x2ff543db"
"R", "0x32a07e"
"W", "0x16b79b", "0x4a8d2bd7"
"R", "0x21c054"
"R", "0x1a9c91"
"R", "0x23b2cf"
"W", "0x1be8e3", "0x5ccb46ae"
"W", "0x1fcdd9", "0x534c355e"
"R", "0x2797c5"
"W", "0x19f668", "0x20d6ed8c"
"R", "0x161172"
"W", "0x14c520", "0x29812a52"
"R", "0x2d6f36"
"W", "0x2458f8", "0x7b1177b4"
"R", "0x141ef7"
"R", "0xe4786"
"W", "0x161172", "0x241b1101"
"W", "0x48b1f", "0x4124c4b2"
"R", "0x2ebb88"
"R", "0x39c441"
"R", "0x1fcdd9"
"R", "0x1f27b0"
"R", "0x42da7f"
"R", "0x19503f"
"W", "0x264b73", "0x513719dc"
"R", "0x30ae03"
"R", "0x3ef589"
"R", "0x4041db"
"R", "0x368574"
"R", "0x122c7c"
"R", "0x1378ce"
"W", "0x42da7f", "0x698d3c85"
"R", "0x19f668"
"W", "0x18aa16", "0x7fc3342d"
"R", "0x298a40"
"W", "0x48b1f", "0x5a95ec3a"
"R", "0x264b73"
"R", "0x2ebb88"
"R", "0x1ddb5e"
"W", "0x1803ed", "0x4f652533"
"R", "0xe4786"
"W", "0x423456", "0x459670b9"
"W", "0x1f27b0", "0x18087137"
"W", "0x28e417", "0x61d9811a"
"R", "0x2b7cbb"
"R", "0x32a07e"
"R", "0xa6290"
"R", "0x4380a8"
"W", "0x353922", "0x294ed0bf"
"R", "0x230ca6"
"R", "0xc550b"
"R", "0x1e8187"
"R", "0x28e417"
"R", "0x31fa55"
"R", "0xc550b"
"R", "0xeedaf"
"W", "0x372b9d", "0x1f1aaf06"
"R", "0x418e2d"
"W", "0x1fcdd9", "0x1e84a96e"
"W", "0xe4786", "0x45916cd2"
"R", "0x1b42ba"
"R", "0x10e02a"
"R", "0x391e18"
"W", "0x3877ef", "0x37f571c6"
"R", "0x25a54a"
"R", "0x53148"
"W", "0x1fcdd9", "0x33624360"
"R", "0x48b1f"
"R", "0x48b1f"
"R", "0x87015"
"R", "0x1e8187"
"R", "0x1fcdd9"
"W", "0x141ef7", "0x7d6a5c9c"
"W", "0x2c22e4", "0x37d4fba7"
"W", "0x9bc67", "0x47ac0f21"
"W", "0x87015", "0x5ac0d7a0"
"W", "0x3492f9", "0x2ff802db"
"R", "0x372b9d"
"W", "0x1b42ba", "0x509256ba"
"R", "0x141ef7"
"W", "0x2ebb88", "0x532e28a0"
"W", "0x26f19c", "0x75bc260"
"R", "0x2f61b1"
"R", "0x298a4"
"W", "0x3877ef", "0x128a050d"
"R", "0x1f27b0"
"W", "0x25a54a", "0x29f4a7de"
"R", "0x298a40"
"W", "0x21c054", "0x3eebbf3a"
"R", "0x3492f9"
"W", "0x35df4b", "0x185c3163"
"W", "0x1378ce", "0x732d1efd"
"W", "0x2797c5", "0x61d8d89d"
"R", "0x19503f"
"R", "0x3da937"
"R", "0x3e4f60"
"R", "0x141ef7"
"W", "0x1f27b", "0x59fe7455"
"R", "0x3e4f6"
"R", "0x1c8f0c"
"W", "0xcfb34", "0x36cba6f6"
"W", "0x368574", "0x6b7aaa8d"
"W", "0x2e155f", "0x49207315"
"W", "0x19503f", "0x2e4571d4"
"R", "0xf93d8"
"W", "0x3a6a6a", "0x7ae438a0"
"R", "0x118653"
"R", "0x122c7c"
"R", "0x264b73"
"W", "0x2ebb88", "0x421c1bbc"
"R", "0x207402"
"R", "0x2d6f36"
"W", "0x3e4f6", "0x66645585"
"R", "0x5d771"
"R", "0x5d771"
"W", "0xda15d", "0x55963aa"
"R", "0x156b49"
"W", "0x161172", "0x7cd0b0c4"
"W", "0x298a4", "0x284d789d"
"W", "0x723c3", "0x1ffe7764"
"R", "0x2458f8"
"R", "0x1e8187"
"R", "0x87015"
"R", "0x22667d"
"W", "0x3877ef", "0x561c4e11"
"W", "0x211a2b", "0x5d7cf5b8"
"R", "0x103a01"
"R", "0x2f61b1"
"W", "0x156b49", "0x2141285f"
"R", "0x24ff21"
"W", "0x39c441", "0x36f6f72b"
"W", "0x21c054", "0x2298f470"
"W", "0x3a6a6a", "0x3286434"
"W", "0x2e155f", "0xff917d2"
"R", "0x21c054"
"W", "0x39c441", "0x191985b3"
"W", "0x161172", "0x137eb218"
"W", "0x1e8187", "0x49ca82b1"
"R", "0x1fcdd9"
"R", "0x3c5ce5"
"W", "0x24ff21", "0x3cd94c0b"
"R", "0x118653"
"R", "0x3e4f60"
"W", "0x37d1c6", "0xc8d17e8"
"R", "0x3da937"
"W", "0x3f9bb2", "0x654a993f"
"R", "0x35df4b"
"R", "0x32a07e"
"R", "0xf93d8"
"R", "0x19503f"
"W", "0x298a40", "0x533e1791"
"W", "0x5d771", "0x1f2ab766"
"W", "0x1803ed", "0xaf0436"
"R", "0x39c441"
"R", "0x4041db"
"R", "0x122c7c"
"R", "0x67d9a"
"W", "0xa6290", "0x23cb8aa4"
"W", "0x21c054", "0x7d5a9479"
"R", "0x67d9a"
"R", "0xb08b9"
"W", "0x353922", "0x7fe1ae7f"
"R", "0xb08b9"
"W", "0x3da937", "0x3fafd8a3"
"W", "0x353922", "0x36a9a6f4"
"W", "0x1ddb5e", "0x7fa0deed"
"R", "0xda15d"
"W", "0x2ebb88", "0x21cc372f"
"W", "0x7c9ec", "0xc564bfb"
"W", "0x3b1093", "0x656590c8"
"W", "0x1378ce", "0x3d64722d"
"R", "0x32a07e"
"R", "0x298a4"
"W", "0x368574", "0x3ad806c3"
"R", "0x5d771"
"W", "0x26f19c", "0x471626c6"
"W", "0xda15d", "0x31e42892"
"R", "0x723c3"
"R", "0x5d771"
"R", "0x2e155f"
"W", "0x35df4b", "0x6392151b"
"W", "0x26f19c", "0x6c224782"
"W", "0x3b1093", "0x2668abb2"
"R", "0x16b79b"
"R", "0x161172"
"R", "0x23b2cf"
"R", "0x2a3069"
"W", "0x264b73", "0x379f5305"
"W", "0x103a01", "0x54dcd70d"
"W", "0x2458f8", "0x5e31bb62"
"W", "0x1f27b0", "0x139be504"
"R", "0x1c8f0c"
"W", "0x3346a7", "0x6094cc0d"
"W", "0x372b9d", "0x4b7d9019"
"R", "0x22667d"
"W", "0x30ae03", "0x17a5e086"
"W", "0x2ebb88", "0x5675910"
"W", "0x32a07e", "0x77368901"
"W", "0x1f27b", "0x4d09260"
"W", "0x14c520", "0x59a461e1"
"R", "0x423456"
"W", "0x1a9c91", "0x577b4493"
"R", "0x18aa16"
"W", "0x32a07e", "0x1b23ba1f"
"W", "0x1b42ba", "0x2ef313da"
"W", "0x2458f8", "0x1fe0d5b2"
"R", "0xa6290"
"R", "0x3c5ce5"
"R", "0x1d3535"
"R", "0x141ef7"
"R", "0x2ad692"
"W", "0x230ca6", "0x2d5864b7"
"R", "0x31fa55"
"R", "0x3e4f6"
"R", "0x35df4b"
"R", "0x4041db"
"R", "0x35df4b"
"R", "0x1fcdd9"
"R", "0x4041db"
"W", "0x1e8187", "0x5d189995"
"R", "0x2797c5"
"R", "0x103a01"
"R", "0x391e18"
"W", "0x2c22e4", "0x1dbbb803"
"W", "0x3e4f60", "0x4ad8ba90"
"R", "0x283dee"
"W", "0x3d030e", "0x1e19e99f"
"R", "0x39c441"
"R", "0x418e2d"
"W", "0x211a2b", "0x41423edf"
"R", "0x48b1f"
"W", "0x3492f9", "0xe5b9385"
"R", "0x19f668"
"R", "0xc550b"
"W", "0x3b1093", "0x5458fec7"
"R", "0xf93d8"
"R", "0x10e02a"
"W", "0x211a2b", "0x1daca091"
"W", "0x16b79b", "0x5d56b1c4"
"W", "0x1f27b0", "0x678b4a2b"
"R", "0x16b79b"
"W", "0x2b7cbb", "0x6de648d3"
"W", "0x4380a8", "0x62bff50e"
"R", "0x7c9ec"
"W", "0x103a01", "0x902b5bb"
"R", "0x21c054"
"W", "0xda15d", "0x7137d2d6"
"R", "0x30ae03"
"R", "0x2d6f36"
"R", "0x31542c"
"W", "0x3c5ce5", "0x1ee36a72"
"W", "0x2ebb88", "0x4fd74fbb"
"W", "0x2ebb88", "0x3f89831c"
"R", "0x1d3535"
"R", "0x10e02a"
"W", "0x1b42ba", "0x5a0e4a72"
"R", "0x264b73"
"R", "0xb08b9"
"W", "0x283dee", "0xde87684"
"W", "0x1a9c91", "0xaa35c65"
"R", "0x3c5ce5"
"W", "0x3bb6bc", "0x779df6ff"
"R", "0x1be8e3"
"R", "0x372b9d"
"W", "0x1b42ba", "0x44c1e2c0"
"W", "0x33ecd0", "0x381051f2"
"R", "0x42da7f"
"R", "0x3e4f60"
"W", "0xf93d8", "0x4ccc43db"
"W", "0x16b79b", "0xff9913c"
"R", "0x4426d1"
"R", "0x4041db"
"W", "0x3e4f60", "0xf2efda0"
"W", "0x40e804", "0x25489a0"
"W", "0x18aa16", "0x497d85c"
"R", "0xeedaf"
"R", "0x19f668"
"W", "0x103a01", "0x4b3241a8"
"W", "0x23b2cf", "0x4ef1f540"
"R", "0x67d9a"
"W", "0x3f9bb2", "0x7517624"
"R", "0x3007da"
"W", "0x298a40", "0x259bb4fb"
"W", "0x372b9d", "0x53bab51a"
"W", "0x26f19c", "0x4b1081ac"
"W", "0x14c520", "0x68fd47cc"
"R", "0x3007da"
"R", "0x2d6f36"
"R", "0x118653"
"R", "0x1ddb5e"
"W", "0xeedaf", "0x5393c67e"
"R", "0x12d2a5"
"W", "0xe4786", "0x692d3afb"
"R", "0x1e8187"
"W", "0x21c054", "0x6d14a31c"
"R", "0x37d1c6"
"R", "0x3d030e"
"W", "0x1a9c91", "0x13b43d39"
"W", "0x3b1093", "0x6eaa9bfb"
"W", "0x207402", "0x49c79238"
"R", "0x87015"
"R", "0xcfb34"
"R", "0x264b73"
"R", "0x3bb6bc"
"W", "0x9bc67", "0x11335d97"
"R", "0x3d030e"
"R", "0x42da7f"
"R", "0x3c5ce5"
"W", "0x1e8187", "0x4500a603"
"R", "0xa6290"
"R", "0x3ef589"
"W", "0x368574", "0x4d0faaef"
"W", "0xeedaf", "0x3a1b23dd"
"R", "0x39c441"
"R", "0x53148"
"R", "0x3492f9"
"R", "0x2ad692"
"R", "0x10e02a"
"R", "0x207402"
"W", "0x3492f9", "0x774d099c"
"W", "0x3007da", "0xcc2ecda"
"W", "0x418e2d", "0x78ae8ac"
"R", "0x1d3535"
"R", "0xe4786"
"R", "0x1d3535"
"W", "0x3492f9", "0x341fcbc7"
"R", "0x3346a7"
"W", "0x264b73", "0x661f1f74"
"R", "0x3d030e"
"W", "0x1d3535", "0x79aa8b25"
"W", "0x19503f", "0x1a425ac7"
"R", "0x16b79b"
"W", "0x5d771", "0x466adacc"
"R", "0x46194c"
"W", "0x2f61b1", "0x6d21c43a"
"R", "0xda15d"
"R", "0x2ad692"
"W", "0x24ff21", "0x66d19c8a"
"W", "0x3d030e", "0x66ebb4ba"
"W", "0x175dc4", "0x2e24f508"
"W", "0x3da937", "0x5b5ca3c9"
"R", "0x3f9bb2"
"R", "0x207402"
"W", "0x2f61b1", "0x7186323a"
"R", "0x2cc90d"
"R", "0x1a9c91"
"R", "0xb08b9"
"R", "0xbaee2"
"R", "0xf93d8"
"W", "0x3da937", "0x7ebcf012"
"R", "0x161172"
"R", "0x12d2a5"
"W", "0x19503f", "0x694e7ca4"
"R", "0x2ad692"
"R", "0x1fcdd9"
"R", "0x22667d"
"R", "0x3877ef"
"R", "0x2e155f"
"R", "0x3e4f60"
"W", "0x5d771", "0x60cb4fcb"
"W", "0x2f61b1", "0x630e88d8"
"R", "0x368574"
"W", "0x39c441", "0x7c020842"
"R", "0x298a40"
"R", "0x40e804"
"W", "0x103a01", "0x28cc40ec"
"R", "0x122c7c"
"R", "0x418e2d"
"R", "0x22667d"
"W", "0x3c5ce5", "0x76a914f"
"R", "0x3ef589"
"W", "0x264b73", "0x7d9f30b9"
"W", "0x2ad692", "0x2cc75533"
"R", "0x391e18"
"W", "0x368574", "0x6b574c29"
"W", "0x1be8e3", "0x68901774"
"W", "0x2e155f", "0x8e45fcc"
"W", "0x2a3069", "0x7c11b01e"
"R", "0x423456"
"W", "0x1fcdd9", "0x2e8525ed"
"W", "0x103a01", "0x59407a80"
"W", "0xc550b", "0x40e2302e"
"W", "0x2d6f36", "0x1862d019"
"W", "0x31542c", "0x2d5063a0"
"W", "0xbaee2", "0x1655f7e"
"R", "0x298a40"
"W", "0x230ca6", "0x3600996c"
"W", "0xeedaf", "0x7edcf070"
"W", "0x418e2d", "0x2590470d"
"R", "0x1803ed"
"W", "0x2ad692", "0x4f2dba7f"
"W", "0x175dc4", "0x42ceaac3"
"W", "0xbaee2", "0x564b3abd"
"R", "0x283dee"
"R", "0x40e804"
"W", "0x353922", "0x54b28b2e"
"R", "0x7c9ec"
"R", "0x2458f8"
"W", "0xc550b", "0x114afb5b"
"R", "0x16b79b"
"R", "0x1e8187"
"R", "0x23b2cf"
"R", "0x3ef589"
"W", "0x33ecd", "0x6fb6fe9c"
"R", "0x3877ef"
"R", "0x2797c5"
"W", "0x368574", "0x62bc29e3"
"R", "0x1378ce"
"R", "0x723c3"
"W", "0x175dc4", "0x14b20921"
"W", "0x9163e", "0x4b568750"
"W", "0x35df4b", "0x58a168cd"
"R", "0x7c9ec"
"R", "0x3877ef"
"W", "0x2797c5", "0x463bfc66"
"R", "0xa6290"
"W", "0x48b1f", "0x379c9153"
"W", "0x1378ce", "0x582b4a9d"
"R", "0x22667d"
"R", "0x1d3535"
"R", "0x283dee"
"R", "0x23b2cf"
"W", "0x418e2d", "0x74ce0afb"
"R", "0x2b7cbb"
"W", "0x283dee", "0x7a047c58"
"W", "0x1f27b", "0x7255361e"
"W", "0x2c22e4", "0xf6dad0e"
"W", "0x2ad692", "0xdeacac2"
"W", "0x3e4f6", "0x6ba7f178"
"R", "0x22667d"
"R", "0xbaee2"
"W", "0x2f61b1", "0x133472e0"
"R", "0x21c054"
"W", "0x10e02a", "0x26e0fe7d"
"R", "0x2458f8"
"W", "0x372b9d", "0xd9de32a"
"R", "0x1be8e3"
"W", "0x2cc90d", "0x5fe5b141"
"W", "0x118653", "0x94fa5db"
"W", "0x1be8e3", "0x72ea23d5"
"W", "0x30ae03", "0x76886c53"
"W", "0x18aa16", "0x6ed65d13"
"R", "0x1f27b0"
"W", "0x2cc90d", "0x63030012"
"W", "0x2797c5", "0x9359a38"
"W", "0x39c441", "0x7a4f9efd"
"R", "0x3ef589"
"R", "0x39c441"
"R", "0x48b1f"
"R", "0x372b9d"
"W", "0x53148", "0x153d0b20"
"R", "0x264b73"
"R", "0x67d9a"
"W", "0x9bc67", "0x3c3a12ac"
"W", "0x3877ef", "0x55569fe8"
"W", "0x2c22e4", "0x3daefaef"
"W", "0x3bb6bc", "0x303d7390"
"W", "0x353922", "0x3f7e1c00"
"R", "0x1ddb5e"
"R", "0x118653"
"W", "0x298a40", "0x563072ef"
"W", "0x31542c", "0x2ac0c1f5"
"W", "0x1fcdd9", "0x544877c1"
"W", "0x37d1c6", "0x6a4cd062"
"R", "0x3da937"
"W", "0xa6290", "0x4b1aa0b6"
"R", "0x3e4f6"
"W", "0x19f668", "0x6698af"
"R", "0x141ef7"
"R", "0x40e804"
"W", "0xbaee2", "0x3bd6480"
"W", "0x24ff21", "0x3a3b3c23"
"W", "0x18aa16", "0x5032b734"
"W", "0x3877ef", "0x560cf7c3"
"R", "0x1c8f0c"
"W", "0x2458f8", "0x6832b9db"
"W", "0x23b2cf", "0x2bf5d9e7"
"R", "0x2f61b1"
"R", "0x25a54a"
"R", "0xcfb34"
"R", "0x1b42ba"
"W", "0x230ca6", "0x4da63dd9"
"R", "0x2c22e4"
"W", "0x1a9c91", "0x4d3ac183"
"W", "0x32a07e", "0x6ec1152d"
"R", "0x16b79b"
"R", "0x9163e"
"W", "0x3a6a6a", "0x51fd84b3"
"W", "0x3a6a6a", "0xe88aee8"
"R", "0x2f61b1"
"W", "0x37d1c6", "0x5784b2bf"
"W", "0x3e4f60", "0x281fa965"
"W", "0x2f61b1", "0x18d98caa"
"W", "0x53148", "0x4267382e"
"R", "0x1803ed"
"R", "0x2b7cbb"
"R", "0x353922"
"W", "0xf93d8", "0x40050db"
"R", "0x30ae03"
"R", "0x35df4b"
"W", "0x12d2a5", "0x796196bd"
"W", "0x1d3535", "0x79c47cc8"
"W", "0x1378ce", "0x6af2dca8"
"W", "0xa629", "0x79d64ef9"
"R", "0x1803ed"
"R", "0xcfb34"
"W", "0x33ecd", "0x5c42ccaf"
"R", "0x10e02a"
"W", "0x5d771", "0x1b01e7bd"
"W", "0xe4786", "0x6bde95d8"
"W", "0x12d2a5", "0x4771d467"
"R", "0x67d9a"
"R", "0x87015"
"R", "0x141ef7"
"R", "0x723c3"
"R", "0x156b49"
"R", "0x372b9d"
"W", "0x19503f", "0xd1a1205"
"W", "0x175dc4", "0x59bbcaeb"
"W", "0x19f668", "0x26c76f27"
"R", "0x156b49"
"W", "0x28e417", "0x73f34210"
"W", "0x23b2cf", "0x7d4c54fc"
"R", "0x3e4f60"
"R", "0x7c9ec"
"R", "0x391e18"
"R", "0x122c7c"
"W", "0x368574", "0x4010b8a6"
"R", "0x12d2a5"
"W", "0xda15d", "0x67d427f9"
"W", "0x298a40", "0x26b8615c"
"W", "0x2a3069", "0x2bad6b18"
"W", "0x1803ed", "0x708cae4"
"W", "0xeedaf", "0x3e410579"
"W", "0x19503f", "0x1ddc5565"
"W", "0x31542c", "0x6ee62c6a"
"W", "0x1e8187", "0x1efc7b69"
"R", "0x3c5ce5"
"W", "0x22667d", "0x4272d60b"
"R", "0x3da937"
"R", "0x2b7cbb"
"R", "0x26f19c"
"W", "0x1378ce", "0x6da35587"
"W", "0x3bb6bc", "0x41a56f35"
"R", "0x1c8f0c"
"W", "0xc550b", "0x3cf474f3"
"W", "0x141ef7", "0x48295335"
"R", "0x5d771"
"R", "0x3a6a6a"
"W", "0x7c9ec", "0x508412a0"
"R", "0x118653"
"R", "0x28e417"
"W", "0x30ae03", "0x111349cd"
"R", "0x14c520"
"R", "0x3492f9"
"R", "0x87015"
"W", "0x19f668", "0x61a20920"
"R", "0x3f9bb2"
"W", "0xbaee2", "0x5c23de5b"
"W", "0x175dc4", "0x2e884748"
"W", "0x21c054", "0x403334e4"
"W", "0x28e417", "0x37b0387b"
"W", "0x40e804", "0xc512bbf"
"R", "0x14c520"
"W", "0x723c3", "0x181791d9"
"W", "0x19f668", "0x5f9c378e"
"W", "0x22667d", "0x5e20ea43"
"R", "0x1fcdd9"
"R", "0xc550b"
"R", "0x175dc4"
"W", "0x2cc90d", "0x441e46e7"
"W", "0x1ddb5e", "0x1abcbfe8"
"W", "0x1d3535", "0x38f5e677"
"R", "0x1c8f0c"
"R", "0x2f61b1"
"W", "0x141ef7", "0x517fa4e3"
"R", "0x141ef7"
"R", "0xc550b"
"W", "0x30ae03", "0x2e6abd68"
"W", "0xa6290", "0x76fd431"
"W", "0x2a3069", "0x50d8c107"
"W", "0x3492f9", "0x4728da04"
"R", "0x118653"
"R", "0x18aa16"
"W", "0x3bb6bc", "0x71b359a5"
"W", "0x2f61b1", "0x7ecdfa29"
"R", "0x10e02a"
"R", "0x207402"
"W", "0x418e2d", "0x2d7b5f8b"
"W", "0x4380a8", "0x4de07269"
"W", "0x118653", "0x7f87d06f"
"W", "0x3da937", "0x541ce52a"
"W", "0x33ecd0", "0x24fa6cef"
"R", "0x1d3535"
"R", "0xe4786"
"R", "0x1d3535"
"W", "0x418e2d", "0x1dd87cbc"
"R", "0x30ae03"
"R", "0x3e4f60"
"R", "0xa6290"
"R", "0x118653"
"R", "0x4041db"
"W", "0x23b2cf", "0x6ea0e980"
"R", "0x87015"
"W", "0x298a4", "0x36ac585f"
"R", "0x35df4b"
"W", "0x418e2d", "0x35ecdd86"
"R", "0x2f61b1"
"R", "0x368574"
"W", "0x22667d", "0x6d988222"
"R", "0x1f27b"
"W", "0xa6290", "0x43c9ec4f"
"W", "0x1ddb5e", "0x4b56b20"
"W", "0x161172", "0x171e7c72"
"R", "0x1fcdd9"
"R", "0x2ebb88"
"R", "0x230ca6"
"W", "0x31542c", "0x71c826bd"
"R", "0x42da7f"
"W", "0x3bb6bc", "0x14933342"
"W", "0x3877ef", "0x25d0509f"
"W", "0x2a3069", "0x4e013332"
"W", "0x25a54a", "0x6312a3e7"
"W", "0x3d030e", "0x57cc1ce9"
"R", "0x3d030e"
"W", "0x1b42ba", "0x63f3b540"
"R", "0x353922"
"W", "0x3492f9", "0x768f419e"
"R", "0x42da7f"
"R", "0x3a6a6a"
"R", "0x39c441"
"W", "0x161172", "0x67036ae2"
"R", "0xeedaf"
"R", "0x87015"
"W", "0x28e417", "0x324f1bac"
"R", "0x418e2d"
"W", "0x33ecd", "0x20137766"
"R", "0x141ef7"
"W", "0x3346a7", "0x601cda03"
"W", "0x156b49", "0x3a83f526"
"W", "0x1a9c91", "0x1ba2ad1c"
"W", "0x368574", "0x299e3526"
"R", "0x2f61b1"
"W", "0x12d2a5", "0x22b3c5a0"
"W", "0x1be8e3", "0x7f65510a"
"R", "0x67d9a"
"R", "0x1fcdd9"
"R", "0x31542c"
"W", "0x1a9c91", "0x62896998"
"R", "0x1803ed"
"W", "0x175dc4", "0x5c34c2d"
"W", "0x372b9d", "0x404187b5"
"W", "0x16b79b", "0xa2edb3c"
"R", "0x207402"
"W", "0x9163e", "0x60df7222"
"R", "0x9bc67"
"W", "0x1b42ba", "0x22b2df9f"
"W", "0x161172", "0x512a19ab"
"W", "0x12d2a5", "0x37dece38"
"W", "0x3a6a6a", "0x7430e1d1"
"R", "0x1ddb5e"
"W", "0x28e417", "0x165a973"
"R", "0x457323"
"W", "0x161172", "0x34a8d46a"
"R", "0x1803ed"
"R", "0x2f61b1"
"W", "0x1a9c91", "0x3501c365"
"W", "0x1f27b", "0x3104ee87"
"R", "0x4041db"
"R", "0x1fcdd9"
"R", "0x53148"
"R", "0x32a07e"
"W", "0x353922", "0x285231f9"
"W", "0x2d6f36", "0x3d04dbb2"
"R", "0x7c9ec"
"R", "0x103a01"
"R", "0x1e8187"
"R", "0xda15d"
"R", "0x211a2b"
"R", "0x32a07e"
"R", "0x1f27b0"
"R", "0x1ddb5e"
"W", "0x3877ef", "0x4deade2b"
"R", "0x18aa16"
"W", "0x2ebb88", "0x4929f342"
"R", "0x211a2b"
"R", "0x48b1f"
"W", "0x353922", "0x6f36e58c"
"W", "0x53148", "0x49480aa2"
"R", "0x14c520"
"R", "0x141ef7"
"R", "0x122c7c"
"W", "0x1be8e3", "0xb681491"
"W", "0x19f668", "0x1cefc968"
"R", "0xc550b"
"W", "0x3e4f6", "0x3edcbc3c"
"R", "0x3346a7"
"W", "0x7c9ec", "0x2df37f5f"
"R", "0x2c22e4"
"R", "0x87015"
"R", "0x1378ce"
"R", "0x3c5ce5"
"W", "0x30ae03", "0x2ba8e016"
"R", "0x1378ce"
"W", "0xb08b9", "0x4a586872"
"W", "0x9bc67", "0x2f35dbd7"
"R", "0x1e8187"
"W", "0x1fcdd9", "0x1a6b1167"
"R", "0x2d6f36"
"W", "0x2ad692", "0x7223df6f"
"R", "0x16b79b"
"R", "0x31542c"
"R", "0x9bc67"
"R", "0x211a2b"
"W", "0x18aa16", "0x122e3c51"
"R", "0xb08b9"
"W", "0x31fa55", "0x6d259dd"
"W", "0x161172", "0x5a350c02"
"R", "0x28e417"
"W", "0x391e18", "0x4408ffe7"
"W", "0x2458f8", "0x4641d642"
"W", "0x353922", "0x3abf9647"
"W", "0x230ca6", "0x73ae4b13"
"W", "0x3d030e", "0x1ded5164"
"W", "0x3da937", "0x4ec79913"
"W", "0x7c9ec", "0xd19efaa"
"W", "0x37d1c6", "0x42a0527f"
"W", "0xf93d8", "0x43496c"
"R", "0x1c8f0c"
"R", "0x26f19c"
"W", "0x18aa16", "0xcced25b"
"R", "0x3f9bb2"
"W", "0x211a2b", "0x4c584bf2"
"W", "0x4041db", "0x1ff7d7c"
"W", "0x31542c", "0x60e5c99d"
"R", "0x3ef589"
"W", "0x48b1f", "0x34d63d4b"
"R", "0x12d2a5"
"W", "0x23b2cf", "0x7792be37"
"W", "0x28e417", "0xed6bebc"
"R", "0x3ef589"
"W", "0x53148", "0x50cfa5ba"
"W", "0x2797c5", "0x5b9ed4bb"
"R", "0x1a9c91"
"W", "0x4041db", "0x5956134d"
"W", "0x16b79b", "0x2e8268f6"
"W", "0xcfb34", "0x4d85eed6"
"R", "0x39c441"
"W", "0x1378ce", "0x7cce66c7"
"W", "0x264b73", "0x1d140f8a"
"W", "0x87015", "0x32df7870"
"W", "0x1378ce", "0x4af8792f"
"W", "0xa629", "0x56ab2f3f"
"W", "0x37d1c6", "0x5b6218b6"
"R", "0xf93d8"
"W", "0x87015", "0x696517e9"
"W", "0x2f61b1", "0x56fbd13a"
"W", "0x2cc90d", "0x718f82fe"
"W", "0xc550b", "0x1ceab298"
"W", "0x33ecd", "0x1853b51a"
"R", "0x118653"
"W", "0x1be8e3", "0x40ec74a2"
"W", "0x141ef7", "0xf3a9118"
"R", "0x32a07e"
"W", "0x1ddb5e", "0x6a805af8"
"R", "0x35df4b"
"W", "0xcfb34", "0x4950a89b"
"W", "0x32a07e", "0x49edba1e"
"W", "0x48b1f", "0x7793192e"
"W", "0x207402", "0x2ed873b1"
"R", "0xcfb34"
"W", "0x118653", "0x3f5d6781"
"W", "0x10e02a", "0x51614ae9"
"W", "0x1d3535", "0x5f5705f8"
"W", "0x298a4", "0x6c609cbc"
"W", "0x368574", "0x28fb7757"
"W", "0x1c8f0c", "0x62e1266"
"R", "0x67d9a"
"W", "0x25a54a", "0x67e78fad"
"R", "0x5d771"
"R", "0xa6290"
"W", "0x3b1093", "0x285357eb"
"W", "0x42da7f", "0x18b472e"
"R", "0xda15d"
"R", "0x2cc90d"
"R", "0x26f19c"
"R", "0x1f27b0"
"R", "0x28e417"
"R", "0x211a2b"
"W", "0x118653", "0x242154ca"
"R", "0x1d3535"
"W", "0x32a07e", "0x5a6913a"
"W", "0x103a01", "0x6a525e0e"
"W", "0x12d2a5", "0x72d53131"
"R", "0x18aa16"
"R", "0x3e4f60"
"W", "0x3bb6bc", "0x6fc660ed"
"R", "0x175dc4"
"W", "0xb08b9", "0x6dc5b9fa"
"W", "0x10e02a", "0x612c74f6"
"R", "0x48b1f"
"W", "0x31542c", "0x7a4de3e1"
"W", "0x33ecd", "0x2bd98ace"
"W", "0xda15d", "0x3441bb23"
"W", "0x1e8187", "0xa21015"
"R", "0x2ad692"
"R", "0x5d771"
"R", "0x283dee"
"W", "0x3b1093", "0x50a8c7d"
"W", "0x14c520", "0x10366118"
"R", "0x3346a7"
"R", "0x122c7c"
"R", "0x3007da"
"R", "0x7c9ec"
"W", "0x1be8e3", "0x101153ca"
"R", "0x3d030e"
"R", "0x1a9c91"
"R", "0x19503f"
"W", "0x31fa55", "0x659ac2f7"
"W", "0x53148", "0x1277840a"
"W", "0x283dee", "0x5955a78f"
"W", "0x264b73", "0x3fa4e55d"
"W", "0x3007da", "0x624a33a1"
"R", "0x1f27b0"
"R", "0x18aa16"
"W", "0x26f19c", "0x4ae3cdc3"
"W", "0x118653", "0xf6c775b"
"R", "0x1e8187"
"W", "0xb08b9", "0xbf75fe3"
"R", "0x2ebb88"
"R", "0x418e2d"
"R", "0x1d3535"
"R", "0x7c9ec"
"R", "0x353922"
"R", "0x19503f"
"R", "0x2d6f36"
"R", "0x2458f8"
"W", "0x372b9d", "0x4163b28b"
"W", "0x24ff21", "0x26ae5e04"
"R", "0x207402"
"R", "0xc550b"
"R", "0xf93d8"
"W", "0x2ad692", "0xf91849f"
"R", "0x1d3535"
"R", "0x3007da"
"W", "0x3c5ce5", "0x342a554"
"R", "0x32a07e"
"W", "0xb08b9", "0x65958a02"
"R", "0x53148"
"W", "0x2e155f", "0x3086adab"
"W", "0x230ca6", "0x694843b3"
"W", "0x23b2cf", "0x3b7b6a90"
"W", "0x1f27b0", "0x154f8781"
"R", "0x175dc4"
"W", "0x1803ed", "0xaa38201"
"R", "0x3007da"
"W", "0x7c9ec", "0xdb59ba7"
"W", "0x26f19c", "0x56d1a97b"
"W", "0x3e4f6", "0x5be5ee1b"
"R", "0x21c054"
"R", "0x28e417"
"R", "0x31fa55"
"R", "0x5d771"
"W", "0x2ebb88", "0x1441b3eb"
"R", "0x3ef589"
"W", "0x9bc67", "0x71f7132e"
"R", "0x46194c"
"R", "0x42da7f"
"R", "0x2ad692"
"W", "0x10e02a", "0x3796b5aa"
"W", "0x3e4f60", "0x3963af7f"
"R", "0xcfb34"
"R", "0xcfb34"
"W", "0x3a6a6a", "0x6513d412"
"W", "0x10e02a", "0x7c31b4dc"
"R", "0x3492f9"
"W", "0x9bc67", "0x5ce484d7"
"R", "0x40e804"
"W", "0x9163e", "0x5d00512c"
"W", "0x156b49", "0x5ae37a87"
"W", "0x418e2d", "0x5e9a0f09"
"W", "0x48b1f", "0x6b116ada"
"W", "0x207402", "0x651d8531"
"R", "0x1803ed"
"W", "0x1e8187", "0x3911f1b7"
"W", "0x1f27b0", "0x350c5daf"
"R", "0x1378ce"
"R", "0x87015"
"W", "0x9163e", "0x688c6e8a"
"R", "0x3c5ce5"
"R", "0x1803ed"
"W", "0x2c22e4", "0x3882a4f1"
"R", "0x1ddb5e"
"W", "0x48b1f", "0x4a5c46e"
"R", "0xa6290"
"W", "0x372b9d", "0x49af256e"
"R", "0x353922"
"R", "0x1c8f0c"
"W", "0x1b42ba", "0x3b14317f"
"W", "0x103a01", "0x7d535f8e"
"R", "0xda15d"
"R", "0x2f61b1"
"W", "0x161172", "0x76e5e20e"
"W", "0x2a3069", "0x59b824b3"
"R", "0x39c441"
"W", "0x2cc90d", "0x34bc7be7"
"R", "0x10e02a"
"W", "0x156b49", "0x23e768f2"
"W", "0x19f668", "0x655e8068"
"R", "0x122c7c"
"R", "0x19f668"
"R", "0x161172"
"W", "0x40e804", "0x284d3ce"
"W", "0x21c054", "0x33d96ca7"
"R", "0x19f668"
"R", "0x161172"
"R", "0x298a4"
"W", "0x1e8187", "0x56ae08a1"
"W", "0x1be8e3", "0x1b425a37"
"R", "0x87015"
"W", "0x3da937", "0x4360f42e"
"R", "0x161172"
"R", "0xa6290"
"R", "0x3b1093"
"R", "0xf93d8"
"W", "0x5d771", "0x4a7a9c03"
"R", "0x3b1093"
"R", "0x10e02a"
"R", "0x26f19c"
"R", "0x207402"
"R", "0x264b73"
"W", "0x19503f", "0x813739e"
"R", "0x33ecd0"
"W", "0x3d030e", "0x594f1e5f"
"R", "0x3bb6bc"
"R", "0xbaee2"
"R", "0xda15d"
"R", "0x3007da"
"R", "0x25a54a"
"W", "0x40e804", "0x7c41ad4b"
"R", "0x3f9bb2"
"W", "0x1b42ba", "0x6b16efc"
"W", "0x3e4f60", "0x7eaf5a0c"
"W", "0x23b2cf", "0x774607f5"
"W", "0xda15d", "0x656d05f6"
"R", "0x391e18"
"W", "0xb08b9", "0x7281cbdd"
"W", "0xc550b", "0x3e0be8c4"
"W", "0x3b1093", "0x5b8b4284"
"W", "0x32a07e", "0x8681daf"
"W", "0x23b2cf", "0x3cc08276"
"W", "0x3e4f6", "0x1cf0a23b"
"W", "0x1803ed", "0x5ae9c633"
"W", "0x19f668", "0x6fa0c5bb"
"R", "0x3f9bb2"
"W", "0x1c8f0c", "0x1c7d0cc6"
"R", "0x3a6a6a"
"R", "0x368574"
"W", "0x353922", "0x45046481"
"W", "0x32a07e", "0x54b09d67"
"R", "0x2ad692"
"R", "0x122c7c"
"R", "0x1f27b0"
"R", "0xeedaf"
"R", "0x16b79b"
"W", "0x67d9a", "0x5be358d"
"R", "0x156b49"
"R", "0x372b9d"
"W", "0x31542c", "0x787fdb39"
"W", "0x2d6f36", "0x4c84e66b"
"W", "0x31fa55", "0x4b2852fb"
"R", "0x10e02a"
"W", "0x32a07e", "0x36329169"
"W", "0x23b2cf", "0x26999987"
"W", "0xa6290", "0x2ad696b1"
"R", "0xbaee2"
"W", "0x141ef7", "0x76a0751c"
"R", "0x40e804"
"W", "0x39c441", "0x8c8d788"
"W", "0x2a3069", "0x65cc6506"
"R", "0x25a54a"
"R", "0x2b7cbb"
"W", "0xcfb34", "0x5a13f7ec"
"R", "0xcfb34"
"R", "0x2d6f36"
"R", "0xa6290"
"R", "0xf93d8"
"W", "0x283dee", "0x679e6d16"
"R", "0x37d1c6"
"W", "0x24ff21", "0x75815b40"
"W", "0x230ca6", "0xe560ee6"
"R", "0x19503f"
"W", "0x12d2a5", "0x173bf99f"
"W", "0x1c8f0c", "0xbcf9b66"
"W", "0x2a3069", "0x29fecb97"
"W", "0x37d1c6", "0x1736aa0f"
"W", "0x21c054", "0x412cda1d"
"W", "0xf93d8", "0x74a5f667"
"R", "0x25a54a"
"R", "0x23b2cf"
"R", "0x230ca6"
"R", "0x1b42ba"
"R", "0x2458f8"
"W", "0x7c9ec", "0x1c3edfd6"
"W", "0x264b73", "0x20ff2002"
"W", "0x19503f", "0x30d93d90"
"W", "0x1d3535", "0x453839eb"
"W", "0x353922", "0x701ed474"
"R", "0xa6290"
"W", "0x3d030e", "0x78eba197"
"W", "0x103a01", "0x686adaca"
"R", "0x2e155f"
"W", "0xe4786", "0x4feda69b"
"W", "0x298a4", "0x50ecf765"
"W", "0x31542c", "0x4d0da056"
"R", "0x12d2a5"
"W", "0x37d1c6", "0x2fb8585d"
"R", "0x19503f"
"W", "0x3007da", "0x1c5fc5ca"
"R", "0x264b73"
"R", "0x122c7c"
"W", "0x298a40", "0x59492c9d"
"W", "0x2e155f", "0x158baf61"
"W", "0x1ddb5e", "0x2b513e2b"
"R", "0x3d030e"
"R", "0x353922"
"W", "0x1d3535", "0x207afc16"
"R", "0x2d6f36"
"W", "0x25a54a", "0x2700572c"
"R", "0x103a01"
"W", "0x31fa55", "0x7ca9a651"
"R", "0x1803ed"
"R", "0x87015"
"W", "0x18aa16", "0x73e1b7a2"
"R", "0x25a54a"
"W", "0x18aa16", "0x60a52d62"
"W", "0x23b2cf", "0x10eecf99"
"W", "0x1d3535", "0x46a5a872"
"R", "0x230ca6"
"R", "0x48b1f"
"R", "0x141ef7"
"R", "0x211a2b"
"R", "0x156b49"
"W", "0xa629", "0x5c0640ad"
"R", "0x31542c"
"W", "0xb08b9", "0x5248d4fb"
"R", "0x118653"
"W", "0x39c441", "0x2f48d67d"
"R", "0x1d3535"
"R", "0x2f61b1"
"R", "0xe4786"
"W", "0x2cc90d", "0x1e51e99f"
"W", "0x1b42ba", "0x27d4b316"
"R", "0x1ddb5e"
"W", "0x25a54a", "0x27ad7e6b"
"R", "0x33ecd0"
"R", "0x35df4b"
"R", "0x21c054"
"R", "0x33ecd0"
"R", "0x32a07e"
"W", "0xb08b9", "0x7ad5db0a"
"R", "0x2a3069"
"W", "0x22667d", "0x69760c3e"
"R", "0x3a6a6a"
"W", "0x372b9d", "0x7385fe52"
"R", "0x9bc67"
"R", "0x31542c"
"W", "0x3c5ce5", "0x8ddb1ba"
"W", "0x2ad692", "0x419bf7ba"
"W", "0xda15d", "0x39c375b8"
"W", "0x32a07e", "0x343f1a20"
"R", "0x122c7c"
"W", "0xe4786", "0x52cd0fad"
"R", "0x156b49"
"R", "0x3d030e"
"R", "0x1d3535"
"R", "0x156b49"
"R", "0x1378ce"
"R", "0x3d030e"
"R", "0x723c3"
"W", "0x161172", "0x362e0a24"
"W", "0x3d030e", "0x76be91b1"
"W", "0x25a54a", "0x1775bd05"
"W", "0x122c7c", "0x44f8fb1d"
"W", "0x3e4f60", "0x60204177"
"W", "0x2cc90d", "0x632ce57f"
"W", "0x368574", "0x7f6b3c6f"
"W", "0xc550b", "0x3ad003be"
"W", "0x264b73", "0x564290c4"
"W", "0x423456", "0x4a64c9ed"
"W", "0x3bb6bc", "0x31c9e639"
"R", "0x211a2b"
"R", "0x23b2cf"
"W", "0xda15d", "0x31d96396"
"W", "0x33ecd", "0x756e7bfb"
"R", "0x23b2cf"
"R", "0x156b49"
"R", "0x2a3069"
"W", "0x1a9c91", "0x602ab7a9"
"W", "0x1ddb5e", "0x7e8ad4f4"
"R", "0x3ef589"
"R", "0x9bc67"
"R", "0xf93d8"
"R", "0x30ae03"
"W", "0x2d6f36", "0x3d57f0df"
"W", "0xda15d", "0x627356b5"
"R", "0xf93d8"
"R", "0x21c054"
"W", "0x2ad692", "0x5362d5b"
"R", "0x21c054"
"R", "0xcfb34"
"R", "0x31fa55"
"W", "0x141ef7", "0x303a3842"
"W", "0x298a40", "0x490d4515"
"R", "0x2cc90d"
"R", "0x1ddb5e"
"W", "0x418e2d", "0x3404e6f"
"W", "0xcfb34", "0x1dbea653"
"W", "0x103a01", "0x63a33953"
"W", "0x3492f9", "0x43025c5f"
"R", "0x283dee"
"W", "0x18aa16", "0x574035de"
"W", "0xa6290", "0x2923937f"
"R", "0x30ae03"
"W", "0x3da937", "0x721635cd"
"W", "0x1c8f0c", "0x5d1a3c70"
"W", "0x18aa16", "0xd1c1aad"
"W", "0x87015", "0x3d5fdf0b"
"R", "0x264b73"
"W", "0x2f61b1", "0xe609ae5"
"R", "0x2c22e4"
"R", "0xbaee2"
"W", "0x118653", "0x268a9150"
"R", "0x23b2cf"
"W", "0x3e4f6", "0x4f02e5ef"
"W", "0x23b2cf", "0x489f7b95"
"W", "0x53148", "0x5be70539"
"W", "0x1a9c91", "0x36e42bf1"
"R", "0x37d1c6"
"W", "0x67d9a", "0x33cd543a"
"W", "0xb08b9", "0x1a499f91"
"W", "0x2458f8", "0x41accf85"
"W", "0x2d6f36", "0x3b6d4874"
"W", "0x31fa55", "0x22289abe"
"R", "0x7c9ec"
"W", "0x10e02a", "0x7078252c"
"W", "0x3a6a6a", "0x31b2439b"
"W", "0x33ecd0", "0x10aa526d"
"W", "0xeedaf", "0x1fa7ec0b"
"W", "0x87015", "0x7b84c06b"
"W", "0x372b9d", "0x383e8669"
"R", "0x2b7cbb"
"W", "0x3877ef", "0x40cad13b"
"R", "0xc550b"
"W", "0x1e8187", "0x787c2f9d"
"W", "0x3492f9", "0x2158b761"
"R", "0xbaee2"
"W", "0x2ebb88", "0x6f4cba42"
"W", "0x2ad692", "0x22228766"
"W", "0x9bc67", "0x20114e59"
"R", "0x161172"
"R", "0x103a01"
"R", "0x31fa55"
"W", "0x2ebb88", "0x711bfb4a"
"R", "0x9bc67"
"W", "0x2a3069", "0x434eac0d"
"R", "0xeedaf"
"R", "0x1e8187"
"R", "0x2ad692"
"W", "0x2a3069", "0x21d3c1c6"
"W", "0x14c520", "0x64fe717e"
"R", "0x1803ed"
"R", "0x1f27b0"
"W", "0xb08b9", "0x493d3462"
"W", "0x14c520", "0xd164ba6"
"R", "0x30ae03"
"W", "0x1be8e3", "0x6c383c33"
"W", "0x4380a8", "0x2278142"
"W", "0x18aa16", "0x749ff25a"
"W", "0x141ef7", "0x5dbd9114"
"W", "0x28e417", "0x7b3ad99"
"R", "0x4380a8"
"R", "0x1be8e3"
"R", "0x2797c5"
"W", "0x3346a7", "0x457f2aa"
"R", "0x391e18"
"W", "0x28e417", "0x5732838"
"W", "0x3b1093", "0x32536b8f"
"R", "0x19f668"
"W", "0x87015", "0x35e2d953"
"W", "0x3877ef", "0x77cb8fc2"
"W", "0x1fcdd9", "0x4b9e48d2"
"R", "0x457323"
"R", "0x1803ed"
"R", "0x230ca6"
"R", "0x3b1093"
"W", "0x3007da", "0x75814102"
"R", "0x283dee"
"W", "0x423456", "0x495a7494"
"R", "0x4380a8"
"W", "0x9bc67", "0x43abf9ac"
"W", "0x37d1c6", "0x2c2375ad"
"W", "0x5d771", "0x2b3564dc"
"W", "0x3e4f6", "0x3ffd0079"
"R", "0x4041db"
"W", "0x7c9ec", "0x3ddf675f"
"W", "0x723c3", "0x601b625f"
"R", "0x118653"
"R", "0x22667d"
"W", "0x9163e", "0x6f5f24ab"
"R", "0x3c5ce5"
"W", "0x1f27b0", "0x49d601e2"
"W", "0x14c520", "0x2650b78c"
"W", "0x3b1093", "0x87486cf"
"W", "0x3c5ce5", "0x65658393"
"W", "0x3877ef", "0x5ceed3"
"R", "0xb08b9"
"R", "0x1b42ba"
"W", "0xb08b9", "0x48cd1e10"
"R", "0xda15d"
"R", "0x32a07e"
"R", "0xeedaf"
"R", "0x3e4f6"
"R", "0x372b9d"
"W", "0x1803ed", "0x1c0e13c5"
"R", "0x418e2d"
"R", "0x3da937"
"W", "0x26f19c", "0x549562c3"
"R", "0x40e804"
"W", "0x3007da", "0x2e77566b"
"W", "0x67d9a", "0x5c00e7b2"
"R", "0x175dc4"
"R", "0x4041db"
"R", "0x48b1f"
"R", "0x1803ed"
"W", "0x175dc4", "0x39c89c0b"
"R", "0x3b1093"
"R", "0x14c520"
"R", "0x21c054"
"W", "0x3346a7", "0x2a6eea6d"
"R", "0xb08b9"
"R", "0x3ef589"
"W", "0x1378ce", "0x4db6feff"
"W", "0x1e8187", "0x303a5fa8"
"W", "0x67d9a", "0x593cf090"
"R", "0x2c22e4"
"W", "0x24ff21", "0x38fe072a"
"W", "0xf93d8", "0x47ff9ddd"
"W", "0x3ef589", "0x4e36cf61"
"W", "0x141ef7", "0x433d5a6"
"W", "0x156b49", "0x13a0e629"
"W", "0x2e155f", "0x4412ab44"
"W", "0x283dee", "0x5dd78411"
"W", "0x25a54a", "0x28d68cc6"
"R", "0x156b49"
"R", "0x3007da"
"W", "0x21c054", "0x736916db"
"R", "0x1c8f0c"
"R", "0x4380a8"
"W", "0x391e18", "0x1019346f"
"R", "0x39c441"
"W", "0x40e804", "0x2c20ab6b"
"R", "0x23b2cf"
"R", "0x3ef589"
"W", "0x3f9bb2", "0x627e5be6"
"R", "0x264b73"
"R", "0x1c8f0c"
"R", "0x53148"
"R", "0x19503f"
"W", "0x1a9c91", "0x5a67d733"
"W", "0xbaee2", "0x131ae873"
"R", "0x1be8e3"
"W", "0x5d771", "0x31de77d2"
"W", "0x2e155f", "0x73defe03"
"W", "0x18aa16", "0x20a17fa2"
"W", "0x1f27b", "0x5ecb50f6"
"R", "0x103a01"
"R", "0x67d9a"
"W", "0x103a01", "0x4df6aa41"
"W", "0x3a6a6a", "0x42b0d9bd"
"W", "0x37d1c6", "0x5e3982da"
"W", "0x40e804", "0x47a37798"
"R", "0x368574"
"R", "0x2ebb88"
"W", "0x1b42ba", "0x12d2fe2b"
"W", "0x28e417", "0x25568938"
"W", "0xeedaf", "0x2f4b571f"
"R", "0x353922"
"R", "0x118653"
"W", "0x19f668", "0x5c5a0c3"
"R", "0x207402"
"R", "0x230ca6"
"W", "0x3e4f60", "0x4ad2949a"
"W", "0x230ca6", "0x7c3519e6"
"R", "0x353922"
"R", "0x2d6f36"
"W", "0xb08b9", "0x3f37e543"
"W", "0x37d1c6", "0x2bd4913f"
"R", "0x10e02a"
"W", "0x264b73", "0x29cf5336"
"R", "0x353922"
"W", "0x353922", "0x21a59aca"
"R", "0x5d771"
"W", "0x25a54a", "0x435d3391"
"W", "0x18aa16", "0xd800e26"
"R", "0x3e4f6"
"W", "0x40e804", "0x53a12c39"
"R", "0x40e804"
"R", "0x141ef7"
"W", "0x42da7f", "0x4f98be2f"
"W", "0x53148", "0x25a8591c"
"W", "0x118653", "0x21be1ddb"
"W", "0x3ef589", "0x7b8f18ae"
"W", "0xcfb34", "0x2c37c073"
"W", "0x19f668", "0x220c2e5c"
"R", "0x53148"
"R", "0x4380a8"
"W", "0xbaee2", "0x62976256"
"R", "0x40e804"
"W", "0x7c9ec", "0x1e7fef98"
"W", "0x2b7cbb", "0x419e8e88"
"W", "0xeedaf", "0x6eefac3"
"W", "0xbaee2", "0x73fe51ec"
"R", "0x723c3"
"R", "0x3492f9"
"W", "0x298a40", "0x48295611"
"W", "0x39c441", "0x3a91756e"
"W", "0x19f668", "0x2e443d67"
"R", "0x19f668"
"W", "0x230ca6", "0x4ec584d6"
"W", "0x298a40", "0x7db25e25"
"R", "0x1c8f0c"
"R", "0x21c054"
"R", "0x21c054"
"W", "0x2ad692", "0x3137e79c"
"W", "0x19503f", "0x3b7fdaf"
"R", "0x418e2d"
"R", "0xbaee2"
"W", "0x26f19c", "0x74f3680d"
"W", "0xda15d", "0x42e3a527"
"R", "0x9bc67"
"W", "0x264b73", "0x762217f4"
"R", "0x25a54a"
"W", "0x3346a7", "0x65160b55"
"R", "0x4041db"
"R", "0xbaee2"
"R", "0x1fcdd9"
"R", "0x1378ce"
"W", "0xf93d8", "0x25a04cec"
"R", "0x28e417"
"W", "0x1c8f0c", "0x1fe3160"
"W", "0x156b49", "0x69865f5b"
"R", "0x3b1093"
"R", "0x24ff21"
"R", "0x3bb6bc"
"W", "0x1a9c91", "0x4f6408f8"
"R", "0x230ca6"
"R", "0x2e155f"
"W", "0x391e18", "0xd4f6c66"
"R", "0x423456"
"W", "0x122c7c", "0x547d45e0"
"W", "0x3ef589", "0x612b0e2"
"W", "0x23b2cf", "0x6b3fde62"
"R", "0x207402"
"W", "0x10e02a", "0x61e8cc56"
"W", "0xcfb34", "0x72ebf87"
"W", "0x298a40", "0x4929989"
"R", "0x2ad692"
"R", "0x35df4b"
"R", "0x53148"
"R", "0x423456"
"R", "0x2f61b1"
"R", "0x87015"
"R", "0x207402"
"R", "0xbaee2"
"W", "0xcfb34", "0x2f3401e1"
"R", "0x22667d"
"W", "0x19503f", "0x395387df"
"R", "0x23b2cf"
"W", "0x3bb6bc", "0x6bc5bc6"
"R", "0x230ca6"
"W", "0x2d6f36", "0x2aa31034"
"R", "0x53148"
"W", "0x5d771", "0x5ee73d38"
"W", "0x1803ed", "0x68b361e9"
"R", "0x33ecd0"
"R", "0x39c441"
"R", "0x1ddb5e"
"W", "0xc550b", "0x79f878c1"
"W", "0xda15d", "0x3cbaa383"
"R", "0x35df4b"
"W", "0x3ef589", "0xbf09037"
"W", "0x1d3535", "0x3f2be8d5"
"W", "0x9bc67", "0x333332b9"
"R", "0x2458f8"
"R", "0x207402"
"R", "0x1803ed"
"W", "0x230ca6", "0x1ab7f567"
"W", "0x53148", "0x7c08ff18"
"W", "0x22667d", "0x44363692"
"R", "0x32a07e"
"R", "0x264b73"
"W", "0x1fcdd9", "0x41f429cb"
"R", "0x141ef7"
"W", "0x48b1f", "0x56a80027"
"W", "0x28e417", "0x64092756"
"W", "0x353922", "0x7e7d8481"
"R", "0xb08b9"
"R", "0x9163e"
"W", "0xa6290", "0x5c255576"
"R", "0x1fcdd9"
"R", "0x3bb6bc"
"R", "0x37d1c6"
"R", "0x4041db"
"R", "0x67d9a"
"W", "0x1803ed", "0x1e69b2b6"
"W", "0xf93d8", "0x1510782a"
"R", "0x1be8e3"
"W", "0x26f19c", "0x5e101fd1"
"R", "0x391e18"
"R", "0x2f61b1"
"W", "0x372b9d", "0xe5e684d"
"R", "0x3877ef"
"R", "0xa6290"
"R", "0x122c7c"
"W", "0x21c054", "0x9d6a801"
"R", "0x14c52"
"W", "0x423456", "0x1152d5c2"
"R", "0x1ddb5e"
"R", "0x1e8187"
"W", "0xbaee2", "0x1540a09d"
"W", "0x372b9d", "0x74d17014"
"R", "0x3007da"
"W", "0x3c5ce5", "0x1f926c8b"
"R", "0x37d1c6"
"W", "0x40e804", "0x4e43de2b"
"R", "0x32a07e"
"R", "0x2ad692"
"R", "0x4041db"
"W", "0xb08b9", "0x65c6c5d0"
"W", "0x3ef589", "0x6c30fb09"
"R", "0x26f19c"
"R", "0x31fa55"
"R", "0x353922"
"W", "0x283dee", "0x3df1144b"
"R", "0x3346a7"
"W", "0x28e417", "0xf399535"
"R", "0x25a54a"
"W", "0xf93d8", "0x7a50363a"
"W", "0x723c3", "0x6abd44d6"
"W", "0x2ad692", "0x458828f6"
"W", "0x2c22e4", "0x529dd252"
"R", "0x9163e"
"W", "0xb08b9", "0x7cbbffb3"
"R", "0x1378ce"
"W", "0x3007da", "0x5f01bd5b"
"W", "0x372b9d", "0x4b44228a"
"W", "0x4041db", "0x2f1fce10"
"W", "0x230ca6", "0x5ce53b6d"
"R", "0x391e18"
"W", "0xf93d8", "0x68e0dbd0"
"W", "0x3bb6bc", "0x340b9330"
"R", "0x1c8f0c"
"W", "0x33ecd", "0x54e31a68"
"W", "0x3492f9", "0x4f1d4080"
"W", "0x3d030e", "0x1f4b2230"
"W", "0x1b42ba", "0x5291c8f0"
"R", "0x48b1f"
"R", "0x1803ed"
"R", "0x2a3069"
"W", "0x1ddb5e", "0x5e0e3e3a"
"W", "0x39c441", "0x621da9a7"
"R", "0x3ef589"
"W", "0x118653", "0x58e56c82"
"W", "0x3b1093", "0x4a33f7b4"
"R", "0x1c8f0c"
"W", "0x3877ef", "0x64b45d05"
"R", "0x1e8187"
"R", "0x28e417"
"R", "0x2ad692"
"R", "0x40e804"
"W", "0x2458f8", "0x733fe196"
"W", "0x3e4f6", "0x20e9dafd"
"R", "0x1e8187"
"W", "0xf93d8", "0x7c4288bb"
"R", "0x372b9d"
"R", "0x1ddb5e"
"W", "0x28e417", "0x5089de04"
"W", "0xb08b9", "0x7500028d"
"R", "0x9bc67"
"W", "0x1fcdd9", "0x3a18f7e1"
"W", "0x2ad692", "0x51753e7b"
"W", "0x2458f8", "0x472a633e"
"W", "0x391e18", "0x26e3e03c"
"R", "0x4041db"
"R", "0x12d2a5"
"R", "0x1fcdd9"
"W", "0x103a01", "0x2d01041c"
"W", "0x3346a7", "0x6c96dc60"
"W", "0x1f27b0", "0x377b3dcf"
"R", "0x122c7c"
"W", "0x230ca6", "0x6c2ab091"
"R", "0x418e2d"
"R", "0x391e18"
"W", "0x48b1f", "0x2987c0a6"
"R", "0xb08b9"
"R", "0x24ff21"
"R", "0x24ff21"
"R", "0x3492f9"
"W", "0x31542c", "0x7365658a"
"W", "0x87015", "0x4cc7c27c"
"W", "0x418e2d", "0x48a1f805"
"W", "0x16b79b", "0x7e810ed0"
"W", "0x1b42ba", "0x51537598"
"W", "0x30ae03", "0x4894f14a"
"W", "0x161172", "0x527055b3"
"W", "0x2ebb88", "0x1cc80537"
"W", "0x103a01", "0x2036394f"
"W", "0x19503f", "0x693612cb"
"W", "0x42da7f", "0x20c6722f"
"R", "0x3d030e"
"W", "0x122c7c", "0x7c4c3946"
"W", "0x103a01", "0x6a33b7bd"
"W", "0x30ae03", "0x29f1468b"
"R", "0xeedaf"
"R", "0x24ff21"
"W", "0x2b7cbb", "0x77643e68"
"W", "0x1d3535", "0x344b68ce"
"W", "0x723c3", "0x70cd311"
"W", "0x3007da", "0x55d90970"
"R", "0x12d2a5"
"W", "0x211a2b", "0x4612c7a7"
"W", "0x53148", "0x56dbd3c"
"W", "0x37d1c6", "0x10c3f09a"
"W", "0x24ff21", "0x3984ee32"
"W", "0x103a01", "0x61ec6e1d"
"R", "0x283dee"
"R", "0x2ebb88"
"R", "0x10e02a"
"R", "0x1378ce"
"W", "0x3492f9", "0x6550fe41"
"W", "0x26f19c", "0x4a9c9ec2"
"R", "0x3a6a6a"
"R", "0x141ef7"
"R", "0x156b49"
"W", "0x35df4b", "0x72c1f0d6"
"R", "0x30ae03"
"R", "0x156b49"
"W", "0x5d771", "0x2f1c8f4e"
"R", "0x230ca6"
"R", "0x1f27b0"
"W", "0x264b73", "0x2184f906"
"W", "0x26f19c", "0x4c307f48"
"R", "0x12d2a5"
"R", "0x53148"
"W", "0x264b73", "0x252dac11"
"W", "0x31542c", "0xc09738b"
"W", "0x3f9bb2", "0x2eac22fb"
"R", "0x18aa16"
"R", "0x4380a8"
"R", "0x175dc4"
"W", "0x87015", "0x479a8cdc"
"W", "0xe4786", "0x70d7945c"
"R", "0x1378ce"
"R", "0x2458f8"
"W", "0x1f27b0", "0x5262605f"
"R", "0x67d9a"
"W", "0x9163e", "0x5b9eae9e"
"W", "0x23b2cf", "0x12ff79ab"
"W", "0x18aa16", "0x2f73c034"
"R", "0x2cc90d"
"W", "0x1b42ba", "0x627cc015"
"R", "0x4041db"
"W", "0x30ae03", "0xb3d5fd4"
"R", "0x9163e"
"W", "0x44ccfa", "0x44190e7b"
"W", "0x122c7c", "0x4504ceab"
"R", "0x1a9c91"
"W", "0x4041db", "0x77c0472a"
"W", "0x39c441", "0x32eb1689"
"W", "0x141ef7", "0x50a4b846"
"R", "0x1b42ba"
"W", "0x207402", "0x55c8e601"
"W", "0x3e4f6", "0x6a1d8f50"
"R", "0xcfb34"
"W", "0x22667d", "0xd19956e"
"W", "0x723c3", "0x32233779"
"W", "0x35df4b", "0x75b71e98"
"R", "0x3346a7"
"W", "0x1e8187", "0x6bd67309"
"W", "0x1ddb5e", "0x113018a3"
"W", "0x368574", "0x4f83bbf6"
"R", "0x3492f9"
"W", "0x9163e", "0x317412e6"
"W", "0x3c5ce5", "0x2f09ce2d"
"W", "0x1378ce", "0x3ac4f165"
"W", "0x24ff21", "0x3c1bca55"
"W", "0x368574", "0x63aa52a1"
"W", "0x7c9ec", "0x7e229b35"
"W", "0x4426d1", "0x12883d2e"
"R", "0x2ad692"
"W", "0x87015", "0x418bbb3"
"R", "0x3da937"
"W", "0xa6290", "0x76f0b1f6"
"R", "0x7c9ec"
"R", "0x298a40"
"R", "0x19f668"
"W", "0x122c7c", "0x4a240ec7"
"R", "0xeedaf"
"W", "0x1d3535", "0x6390d602"
"W", "0x175dc4", "0x1e661dca"
"R", "0x21c054"
"W", "0x32a07e", "0xd32ec9d"
"W", "0x161172", "0x23635b70"
"R", "0xda15d"
"W", "0x2d6f36", "0xea0ca20"
"W", "0x391e18", "0x69fb3820"
"R", "0x207402"
"R", "0x19f668"
"W", "0x22667d", "0x1f35a037"
"R", "0x12d2a5"
"W", "0x14c520", "0x5f6499c0"
"R", "0x19f668"
"W", "0x368574", "0xe8cb4d3"
"W", "0x103a01", "0x41021bba"
"W", "0x42da7f", "0x1f4e075"
"R", "0x9bc67"
"R", "0x18aa16"
"R", "0x87015"
"W", "0x175dc4", "0x1a33abd7"
"W", "0x3e4f6", "0x3f9879b6"
"W", "0x37d1c6", "0x3e3ec72b"
"W", "0x19f668", "0x45ed421e"
"R", "0xf93d8"
"R", "0x2797c5"
"R", "0x31542c"
"R", "0x67d9a"
"W", "0x9bc67", "0x1d7ede9c"
"R", "0x1d3535"
"R", "0x372b9d"
"W", "0x33ecd", "0x5dc945e4"
"W", "0xf93d8", "0x1d90e028"
"R", "0xc550b"
"W", "0x1f27b0", "0x79032cf6"
"W", "0xf93d8", "0x16e9406f"
"R", "0x118653"
"R", "0x32a07e"
"R", "0x19503f"
"R", "0x298a40"
"R", "0x7c9ec"
"R", "0x42da7f"
"R", "0x298a40"
"R", "0x353922"
"W", "0x3da937", "0x32edfe3a"
"R", "0xbaee2"
"R", "0x42da7f"
"R", "0x1e8187"
"R", "0x1d3535"
"R", "0x28e417"
"R", "0x23b2cf"
"R", "0x1f27b0"
"R", "0x2d6f36"
"W", "0x2b7cbb", "0x1a008245"
"W", "0xe4786", "0x5ae39632"
"W", "0x31fa55", "0x540d5a1e"
"W", "0x19f668", "0x3fbfeeab"
"R", "0x3bb6bc"
"W", "0x230ca6", "0x40bdcfdc"
"W", "0x1f27b0", "0x3b9e802e"
"R", "0xa6290"
"W", "0x372b9d", "0x78aef39d"
"W", "0x31fa55", "0x10a639f3"
"R", "0x141ef7"
"R", "0x31fa55"
"R", "0xc550b"
"R", "0x3a6a6a"
"R", "0x3bb6bc"
"R", "0xa629"
"R", "0x2b7cbb"
"W", "0x12d2a5", "0x52421d29"
"R", "0x2d6f36"
"W", "0x3d030e", "0x6dcd245e"
"W", "0xe4786", "0x3f2a709"
"R", "0x3877ef"
"W", "0x87015", "0x79dcff3c"
"R", "0x22667d"
"R", "0x26f19c"
"R", "0xc550b"
"R", "0x21c054"
"W", "0x23b2cf", "0x188e5e57"
"W", "0x7c9ec", "0x19b7bf6b"
"W", "0x1fcdd9", "0x16da9f13"
"W", "0x39c441", "0x3cf75744"
"R", "0x18aa16"
"W", "0x1378ce", "0x111857b9"
"R", "0x283dee"
"R", "0x12d2a5"
"R", "0x67d9a"
"R", "0x2a3069"
"R", "0x19503f"
"R", "0x3492f9"
"W", "0x31fa55", "0x3996d3d6"
"R", "0x2ebb88"
"W", "0x207402", "0x1d6dbd0d"
"R", "0x207402"
"W", "0x3bb6bc", "0x63a56000"
"W", "0x3877ef", "0x3898c10"
"W", "0x7c9ec", "0xb52e16e"
"R", "0x5d771"
"W", "0x14c520", "0x500b7a8d"
"R", "0xbaee2"
"R", "0xda15d"
"R", "0x3e4f60"
"W", "0x1378ce", "0x55c17312"
"R", "0x30ae03"
"W", "0x33ecd0", "0x15564624"
"R", "0x35df4b"
"R", "0x33ecd"
"R", "0x7c9ec"
"R", "0x1be8e3"
"W", "0x31542c", "0x1d79823e"
"R", "0x1ddb5e"
"R", "0x3c5ce5"
"W", "0x28e417", "0x1a25dc5f"
"W", "0x5d771", "0x520d687d"
"R", "0x3b1093"
"R", "0xa6290"
"W", "0x2cc90d", "0x41c70763"
"R", "0x207402"
"W", "0x3007da", "0x5de4b79f"
"R", "0x39c441"
"R", "0x161172"
"R", "0x141ef7"
"W", "0x24ff21", "0x831aef2"
"W", "0x4380a8", "0x62193214"
"W", "0x175dc4", "0x2767505"
"R", "0x3a6a6a"
"R", "0x118653"
"R", "0x230ca6"
"W", "0x3e4f60", "0x2c0b7477"
"W", "0x22667d", "0x74d47bd"
"R", "0x3da937"
"W", "0x5d771", "0x22fe2394"
"R", "0x40e804"
"R", "0x10e02a"
"R", "0x283dee"
"R", "0x7c9ec"
"R", "0x161172"
"W", "0x22667d", "0x49a9c3ea"
"R", "0x39c441"
"R", "0x372b9d"
"W", "0x3b1093", "0x3b5b8906"
"R", "0x353922"
"W", "0x1e8187", "0x7176f35"
"R", "0x175dc4"
"W", "0x2cc90d", "0x7d4ba754"
"W", "0x1803ed", "0x136e6995"
"W", "0x457323", "0x17c5d787"
"W", "0x32a07e", "0x3681a3c3"
"R", "0x283dee"
"R", "0x298a4"
"R", "0x19f668"
"W", "0x39c441", "0x751bb57e"
"W", "0x21c054", "0x3e741377"
"W", "0x26f19c", "0x38611d8a"
"R", "0x39c441"
"R", "0x3c5ce5"
"W", "0x353922", "0x21afb2dc"
"R", "0x33ecd"
"W", "0x9bc67", "0x6b92f5b8"
"R", "0xe4786"
"W", "0x264b73", "0x1c988e79"
"R", "0x423456"
"R", "0x4041db"
"R", "0x1378ce"
"R", "0x3f9bb2"
"W", "0x26f19c", "0x67907752"
"R", "0x2a3069"
"R", "0x31fa55"
"W", "0x33ecd0", "0x1936157"
"W", "0x42da7f", "0x5ea9f31"
"W", "0x9bc67", "0x76877246"
"R", "0xb08b9"
"W", "0x19503f", "0x6f193146"
"R", "0xf93d8"
"R", "0x283dee"
"W", "0x25a54a", "0x3a948464"
"W", "0x23b2cf", "0x52db2ecf"
"W", "0x161172", "0x7f0037d6"
"W", "0x2c22e4", "0xdaa4a79"
"W", "0x3e4f6", "0x369f9b7d"
"W", "0x2c22e4", "0x21048380"
"W", "0x1a9c91", "0x1e7b225c"
"W", "0x2d6f36", "0x233d072f"
"R", "0x3a6a6a"
"R", "0x32a07e"
"W", "0x4380a8", "0x583a5ed4"
"R", "0x298a40"
"W", "0x32a07e", "0x7b91bebc"
"R", "0x28e417"
"W", "0x2ebb88", "0x10cc1aec"
"W", "0x1fcdd9", "0x7d9db6e5"
"W", "0xb08b9", "0x13010d34"
"W", "0x35df4b", "0x4563b86c"
"W", "0x1e8187", "0x2f5f22a1"
"R", "0x141ef7"
"R", "0x22667d"
"R", "0x3f9bb2"
"R", "0x1a9c91"
"R", "0x19f668"
"R", "0x230ca6"
"W", "0x372b9d", "0x77ee98ec"
"W", "0x3bb6bc", "0x3b662b50"
"R", "0x3bb6bc"
"R", "0x2797c5"
"W", "0x298a40", "0x8d933bf"
"R", "0x14c520"
"R", "0x1f27b0"
"R", "0x40e804"
"R", "0x283dee"
"W", "0x1f27b0", "0x4a088183"
"W", "0x12d2a5", "0x6b0e3a63"
"W", "0x3a6a6a", "0xf2759b2"
"R", "0x2797c5"
"W", "0x1fcdd9", "0x5050e69a"
"W", "0x1b42ba", "0x5eb96ad0"
"R", "0xf93d8"
"W", "0x207402", "0xebf3cff"
"W", "0xeedaf", "0x6c8863b"
"R", "0x230ca6"
"W", "0x2797c5", "0x76694f8b"
"W", "0x2cc90d", "0x340f3ddd"
"W", "0x24ff21", "0x8e0ed25"
"W", "0x1c8f0c", "0x596a4cab"
"R", "0x211a2b"
"R", "0xa6290"
"R", "0x24ff21"
"R", "0x141ef7"
"R", "0x16b79b"
"R", "0x372b9d"
"W", "0x353922", "0x77d0aa07"
"W", "0x418e2d", "0x8adc5b0"
"W", "0x10e02a", "0x5c2769eb"
"W", "0x1d3535", "0x241d1bfe"
"R", "0x7c9ec"
"W", "0x1378ce", "0x235a7115"
"R", "0x31542c"
"W", "0x32a07e", "0x7e4cbe33"
"W", "0x2f61b1", "0x5f4535e4"
"R", "0x25a54a"
"R", "0x7c9ec"
"R", "0x1be8e3"
"R", "0x12d2a5"
"R", "0x103a01"
"W", "0x368574", "0x224fbfd6"
"W", "0x1378ce", "0x14260ac"
"W", "0x230ca6", "0x3da73b51"
"R", "0x2b7cbb"
"W", "0x18aa16", "0x3fe7f7b8"
"W", "0x19f668", "0x1121be93"
"R", "0x30ae03"
"W", "0x37d1c6", "0x59acb773"
"W", "0x5d771", "0x28de97c7"
"W", "0x3d030e", "0xc434f59"
"W", "0x1d3535", "0x711553df"
"W", "0x37d1c6", "0x527235b8"
"W", "0x2b7cbb", "0x15feada9"
"R", "0x175dc4"
"R", "0x391e18"
"W", "0x3b1093", "0x74c2d879"
"W", "0x35df4b", "0x5d36135f"
"W", "0x3007da", "0x562ce417"
"W", "0x30ae03", "0x636105d3"
"R", "0x2a3069"
"R", "0x3da937"
"R", "0x19f668"
"R", "0x156b49"
"W", "0x2f61b1", "0xea37141"
"R", "0x264b73"
"W", "0x368574", "0x69e8edd5"
"R", "0x3da937"
"W", "0x1fcdd9", "0x724070a0"
"W", "0x264b73", "0x39686aa0"
"W", "0x2797c5", "0x345567b1"
"W", "0x21c054", "0x281bbed2"
"W", "0x1be8e3", "0x65602a2d"
"W", "0x368574", "0x752c6579"
"W", "0x33ecd0", "0xde15379"
"W", "0xbaee2", "0x536facdc"
"W", "0xf93d8", "0x42203675"
"R", "0x9163e"
"W", "0x3c5ce5", "0x7ad24fe"
"R", "0x32a07e"
"R", "0x67d9a"
"W", "0x118653", "0x3d473e86"
"R", "0x175dc4"
"W", "0xda15d", "0x48272aa8"
"R", "0x48b1f"
"W", "0x156b49", "0x62e13946"
"R", "0x23b2cf"
"W", "0xcfb34", "0x4ccd04eb"
"R", "0x19f668"
"W", "0x3492f9", "0x843ba90"
"W", "0xf93d8", "0x6b2f778e"
"R", "0xda15d"
"W", "0x391e18", "0x4f04fb40"
"R", "0x30ae03"
"W", "0x2cc90d", "0x25fbfc69"
"W", "0xf93d8", "0x6ebae745"
"R", "0x48b1f"
"R", "0x3c5ce5"
"W", "0x1378ce", "0x69e27d2a"
"R", "0x3492f9"
"W", "0x31fa55", "0x3f88e525"
"R", "0xda15d"
"W", "0x5d771", "0x56895037"
"R", "0x1e8187"
"W", "0x33ecd0", "0x81e7f3c"
"W", "0x32a07e", "0x7ca7c973"
"W", "0x1be8e3", "0x62034639"
"W", "0x18aa16", "0x109a88ce"
"R", "0x39c441"
"R", "0x26f19c"
"R", "0xf93d8"
"R", "0x3346a7"
"W", "0x298a40", "0x5f39ef44"
"W", "0xf93d8", "0x1494dd03"
"W", "0x24ff21", "0x54f73d2b"
"R", "0x23b2cf"
"R", "0x1a9c91"
"R", "0x118653"
"W", "0x2797c5", "0x4161c1f4"
"R", "0xc550b"
"W", "0x87015", "0x4dc49b3a"
"W", "0x3a6a6a", "0x4a397ad4"
"R", "0x23b2cf"
"W", "0x21c054", "0x4352984c"
"R", "0x2e155f"
"R", "0x2b7cbb"
"W", "0x391e18", "0x71a19e6"
"R", "0x19f668"
"W", "0x32a07e", "0x583e63ee"
"R", "0x24ff21"
"R", "0x31542c"
"R", "0x1e8187"
"W", "0x391e18", "0x1c865de9"
"W", "0x353922", "0x6017a7c5"
"R", "0x103a01"
"R", "0x87015"
"W", "0x4380a8", "0x349f318c"
"R", "0x32a07e"
"R", "0x25a54a"
"R", "0x1f27b0"
"R", "0xcfb34"
"W", "0x2e155f", "0x5e122983"
"W", "0x1fcdd9", "0x58beb7ac"
"R", "0x372b9d"
"W", "0x723c3", "0x5a2a6ea7"
"R", "0x211a2b"
"R", "0x207402"
"R", "0x3346a7"
"W", "0x53148", "0x405bbf6c"
"W", "0x3346a7", "0x604af00f"
"W", "0x25a54a", "0xdc281db"
"R", "0x3e4f6"
"R", "0x1ddb5e"
"W", "0x12d2a5", "0x9079df3"
"W", "0x3346a7", "0x59285eb9"
"R", "0x31fa55"
"W", "0x10e02a", "0x3a4ed9e4"
"R", "0x31fa55"
"R", "0x118653"
"W", "0x24ff21", "0x6f14f0e7"
"R", "0x4041db"
"R", "0x2797c5"
"W", "0x3ef589", "0x4dc20f7"
"W", "0xf93d8", "0x7eb55de2"
"W", "0x3007da", "0x71090b2e"
"W", "0x48b1f", "0x2adc2969"
"R", "0x3c5ce5"
"W", "0xeedaf", "0x325ad583"
"W", "0x3e4f60", "0x14a44a3a"
"W", "0x3e4f60", "0x569ee4c9"
"R", "0x298a4"
"R", "0x32a07e"
"R", "0x1f27b0"
"W", "0x175dc4", "0x1e690186"
"W", "0x2e155f", "0x62ce56ea"
"R", "0x3346a7"
"W", "0x53148", "0x49ab0555"
"W", "0x2cc90d", "0x2d66aa68"
"R", "0x2b7cbb"
"W", "0xc550b", "0x4291d24e"
"R", "0x283dee"
"R", "0x12d2a5"
"W", "0x230ca6", "0x2e95fc39"
"R", "0x3a6a6a"
"R", "0x3bb6bc"
"W", "0x23b2cf", "0x6f0cb54d"
"R", "0x87015"
"W", "0x3c5ce5", "0x28231bcd"
"R", "0x18aa16"
"R", "0x2d6f36"
"W", "0x1f27b0", "0x21f1cb87"
"W", "0x122c7c", "0x7f7279ad"
"R", "0x118653"
"W", "0x25a54a", "0x146e336e"
"R", "0xbaee2"
"W", "0x10e02a", "0x6f2631c6"
"W", "0x2a3069", "0x2a2fb3d8"
"R", "0x42da7f"
"R", "0x1b42ba"
"R", "0x3da937"
"W", "0x103a01", "0x19ac5e33"
"W", "0x18aa16", "0x518818c4"
"R", "0x2ad692"
"W", "0xb08b9", "0x5b24b964"
"W", "0x1f27b0", "0x4df9179c"
"R", "0xbaee2"
"R", "0x18aa16"
"W", "0x32a07e", "0x4dd245c4"
"R", "0x3a6a6a"
"R", "0x26f19c"
"R", "0x30ae03"
"R", "0x391e18"
"R", "0x175dc4"
"R", "0x1803ed"
"W", "0xcfb34", "0x212c77f7"
"W", "0x12d2a5", "0x52f96ab7"
"W", "0x1fcdd9", "0x3cf4d8ac"
"W", "0x2458f8", "0x3721c028"
"W", "0x3ef589", "0x75a276c9"
"W", "0x2c22e4", "0x19360cbf"
"R", "0x39c441"
"W", "0x3346a7", "0x4f296f32"
"R", "0x2ebb88"
"R", "0x4041db"
"W", "0x298a40", "0x2de5bcf2"
"W", "0x3877ef", "0x3d1d5410"
"W", "0x25a54a", "0x652436eb"
"R", "0x16b79b"
"W", "0x1b42ba", "0xb377c9f"
"W", "0x32a07e", "0xa72134d"
"R", "0x2c22e4"
"W", "0x175dc4", "0xc63e9f9"
"W", "0x122c7c", "0x1107d7ff"
"R", "0x40e804"
"R", "0x1f27b0"
"W", "0x264b73", "0x66e43058"
"W", "0x418e2d", "0x665f0204"
"W", "0x418e2d", "0x475f4a8f"
"W", "0xf93d8", "0x82587ad"
"R", "0x161172"
"R", "0x1c8f0c"
"W", "0x1a9c91", "0xf3828f4"
"R", "0x21c054"
"R", "0x2a3069"
"W", "0xf93d8", "0x1d7d1653"
"R", "0x19f668"
"R", "0x3007da"
"W", "0x3f9bb2", "0x22b88171"
"W", "0x368574", "0x6b0477f5"
"R", "0x2c22e4"
"R", "0x3d030e"
"R", "0x32a07e"
"W", "0x21c054", "0x6af49e9f"
"W", "0x3a6a6a", "0x77bcbd43"
"R", "0x31542c"
"W", "0x35df4b", "0x254d1027"
"R", "0x1803ed"
"R", "0x3d030e"
"R", "0x3ef589"
"R", "0x9163e"
"W", "0x418e2d", "0x553d43ef"
"W", "0x3492f9", "0x50e15a1c"
"R", "0x24ff21"
"R", "0x9163e"
"R", "0x16b79b"
"W", "0x298a40", "0xb057b57"
"W", "0x298a4", "0x4d437e74"
"R", "0x2e155f"
"R", "0x3007da"
"R", "0x53148"
"R", "0x35df4b"
"R", "0x67d9a"
"R", "0xa6290"
"W", "0x32a07e", "0x557d874e"
"W", "0x264b73", "0x21bd50ce"
"W", "0x1ddb5e", "0x759fe86d"
"R", "0x156b49"
"W", "0x3b1093", "0x60a92a72"
"W", "0x2b7cbb", "0x26bda0a6"
"W", "0x3492f9", "0x720104bb"
"R", "0x2ebb88"
"W", "0x2e155f", "0x6f5c014f"
"R", "0x3c5ce5"
"W", "0x3346a7", "0x481f7175"
"R", "0x22667d"
"W", "0x353922", "0x3c69b6a9"
"W", "0x3346a7", "0xdf74ef5"
"R", "0x19503f"
"W", "0x10e02a", "0x3a511c9"
"W", "0xbaee2", "0x9a08c1"
"R", "0x1be8e3"
"W", "0x30ae03", "0x4ff305b1"
"W", "0x2a3069", "0x76df7f1c"
"R", "0x48b1f"
"W", "0x283dee", "0x6e98603"
"W", "0x1c8f0c", "0xfa1f2be"
"W", "0x423456", "0x6078dec"
"R", "0x103a01"
"W", "0x24ff21", "0x40ecb099"
"W", "0x39c441", "0x4f608946"
"R", "0x3bb6bc"
"R", "0x103a01"
"R", "0x4041db"
"W", "0x14c520", "0x39de2231"
"R", "0x16b79b"
"W", "0x31fa55", "0x1981435a"
"W", "0x3877ef", "0x48b3e32b"
"W", "0x264b73", "0x4065c14a"
"R", "0x40e804"
"W", "0x1ddb5e", "0xd517a07"
"R", "0x31fa55"
"R", "0x1803ed"
"W", "0xf93d8", "0x63f15888"
"W", "0x53148", "0x845bce1"
"W", "0x2e155f", "0x1a2f0ed0"
"R", "0xcfb34"
"W", "0x161172", "0x28525359"
"R", "0xb08b9"
"R", "0x67d9a"
"W", "0xeedaf", "0x77441bf"
"W", "0x7c9ec", "0x52b128d9"
"R", "0xda15d"
"R", "0x12d2a5"
"W", "0x30ae03", "0x2e9f283a"
"W", "0x9163e", "0x88a78bb"
"W", "0x3ef589", "0x3199b652"
"W", "0x3b1093", "0x21641be1"
"W", "0x3d030e", "0x6ceb4c09"
"R", "0x3492f9"
"W", "0x40e804", "0x66b23f44"
"W", "0x1e8187", "0x47218d2c"
"W", "0x2d6f36", "0x7a097c5"
"W", "0x25a54a", "0xe6ea3f7"
"R", "0x141ef7"
"W", "0x33ecd0", "0x797f0d0e"
"W", "0x2797c5", "0x2856ec78"
"W", "0x122c7c", "0x100ac9ff"
"W", "0x4426d1", "0x6c508e75"
"R", "0x44ccfa"
"W", "0x2e155f", "0x6e083d9d"
"R", "0x175dc4"
"R", "0x1f27b0"
"R", "0xc550b"
"R", "0x28e417"
"W", "0x122c7c", "0x652efd1"
"R", "0x2458f8"
"R", "0x19f668"
"R", "0x141ef7"
"R", "0x18aa16"
"W", "0xc550b", "0x4e589179"
"R", "0x1fcdd9"
"W", "0x32a07e", "0x759091be"
"R", "0x9163e"
"W", "0x1be8e3", "0x1d779e56"
"W", "0x230ca6", "0x23ee4953"
"W", "0x298a40", "0x255d5f43"
"R", "0x10e02a"
"R", "0x4041db"
"R", "0x207402"
"R", "0x161172"
"R", "0x1e8187"
"W", "0x230ca6", "0x20bb0206"
"W", "0x418e2d", "0x1aa507b0"
"W", "0x1c8f0c", "0xc79cccf"
"W", "0xb08b9", "0x4e2ea86"
"R", "0x87015"
"W", "0xeedaf", "0x1a9ee50b"
"R", "0x2ad692"
"R", "0x175dc4"
"R", "0x1c8f0c"
"W", "0x1d3535", "0x146febc6"
"R", "0x30ae03"
"W", "0xb08b9", "0x5477c333"
"W", "0x16b79b", "0x43ffee8f"
"W", "0xbaee2", "0x29f0730"
"W", "0xa6290", "0x39f0c2a4"
"W", "0x23b2cf", "0x5abef89b"
"W", "0x2458f8", "0x6d7b3c6e"
"R", "0x3a6a6a"
"R", "0x418e2d"
"W", "0x298a4", "0x16613106"
"W", "0x3d030e", "0x47e567b6"
"R", "0x368574"
"W", "0x175dc4", "0x71223f8f"
"R", "0x2f61b1"
"R", "0x418e2d"
"R", "0x9bc67"
"R", "0x723c3"
"W", "0x1378ce", "0x7ced63c6"
"R", "0x19f668"
"W", "0x9163e", "0x2759fb06"
"R", "0x2d6f36"
"W", "0x3346a7", "0x20f84d96"
"W", "0x3492f9", "0x7f3a6cfb"
"R", "0x1fcdd9"
"W", "0x207402", "0x2038ee7a"
"W", "0x12d2a5", "0x7b2968ef"
"R", "0x48b1f"
"W", "0x1b42ba", "0x35d6ac10"
"R", "0x22667d"
"R", "0x3e4f60"
"W", "0x4426d1", "0x41bb627e"
"W", "0x4426d1", "0x7a777f1e"
"R", "0x87015"
"R", "0x1f27b0"
"W", "0x3da937", "0x604afddb"
"R", "0xbaee2"
"R", "0x5d771"
"W", "0x1a9c91", "0x5376d1bb"
"W", "0x391e18", "0x22680a79"
"R", "0x1803ed"
"R", "0x2797c5"
"W", "0x37d1c6", "0x5c57869a"
"R", "0x3007da"
"W", "0x2f61b1", "0x17c2eca"
"R", "0x19f668"
"W", "0x33ecd0", "0x7a67c0db"
"R", "0x141ef7"
"R", "0x1d3535"
"W", "0x9163e", "0x2c9ff57a"
"R", "0x12d2a5"
"R", "0x30ae03"
"W", "0x264b73", "0x5b2a222c"
"W", "0x3877ef", "0x2939fb0"
"W", "0x1c8f0c", "0x609093fa"
"R", "0x87015"
"W", "0xc550b", "0x6fed9552"
"R", "0x42da7f"
"W", "0x42da7f", "0x12fbbe8f"
"W", "0x40e804", "0x4e1db930"
"R", "0x28e417"
"R", "0x2a3069"
"R", "0x3c5ce5"
"W", "0x1a9c91", "0x338feb32"
"R", "0x122c7c"
"R", "0x2a3069"
"W", "0x42da7f", "0x6f9cbedf"
"R", "0x391e18"
"R", "0x372b9d"
"W", "0x3007da", "0x4b46bb6a"
"W", "0x283dee", "0x33e8207d"
"R", "0x2e155f"
"W", "0x3877ef", "0x520d53dd"
"W", "0x3bb6bc", "0x168ba926"
"R", "0x39c441"
"W", "0x31fa55", "0x68b9fa93"
"R", "0x1be8e3"
"W", "0xe4786", "0x784b3062"
"R", "0x40e804"
"W", "0x19503f", "0xe6f10d3"
"R", "0x3877ef"
"W", "0xb08b9", "0x19a2b51"
"W", "0x42da7f", "0x75be32bd"
"W", "0x141ef7", "0x631f2910"
"R", "0x161172"
"R", "0xb08b9"
"W", "0x372b9d", "0xb3652dd"
"R", "0x21c054"
"R", "0x2e155f"
"R", "0x264b73"
"W", "0x2d6f36", "0x6394d8f9"
"R", "0x7c9ec"
"R", "0x33ecd0"
"W", "0x1803ed", "0x59c46489"
"R", "0x2ad692"
"W", "0x122c7c", "0x3d8d62f"
"R", "0x161172"
"R", "0x7c9ec"
"R", "0x3e4f60"
"R", "0xb08b9"
"W", "0x2797c5", "0x8473f4"
"W", "0x3bb6bc", "0x44b227b8"
"W", "0x723c3", "0x67537650"
"R", "0xe4786"
"W", "0x12d2a5", "0x1382d039"
"W", "0x103a01", "0x44911531"
"W", "0x283dee", "0x33de4687"
"R", "0x26f19c"
"R", "0x161172"
"W", "0x1b42ba", "0x62289369"
"W", "0x264b73", "0x7f0b5d42"
"R", "0x1378ce"
"R", "0x175dc4"
"R", "0x103a01"
"R", "0x28e417"
"W", "0x25a54a", "0x2a9825c3"
"W", "0x3e4f60", "0x16d9c2da"
"W", "0x9bc67", "0x19e96241"
"W", "0x9bc67", "0x400a8d09"
"R", "0x30ae03"
"W", "0x156b49", "0x4b4e4707"
"R", "0x2c22e4"
"R", "0x3ef589"
"R", "0x35df4b"
"R", "0x368574"
"W", "0x283dee", "0x904d060"
"R", "0x103a01"
"R", "0x118653"
"W", "0x25a54a", "0x4d0ccff2"
"W", "0x141ef7", "0x384f4f5"
"W", "0x31542c", "0x26aa8abb"
"R", "0x22667d"
"R", "0x32a07e"
"R", "0x9163e"
"R", "0x353922"
"R", "0x230ca6"
"R", "0xf93d8"
"R", "0x2a3069"
"W", "0xb08b9", "0x484b908d"
"R", "0x1e8187"
"W", "0x3492f9", "0x20d7c08a"
"R", "0x723c3"
"R", "0x9163e"
"R", "0x39c441"
"R", "0x372b9d"
"R", "0x1a9c91"
"W", "0x33ecd", "0x575c0bb6"
"W", "0x3bb6bc", "0x18d696f8"
"R", "0x18aa16"
"R", "0x122c7c"
"R", "0x230ca6"
"R", "0x2458f8"
"W", "0x3ef589", "0xe1026f8"
"R", "0x1f27b0"
"W", "0x3492f9", "0x51e3ee73"
"R", "0x264b73"
"W", "0x3bb6bc", "0x16a28f4"
"W", "0x1d3535", "0x62eb5fec"
"R", "0x30ae03"
"W", "0x3a6a6a", "0x4792b286"
"W", "0x37d1c6", "0x6464e982"
"R", "0x23b2cf"
"W", "0x2c22e4", "0x76847af2"
"W", "0x264b73", "0x4b52cec"
"W", "0xc550b", "0x143d6af3"
"W", "0x368574", "0x6d660cea"
"W", "0x2a3069", "0x1cc6ff87"
"R", "0x28e417"
"W", "0xb08b9", "0x528c1827"
"R", "0x33ecd"
"W", "0x21c054", "0x6743f1bb"
"R", "0x3da937"
"R", "0x175dc4"
"W", "0x4041db", "0x6539be97"
"W", "0x28e417", "0x40b391fa"
"W", "0x3bb6bc", "0x32223b1f"
"R", "0x353922"
"W", "0x18aa16", "0x107458aa"
"W", "0xc550b", "0x3019fe2f"
"R", "0x353922"
"R", "0x1a9c91"
"R", "0x2ebb88"
"R", "0x1c8f0c"
"W", "0x1fcdd9", "0x73cf918b"
"R", "0x2ad692"
"W", "0x122c7c", "0x3c62fa3f"
"W", "0x230ca6", "0x51d2f1b"
"W", "0x19f668", "0x4686089"
"W", "0xcfb34", "0x412f45e7"
"R", "0x423456"
"R", "0x31542c"
"R", "0x4426d1"
"R", "0x368574"
"W", "0x1a9c91", "0x6390c4dd"
"R", "0xe4786"
"W", "0xeedaf", "0x1ff8c360"
"R", "0x53148"
"R", "0x1e8187"
"W", "0x175dc4", "0x3f561171"
"W", "0x12d2a5", "0x43f69271"
"W", "0x19f668", "0x6b474951"
"W", "0x3e4f60", "0x135011db"
"R", "0x19503f"
"W", "0x3f9bb2", "0x6115a9a8"
"W", "0x122c7c", "0x32237d00"
"R", "0x283dee"
"R", "0x353922"
"W", "0x2a3069", "0x439e9968"
"R", "0x1c8f0c"
"W", "0x30ae03", "0x4a3573d9"
"R", "0x2797c5"
"W", "0x5d771", "0x4ccaec5c"
"R", "0x298a4"
"R", "0x3877ef"
"R", "0x3492f9"
"R", "0x2ad692"
"R", "0x53148"
"W", "0x1378ce", "0x2adfe4e8"
"W", "0x3f9bb2", "0x2de72726"
"R", "0x3bb6bc"
"R", "0x1ddb5e"
"W", "0x2797c5", "0x58cfbef9"
"R", "0x372b9d"
"W", "0x391e18", "0x244f5877"
"W", "0xb08b9", "0x1363976b"
"R", "0x37d1c6"
"W", "0x283dee", "0x3c0276c1"
"R", "0x87015"
"W", "0x211a2b", "0x6563b180"
"W", "0x21c054", "0x777a7ca9"
"W", "0x1803ed", "0x2848369b"
"R", "0x3346a7"
"R", "0x39c441"
"R", "0x23b2cf"
"R", "0x16b79b"
"W", "0x31542c", "0x43643a9d"
"R", "0x175dc4"
"R", "0x1f27b0"
"W", "0x18aa16", "0x50344b05"
"W", "0x53148", "0x19ff6306"
"R", "0x1e8187"
"W", "0x3877ef", "0x4f6c4c8d"
"R", "0x2c22e4"
"R", "0x12d2a5"
"W", "0x1c8f0c", "0x55618560"
"W", "0x22667d", "0x557da5d7"
"R", "0x2458f8"
"R", "0x4380a8"
"R", "0x4041db"
"W", "0x30ae03", "0x31906429"
"W", "0x10e02a", "0x1f7921c4"
"R", "0x264b73"
"W", "0x1fcdd9", "0x592fca59"
"W", "0x2458f8", "0x29408171"
"R", "0x2797c5"
"W", "0x2ebb88", "0x585cd904"
"W", "0x23b2cf", "0x14d49cb4"
"W", "0x1d3535", "0x283df2c"
"R", "0x161172"
"R", "0x161172"
"W", "0xb08b9", "0x4dda075b"
"W", "0x33ecd", "0x46c4b908"
"R", "0x5d771"
"R", "0x2797c5"
"R", "0x2a3069"
"R", "0x1ddb5e"
"W", "0x1f27b0", "0x26b4746f"
"R", "0x423456"
"W", "0x3b1093", "0x479b411b"
"R", "0x207402"
"W", "0x87015", "0x50a701dd"
"R", "0x5d771"
"R", "0x16b79b"
"W", "0x21c054", "0x3ddae766"
"R", "0x3a6a6a"
"R", "0x1f27b0"
"W", "0x3e4f6", "0x6e6c566a"
"W", "0x1a9c91", "0x41c83b60"
"R", "0xbaee2"
"R", "0x53148"
"R", "0x2f61b1"
"R", "0x28e417"
"R", "0x32a07e"
"R", "0x230ca6"
"W", "0x283dee", "0x7af75e93"
"W", "0x23b2cf", "0x6bb0d05d"
"R", "0x298a40"
"W", "0x2cc90d", "0x58c3adc8"
"R", "0x103a01"
"R", "0xf93d8"
"W", "0x32a07e", "0x654b90a9"
"W", "0x1ddb5e", "0x4e7335b9"
"R", "0x3b1093"
"R", "0x48b1f"
"W", "0x2d6f36", "0x695bd152"
"W", "0x12d2a5", "0x64709725"
"W", "0x723c3", "0x5e48c025"
"W", "0xda15d", "0x354f4b0c"
"W", "0x1a9c91", "0x10c193bb"
"R", "0xcfb34"
"W", "0x1803ed", "0x2c2de4dc"
"R", "0x1be8e3"
"W", "0x3007da", "0x6533d09b"
"R", "0x14c520"
"W", "0x87015", "0x632f5871"
"R", "0x2c22e4"
"R", "0x14c520"
"W", "0x10e02a", "0x5c4084e6"
"W", "0x3a6a6a", "0x500633c3"
"W", "0x2458f8", "0x4dffbfc4"
"R", "0x353922"
"R", "0xa6290"
"R", "0x19f668"
"R", "0x175dc4"
"R", "0x24ff21"
"R", "0x26f19c"
"R", "0x1a9c91"
"W", "0x1f27b0", "0x6cdfd669"
"R", "0x7c9ec"
"W", "0x1a9c91", "0x1834cf13"
"R", "0x14c520"
"W", "0x423456", "0x7658a870"
"R", "0xcfb34"
"W", "0x3a6a6a", "0x3b3ea0ec"
"W", "0x2c22e4", "0x424c5fdc"
"R", "0x28e417"
"R", "0x19503f"
"R", "0x2b7cbb"
"R", "0x122c7c"
"R", "0x2ebb88"
"W", "0x3877ef", "0x4ec3f4ab"
"W", "0x118653", "0x50909a69"
"W", "0x2f61b1", "0x4cff12b4"
"R", "0x12d2a5"
"W", "0x35df4b", "0x56c50bfd"
"W", "0x39c441", "0x4fd7595b"
"R", "0x24ff21"
"W", "0x2cc90d", "0x4aa18c5d"
"W", "0x25a54a", "0x37b309ff"
"W", "0xf93d8", "0x568c5d4f"
"W", "0x53148", "0x51fdbb8"
"W", "0x1d3535", "0x40f45dc5"
"W", "0x10e02a", "0x401f9802"
"R", "0xbaee2"
"R", "0xeedaf"
"W", "0x2d6f36", "0xae017b0"
"W", "0x3d030e", "0x7ef6b820"
"W", "0x2458f8", "0x4497130f"
"R", "0x1378ce"
"W", "0xc550b", "0x1b89b74d"
"R", "0xb08b9"
"W", "0x372b9d", "0x22d87cf9"
"W", "0x3877ef", "0xbdc80f5"
"R", "0x23b2cf"
"W", "0x48b1f", "0x596052a1"
"W", "0xeedaf", "0x2b0eb804"
"R", "0x283dee"
"W", "0x2458f8", "0x3c0791a1"
"W", "0x4380a8", "0x39feafaf"
"W", "0x7c9ec", "0x3453d19e"
"W", "0x3e4f60", "0x31f5bc7b"
"W", "0x2e155f", "0x16be5fc3"
"W", "0xa6290", "0x537e82d7"
"W", "0x1a9c91", "0x7cbab782"
"W", "0x3346a7", "0x21fa9852"
"W", "0x103a01", "0x3aab4ae9"
"R", "0x423456"
"R", "0x264b73"
"W", "0x3e4f60", "0x683d5989"
"R", "0x40e804"
"W", "0xbaee2", "0x142fb5f5"
"R", "0x33ecd"
"R", "0xda15d"
"W", "0x207402", "0x3993afc"
"W", "0x12d2a5", "0x504b8b08"
"W", "0x33ecd", "0x4de35a60"
"R", "0x141ef7"
"R", "0x14c52"
"R", "0x298a4"
"R", "0xeedaf"
"W", "0x53148", "0x30da9f37"
"W", "0x3b1093", "0x737882e4"
"W", "0x37d1c6", "0x7371cf6"
"W", "0x2f61b1", "0x7a5f654b"
"R", "0x1e8187"
"W", "0x2b7cbb", "0x4d4c8b87"
"W", "0x723c3", "0xdaacae5"
"R", "0x283dee"
"R", "0x103a01"
"R", "0x2cc90d"
"W", "0x2cc90d", "0x12cc0daa"
"R", "0x2cc90d"
"W", "0x2a3069", "0x77be344f"
"R", "0x3da937"
"R", "0x161172"
"R", "0x3007da"
"R", "0x33ecd0"
"W", "0x32a07e", "0x28dc744"
"W", "0x31fa55", "0x7b6f67c4"
"W", "0x16b79b", "0x509aa154"
"W", "0xeedaf", "0x59ddea3d"
"W", "0x2b7cbb", "0x3d62d1b9"
"W", "0x264b73", "0x53d5883d"
"R", "0x33ecd0"
"R", "0x372b9d"
"W", "0x4380a8", "0x4006214d"
"W", "0x32a07e", "0x27769caa"
"W", "0x9bc67", "0x55c85e8a"
"R", "0x353922"
"R", "0x33ecd0"
"W", "0x1d3535", "0x5f04e75f"
"W", "0x35df4b", "0x3e94c42c"
"R", "0x1a9c91"
"R", "0x2458f8"
"W", "0x37d1c6", "0x6d69da44"
"W", "0x2f61b1", "0x2c511375"
"R", "0x4426d1"
"R", "0x230ca6"
"R", "0x2cc90d"
"R", "0x14c52"
"R", "0x53148"
"W", "0x19f668", "0x77259b3b"
"W", "0x1c8f0c", "0x540372f4"
"R", "0x3877ef"
"R", "0xa6290"
"W", "0x2ebb88", "0x305be3d0"
"W", "0x2b7cbb", "0x75a6a68a"
"W", "0x372b9d", "0xd77025"
"R", "0x298a40"
"W", "0x9163e", "0x5d96b59d"
"W", "0x42da7f", "0x4c9d953e"
"R", "0x175dc4"
"W", "0x3f9bb2", "0x54e50285"
"W", "0x26f19c", "0x4499f80b"
"R", "0x9bc67"
"R", "0x1378ce"
"W", "0xa629", "0x7c1fe14c"
"W", "0x19503f", "0x48f6ade7"
"R", "0x141ef7"
"R", "0x46bf75"
"W", "0x3d030e", "0x129b2b20"
"R", "0x298a40"
"W", "0x23b2cf", "0x659e05af"
"W", "0x3a6a6a", "0x27893e57"
"R", "0xcfb34"
"W", "0x156b49", "0x13df8c81"
"R", "0x4426d1"
"R", "0x3e4f60"
"R", "0x18aa16"
"R", "0x14c520"
"R", "0x28e417"
"W", "0x1378ce", "0x16468fb1"
"R", "0x1be8e3"
"R", "0x37d1c6"
"W", "0x1fcdd9", "0x2089deeb"
"R", "0x31fa55"
"W", "0x31542c", "0x71d55e8e"
"W", "0x723c3", "0x16550a0d"
"R", "0x23b2cf"
"W", "0x1378ce", "0x58d2a0c3"
"W", "0x1e8187", "0x39bed01b"
"R", "0x3f9bb2"
"W", "0x122c7c", "0x43fd260"
"W", "0x3c5ce5", "0x193fec4f"
"R", "0x39c441"
"W", "0x3ef589", "0x28e9d11b"
"W", "0x368574", "0x347f79b8"
"W", "0x2b7cbb", "0x1691bc17"
"R", "0x2ebb88"
"R", "0x368574"
"W", "0x264b73", "0x7a40c65c"
"W", "0x2cc90d", "0x5f90cf26"
"W", "0x118653", "0x615beae"
"W", "0x3346a7", "0x3682dd8e"
"R", "0x3c5ce5"
"W", "0x2f61b1", "0x162fc696"
"R", "0x12d2a5"
"R", "0x9163e"
"W", "0x2797c5", "0x606e54a4"
"R", "0x1378ce"
"R", "0x25a54a"
"R", "0x67d9a"
"W", "0x4041db", "0xc14798"
"W", "0x1378ce", "0x6b2f9260"
"W", "0x211a2b", "0x9441e4c"
"R", "0x9bc67"
"R", "0x211a2b"
"W", "0x37d1c6", "0x4e530735"
"R", "0x3ef589"
"R", "0x156b49"
"R", "0x1ddb5e"
"R", "0x353922"
"W", "0x22667d", "0x43a08e09"
"R", "0x9163e"
"R", "0x457323"
"R", "0x1fcdd9"
"W", "0x23b2cf", "0x74444e94"
"W", "0x39c441", "0x787d8e03"
"R", "0x122c7c"
"W", "0x18aa16", "0x43a86672"
"W", "0xa6290", "0x3600dae5"
"W", "0x3f9bb2", "0x7b8950d1"
"R", "0x18aa16"
"R", "0x2cc90d"
"R", "0x1f27b"
"W", "0x2a3069", "0x69616f65"
"W", "0x19f668", "0x3d88a3f5"
"R", "0x3ef589"
"W", "0x3007da", "0x65613b32"
"R", "0x31fa55"
"W", "0x4041db", "0xcd7e8e5"
"W", "0xeedaf", "0x336d62c6"
"W", "0x211a2b", "0x34ec6dc4"
"R", "0x1c8f0c"
"W", "0x5d771", "0xe63fd4c"
"R", "0x283dee"
"W", "0x35df4b", "0x719f05c9"
"W", "0x3da937", "0x579442bf"
"R", "0x391e18"
"R", "0x3e4f60"
"R", "0x103a01"
"R", "0x457323"
"W", "0x2797c5", "0x18325300"
"R", "0x14c520"
"R", "0x35df4b"
"R", "0x7c9ec"
"R", "0x19f668"
"W", "0x39c441", "0x629ec450"
"W", "0x283dee", "0x3a77930a"
"R", "0x156b49"
"W", "0x1b42ba", "0xc73d26e"
"W", "0x28e417", "0x4b17c8d3"
"R", "0x3bb6bc"
"R", "0x7c9ec"
"R", "0x26f19c"
"R", "0x18aa16"
"R", "0x2ebb88"
"R", "0x211a2b"
"R", "0x298a40"
"R", "0x2b7cbb"
"R", "0xf93d8"
"W", "0xb08b9", "0x3b5a2576"
"W", "0xc550b", "0x6b1fca8f"
"R", "0x372b9d"
"R", "0x14c520"
"R", "0x2ebb88"
"W", "0x48b1f", "0x5cd75dab"
"W", "0x37d1c6", "0x5d31a042"
"R", "0x122c7c"
"R", "0x207402"
"W", "0x24ff21", "0x4dce22fe"
"R", "0x3877ef"
"W", "0x40e804", "0x398baa27"
"W", "0x1f27b0", "0x26be898e"
"R", "0x368574"
"R", "0x4041db"
"R", "0x3e4f60"
"W", "0x372b9d", "0x46ef0e06"
"R", "0x457323"
"W", "0x2ebb88", "0x6b388171"
"R", "0x44ccfa"
"R", "0x2b7cbb"
"W", "0xc550b", "0x4fc40cb1"
"W", "0x42da7f", "0x2abd84b6"
"R", "0x372b9d"
"R", "0x42da7f"
"W", "0x3a6a6a", "0x11504e76"
"W", "0x28e417", "0x75411758"
"R", "0x4041db"
"W", "0x118653", "0x5f83c069"
"R", "0x118653"
"W", "0x207402", "0x52bd4375"
"R", "0x25a54a"
"W", "0x264b73", "0x3566cb07"
"R", "0x230ca6"
"W", "0x35df4b", "0x461149fd"
"R", "0x26f19c"
"R", "0x230ca6"
"R", "0x2f61b1"
"R", "0x1b42ba"
"R", "0x1b42ba"
"R", "0x298a40"
"W", "0x3346a7", "0x6acb3c92"
"R", "0x3d030e"
"R", "0x175dc4"
"W", "0x2cc90d", "0x41edf234"
"W", "0x4426d1", "0x48c93821"
"R", "0xb08b9"
"W", "0x30ae03", "0x66bf2729"
"W", "0x207402", "0x29d2a88f"
"R", "0x28e417"
"W", "0x37d1c6", "0x10bf89ba"
"R", "0x23b2cf"
"W", "0x31542c", "0x6815f69e"
"W", "0xb08b9", "0x3a8d3732"
"R", "0x418e2d"
"R", "0x21c054"
"W", "0x21c054", "0x4c2d1ab9"
"R", "0x141ef7"
"W", "0x2d6f36", "0x56853e3e"
"R", "0x1fcdd9"
"W", "0x372b9d", "0x3dc79243"
"R", "0x1d3535"
"W", "0x23b2cf", "0x13b065e7"
"R", "0x1fcdd9"
"R", "0x1803ed"
"W", "0x25a54a", "0x66dc9633"
"R", "0x161172"
"R", "0x230ca6"
"R", "0x33ecd"
"R", "0x33ecd"
"R", "0x2458f8"
"W", "0x22667d", "0x366f55b6"
"W", "0x2a3069", "0x48ce10c5"
"R", "0x4041db"
"R", "0xc550b"
"R", "0x175dc4"
"R", "0x2d6f36"
"R", "0xda15d"
"R", "0x2797c5"
"R", "0x3d030e"
"R", "0x32a07e"
"R", "0x3e4f6"
"W", "0x1378ce", "0x19ad22ce"
"R", "0x87015"
"R", "0x1c8f0c"
"W", "0x1e8187", "0x6dc6e00c"
"W", "0x1d3535", "0x4236cada"
"R", "0x1a9c91"
"W", "0x37d1c6", "0x1ea72931"
"R", "0x3492f9"
"R", "0x4380a8"
"R", "0xda15d"
"W", "0x28e417", "0x57cb2d6f"
"R", "0x103a01"
"R", "0x9163e"
"W", "0x1e8187", "0x3daf2022"
"R", "0x26f19c"
"W", "0xe4786", "0x49611a05"
"R", "0x2cc90d"
"W", "0x5d771", "0x78f96331"
"R", "0x7c9ec"
"R", "0x37d1c6"
"W", "0x3c5ce5", "0x55a99246"
"W", "0xeedaf", "0x5a2740d0"
"W", "0x18aa16", "0x60c6808b"
"R", "0x2ad692"
"W", "0xb08b9", "0x6d27d352"
"W", "0x25a54a", "0x7a0cbe98"
"R", "0x40e804"
"R", "0x418e2d"
"W", "0x2ebb88", "0x6f0b72c8"
"W", "0x3c5ce5", "0x6f660676"
"W", "0x22667d", "0x3f8974cf"
"R", "0x2cc90d"
"R", "0x37d1c6"
"R", "0x32a07e"
"W", "0x298a40", "0x3082afcd"
"W", "0x40e804", "0x4c7fd36d"
"R", "0x35df4b"
"W", "0x3e4f60", "0x2917686"
"R", "0x24ff21"
"W", "0x18aa16", "0x52ab8e03"
"R", "0x372b9d"
"W", "0x3bb6bc", "0x2e9f70c7"
"W", "0x31542c", "0x78b66a12"
"R", "0xf93d8"
"R", "0x723c3"
"R", "0x4041db"
"W", "0x22667d", "0x1ab47048"
"W", "0x32a07e", "0x12c0e979"
"R", "0x31fa55"
"R", "0x3ef589"
"R", "0x3a6a6a"
"R", "0x418e2d"
"W", "0x3da937", "0x481aabd"
"W", "0x46194c", "0x54d0c342"
"R", "0x3ef589"
"R", "0x3d030e"
"W", "0x2f61b1", "0x4169b19c"
"W", "0x1d3535", "0x10a09253"
"W", "0x3a6a6a", "0x60dafcaa"
"W", "0x2e155f", "0xb9555cf"
"W", "0x1378ce", "0x3977ffb"
"W", "0x1b42ba", "0x4b9ed40e"
"W", "0x1e8187", "0x3ff524da"
"W", "0x141ef7", "0x708dc895"
"R", "0x37d1c6"
"R", "0x211a2b"
"R", "0x3e4f60"
"R", "0x3346a7"
"W", "0x32a07e", "0x11642e5a"
"R", "0x9163e"
"W", "0x2f61b1", "0x6cf063b5"
"W", "0x19f668", "0x41947a80"
"R", "0x2f61b1"
"W", "0x22667d", "0x3c9a6446"
"W", "0x53148", "0x79486ce2"
"W", "0x32a07e", "0x280336e5"
"R", "0x2e155f"
"W", "0x3a6a6a", "0x635e4c9f"
"R", "0x53148"
"W", "0x14c520", "0x3c1214a5"
"R", "0x1803ed"
"W", "0x423456", "0x6f4afafb"
"R", "0x23b2cf"
"W", "0x31542c", "0x239a686"
"R", "0x1fcdd9"
"R", "0x3346a7"
"R", "0x141ef7"
"W", "0x3da937", "0x162f961f"
"W", "0x1b42ba", "0x509f45e8"
"W", "0x264b73", "0x286fb355"
"W", "0x31fa55", "0x3ec994ef"
"R", "0xbaee2"
"W", "0x2797c5", "0x3fb046e1"
"W", "0x156b49", "0x7404a0"
"R", "0x230ca6"
"W", "0x2ebb88", "0x67c9d40c"
"W", "0x53148", "0x729a4aa8"
"W", "0x10e02a", "0x6430fc52"
"W", "0xe4786", "0x43b333d8"
"R", "0x3e4f6"
"R", "0x3d030e"
"R", "0x1d3535"
"R", "0x372b9d"
"R", "0x32a07e"
"R", "0xda15d"
"W", "0x2f61b1", "0x2fe2476f"
"R", "0x2d6f36"
"W", "0x423456", "0x45753a96"
"R", "0x1fcdd9"
"W", "0x391e18", "0x28a2b69"
"R", "0x5d771"
"R", "0x156b49"
"R", "0x3ef589"
"W", "0x31fa55", "0xd34efa1"
"W", "0x2b7cbb", "0x5bd87efd"
"W", "0x211a2b", "0x14ed9cd3"
"W", "0x372b9d", "0x5dea66c6"
"R", "0x18aa16"
"R", "0xa6290"
"W", "0x1a9c91", "0x2dd95f29"
"R", "0x19503f"
"R", "0x103a01"
"R", "0x87015"
"W", "0x3bb6bc", "0x477daada"
"R", "0x14c520"
"R", "0x53148"
"R", "0x3007da"
"W", "0x1fcdd9", "0x5731caa2"
"R", "0x18aa16"
"R", "0x156b49"
"W", "0x9bc67", "0x4a8846a6"
"W", "0x122c7c", "0x68a0643"
"R", "0x1c8f0c"
"W", "0x5d771", "0x7eb22d1f"
"W", "0x3877ef", "0x421321e8"
"R", "0x5d771"
"W", "0xcfb34", "0x33509426"
"W", "0x2a3069", "0x42855407"
"W", "0x1e8187", "0x65703bf3"
"R", "0x141ef7"
"R", "0x1f27b0"
"R", "0x19f668"
"R", "0x423456"
"R", "0x2797c5"
"R", "0x3877ef"
"W", "0x3e4f60", "0x1a625a23"
"R", "0x1b42ba"
"W", "0xbaee2", "0x18a91235"
"R", "0x372b9d"
"R", "0x67d9a"
"R", "0x372b9d"
"W", "0x24ff21", "0x12ea70a8"
"W", "0x175dc4", "0x6db71b9a"
"R", "0x2d6f36"
"W", "0x298a40", "0x12ae8d73"
"R", "0x423456"
"R", "0x22667d"
"R", "0x10e02a"
"R", "0x2458f8"
"W", "0x1be8e3", "0x5caef907"
"W", "0x1f27b0", "0x54095cf1"
"W", "0x24ff21", "0x4750f0fe"
"W", "0x1f27b0", "0x265d5025"
"W", "0x10e02a", "0x40dd59c0"
"W", "0x12d2a5", "0x7920e164"
"R", "0xbaee2"
"W", "0x7c9ec", "0x407b7509"
"R", "0x22667d"
"R", "0x33ecd0"
"W", "0x48b1f", "0x1841484d"
"R", "0x1a9c91"
"R", "0x3007da"
"R", "0x67d9a"
"W", "0xf93d8", "0x25c94796"
"W", "0xeedaf", "0x4d224fbc"
"W", "0x31fa55", "0x3ee4723f"
"R", "0x1d3535"
"W", "0x12d2a5", "0x11ed56f2"
"W", "0x32a07e", "0x719b6faf"
"W", "0x12d2a5", "0x3da1dc3a"
"W", "0x2ad692", "0x2d827873"
"W", "0x2cc90d", "0x102b23e3"
"R", "0x32a07e"
"R", "0x12d2a5"
"W", "0x30ae03", "0x18a82f12"
"R", "0x211a2b"
"R", "0x42da7f"
"W", "0x2cc90d", "0x1b4d0585"
"R", "0x18aa16"
"W", "0x30ae03", "0x4760b099"
"W", "0x3877ef", "0x3abca4cd"
"W", "0x25a54a", "0x745b34b1"
"W", "0x3e4f60", "0x6414f8e7"
"R", "0x9bc67"
"R", "0x35df4b"
"W", "0x7c9ec", "0x66d5c564"
"R", "0xc550b"
"R", "0x1fcdd9"
"R", "0x9163e"
"R", "0x1fcdd9"
"W", "0x2e155f", "0x2c24aba1"
"R", "0x1e8187"
"W", "0x207402", "0x6197e20a"
"R", "0x3da937"
"W", "0x3e4f60", "0x560f1803"
"W", "0x423456", "0x7fff4800"
"W", "0x298a4", "0x53bee113"
"R", "0x156b49"
"R", "0x423456"
"R", "0x42da7f"
"W", "0x2c22e4", "0x73276607"
"R", "0x368574"
"W", "0x22667d", "0x1ab79c8d"
"W", "0x118653", "0x2feb4b2c"
"R", "0x103a01"
"W", "0x118653", "0x62cfb033"
"R", "0x3346a7"
"W", "0x418e2d", "0x687ab929"
"W", "0x2c22e4", "0x5cbdde92"
"W", "0x3492f9", "0x6a017733"
"R", "0xcfb34"
"W", "0x31fa55", "0x19c55abe"
"W", "0x103a01", "0x614d44ec"
"R", "0x3da937"
"R", "0xf93d8"
"W", "0x7c9ec", "0x4d3fe443"
"R", "0x31fa55"
"W", "0xb08b9", "0x85080ce"
"W", "0x1fcdd9", "0x632fde74"
"R", "0x118653"
"W", "0x39c441", "0x68bb9bcc"
"R", "0x3bb6bc"
"W", "0x3346a7", "0x269c0bcb"
"R", "0x21c054"
"W", "0x28e417", "0x1ed0ef47"
"R", "0xda15d"
"W", "0xc550b", "0x5183f10d"
"R", "0x1803ed"
"R", "0x19503f"
"W", "0xbaee2", "0x67c1f6ad"
"R", "0x118653"
"R", "0x283dee"
"W", "0x10e02a", "0x3be13567"
"W", "0x22667d", "0x1a09ca54"
"R", "0x418e2d"
"R", "0xcfb34"
"R", "0x2c22e4"
"W", "0x3877ef", "0x3175a3d7"
"R", "0x211a2b"
"W", "0x3bb6bc", "0x1b56eb97"
"R", "0x48b1f"
"R", "0x9bc67"
"W", "0x2458f8", "0x73270ef4"
"W", "0x103a01", "0x23498a36"
"R", "0x10e02a"
"R", "0x1f27b"
"R", "0x103a01"
"R", "0x264b73"
"R", "0x53148"
"R", "0x1c8f0c"
"R", "0x3f9bb2"
"R", "0x53148"
"W", "0xcfb34", "0x27746481"
"W", "0x3f9bb2", "0x62715e1"
"R", "0x2cc90d"
"R", "0x372b9d"
"W", "0x2b7cbb", "0x409ef4e7"
"R", "0x141ef7"
"W", "0x3ef589", "0x4887c1df"
"W", "0x3492f9", "0x360914ed"
"R", "0x2ebb88"
"R", "0xe4786"
"W", "0x207402", "0x54e959fe"
"R", "0x37d1c6"
"R", "0x33ecd0"
"W", "0x67d9a", "0x496979a0"
"R", "0x4380a8"
"W", "0x3877ef", "0x213f01a8"
"R", "0x1f27b0"
"W", "0x30ae03", "0x1824eea5"
"R", "0x207402"
"R", "0x3f9bb2"
"R", "0x2ebb88"
"W", "0x3877ef", "0x1f54cdbb"
"W", "0x1803ed", "0x61072cd7"
"R", "0x2f61b1"
"W", "0xbaee2", "0x4884aaab"
"W", "0x211a2b", "0x5978d6a8"
"R", "0x1e8187"
"R", "0x2d6f36"
"R", "0x418e2d"
"W", "0x156b49", "0x7fcbd333"
"W", "0x211a2b", "0x2bdb555a"
"R", "0x1378ce"
"R", "0x207402"
"W", "0x3346a7", "0x2d643ec6"
"W", "0x19503f", "0x8995130"
"W", "0x39c441", "0x200dd03e"
"W", "0x2cc90d", "0x493f7827"
"R", "0x298a40"
"W", "0x9163e", "0x655ded90"
"W", "0x2ad692", "0xfd43049"
"W", "0x391e18", "0x62e6253a"
"R", "0x25a54a"
"R", "0x122c7c"
"R", "0x1f27b0"
"R", "0x9163e"
"R", "0x161172"
"R", "0x1a9c91"
"R", "0x3bb6bc"
"R", "0x3346a7"
"R", "0xeedaf"
"R", "0xb08b9"
"W", "0x26f19c", "0x2dac5341"
"W", "0xa629", "0x44f83de3"
"R", "0x423456"
"R", "0x2c22e4"
"R", "0x2ad692"
"W", "0x5d771", "0x19e39ece"
"W", "0x2458f8", "0x6f150255"
"R", "0x1fcdd9"
"R", "0xbaee2"
"R", "0x31542c"
"R", "0xeedaf"
"R", "0x25a54a"
"R", "0x1b42ba"
"R", "0x3346a7"
"R", "0xf93d8"
"W", "0x2d6f36", "0x3c2a5845"
"W", "0x423456", "0x17141123"
"R", "0x16b79b"
"W", "0x161172", "0x4f72aef0"
"W", "0x1c8f0c", "0x10205a4"
"W", "0x30ae03", "0x17e7d8ae"
"R", "0x1803ed"
"W", "0x2ebb88", "0x12514462"
"R", "0x1e8187"
"W", "0x16b79b", "0x4b55db93"
"W", "0x1ddb5e", "0x148a8aaf"
"W", "0x2797c5", "0x24f2d13f"
"W", "0x283dee", "0x41addbb9"
"R", "0x3e4f6"
"R", "0x33ecd0"
"W", "0x16b79b", "0x4161847a"
"R", "0x35df4b"
"R", "0x122c7c"
"R", "0x2b7cbb"
"W", "0x3e4f60", "0x7321cea7"
"R", "0x3f9bb2"
"R", "0x391e18"
"W", "0x7c9ec", "0x4fea4407"
"W", "0x32a07e", "0x36b4391f"
"R", "0x1f27b0"
"W", "0x122c7c", "0x44f1750a"
"R", "0x3b1093"
"W", "0x2797c5", "0x57bf1bed"
"R", "0x7c9ec"
"R", "0x3c5ce5"
"W", "0x23b2cf", "0x47c4acbc"
"W", "0x418e2d", "0x78633944"
"W", "0x39c441", "0x631f7400"
"W", "0x2d6f36", "0x72d800b8"
"W", "0x3ef589", "0x7697e105"
"W", "0x1a9c91", "0x60dd499c"
"R", "0xcfb34"
"W", "0x7c9ec", "0x72898f3a"
"R", "0xda15d"
"W", "0x25a54a", "0x48ceac1b"
"R", "0x28e417"
"W", "0x1be8e3", "0x54924d1e"
"W", "0x31542c", "0x49be4568"
"R", "0x2ad692"
"R", "0x298a40"
"W", "0x1e8187", "0x3c4c6749"
"R", "0x141ef7"
"R", "0x9bc67"
"R", "0x3a6a6a"
"W", "0x230ca6", "0x22224d6d"
"R", "0x283dee"
"R", "0x19503f"
"W", "0x1378ce", "0x6ee907dc"
"W", "0x2cc90d", "0x2599d20a"
"R", "0x2cc90d"
"W", "0x22667d", "0x27d1ca2d"
"W", "0x16b79b", "0x437b1974"
"W", "0x175dc4", "0xbedd28"
"W", "0x7c9ec", "0x15109909"
"R", "0xf93d8"
"W", "0x9bc67", "0x2af55a9a"
"W", "0x32a07e", "0xbfa034d"
"R", "0x283dee"
"W", "0x2ad692", "0x211d413d"
"R", "0xf93d8"
"R", "0x5d771"
"R", "0x2e155f"
"W", "0x3e4f6", "0x37b471b4"
"W", "0x2cc90d", "0x6e053060"
"R", "0x264b73"
"W", "0x3da937", "0x161634ea"
"W", "0x37d1c6", "0x63c89da3"
"R", "0x33ecd0"
"R", "0x103a01"
"W", "0x3492f9", "0xe8b5deb"
"R", "0x3346a7"
"W", "0xb08b9", "0x1849f32a"
"R", "0x1d3535"
"R", "0x5d771"
"R", "0x28e417"
"R", "0x230ca6"
"R", "0x37d1c6"
"W", "0x1d3535", "0x4ba73458"
"R", "0x175dc4"
"W", "0x3e4f60", "0x13b9212f"
"R", "0x3a6a6a"
"W", "0x25a54a", "0x5147414d"
"R", "0x2ebb88"
"R", "0x3346a7"
"W", "0x25a54a", "0x6f877d61"
"R", "0x3f9bb2"
"R", "0x19503f"
"R", "0x122c7c"
"R", "0x156b49"
"W", "0x230ca6", "0xa8db97e"
"W", "0x2d6f36", "0x22d1d87f"
"R", "0xe4786"
"W", "0x3c5ce5", "0x39c1f3c9"
"R", "0x3d030e"
"W", "0x264b73", "0xa1f0f24"
"W", "0x283dee", "0x4346b96c"
"W", "0x19503f", "0x5b006ad0"
"W", "0x39c441", "0x287b68c6"
"R", "0x1d3535"
"R", "0x3ef589"
"R", "0x3bb6bc"
"W", "0xcfb34", "0x72bf1349"
"R", "0x10e02a"
"W", "0x1e8187", "0x337031e0"
"R", "0xa6290"
"W", "0x23b2cf", "0x44e84c2d"
"W", "0x19503f", "0x7ef713e0"
"R", "0xb08b9"
"W", "0x141ef7", "0xea66885"
"R", "0x161172"
"R", "0x1fcdd9"
"W", "0x2b7cbb", "0x336cd763"
"W", "0x2f61b1", "0x70aa000f"
"R", "0x156b49"
"R", "0x156b49"
"W", "0x40e804", "0x314c3ee7"
"W", "0x37d1c6", "0x700ca6ce"
"R", "0x35df4b"
"W", "0x283dee", "0x13adb52f"
"W", "0x723c3", "0x762f8639"
"W", "0x9163e", "0x2554f037"
"R", "0x67d9a"
"W", "0x31fa55", "0x68d37230"
"W", "0x161172", "0x5ae9380b"
"R", "0x1f27b0"
"W", "0x9163e", "0x6e6f9f45"
"W", "0x35df4b", "0x180519ce"
"W", "0x24ff21", "0x24af6556"
"W", "0x423456", "0x395c93ba"
"W", "0xf93d8", "0x7374ab2d"
"W", "0x28e417", "0xffd3a0b"
"R", "0x1b42ba"
"R", "0xe4786"
"R", "0x3e4f6"
"W", "0x368574", "0xca89460"
"W", "0x25a54a", "0x1dec58b8"
"W", "0x33ecd0", "0x5f6a8584"
"W", "0x3f9bb2", "0x31367880"
"W", "0x391e18", "0x6e5ffd56"
"R", "0x2ebb88"
"W", "0x48b1f", "0x2a53d8e6"
"R", "0x3b1093"
"W", "0x368574", "0x7f48f958"
"R", "0x23b2cf"
"R", "0x10e02a"
"W", "0xcfb34", "0x266aa879"
"W", "0x3c5ce5", "0x3364b58"
"R", "0x2cc90d"
"R", "0xeedaf"
"R", "0x418e2d"
"R", "0x42da7f"
"R", "0x723c3"
"R", "0x32a07e"
"W", "0x264b73", "0x4085ad69"
"R", "0x1f27b0"
"R", "0x1d3535"
"W", "0x2a3069", "0x5f04de18"
"R", "0x3bb6bc"
"R", "0x1c8f0c"
"R", "0x1c8f0c"
"R", "0x3d030e"
"W", "0x46194c", "0x387fda24"
"R", "0x26f19c"
"R", "0x372b9d"
"W", "0x12d2a5", "0x7a780f77"
"R", "0x723c3"
"W", "0x37d1c6", "0x24457db6"
"W", "0x12d2a5", "0x15f79d6a"
"R", "0xbaee2"
"W", "0xbaee2", "0x741e126a"
"R", "0x391e18"
"W", "0x156b49", "0x3b5d764f"
"W", "0x23b2cf", "0xf5557dc"
"W", "0x141ef7", "0x58fdd3f2"
"W", "0x2c22e4", "0x5e239774"
"W", "0x40e804", "0x4b17cd3d"
"R", "0x25a54a"
"R", "0xe4786"
"W", "0x24ff21", "0x309dbdb5"
"W", "0x1a9c91", "0x497a041e"
"R", "0xbaee2"
"R", "0x4380a8"
"R", "0xda15d"
"W", "0xb08b9", "0x35292a78"
"R", "0x4426d1"
"W", "0x18aa16", "0x16c6eff6"
"R", "0x391e18"
"R", "0x9163e"
"R", "0x2797c5"
"W", "0x1e8187", "0x7885a480"
"W", "0x3bb6bc", "0x6da647f0"
"W", "0x40e804", "0x782ffe2d"
"W", "0x28e417", "0x6ab9ba8e"
"W", "0x2ebb88", "0x332106d1"
"W", "0x3b1093", "0x34edad7b"
"W", "0x3a6a6a", "0x32286b94"
"W", "0x40e804", "0x2afdaba6"
"W", "0x122c7c", "0x6ea54785"
"R", "0x1fcdd9"
"R", "0x1c8f0c"
"W", "0x4380a8", "0x72313aba"
"W", "0x31542c", "0x77d93168"
"W", "0xcfb34", "0x22d49ec"
"W", "0x53148", "0x6ba8ae27"
"W", "0x230ca6", "0x30e45971"
"W", "0x26f19c", "0x2c6b75f5"
"R", "0x19f668"
"R", "0x3877ef"
"R", "0x33ecd"
"W", "0x4041db", "0x779f7323"
"R", "0x211a2b"
"W", "0x2ebb88", "0xb425296"
"W", "0x391e18", "0x364d2aa2"
"W", "0x26f19c", "0x5263451b"
"R", "0x298a4"
"W", "0x9bc67", "0x5fb78e1a"
"W", "0x2f61b1", "0x4f587aca"
"R", "0x1f27b0"
"R", "0x211a2b"
"W", "0x3e4f60", "0x2ed8811f"
"R", "0x2458f8"
"W", "0x3f9bb2", "0x51cd7b1"
"W", "0x30ae03", "0x32e8f137"
"R", "0x1c8f0c"
"W", "0x35df4b", "0x10d00c4c"
"W", "0x3f9bb2", "0x372c0688"
"R", "0xc550b"
"R", "0xb08b9"
"R", "0x283dee"
"R", "0x2d6f36"
"R", "0x32a07e"
"W", "0xa6290", "0x29bf1128"
"W", "0x22667d", "0x981f2fe"
"W", "0x1a9c91", "0x4cb0fbcc"
"R", "0x298a40"
"W", "0x3492f9", "0x70dd7db3"
"R", "0x10e02a"
"W", "0x1be8e3", "0x7c45b3e1"
"W", "0x3007da", "0x64c15dfd"
"R", "0xb08b9"
"W", "0x1d3535", "0x49d00f73"
"R", "0x2b7cbb"
"W", "0x1e8187", "0x7127065"
"R", "0x175dc4"
"W", "0x3e4f60", "0x15fa2b40"
"R", "0x19503f"
"W", "0x9bc67", "0x3e0f4c47"
"W", "0x28e417", "0x69126c81"
"R", "0x39c441"
"R", "0x24ff21"
"W", "0x3e4f60", "0x529eee8e"
"R", "0x2ad692"
"W", "0x31fa55", "0x3aa427f0"
"W", "0x4041db", "0xb6ef91"
"R", "0x67d9a"
"W", "0x1d3535", "0x30c0b2ff"
"W", "0x368574", "0x2a47d884"
"R", "0x28e417"
"W", "0x2cc90d", "0x173ea1c1"
"W", "0x175dc4", "0x6a9366ad"
"R", "0xda15d"
"W", "0x211a2b", "0x473c08fb"
"W", "0x16b79b", "0x2f1a76e3"
"R", "0x22667d"
"W", "0x1b42ba", "0x34031689"
"W", "0x1be8e3", "0x1f374011"
"R", "0x353922"
"W", "0x723c3", "0x51655435"
"W", "0x28e417", "0x410abfb6"
"W", "0x1f27b", "0x63ceee65"
"R", "0x2e155f"
"W", "0xa6290", "0x491755ed"
"W", "0x4041db", "0x7becce07"
"W", "0x2797c5", "0x5bbe593"
"W", "0x40e804", "0x5267742f"
"R", "0x39c441"
"R", "0x2a3069"
"R", "0xa6290"
"W", "0x2a3069", "0x57e1c246"
"R", "0x2a3069"
"R", "0x4380a8"
"R", "0x3f9bb2"
"R", "0x16b79b"
"W", "0xeedaf", "0x33eadb76"
"R", "0x3a6a6a"
"R", "0x23b2cf"
"W", "0x33ecd", "0x14eae333"
"R", "0xa629"
"W", "0xe4786", "0x3abf873c"
"R", "0x3e4f60"
"W", "0x1803ed", "0x79629e56"
"W", "0x1c8f0c", "0x246c973"
"W", "0x19f668", "0x2f2aebd2"
"W", "0x372b9d", "0x39626649"
"W", "0x4426d1", "0x66729e8b"
"W", "0x31542c", "0x16b9dd90"
"R", "0x391e18"
"R", "0x175dc4"
"R", "0x298a40"
"R", "0xb08b9"
"R", "0x4380a8"
"R", "0x175dc4"
"R", "0x19f668"
"W", "0x31fa55", "0x40a4aa3d"
"R", "0x37d1c6"
"W", "0x3c5ce5", "0x17ff2b63"
"W", "0x1c8f0c", "0x223d6be2"
"R", "0xa6290"
"R", "0x30ae03"
"W", "0x1803ed", "0x5c6cdc3"
"W", "0x211a2b", "0x20a21df6"
"R", "0x4426d1"
"W", "0x1ddb5e", "0x5c41df2b"
"R", "0x2f61b1"
"R", "0x31fa55"
"W", "0x5d771", "0x3854091d"
"R", "0x368574"
"R", "0x31fa55"
"R", "0xc550b"
"R", "0x33ecd"
"W", "0x156b49", "0x1e30929d"
"W", "0x1a9c91", "0x530778fd"
"R", "0x118653"
"W", "0x87015", "0x302be526"
"W", "0x2cc90d", "0x9b8a0cc"
"W", "0x2d6f36", "0x6bbb1b"
"W", "0x19503f", "0x38f5242d"
"W", "0x1be8e3", "0x3734ee6d"
"W", "0x161172", "0x365cb09a"
"R", "0x3bb6bc"
"R", "0x423456"
"W", "0xda15d", "0x4cf30253"
"W", "0x42da7f", "0x7e97e450"
"W", "0x48b1f", "0xc97a41d"
"R", "0x23b2cf"
"R", "0xda15d"
"R", "0xb08b9"
"R", "0x2a3069"
"W", "0x22667d", "0x74713653"
"R", "0x2f61b1"
"R", "0xeedaf"
"R", "0x264b73"
"W", "0x175dc4", "0x1b50c9c4"
"W", "0x3492f9", "0x6e1e3651"
"W", "0x24ff21", "0x66905ac6"
"R", "0x391e18"
"R", "0x3492f9"
"R", "0x1378ce"
"R", "0x35df4b"
"W", "0x30ae03", "0x63268ac7"
"W", "0x2d6f36", "0xbec28f"
"W", "0x67d9a", "0x7df655bb"
"W", "0x2a3069", "0x4d7e8aa3"
"W", "0x35df4b", "0x225666d7"
"W", "0x2ebb88", "0x7bf92df7"
"W", "0x2c22e4", "0x6344ab11"
"R", "0x16b79b"
"W", "0x1c8f0c", "0x78ac5c74"
"R", "0x118653"
"W", "0x30ae03", "0x7a66fe94"
"R", "0x9163e"
"R", "0x3b1093"
"R", "0x26f19c"
"R", "0x207402"
"R", "0x1803ed"
"W", "0xa6290", "0x1059f88d"
"R", "0x33ecd"
"W", "0x298a4", "0x3ea28bcd"
"W", "0xbaee2", "0x587eb23e"
"R", "0x156b49"
"R", "0x161172"
"W", "0x3c5ce5", "0x3a176300"
"W", "0x19503f", "0x1b5ba0ac"
"W", "0x87015", "0x3260e039"
"R", "0x2cc90d"
"W", "0x21c054", "0x57835aa4"
"W", "0xb08b9", "0x5ba5c82e"
"R", "0x24ff21"
"W", "0x42da7f", "0x1a963168"
"W", "0x3ef589", "0x5a39f6d4"
"W", "0x156b49", "0x5e756b23"
"R", "0x1be8e3"
"W", "0xcfb34", "0x6f5af447"
"W", "0x118653", "0x21bddac3"
"R", "0xeedaf"
"R", "0x9163e"
"W", "0x5d771", "0x354abfdb"
"W", "0x1a9c91", "0xb7617b6"
"R", "0x2f61b1"
"R", "0x21c054"
"R", "0x24ff21"
"W", "0x19f668", "0x13105930"
"W", "0x2ad692", "0x732ce68f"
"R", "0x264b73"
"R", "0x161172"
"W", "0x1fcdd9", "0x279ce32f"
"R", "0x33ecd0"
"R", "0xf93d8"
"R", "0x87015"
"W", "0x3492f9", "0x4632ea71"
"W", "0x1fcdd9", "0x27552780"
"R", "0x3a6a6a"
"R", "0x2797c5"
"W", "0x103a01", "0x7c3774da"
"W", "0x1ddb5e", "0x47b6cc09"
"R", "0x16b79b"
"R", "0x2458f8"
"W", "0x16b79b", "0x58459b18"
"R", "0x103a01"
"W", "0x2f61b1", "0x6d1092b7"
"R", "0x4041db"
"W", "0xe4786", "0x5bed234f"
"R", "0xb08b9"
"W", "0x42da7f", "0x11c2e90a"
"R", "0x368574"
"W", "0x2797c5", "0xb230d3b"
"R", "0x1fcdd9"
"W", "0x16b79b", "0x33a417f"
"W", "0x48b1f", "0x6bed88bf"
"R", "0xc550b"
"R", "0x1f27b0"
"R", "0x2ad692"
"R", "0xcfb34"
"R", "0x1e8187"
"R", "0x3c5ce5"
"W", "0x122c7c", "0x47aa7720"
"W", "0x423456", "0x6574d6a4"
"R", "0x723c3"
"W", "0x103a01", "0xcc858ed"
"W", "0x207402", "0x5da28387"
"W", "0x39c441", "0x65df102d"
"W", "0x1ddb5e", "0x571a1dce"
"R", "0x42da7f"
"R", "0x40e804"
"R", "0x1ddb5e"
"W", "0x1a9c91", "0x637832d8"
"W", "0x211a2b", "0x424a73d5"
"W", "0x2b7cbb", "0x2108558b"
"R", "0x723c3"
"W", "0x2e155f", "0x7c04ee22"
"W", "0x25a54a", "0x122b1bd8"
"R", "0x14c520"
"W", "0x372b9d", "0x2cafaec3"
"W", "0x3e4f60", "0x4843a49c"
"W", "0x16b79b", "0x4fe45ece"
"W", "0xc550b", "0x6f3f6d39"
"R", "0x37d1c6"
"W", "0x3e4f6", "0x6a81fb38"
"W", "0x22667d", "0x3b884cfe"
"W", "0x1a9c91", "0x692dc479"
"R", "0x2e155f"
"R", "0x122c7c"
"R", "0x1f27b0"
"W", "0x1fcdd9", "0x247be591"
"W", "0x2cc90d", "0x165faa8c"
"R", "0x3c5ce5"
"W", "0x33ecd0", "0x3e58a7f"
"R", "0x26f19c"
"R", "0xa6290"
"R", "0xc550b"
"W", "0x1c8f0c", "0x63e234e2"
"R", "0x2a3069"
"W", "0x35df4b", "0x5859063e"
"R", "0x1378ce"
"W", "0x9163e", "0x55eac448"
"R", "0x298a4"
"R", "0x18aa16"
"R", "0x723c3"
"R", "0x283dee"
"W", "0x423456", "0x58bfa03"
"R", "0x4380a8"
"W", "0x1378ce", "0x5ce4ba31"
"R", "0x230ca6"
"W", "0x53148", "0x739e0fbe"
"R", "0x10e02a"
"W", "0x457323", "0x11e30bbd"
"R", "0x2c22e4"
"W", "0x1be8e3", "0x79df994c"
"W", "0xcfb34", "0x56f1bb82"
"R", "0xc550b"
"R", "0x3877ef"
"R", "0x19503f"
"W", "0x48b1f", "0x58e165ba"
"W", "0x33ecd0", "0x2a569b79"
"R", "0x39c441"
"R", "0x67d9a"
"W", "0x1d3535", "0x121dd3ad"
"W", "0x67d9a", "0x66474fec"
"W", "0x19503f", "0x28286264"
"R", "0x21c054"
"R", "0x418e2d"
"R", "0x3da937"
"R", "0x3b1093"
"W", "0x2a3069", "0x777bd007"
"R", "0x2ad692"
"R", "0x3c5ce5"
"R", "0x161172"
"W", "0x14c52", "0x38513c5c"
"R", "0x9bc67"
"R", "0x48b1f"
"W", "0x2ebb88", "0x1f2ada9b"
"R", "0x33ecd0"
"W", "0x5d771", "0x951817d"
"R", "0x87015"
"W", "0xeedaf", "0x48a4d3aa"
"R", "0x4380a8"
"W", "0x298a40", "0x7d8591fe"
"W", "0x3f9bb2", "0x3875662c"
"W", "0xe4786", "0x26866ee"
"W", "0x298a40", "0x604a5b3"
"R", "0x87015"
"W", "0x3346a7", "0xb28d8b6"
"R", "0x3b1093"
"R", "0x3b1093"
"R", "0x391e18"
"R", "0x2797c5"
"R", "0xda15d"
"R", "0x3346a7"
"R", "0x3a6a6a"
"W", "0x10e02a", "0x1cf04cdf"
"R", "0x230ca6"
"W", "0x141ef7", "0x541c8caa"
"W", "0xbaee2", "0x38aa8ac4"
"R", "0x33ecd0"
"W", "0x3346a7", "0x297f60af"
"W", "0x0", "0x7526aa4d"
"R", "0x1e8187"
"W", "0x391e18", "0x406172b4"
"R", "0x3d030e"
"R", "0x3492f9"
"R", "0x723c3"
"W", "0x3346a7", "0x5ac685aa"
"R", "0x1be8e3"
"R", "0x2d6f36"
"R", "0x39c441"
"W", "0x1c8f0c", "0x1f6e718a"
"R", "0x21c054"
"W", "0x156b49", "0x840e9ef"
"W", "0x3492f9", "0x30cda2bd"
"W", "0x32a07e", "0x687e6a73"
"R", "0x31542c"
"R", "0x103a01"
"W", "0x2e155f", "0x47f65cf1"
"W", "0x207402", "0x3eb3cce4"
"R", "0x1b42ba"
"W", "0x10e02a", "0x2136e169"
"R", "0x4426d1"
"W", "0x28e417", "0x239ad420"
"W", "0x3c5ce5", "0x252484f"
"W", "0x5d771", "0x56a6d3c2"
"W", "0x42da7f", "0x6ad87d38"
"W", "0x1be8e3", "0x62a0481e"
"W", "0x353922", "0x5ebe1313"
"W", "0x31fa55", "0xe8bfe72"
"R", "0x391e18"
"R", "0x118653"
"R", "0x230ca6"
"R", "0x18aa16"
"R", "0x1ddb5e"
"R", "0x19503f"
"R", "0x7c9ec"
"W", "0x21c054", "0x67f59db5"
"R", "0xf93d8"
"W", "0x39c441", "0x2cf76ee5"
"R", "0x211a2b"
"W", "0x87015", "0x15a4a98"
"R", "0x122c7c"
"W", "0x23b2cf", "0x130f6165"
"R", "0x1ddb5e"
"W", "0x24ff21", "0x313db2b4"
"W", "0x1378ce", "0x7ec8b5a4"
"W", "0x4380a8", "0x22422736"
"R", "0x372b9d"
"R", "0x2a3069"
"R", "0x0"
"R", "0x24ff21"
"R", "0x207402"
"W", "0x30ae03", "0x4788021d"
"R", "0x21c054"
"R", "0x16b79b"
"R", "0x391e18"
"W", "0x156b49", "0x5c3263a2"
"R", "0x372b9d"
"W", "0x35df4b", "0x28f773b1"
"R", "0x1e8187"
"W", "0x161172", "0x4ed974a5"
"R", "0x21c054"
"W", "0x264b73", "0x2afb20a1"
"W", "0x3d030e", "0x3c1aaeab"
"R", "0x2f61b1"
"W", "0x3492f9", "0x38607b22"
"W", "0x3e4f60", "0x1b3444"
"R", "0x368574"
"R", "0x24ff21"
"W", "0x723c3", "0x328a8f6e"
"R", "0x3e4f60"
"W", "0xe4786", "0x42b14675"
"W", "0x1378ce", "0x45eb2c83"
"W", "0x161172", "0x182a567e"
"R", "0x2c22e4"
"R", "0x4380a8"
"W", "0x2e155f", "0xf4d7b39"
"R", "0x3e4f60"
"W", "0x3d030e", "0x52e0634e"
"R", "0x2a3069"
"R", "0x35df4b"
"R", "0x3ef589"
"R", "0x4380a8"
"R", "0x28e417"
"W", "0x16b79b", "0xaebe72a"
"R", "0x3007da"
"R", "0x3b1093"
"R", "0x39c441"
"W", "0x118653", "0x25aa5a6e"
"R", "0x2797c5"
"W", "0x118653", "0x322d748"
"W", "0x2458f8", "0xaecab51"
"W", "0x10e02a", "0x6e639bac"
"W", "0xcfb34", "0x6b54dce0"
"W", "0xb08b9", "0x59db596d"
"R", "0x3e4f60"
"R", "0x26f19c"
"W", "0x33ecd0", "0x449fdbf9"
"W", "0x1fcdd9", "0x5eb7b778"
"R", "0x14c520"
"W", "0x33ecd0", "0x45138a4f"
"R", "0x2c22e4"
"R", "0xf93d8"
"W", "0x23b2cf", "0x7add7b82"
"R", "0x1c8f0c"
"R", "0x2a3069"
"R", "0x48b1f"
"R", "0x42da7f"
"W", "0x3bb6bc", "0x1a5059e5"
"W", "0x18aa16", "0x144b32ad"
"W", "0x372b9d", "0x5eebc7b"
"R", "0x3492f9"
"W", "0x2c22e4", "0x48eea1c8"
"R", "0x44ccfa"
"W", "0x16b79b", "0x5a7a7679"
"R", "0x391e18"
"R", "0x3e4f60"
"W", "0x32a07e", "0x4f3e7bf7"
"W", "0x2a3069", "0x13c0e23b"
"R", "0x1be8e3"
"R", "0x353922"
"R", "0x1ddb5e"
"R", "0x19f668"
"R", "0x141ef7"
"W", "0x2c22e4", "0x7574dc19"
"R", "0x31542c"
"R", "0x161172"
"R", "0x40e804"
"R", "0x207402"
"R", "0x2e155f"
"R", "0x37d1c6"
"W", "0x2cc90d", "0x7971013f"
"R", "0x31fa55"
"R", "0x42da7f"
"R", "0x12d2a5"
"R", "0x39c441"
"W", "0x122c7c", "0x4dd6c2ec"
"R", "0x2a3069"
"W", "0x53148", "0x6438e6c9"
"R", "0x31fa55"
"W", "0x2797c5", "0x36b0567d"
"W", "0x3f9bb2", "0x423cadf1"
"W", "0x1ddb5e", "0x23411813"
"W", "0x1803ed", "0x55177776"
"R", "0x207402"
"R", "0x2b7cbb"
"W", "0x53148", "0x2f8da7b1"
"W", "0x368574", "0x50e52b6"
"R", "0x4426d1"
"W", "0x39c441", "0x63bed301"
"R", "0x12d2a5"
"R", "0x2797c5"
"R", "0x423456"
"W", "0x298a40", "0x31d808fc"
"W", "0xb08b9", "0xd832538"
"W", "0x24ff21", "0x38e0df3e"
"W", "0x87015", "0x38489f42"
"W", "0x2c22e4", "0x67019557"
"R", "0x1d3535"
"R", "0x1e8187"
"R", "0x2b7cbb"
"R", "0x2458f8"