R, 15860
R, 15864
R, 15868
R, 15872
R, 15876
R, 15876
R, 15880
R, 15880
R, 15884
R, 15888
R, 15892
R, 15896
R, 15900
R, 15904
R, 15908
R, 15912
R, 15916
R, 15920
R, 15924
R, 15924
R, 15928
R, 15932
R, 15936
R, 15940
R, 15944
R, 15944
R, 15948
R, 15952
R, 15956
R, 15960
R, 15964
R, 15968
R, 15972
R, 15976
R, 15980
R, 15984
R, 15988
R, 15992
R, 15996
R, 16000
R, 16004
R, 16004
R, 16008
R, 16012
R, 16016
R, 16020
R, 16024
R, 16028
R, 16032
R, 16036
R, 16040
R, 16044
R, 16048
R, 16052
R, 16056
R, 16060
R, 16064
R, 16068
R, 16072
R, 16076
R, 16080
R, 16084
R, 16088
R, 16092
R, 16096
R, 16100
R, 16104
R, 16108
R, 16112
R, 16116
R, 16120
R, 16124
R, 16128
R, 16132
R, 16136
R, 16140
R, 16144
R, 16148
R, 16152
R, 16156
R, 16160
R, 16164
R, 16168
R, 16172
R, 16176
R, 16180
R, 16184
R, 16188
R, 16192
R, 16196
R, 16200
R, 16204
R, 16208
R, 16212
R, 16216
R, 16220
R, 16224
R, 16228
R, 16232
R, 16236
R, 16240
R, 16244
R, 16248
R, 16252
R, 16256
R, 16260
R, 16264
R, 16268
R, 16272
R, 16276
R, 16280
R, 16284
R, 16288
R, 16292
R, 16296
R, 16300
R, 16304
R, 16308
R, 16312
R, 16316
R, 16320
R, 16324
R, 16328
R, 16332
R, 16336
R, 16340
R, 16344
R, 16348
R, 16352
R, 16356
R, 16360
R, 16364
R, 16368
R, 16372
R, 16376
R, 16380
R, 16384
R, 16388
R, 16392
R, 16396
R, 16400
R, 16404
R, 16408
R, 16412
R, 16416
R, 16420
R, 16424
R, 16428
R, 16432
R, 16436
R, 16440
R, 16444
R, 16448
R, 16452
R, 16456
R, 16460
R, 16464
R, 16468
R, 16472
R, 16476
R, 16480
R, 16484
R, 16488
R, 16492
R, 16496
R, 16500
R, 16504
R, 16508
R, 16512
R, 16516
R, 16520
R, 16524
R, 16528
R, 16532
R, 16536
R, 16540
R, 16544
R, 16548
R, 16552
R, 16556
R, 16560
R, 16564
R, 16568
R, 16572
R, 16576
R, 16580
R, 16584
R, 16588
R, 16592
R, 16596
R, 16600
R, 16604
R, 16608
R, 16612
R, 16616
R, 16620
R, 16624
R, 16628
R, 16632
R, 16636
R, 16640
R, 16644
R, 16648
R, 16652
R, 16656
R, 16660
R, 16664
R, 16668
R, 16672
R, 16676
R, 16680
R, 16684
R, 16688
R, 16692
R, 16696
R, 16700
R, 16704
R, 16708
R, 16712
R, 16716
R, 16720
R, 16724
R, 16728
R, 16732
R, 16736
R, 16740
R, 16744
R, 16748
R, 16752
R, 16756
R, 16760
R, 16764
R, 16768
R, 16772
R, 16776
R, 16780
R, 16784
R, 16788
R, 16792
R, 16796
R, 16800
R, 16804
R, 16808
R, 16812
R, 16816
R, 16820
R, 16824
R, 16828
R, 16832
R, 16836
R, 16840
R, 16844
R, 16848
R, 16852
R, 16856
R, 16860
R, 16864
R, 16868
R, 16872
R, 16876
R, 16880
W, 16004, 2514
W, 15860, -4991
R, 15864
R, 15868
R, 15868
R, 15872
R, 15876
R, 15876
R, 15880
R, 15880
R, 15884
R, 15888
R, 15892
R, 15896
R, 15900
R, 15904
R, 15908
R, 15912
R, 15916
R, 15920
R, 15924
R, 15924
R, 15928
R, 15932
R, 15936
R, 15940
R, 15944
R, 15944
R, 15948
R, 15952
R, 15956
R, 15960
R, 15964
R, 15968
R, 15972
R, 15976
R, 15980
R, 15984
R, 15988
R, 15992
R, 15996
R, 16000
R, 16004
R, 16008
R, 16012
R, 16016
R, 16020
R, 16024
R, 16028
R, 16032
R, 16036
R, 16040
R, 16044
R, 16048
R, 16052
R, 16056
R, 16060
R, 16064
R, 16068
R, 16072
R, 16076
R, 16080
R, 16084
R, 16088
R, 16092
R, 16096
R, 16100
R, 16104
R, 16108
R, 16112
R, 16116
R, 16120
R, 16124
R, 16128
R, 16132
R, 16136
R, 16140
R, 16144
R, 16148
R, 16148
R, 16152
R, 16156
R, 16160
R, 16164
R, 16168
R, 16172
R, 16176
R, 16180
R, 16184
R, 16188
R, 16192
R, 16196
R, 16200
R, 16204
R, 16208
R, 16212
R, 16216
R, 16220
R, 16224
R, 16228
R, 16232
R, 16236
R, 16240
R, 16244
R, 16248
R, 16252
R, 16256
R, 16260
R, 16264
R, 16268
R, 16272
R, 16276
R, 16280
R, 16284
R, 16288
R, 16292
R, 16296
R, 16300
R, 16304
R, 16308
R, 16312
R, 16316
R, 16320
R, 16324
R, 16328
R, 16332
R, 16336
R, 16340
R, 16344
R, 16348
R, 16352
R, 16356
R, 16360
R, 16364
R, 16368
R, 16372
R, 16376
R, 16380
R, 16384
R, 16388
R, 16392
R, 16396
R, 16400
R, 16404
R, 16408
R, 16412
R, 16416
R, 16420
R, 16424
R, 16428
R, 16432
R, 16436
R, 16440
R, 16444
R, 16448
R, 16452
R, 16456
R, 16460
R, 16464
R, 16468
R, 16472
R, 16476
R, 16480
R, 16484
R, 16488
R, 16492
R, 16496
R, 16500
R, 16504
R, 16508
R, 16512
R, 16516
R, 16520
R, 16524
R, 16528
R, 16532
R, 16536
R, 16540
R, 16544
R, 16548
R, 16552
R, 16556
R, 16560
R, 16564
R, 16568
R, 16572
R, 16576
R, 16580
R, 16584
R, 16588
R, 16592
R, 16596
R, 16600
R, 16604
R, 16608
R, 16612
R, 16616
R, 16620
R, 16624
R, 16628
R, 16632
R, 16636
R, 16640
R, 16644
R, 16648
R, 16652
R, 16656
R, 16660
R, 16664
R, 16668
R, 16672
R, 16676
R, 16680
R, 16684
R, 16688
R, 16692
R, 16696
R, 16700
R, 16704
R, 16708
R, 16712
R, 16716
R, 16720
R, 16724
R, 16728
R, 16732
R, 16736
R, 16740
R, 16744
R, 16748
R, 16752
R, 16756
R, 16760
R, 16764
R, 16768
R, 16772
R, 16776
R, 16780
R, 16784
R, 16788
R, 16792
R, 16796
R, 16800
R, 16804
R, 16808
R, 16812
R, 16816
R, 16820
R, 16824
R, 16828
R, 16832
R, 16836
R, 16840
R, 16844
R, 16848
R, 16852
R, 16856
R, 16860
R, 16864
R, 16868
R, 16872
R, 16876
R, 16880
W, 16148, 4149
W, 15864, -4978
R, 15868
R, 15872
R, 15876
R, 15876
R, 15880
R, 15880
R, 15884
R, 15888
R, 15892
R, 15896
R, 15900
R, 15904
R, 15908
R, 15912
R, 15916
R, 15920
R, 15924
R, 15924
R, 15928
R, 15932
R, 15936
R, 15940
R, 15944
R, 15944
R, 15948
R, 15952
R, 15956
R, 15960
R, 15964
R, 15968
R, 15972
R, 15976
R, 15980
R, 15984
R, 15988
R, 15992
R, 15996
R, 16000
R, 16004
R, 16008
R, 16012
R, 16016
R, 16020
R, 16024
R, 16028
R, 16032
R, 16036
R, 16040
R, 16044
R, 16048
R, 16052
R, 16056
R, 16060
R, 16064
R, 16068
R, 16072
R, 16076
R, 16080
R, 16084
R, 16088
R, 16092
R, 16096
R, 16100
R, 16104
R, 16108
R, 16112
R, 16116
R, 16120
R, 16124
R, 16128
R, 16132
R, 16136
R, 16140
R, 16144
R, 16148
R, 16152
R, 16156
R, 16160
R, 16164
R, 16168
R, 16172
R, 16176
R, 16180
R, 16184
R, 16188
R, 16192
R, 16196
R, 16200
R, 16204
R, 16208
R, 16212
R, 16216
R, 16220
R, 16224
R, 16228
R, 16232
R, 16236
R, 16240
R, 16244
R, 16248
R, 16252
R, 16256
R, 16260
R, 16264
R, 16268
R, 16272
R, 16276
R, 16280
R, 16284
R, 16288
R, 16292
R, 16296
R, 16300
R, 16304
R, 16308
R, 16312
R, 16316
R, 16320
R, 16324
R, 16328
R, 16332
R, 16336
R, 16340
R, 16344
R, 16348
R, 16352
R, 16356
R, 16360
R, 16364
R, 16368
R, 16372
R, 16376
R, 16380
R, 16384
R, 16388
R, 16392
R, 16396
R, 16400
R, 16404
R, 16408
R, 16412
R, 16416
R, 16420
R, 16424
R, 16428
R, 16432
R, 16436
R, 16440
R, 16444
R, 16448
R, 16452
R, 16456
R, 16460
R, 16464
R, 16468
R, 16472
R, 16476
R, 16480
R, 16484
R, 16488
R, 16492
R, 16496
R, 16500
R, 16504
R, 16508
R, 16512
R, 16516
R, 16520
R, 16524
R, 16528
R, 16532
R, 16536
R, 16536
R, 16540
R, 16544
R, 16548
R, 16552
R, 16556
R, 16560
R, 16564
R, 16568
R, 16572
R, 16576
R, 16580
R, 16584
R, 16588
R, 16592
R, 16596
R, 16600
R, 16604
R, 16608
R, 16612
R, 16616
R, 16620
R, 16624
R, 16628
R, 16632
R, 16636
R, 16640
R, 16644
R, 16648
R, 16652
R, 16656
R, 16660
R, 16664
R, 16668
R, 16672
R, 16676
R, 16680
R, 16684
R, 16688
R, 16692
R, 16696
R, 16700
R, 16704
R, 16708
R, 16712
R, 16716
R, 16720
R, 16724
R, 16728
R, 16732
R, 16736
R, 16740
R, 16744
R, 16748
R, 16752
R, 16756
R, 16760
R, 16764
R, 16768
R, 16772
R, 16776
R, 16780
R, 16784
R, 16788
R, 16792
R, 16796
R, 16800
R, 16804
R, 16808
R, 16812
R, 16816
R, 16820
R, 16824
R, 16828
R, 16832
R, 16836
R, 16840
R, 16844
R, 16848
R, 16852
R, 16856
R, 16860
R, 16864
R, 16868
R, 16872
R, 16876
R, 16880
W, 16536, 2638
W, 15868, -4963
R, 15872
R, 15876
R, 15876
R, 15880
R, 15880
R, 15884
R, 15888
R, 15892
R, 15896
R, 15900
R, 15904
R, 15908
R, 15912
R, 15916
R, 15920
R, 15924
R, 15924
R, 15928
R, 15932
R, 15936
R, 15940
R, 15944
R, 15944
R, 15948
R, 15952
R, 15956
R, 15960
R, 15964
R, 15968
R, 15972
R, 15976
R, 15980
R, 15984
R, 15988
R, 15992
R, 15996
R, 16000
R, 16004
R, 16008
R, 16012
R, 16016
R, 16020
R, 16024
R, 16028
R, 16032
R, 16036
R, 16040
R, 16044
R, 16048
R, 16052
R, 16056
R, 16060
R, 16064
R, 16068
R, 16072
R, 16076
R, 16080
R, 16084
R, 16088
R, 16092
R, 16096
R, 16100
R, 16104
R, 16108
R, 16112
R, 16116
R, 16120
R, 16124
R, 16128
R, 16132
R, 16136
R, 16140
R, 16144
R, 16148
R, 16152
R, 16156
R, 16160
R, 16164
R, 16168
R, 16172
R, 16176
R, 16180
R, 16184
R, 16188
R, 16192
R, 16196
R, 16200
R, 16204
R, 16208
R, 16212
R, 16216
R, 16220
R, 16224
R, 16228
R, 16232
R, 16236
R, 16240
R, 16244
R, 16248
R, 16252
R, 16256
R, 16260
R, 16264
R, 16268
R, 16272
R, 16276
R, 16280
R, 16284
R, 16288
R, 16292
R, 16296
R, 16300
R, 16304
R, 16308
R, 16312
R, 16316
R, 16320
R, 16324
R, 16328
R, 16332
R, 16336
R, 16340
R, 16344
R, 16348
R, 16352
R, 16356
R, 16360
R, 16364
R, 16368
R, 16372
R, 16376
R, 16380
R, 16384
R, 16388
R, 16392
R, 16396
R, 16400
R, 16404
R, 16408
R, 16412
R, 16416
R, 16420
R, 16424
R, 16428
R, 16432
R, 16436
R, 16440
R, 16444
R, 16448
R, 16452
R, 16456
R, 16460
R, 16464
R, 16468
R, 16472
R, 16476
R, 16480
R, 16484
R, 16488
R, 16492
R, 16496
R, 16500
R, 16504
R, 16508
R, 16512
R, 16516
R, 16520
R, 16524
R, 16528
R, 16532
R, 16536
R, 16540
R, 16544
R, 16548
R, 16552
R, 16556
R, 16560
R, 16564
R, 16568
R, 16572
R, 16576
R, 16580
R, 16584
R, 16588
R, 16592
R, 16596
R, 16600
R, 16604
R, 16608
R, 16612
R, 16616
R, 16620
R, 16624
R, 16628
R, 16632
R, 16636
R, 16640
R, 16644
R, 16648
R, 16652
R, 16656
R, 16660
R, 16664
R, 16668
R, 16672
R, 16676
R, 16680
R, 16684
R, 16688
R, 16692
R, 16696
R, 16700
R, 16704
R, 16708
R, 16712
R, 16716
R, 16720
R, 16724
R, 16728
R, 16732
R, 16736
R, 16740
R, 16744
R, 16748
R, 16752
R, 16756
R, 16760
R, 16764
R, 16768
R, 16772
R, 16776
R, 16780
R, 16784
R, 16788
R, 16792
R, 16796
R, 16800
R, 16804
R, 16808
R, 16812
R, 16816
R, 16820
R, 16824
R, 16828
R, 16832
R, 16836
R, 16840
R, 16844
R, 16848
R, 16852
R, 16856
R, 16860
R, 16864
R, 16868
R, 16872
R, 16876
R, 16880
W, 15944, 4647
W, 15872, -4949
R, 15876
R, 15880
R, 15880
R, 15884
R, 15888
R, 15892
R, 15896
R, 15900
R, 15904
R, 15908
R, 15912
R, 15916
R, 15920
R, 15924
R, 15924
R, 15928
R, 15932
R, 15936
R, 15940
R, 15944
R, 15948
R, 15952
R, 15956
R, 15960
R, 15964
R, 15968
R, 15972
R, 15976
R, 15980
R, 15984
R, 15988
R, 15992
R, 15996
R, 16000
R, 16000
R, 16004
R, 16008
R, 16012
R, 16016
R, 16020
R, 16024
R, 16028
R, 16032
R, 16036
R, 16040
R, 16044
R, 16048
R, 16052
R, 16056
R, 16060
R, 16064
R, 16068
R, 16072
R, 16076
R, 16080
R, 16084
R, 16088
R, 16092
R, 16096
R, 16100
R, 16104
R, 16108
R, 16112
R, 16116
R, 16120
R, 16124
R, 16128
R, 16132
R, 16136
R, 16140
R, 16144
R, 16148
R, 16152
R, 16156
R, 16160
R, 16164
R, 16168
R, 16172
R, 16176
R, 16180
R, 16184
R, 16188
R, 16192
R, 16196
R, 16200
R, 16204
R, 16208
R, 16212
R, 16216
R, 16220
R, 16224
R, 16228
R, 16232
R, 16236
R, 16240
R, 16244
R, 16248
R, 16252
R, 16256
R, 16260
R, 16264
R, 16268
R, 16272
R, 16276
R, 16280
R, 16284
R, 16288
R, 16292
R, 16296
R, 16300
R, 16304
R, 16308
R, 16312
R, 16316
R, 16320
R, 16324
R, 16328
R, 16332
R, 16336
R, 16340
R, 16344
R, 16348
R, 16352
R, 16356
R, 16360
R, 16364
R, 16368
R, 16372
R, 16376
R, 16380
R, 16384
R, 16388
R, 16392
R, 16396
R, 16400
R, 16404
R, 16408
R, 16412
R, 16416
R, 16420
R, 16424
R, 16428
R, 16432
R, 16436
R, 16440
R, 16444
R, 16448
R, 16452
R, 16452
R, 16456
R, 16460
R, 16464
R, 16468
R, 16472
R, 16476
R, 16480
R, 16484
R, 16488
R, 16492
R, 16496
R, 16500
R, 16504
R, 16508
R, 16512
R, 16516
R, 16520
R, 16524
R, 16528
R, 16532
R, 16536
R, 16540
R, 16544
R, 16548
R, 16552
R, 16556
R, 16560
R, 16564
R, 16568
R, 16572
R, 16576
R, 16580
R, 16584
R, 16588
R, 16592
R, 16596
R, 16600
R, 16604
R, 16608
R, 16612
R, 16616
R, 16620
R, 16624
R, 16628
R, 16632
R, 16636
R, 16640
R, 16644
R, 16648
R, 16652
R, 16656
R, 16660
R, 16664
R, 16668
R, 16672
R, 16672
R, 16676
R, 16680
R, 16684
R, 16688
R, 16692
R, 16696
R, 16700
R, 16704
R, 16708
R, 16712
R, 16716
R, 16720
R, 16724
R, 16728
R, 16732
R, 16736
R, 16740
R, 16744
R, 16748
R, 16752
R, 16756
R, 16760
R, 16764
R, 16768
R, 16772
R, 16776
R, 16780
R, 16784
R, 16788
R, 16792
R, 16796
R, 16800
R, 16804
R, 16808
R, 16812
R, 16816
R, 16820
R, 16824
R, 16828
R, 16832
R, 16836
R, 16840
R, 16844
R, 16848
R, 16852
R, 16856
R, 16860
R, 16864
R, 16868
R, 16872
R, 16876
R, 16880
W, 16672, -1037
W, 15876, -4836
R, 15880
R, 15884
R, 15888
R, 15892
R, 15896
R, 15900
R, 15904
R, 15908
R, 15912
R, 15916
R, 15920
R, 15924
R, 15924
R, 15928
R, 15932
R, 15936
R, 15940
R, 15944
R, 15948
R, 15952
R, 15956
R, 15960
R, 15964
R, 15968
R, 15972
R, 15976
R, 15980
R, 15984
R, 15988
R, 15992
R, 15996
R, 16000
R, 16000
R, 16004
R, 16008
R, 16012
R, 16016
R, 16020
R, 16024
R, 16028
R, 16032
R, 16036
R, 16040
R, 16044
R, 16048
R, 16052
R, 16056
R, 16060
R, 16064
R, 16068
R, 16072
R, 16076
R, 16080
R, 16084
R, 16088
R, 16092
R, 16096
R, 16100
R, 16104
R, 16108
R, 16112
R, 16116
R, 16120
R, 16124
R, 16128
R, 16132
R, 16136
R, 16140
R, 16144
R, 16148
R, 16152
R, 16156
R, 16160
R, 16164
R, 16168
R, 16172
R, 16176
R, 16180
R, 16184
R, 16188
R, 16192
R, 16196
R, 16200
R, 16204
R, 16208
R, 16212
R, 16216
R, 16220
R, 16224
R, 16228
R, 16232
R, 16236
R, 16240
R, 16244
R, 16248
R, 16252
R, 16256
R, 16260
R, 16264
R, 16268
R, 16272
R, 16276
R, 16280
R, 16284
R, 16288
R, 16292
R, 16296
R, 16300
R, 16304
R, 16308
R, 16312
R, 16316
R, 16320
R, 16324
R, 16328
R, 16332
R, 16336
R, 16340
R, 16344
R, 16348
R, 16352
R, 16356
R, 16360
R, 16364
R, 16368
R, 16372
R, 16376
R, 16380
R, 16384
R, 16388
R, 16392
R, 16396
R, 16400
R, 16404
R, 16408
R, 16412
R, 16416
R, 16420
R, 16424
R, 16428
R, 16432
R, 16436
R, 16440
R, 16444
R, 16448
R, 16452
R, 16452
R, 16456
R, 16460
R, 16464
R, 16468
R, 16472
R, 16476
R, 16480
R, 16484
R, 16488
R, 16492
R, 16496
R, 16500
R, 16504
R, 16508
R, 16512
R, 16516
R, 16520
R, 16524
R, 16528
R, 16532
R, 16536
R, 16540
R, 16544
R, 16548
R, 16552
R, 16556
R, 16560
R, 16564
R, 16568
R, 16572
R, 16576
R, 16580
R, 16584
R, 16588
R, 16592
R, 16596
R, 16600
R, 16604
R, 16608
R, 16612
R, 16616
R, 16620
R, 16624
R, 16628
R, 16632
R, 16636
R, 16640
R, 16644
R, 16648
R, 16652
R, 16656
R, 16660
R, 16664
R, 16668
R, 16672
R, 16676
R, 16680
R, 16684
R, 16688
R, 16692
R, 16696
R, 16700
R, 16704
R, 16708
R, 16712
R, 16716
R, 16720
R, 16724
R, 16728
R, 16732
R, 16736
R, 16740
R, 16744
R, 16748
R, 16752
R, 16756
R, 16760
R, 16764
R, 16768
R, 16772
R, 16776
R, 16780
R, 16784
R, 16788
R, 16792
R, 16796
R, 16800
R, 16804
R, 16808
R, 16812
R, 16816
R, 16820
R, 16824
R, 16828
R, 16832
R, 16836
R, 16840
R, 16844
R, 16848
R, 16852
R, 16856
R, 16860
R, 16864
R, 16868
R, 16872
R, 16876
R, 16880
W, 16452, -3923
W, 15880, -4790
R, 15884
R, 15888
R, 15888
R, 15892
R, 15892
R, 15896
R, 15900
R, 15900
R, 15904
R, 15908
R, 15912
R, 15916
R, 15920
R, 15924
R, 15924
R, 15928
R, 15932
R, 15936
R, 15940
R, 15944
R, 15948
R, 15952
R, 15956
R, 15960
R, 15964
R, 15968
R, 15972
R, 15976
R, 15980
R, 15984
R, 15988
R, 15992
R, 15996
R, 16000
R, 16000
R, 16004
R, 16008
R, 16012
R, 16016
R, 16020
R, 16024
R, 16028
R, 16032
R, 16036
R, 16040
R, 16044
R, 16048
R, 16052
R, 16056
R, 16060
R, 16064
R, 16068
R, 16072
R, 16076
R, 16080
R, 16084
R, 16088
R, 16092
R, 16096
R, 16100
R, 16104
R, 16108
R, 16112
R, 16116
R, 16120
R, 16124
R, 16128
R, 16132
R, 16136
R, 16140
R, 16144
R, 16148
R, 16152
R, 16156
R, 16160
R, 16164
R, 16168
R, 16172
R, 16176
R, 16180
R, 16184
R, 16188
R, 16192
R, 16196
R, 16200
R, 16204
R, 16208
R, 16212
R, 16216
R, 16220
R, 16224
R, 16228
R, 16232
R, 16236
R, 16240
R, 16244
R, 16248
R, 16252
R, 16256
R, 16260
R, 16264
R, 16268
R, 16272
R, 16276
R, 16280
R, 16284
R, 16288
R, 16292
R, 16296
R, 16300
R, 16304
R, 16308
R, 16312
R, 16316
R, 16320
R, 16324
R, 16328
R, 16332
R, 16336
R, 16340
R, 16344
R, 16348
R, 16352
R, 16356
R, 16360
R, 16364
R, 16368
R, 16372
R, 16376
R, 16380
R, 16384
R, 16388
R, 16392
R, 16396
R, 16400
R, 16404
R, 16408
R, 16412
R, 16416
R, 16420
R, 16424
R, 16428
R, 16432
R, 16436
R, 16440
R, 16444
R, 16448
R, 16452
R, 16456
R, 16460
R, 16464
R, 16468
R, 16472
R, 16476
R, 16480
R, 16484
R, 16488
R, 16492
R, 16496
R, 16500
R, 16504
R, 16508
R, 16512
R, 16516
R, 16520
R, 16524
R, 16528
R, 16532
R, 16536
R, 16540
R, 16544
R, 16548
R, 16552
R, 16556
R, 16560
R, 16564
R, 16568
R, 16572
R, 16576
R, 16580
R, 16584
R, 16588
R, 16592
R, 16596
R, 16600
R, 16604
R, 16608
R, 16612
R, 16616
R, 16620
R, 16624
R, 16628
R, 16632
R, 16636
R, 16640
R, 16644
R, 16648
R, 16652
R, 16656
R, 16660
R, 16664
R, 16668
R, 16672
R, 16676
R, 16680
R, 16684
R, 16688
R, 16692
R, 16696
R, 16700
R, 16704
R, 16708
R, 16712
R, 16716
R, 16720
R, 16724
R, 16728
R, 16732
R, 16736
R, 16740
R, 16744
R, 16748
R, 16752
R, 16756
R, 16760
R, 16764
R, 16768
R, 16772
R, 16776
R, 16780
R, 16784
R, 16788
R, 16792
R, 16796
R, 16800
R, 16804
R, 16808
R, 16812
R, 16816
R, 16820
R, 16824
R, 16828
R, 16832
R, 16836
R, 16840
R, 16844
R, 16848
R, 16852
R, 16856
R, 16860
R, 16864
R, 16868
R, 16872
R, 16876
R, 16880
W, 16000, 3201
W, 15884, -4771
R, 15888
R, 15892
R, 15892
R, 15896
R, 15900
R, 15900
R, 15904
R, 15908
R, 15912
R, 15916
R, 15920
R, 15924
R, 15924
R, 15928
R, 15932
R, 15936
R, 15940
R, 15944
R, 15948
R, 15952
R, 15956
R, 15960
R, 15964
R, 15968
R, 15972
R, 15976
R, 15980
R, 15984
R, 15988
R, 15992
R, 15996
R, 16000
R, 16004
R, 16008
R, 16012
R, 16016
R, 16020
R, 16024
R, 16028
R, 16032
R, 16036
R, 16040
R, 16044
R, 16048
R, 16052
R, 16056
R, 16060
R, 16064
R, 16068
R, 16072
R, 16076
R, 16080
R, 16084
R, 16088
R, 16092
R, 16096
R, 16096
R, 16100
R, 16104
R, 16108
R, 16112
R, 16116
R, 16120
R, 16124
R, 16128
R, 16132
R, 16136
R, 16140
R, 16144
R, 16148
R, 16152
R, 16156
R, 16160
R, 16164
R, 16168
R, 16172
R, 16176
R, 16180
R, 16184
R, 16188
R, 16192
R, 16196
R, 16200
R, 16204
R, 16208
R, 16212
R, 16216
R, 16220
R, 16224
R, 16228
R, 16232
R, 16236
R, 16240
R, 16244
R, 16248
R, 16252
R, 16256
R, 16260
R, 16264
R, 16268
R, 16272
R, 16276
R, 16280
R, 16284
R, 16288
R, 16292
R, 16296
R, 16300
R, 16304
R, 16308
R, 16312
R, 16316
R, 16320
R, 16324
R, 16328
R, 16332
R, 16336
R, 16340
R, 16344
R, 16348
R, 16352
R, 16356
R, 16360
R, 16364
R, 16368
R, 16372
R, 16376
R, 16380
R, 16384
R, 16388
R, 16392
R, 16396
R, 16400
R, 16404
R, 16408
R, 16412
R, 16416
R, 16420
R, 16424
R, 16428
R, 16432
R, 16436
R, 16440
R, 16444
R, 16448
R, 16452
R, 16456
R, 16460
R, 16464
R, 16468
R, 16472
R, 16476
R, 16480
R, 16484
R, 16488
R, 16492
R, 16496
R, 16500
R, 16504
R, 16508
R, 16512
R, 16516
R, 16520
R, 16524
R, 16528
R, 16532
R, 16536
R, 16540
R, 16544
R, 16548
R, 16552
R, 16556
R, 16560
R, 16564
R, 16568
R, 16572
R, 16576
R, 16580
R, 16584
R, 16588
R, 16592
R, 16596
R, 16600
R, 16604
R, 16608
R, 16612
R, 16616
R, 16620
R, 16624
R, 16628
R, 16632
R, 16636
R, 16640
R, 16644
R, 16648
R, 16652
R, 16656
R, 16660
R, 16664
R, 16668
R, 16672
R, 16676
R, 16680
R, 16684
R, 16688
R, 16692
R, 16696
R, 16700
R, 16704
R, 16708
R, 16712
R, 16716
R, 16720
R, 16724
R, 16728
R, 16732
R, 16736
R, 16740
R, 16744
R, 16748
R, 16752
R, 16756
R, 16760
R, 16764
R, 16768
R, 16772
R, 16776
R, 16780
R, 16784
R, 16788
R, 16792
R, 16796
R, 16800
R, 16804
R, 16808
R, 16812
R, 16816
R, 16820
R, 16824
R, 16828
R, 16832
R, 16836
R, 16840
R, 16844
R, 16848
R, 16852
R, 16856
R, 16860
R, 16864
R, 16868
R, 16872
R, 16876
R, 16880
W, 16096, 1272
W, 15888, -4750
R, 15892
R, 15896
R, 15900
R, 15900
R, 15904
R, 15908
R, 15912
R, 15916
R, 15920
R, 15924
R, 15924
R, 15928
R, 15932
R, 15936
R, 15940
R, 15944
R, 15948
R, 15952
R, 15956
R, 15960
R, 15964
R, 15968
R, 15972
R, 15976
R, 15980
R, 15984
R, 15988
R, 15992
R, 15996
R, 16000
R, 16004
R, 16008
R, 16012
R, 16016
R, 16020
R, 16024
R, 16028
R, 16032
R, 16036
R, 16040
R, 16044
R, 16048
R, 16052
R, 16056
R, 16060
R, 16064
R, 16068
R, 16072
R, 16076
R, 16080
R, 16084
R, 16088
R, 16092
R, 16096
R, 16100
R, 16104
R, 16108
R, 16112
R, 16116
R, 16120
R, 16124
R, 16128
R, 16132
R, 16136
R, 16140
R, 16144
R, 16148
R, 16152
R, 16152
R, 16156
R, 16160
R, 16164
R, 16168
R, 16172
R, 16176
R, 16180
R, 16184
R, 16188
R, 16192
R, 16196
R, 16200
R, 16204
R, 16208
R, 16212
R, 16216
R, 16220
R, 16224
R, 16228
R, 16232
R, 16236
R, 16240
R, 16244
R, 16248
R, 16252
R, 16256
R, 16260
R, 16264
R, 16268
R, 16272
R, 16276
R, 16280
R, 16284
R, 16288
R, 16292
R, 16296
R, 16300
R, 16304
R, 16308
R, 16312
R, 16316
R, 16320
R, 16324
R, 16328
R, 16332
R, 16336
R, 16340
R, 16344
R, 16348
R, 16352
R, 16356
R, 16360
R, 16364
R, 16368
R, 16372
R, 16376
R, 16380
R, 16384
R, 16388
R, 16392
R, 16396
R, 16400
R, 16404
R, 16408
R, 16412
R, 16416
R, 16420
R, 16424
R, 16428
R, 16432
R, 16436
R, 16440
R, 16444
R, 16448
R, 16452
R, 16456
R, 16460
R, 16464
R, 16468
R, 16472
R, 16476
R, 16480
R, 16484
R, 16488
R, 16492
R, 16496
R, 16500
R, 16504
R, 16508
R, 16512
R, 16516
R, 16520
R, 16524
R, 16528
R, 16532
R, 16536
R, 16540
R, 16544
R, 16548
R, 16552
R, 16556
R, 16560
R, 16564
R, 16568
R, 16572
R, 16576
R, 16580
R, 16584
R, 16588
R, 16592
R, 16596
R, 16600
R, 16604
R, 16608
R, 16612
R, 16616
R, 16620
R, 16624
R, 16628
R, 16632
R, 16636
R, 16640
R, 16644
R, 16648
R, 16652
R, 16656
R, 16660
R, 16664
R, 16668
R, 16672
R, 16676
R, 16680
R, 16684
R, 16688
R, 16692
R, 16696
R, 16700
R, 16704
R, 16708
R, 16712
R, 16716
R, 16720
R, 16724
R, 16728
R, 16732
R, 16736
R, 16740
R, 16744
R, 16748
R, 16752
R, 16756
R, 16760
R, 16764
R, 16768
R, 16772
R, 16776
R, 16780
R, 16784
R, 16788
R, 16792
R, 16796
R, 16800
R, 16804
R, 16808
R, 16812
R, 16816
R, 16820
R, 16824
R, 16828
R, 16832
R, 16836
R, 16840
R, 16844
R, 16848
R, 16852
R, 16856
R, 16860
R, 16864
R, 16868
R, 16868
R, 16872
R, 16876
R, 16880
W, 16868, -533
W, 15892, -4735
R, 15896
R, 15900
R, 15900
R, 15904
R, 15908
R, 15912
R, 15916
R, 15920
R, 15924
R, 15924
R, 15928
R, 15932
R, 15936
R, 15940
R, 15944
R, 15948
R, 15952
R, 15956
R, 15960
R, 15964
R, 15968
R, 15972
R, 15976
R, 15980
R, 15984
R, 15988
R, 15992
R, 15996
R, 16000
R, 16004
R, 16008
R, 16012
R, 16016
R, 16020
R, 16024
R, 16028
R, 16032
R, 16036
R, 16040
R, 16044
R, 16048
R, 16052
R, 16056
R, 16060
R, 16064
R, 16068
R, 16072
R, 16076
R, 16080
R, 16084
R, 16088
R, 16092
R, 16096
R, 16100
R, 16104
R, 16108
R, 16112
R, 16116
R, 16120
R, 16124
R, 16128
R, 16132
R, 16136
R, 16140
R, 16144
R, 16148
R, 16152
R, 16152
R, 16156
R, 16160
R, 16164
R, 16168
R, 16172
R, 16176
R, 16180
R, 16184
R, 16188
R, 16192
R, 16196
R, 16200
R, 16204
R, 16208
R, 16212
R, 16216
R, 16220
R, 16224
R, 16228
R, 16232
R, 16236
R, 16240
R, 16244
R, 16248
R, 16252
R, 16256
R, 16260
R, 16264
R, 16268
R, 16272
R, 16276
R, 16280
R, 16284
R, 16288
R, 16292
R, 16296
R, 16300
R, 16304
R, 16308
R, 16312
R, 16316
R, 16320
R, 16324
R, 16328
R, 16332
R, 16336
R, 16340
R, 16344
R, 16348
R, 16352
R, 16356
R, 16360
R, 16364
R, 16368
R, 16372
R, 16376
R, 16380
R, 16384
R, 16388
R, 16392
R, 16396
R, 16400
R, 16404
R, 16408
R, 16412
R, 16416
R, 16420
R, 16424
R, 16428
R, 16432
R, 16436
R, 16440
R, 16444
R, 16448
R, 16452
R, 16456
R, 16460
R, 16464
R, 16468
R, 16472
R, 16476
R, 16480
R, 16484
R, 16488
R, 16492
R, 16496
R, 16500
R, 16504
R, 16508
R, 16512
R, 16516
R, 16520
R, 16524
R, 16528
R, 16532
R, 16536
R, 16540
R, 16544
R, 16548
R, 16552
R, 16556
R, 16560
R, 16564
R, 16568
R, 16572
R, 16576
R, 16580
R, 16584
R, 16588
R, 16592
R, 16596
R, 16600
R, 16604
R, 16608
R, 16612
R, 16616
R, 16620
R, 16624
R, 16628
R, 16632
R, 16636
R, 16640
R, 16644
R, 16648
R, 16652
R, 16656
R, 16660
R, 16664
R, 16668
R, 16672
R, 16676
R, 16680
R, 16684
R, 16688
R, 16692
R, 16696
R, 16700
R, 16704
R, 16708
R, 16712
R, 16716
R, 16720
R, 16724
R, 16728
R, 16732
R, 16736
R, 16740
R, 16744
R, 16748
R, 16752
R, 16756
R, 16760
R, 16764
R, 16768
R, 16772
R, 16776
R, 16780
R, 16784
R, 16788
R, 16792
R, 16796
R, 16800
R, 16804
R, 16808
R, 16812
R, 16816
R, 16820
R, 16824
R, 16828
R, 16832
R, 16836
R, 16840
R, 16844
R, 16848
R, 16852
R, 16856
R, 16860
R, 16864
R, 16868
R, 16872
R, 16876
R, 16880
W, 16152, 4030
W, 15896, -4669
R, 15900
R, 15904
R, 15908
R, 15912
R, 15916
R, 15920
R, 15924
R, 15924
R, 15928
R, 15932
R, 15936
R, 15940
R, 15944
R, 15948
R, 15952
R, 15956
R, 15960
R, 15964
R, 15968
R, 15972
R, 15976
R, 15980
R, 15984
R, 15988
R, 15992
R, 15996
R, 16000
R, 16004
R, 16008
R, 16012
R, 16016
R, 16020
R, 16024
R, 16028
R, 16032
R, 16036
R, 16040
R, 16044
R, 16048
R, 16052
R, 16056
R, 16060
R, 16064
R, 16068
R, 16072
R, 16076
R, 16080
R, 16084
R, 16088
R, 16092
R, 16096
R, 16100
R, 16104
R, 16108
R, 16112
R, 16116
R, 16120
R, 16124
R, 16128
R, 16132
R, 16136
R, 16140
R, 16144
R, 16148
R, 16152
R, 16156
R, 16160
R, 16164
R, 16168
R, 16172
R, 16176
R, 16180
R, 16184
R, 16188
R, 16192
R, 16196
R, 16200
R, 16204
R, 16208
R, 16212
R, 16216
R, 16220
R, 16224
R, 16228
R, 16232
R, 16236
R, 16240
R, 16244
R, 16248
R, 16252
R, 16256
R, 16260
R, 16264
R, 16268
R, 16272
R, 16276
R, 16280
R, 16284
R, 16288
R, 16292
R, 16296
R, 16300
R, 16304
R, 16304
R, 16308
R, 16312
R, 16316
R, 16320
R, 16324
R, 16328
R, 16332
R, 16336
R, 16340
R, 16344
R, 16348
R, 16352
R, 16356
R, 16360
R, 16364
R, 16368
R, 16372
R, 16376
R, 16380
R, 16384
R, 16388
R, 16392
R, 16396
R, 16400
R, 16404
R, 16408
R, 16412
R, 16416
R, 16420
R, 16420
R, 16424
R, 16428
R, 16432
R, 16436
R, 16440
R, 16444
R, 16448
R, 16452
R, 16456
R, 16460
R, 16464
R, 16468
R, 16472
R, 16476
R, 16480
R, 16484
R, 16488
R, 16492
R, 16496
R, 16500
R, 16504
R, 16508
R, 16512
R, 16516
R, 16520
R, 16524
R, 16528
R, 16532
R, 16536
R, 16540
R, 16544
R, 16548
R, 16552
R, 16556
R, 16560
R, 16564
R, 16568
R, 16572
R, 16576
R, 16580
R, 16584
R, 16588
R, 16592
R, 16596
R, 16600
R, 16604
R, 16608
R, 16612
R, 16616
R, 16620
R, 16624
R, 16628
R, 16632
R, 16636
R, 16640
R, 16644
R, 16648
R, 16652
R, 16656
R, 16660
R, 16664
R, 16668
R, 16672
R, 16676
R, 16680
R, 16684
R, 16688
R, 16692
R, 16696
R, 16700
R, 16704
R, 16708
R, 16712
R, 16716
R, 16720
R, 16724
R, 16728
R, 16732
R, 16736
R, 16740
R, 16744
R, 16748
R, 16752
R, 16756
R, 16760
R, 16764
R, 16768
R, 16772
R, 16776
R, 16780
R, 16784
R, 16788
R, 16792
R, 16796
R, 16800
R, 16804
R, 16808
R, 16812
R, 16816
R, 16820
R, 16824
R, 16828
R, 16832
R, 16836
R, 16840
R, 16844
R, 16848
R, 16852
R, 16856
R, 16860
R, 16864
R, 16868
R, 16872
R, 16876
R, 16880
W, 16420, -622
W, 15900, -4627
R, 15904
R, 15908
R, 15908
R, 15912
R, 15912
R, 15916
R, 15920
R, 15924
R, 15924
R, 15928
R, 15932
R, 15936
R, 15940
R, 15944
R, 15948
R, 15952
R, 15956
R, 15960
R, 15964
R, 15968
R, 15972
R, 15976
R, 15980
R, 15984
R, 15988
R, 15992
R, 15996
R, 16000
R, 16004
R, 16008
R, 16012
R, 16016
R, 16020
R, 16024
R, 16028
R, 16032
R, 16036
R, 16040
R, 16044
R, 16048
R, 16052
R, 16056
R, 16060
R, 16064
R, 16068
R, 16072
R, 16076
R, 16080
R, 16084
R, 16088
R, 16092
R, 16096
R, 16100
R, 16104
R, 16108
R, 16112
R, 16116
R, 16120
R, 16124
R, 16128
R, 16132
R, 16136
R, 16140
R, 16144
R, 16148
R, 16152
R, 16156
R, 16160
R, 16164
R, 16168
R, 16172
R, 16176
R, 16180
R, 16184
R, 16188
R, 16192
R, 16196
R, 16200
R, 16204
R, 16208
R, 16212
R, 16216
R, 16220
R, 16224
R, 16228
R, 16232
R, 16236
R, 16240
R, 16244
R, 16248
R, 16252
R, 16256
R, 16260
R, 16264
R, 16268
R, 16272
R, 16276
R, 16280
R, 16284
R, 16288
R, 16292
R, 16296
R, 16300
R, 16304
R, 16304
R, 16308
R, 16312
R, 16316
R, 16320
R, 16324
R, 16328
R, 16332
R, 16336
R, 16340
R, 16344
R, 16348
R, 16352
R, 16356
R, 16360
R, 16364
R, 16368
R, 16372
R, 16376
R, 16380
R, 16384
R, 16388
R, 16392
R, 16396
R, 16400
R, 16404
R, 16408
R, 16412
R, 16416
R, 16420
R, 16424
R, 16428
R, 16432
R, 16436
R, 16440
R, 16444
R, 16448
R, 16452
R, 16456
R, 16460
R, 16464
R, 16468
R, 16472
R, 16476
R, 16480
R, 16484
R, 16488
R, 16492
R, 16496
R, 16500
R, 16504
R, 16508
R, 16512
R, 16516
R, 16520
R, 16524
R, 16528
R, 16532
R, 16536
R, 16540
R, 16544
R, 16548
R, 16552
R, 16556
R, 16560
R, 16564
R, 16568
R, 16572
R, 16576
R, 16580
R, 16584
R, 16588
R, 16592
R, 16596
R, 16600
R, 16604
R, 16608
R, 16612
R, 16616
R, 16620
R, 16624
R, 16628
R, 16632
R, 16636
R, 16640
R, 16644
R, 16648
R, 16652
R, 16656
R, 16660
R, 16664
R, 16668
R, 16672
R, 16676
R, 16680
R, 16684
R, 16688
R, 16692
R, 16696
R, 16700
R, 16704
R, 16708
R, 16712
R, 16716
R, 16720
R, 16724
R, 16728
R, 16732
R, 16736
R, 16740
R, 16744
R, 16748
R, 16752
R, 16756
R, 16760
R, 16764
R, 16768
R, 16772
R, 16776
R, 16780
R, 16784
R, 16788
R, 16792
R, 16796
R, 16800
R, 16804
R, 16808
R, 16812
R, 16816
R, 16820
R, 16824
R, 16828
R, 16832
R, 16836
R, 16840
R, 16844
R, 16848
R, 16852
R, 16856
R, 16860
R, 16864
R, 16868
R, 16872
R, 16876
R, 16880
W, 16304, 1884
W, 15904, -4517
R, 15908
R, 15912
R, 15912
R, 15916
R, 15920
R, 15924
R, 15924
R, 15928
R, 15932
R, 15936
R, 15940
R, 15944
R, 15948
R, 15952
R, 15956
R, 15960
R, 15964
R, 15968
R, 15972
R, 15976
R, 15980
R, 15984
R, 15988
R, 15992
R, 15996
R, 16000
R, 16004
R, 16008
R, 16012
R, 16016
R, 16020
R, 16024
R, 16028
R, 16032
R, 16036
R, 16040
R, 16044
R, 16048
R, 16052
R, 16056
R, 16060
R, 16064
R, 16068
R, 16072
R, 16076
R, 16080
R, 16084
R, 16088
R, 16092
R, 16096
R, 16100
R, 16104
R, 16108
R, 16112
R, 16116
R, 16120
R, 16124
R, 16128
R, 16132
R, 16136
R, 16140
R, 16144
R, 16148
R, 16152
R, 16156
R, 16160
R, 16164
R, 16168
R, 16172
R, 16176
R, 16180
R, 16184
R, 16188
R, 16192
R, 16196
R, 16200
R, 16204
R, 16208
R, 16212
R, 16216
R, 16220
R, 16224
R, 16228
R, 16232
R, 16236
R, 16240
R, 16244
R, 16248
R, 16252
R, 16256
R, 16260
R, 16264
R, 16268
R, 16272
R, 16276
R, 16280
R, 16284
R, 16288
R, 16292
R, 16296
R, 16300
R, 16304
R, 16308
R, 16312
R, 16316
R, 16320
R, 16324
R, 16328
R, 16332
R, 16336
R, 16340
R, 16340
R, 16344
R, 16348
R, 16352
R, 16356
R, 16360
R, 16364
R, 16368
R, 16372
R, 16376
R, 16380
R, 16384
R, 16388
R, 16392
R, 16396
R, 16400
R, 16404
R, 16408
R, 16412
R, 16416
R, 16420
R, 16424
R, 16428
R, 16432
R, 16436
R, 16440
R, 16444
R, 16448
R, 16452
R, 16456
R, 16460
R, 16464
R, 16468
R, 16472
R, 16476
R, 16480
R, 16484
R, 16488
R, 16492
R, 16496
R, 16500
R, 16504
R, 16508
R, 16512
R, 16516
R, 16520
R, 16524
R, 16524
R, 16528
R, 16532
R, 16536
R, 16540
R, 16544
R, 16548
R, 16552
R, 16556
R, 16560
R, 16564
R, 16568
R, 16572
R, 16576
R, 16580
R, 16584
R, 16588
R, 16592
R, 16596
R, 16600
R, 16604
R, 16608
R, 16612
R, 16616
R, 16620
R, 16624
R, 16628
R, 16632
R, 16636
R, 16640
R, 16644
R, 16648
R, 16652
R, 16656
R, 16660
R, 16664
R, 16668
R, 16672
R, 16676
R, 16680
R, 16684
R, 16688
R, 16692
R, 16696
R, 16700
R, 16704
R, 16708
R, 16712
R, 16716
R, 16720
R, 16724
R, 16728
R, 16732
R, 16736
R, 16740
R, 16744
R, 16748
R, 16752
R, 16756
R, 16760
R, 16764
R, 16768
R, 16772
R, 16776
R, 16780
R, 16784
R, 16788
R, 16792
R, 16796
R, 16800
R, 16804
R, 16808
R, 16812
R, 16816
R, 16820
R, 16824
R, 16828
R, 16832
R, 16836
R, 16840
R, 16844
R, 16848
R, 16852
R, 16856
R, 16860
R, 16864
R, 16868
R, 16872
R, 16876
R, 16880
W, 16524, 1771
W, 15908, -4436
R, 15912
R, 15916
R, 15920
R, 15924
R, 15924
R, 15928
R, 15932
R, 15936
R, 15940
R, 15944
R, 15948
R, 15952
R, 15956
R, 15960
R, 15964
R, 15968
R, 15972
R, 15976
R, 15980
R, 15984
R, 15988
R, 15992
R, 15996
R, 16000
R, 16004
R, 16008
R, 16012
R, 16016
R, 16020
R, 16024
R, 16028
R, 16032
R, 16036
R, 16040
R, 16044
R, 16048
R, 16052
R, 16056
R, 16060
R, 16064
R, 16068
R, 16072
R, 16076
R, 16080
R, 16084
R, 16088
R, 16092
R, 16096
R, 16100
R, 16104
R, 16108
R, 16112
R, 16116
R, 16120
R, 16124
R, 16128
R, 16132
R, 16136
R, 16140
R, 16144
R, 16148
R, 16152
R, 16156
R, 16160
R, 16164
R, 16168
R, 16172
R, 16176
R, 16180
R, 16184
R, 16188
R, 16192
R, 16196
R, 16200
R, 16204
R, 16208
R, 16212
R, 16216
R, 16220
R, 16224
R, 16228
R, 16232
R, 16236
R, 16240
R, 16244
R, 16248
R, 16252
R, 16256
R, 16260
R, 16264
R, 16268
R, 16272
R, 16276
R, 16280
R, 16284
R, 16288
R, 16292
R, 16296
R, 16300
R, 16304
R, 16308
R, 16312
R, 16316
R, 16320
R, 16324
R, 16328
R, 16332
R, 16336
R, 16340
R, 16340
R, 16344
R, 16348
R, 16352
R, 16356
R, 16360
R, 16364
R, 16368
R, 16372
R, 16376
R, 16380
R, 16384
R, 16388
R, 16392
R, 16396
R, 16400
R, 16404
R, 16408
R, 16412
R, 16416
R, 16420
R, 16424
R, 16428
R, 16432
R, 16436
R, 16440
R, 16444
R, 16448
R, 16452
R, 16456
R, 16460
R, 16464
R, 16468
R, 16472
R, 16476
R, 16480
R, 16484
R, 16488
R, 16492
R, 16496
R, 16500
R, 16504
R, 16508
R, 16512
R, 16516
R, 16520
R, 16524
R, 16528
R, 16532
R, 16536
R, 16540
R, 16544
R, 16548
R, 16552
R, 16556
R, 16560
R, 16564
R, 16568
R, 16572
R, 16576
R, 16580
R, 16584
R, 16588
R, 16592
R, 16596
R, 16600
R, 16604
R, 16608
R, 16612
R, 16616
R, 16620
R, 16624
R, 16628
R, 16632
R, 16636
R, 16640
R, 16644
R, 16648
R, 16652
R, 16656
R, 16660
R, 16664
R, 16668
R, 16672
R, 16676
R, 16680
R, 16684
R, 16688
R, 16692
R, 16696
R, 16700
R, 16704
R, 16708
R, 16712
R, 16716
R, 16720
R, 16724
R, 16728
R, 16728
R, 16732
R, 16736
R, 16740
R, 16744
R, 16748
R, 16752
R, 16756
R, 16760
R, 16764
R, 16768
R, 16772
R, 16776
R, 16780
R, 16784
R, 16788
R, 16792
R, 16796
R, 16800
R, 16804
R, 16808
R, 16812
R, 16816
R, 16820
R, 16824
R, 16828
R, 16832
R, 16836
R, 16840
R, 16844
R, 16848
R, 16852
R, 16856
R, 16860
R, 16864
R, 16868
R, 16872
R, 16876
R, 16880
W, 16728, -550
W, 15912, -4403
R, 15916
R, 15920
R, 15924
R, 15924
R, 15928
R, 15932
R, 15936
R, 15940
R, 15944
R, 15948
R, 15952
R, 15956
R, 15960
R, 15964
R, 15968
R, 15972
R, 15976
R, 15980
R, 15984
R, 15988
R, 15992
R, 15996
R, 16000
R, 16004
R, 16008
R, 16012
R, 16016
R, 16020
R, 16024
R, 16028
R, 16032
R, 16036
R, 16040
R, 16044
R, 16048
R, 16052
R, 16056
R, 16060
R, 16064
R, 16068
R, 16072
R, 16076
R, 16080
R, 16084
R, 16088
R, 16092
R, 16096
R, 16100
R, 16104
R, 16108
R, 16112
R, 16116
R, 16120
R, 16124
R, 16128
R, 16132
R, 16136
R, 16140
R, 16144
R, 16148
R, 16152
R, 16156
R, 16160
R, 16164
R, 16168
R, 16172
R, 16176
R, 16180
R, 16184
R, 16188
R, 16192
R, 16196
R, 16200
R, 16204
R, 16208
R, 16212
R, 16216
R, 16220
R, 16224
R, 16228
R, 16232
R, 16236
R, 16240
R, 16244
R, 16248
R, 16252
R, 16256
R, 16260
R, 16264
R, 16268
R, 16272
R, 16276
R, 16280
R, 16284
R, 16288
R, 16292
R, 16296
R, 16300
R, 16304
R, 16308
R, 16312
R, 16316
R, 16320
R, 16324
R, 16328
R, 16332
R, 16336
R, 16340
R, 16340
R, 16344
R, 16348
R, 16352
R, 16356
R, 16360
R, 16364
R, 16368
R, 16372
R, 16376
R, 16380
R, 16384
R, 16388
R, 16392
R, 16396
R, 16400
R, 16404
R, 16408
R, 16412
R, 16416
R, 16420
R, 16424
R, 16428
R, 16432
R, 16436
R, 16440
R, 16444
R, 16448
R, 16452
R, 16456
R, 16460
R, 16464
R, 16468
R, 16472
R, 16476
R, 16480
R, 16484
R, 16488
R, 16492
R, 16496
R, 16500
R, 16504
R, 16508
R, 16512
R, 16516
R, 16520
R, 16524
R, 16528
R, 16532
R, 16536
R, 16540
R, 16544
R, 16548
R, 16552
R, 16556
R, 16560
R, 16564
R, 16568
R, 16572
R, 16576
R, 16580
R, 16584
R, 16588
R, 16592
R, 16596
R, 16600
R, 16604
R, 16608
R, 16612
R, 16616
R, 16620
R, 16624
R, 16628
R, 16632
R, 16636
R, 16640
R, 16644
R, 16648
R, 16652
R, 16656
R, 16660
R, 16664
R, 16668
R, 16672
R, 16676
R, 16680
R, 16684
R, 16688
R, 16692
R, 16696
R, 16700
R, 16704
R, 16708
R, 16712
R, 16716
R, 16720
R, 16724
R, 16728
R, 16732
R, 16736
R, 16740
R, 16744
R, 16748
R, 16752
R, 16756
R, 16760
R, 16764
R, 16768
R, 16772
R, 16776
R, 16780
R, 16784
R, 16788
R, 16792
R, 16796
R, 16800
R, 16804
R, 16808
R, 16812
R, 16816
R, 16820
R, 16824
R, 16828
R, 16832
R, 16836
R, 16840
R, 16844
R, 16848
R, 16852
R, 16856
R, 16860
R, 16864
R, 16868
R, 16872
R, 16876
R, 16880
W, 16340, 2015
W, 15916, -4389
R, 15920
R, 15924
R, 15924
R, 15928
R, 15932
R, 15936
R, 15940
R, 15944
R, 15948
R, 15952
R, 15956
R, 15960
R, 15964
R, 15968
R, 15972
R, 15976
R, 15980
R, 15984
R, 15988
R, 15992
R, 15996
R, 16000
R, 16004
R, 16008
R, 16012
R, 16016
R, 16020
R, 16024
R, 16028
R, 16032
R, 16036
R, 16040
R, 16044
R, 16048
R, 16052
R, 16056
R, 16060
R, 16064
R, 16068
R, 16072
R, 16076
R, 16080
R, 16084
R, 16088
R, 16092
R, 16096
R, 16100
R, 16104
R, 16108
R, 16112
R, 16116
R, 16120
R, 16124
R, 16128
R, 16132
R, 16136
R, 16140
R, 16144
R, 16148
R, 16152
R, 16156
R, 16160
R, 16164
R, 16168
R, 16172
R, 16176
R, 16180
R, 16184
R, 16188
R, 16192
R, 16196
R, 16200
R, 16204
R, 16208
R, 16212
R, 16216
R, 16220
R, 16224
R, 16228
R, 16232
R, 16236
R, 16240
R, 16244
R, 16248
R, 16252
R, 16256
R, 16260
R, 16264
R, 16268
R, 16272
R, 16276
R, 16280
R, 16284
R, 16288
R, 16292
R, 16296
R, 16300
R, 16304
R, 16308
R, 16312
R, 16316
R, 16320
R, 16324
R, 16328
R, 16332
R, 16336
R, 16340
R, 16344
R, 16348
R, 16352
R, 16356
R, 16360
R, 16364
R, 16368
R, 16372
R, 16376
R, 16380
R, 16384
R, 16388
R, 16392
R, 16396
R, 16400
R, 16404
R, 16408
R, 16412
R, 16416
R, 16416
R, 16420
R, 16424
R, 16428
R, 16432
R, 16436
R, 16440
R, 16444
R, 16448
R, 16452
R, 16456
R, 16460
R, 16464
R, 16468
R, 16472
R, 16476
R, 16480
R, 16484
R, 16488
R, 16492
R, 16496
R, 16500
R, 16504
R, 16508
R, 16512
R, 16516
R, 16520
R, 16524
R, 16528
R, 16532
R, 16536
R, 16540
R, 16544
R, 16548
R, 16552
R, 16556
R, 16560
R, 16564
R, 16568
R, 16572
R, 16576
R, 16580
R, 16584
R, 16588
R, 16592
R, 16596
R, 16600
R, 16604
R, 16608
R, 16612
R, 16616
R, 16620
R, 16624
R, 16628
R, 16632
R, 16636
R, 16640
R, 16644
R, 16648
R, 16652
R, 16656
R, 16660
R, 16664
R, 16668
R, 16672
R, 16676
R, 16680
R, 16684
R, 16688
R, 16692
R, 16696
R, 16700
R, 16704
R, 16708
R, 16712
R, 16716
R, 16720
R, 16724
R, 16728
R, 16732
R, 16736
R, 16740
R, 16744
R, 16748
R, 16752
R, 16756
R, 16760
R, 16764
R, 16768
R, 16772
R, 16776
R, 16780
R, 16784
R, 16788
R, 16792
R, 16796
R, 16800
R, 16804
R, 16808
R, 16812
R, 16816
R, 16820
R, 16824
R, 16828
R, 16832
R, 16836
R, 16840
R, 16844
R, 16848
R, 16852
R, 16856
R, 16860
R, 16864
R, 16868
R, 16872
R, 16876
R, 16880
W, 16416, 4575
W, 15920, -4368
R, 15924
R, 15928
R, 15932
R, 15936
R, 15940
R, 15944
R, 15948
R, 15952
R, 15956
R, 15960
R, 15964
R, 15968
R, 15972
R, 15976
R, 15980
R, 15984
R, 15988
R, 15992
R, 15996
R, 16000
R, 16004
R, 16008
R, 16012
R, 16016
R, 16020
R, 16024
R, 16028
R, 16032
R, 16036
R, 16040
R, 16044
R, 16048
R, 16052
R, 16056
R, 16060
R, 16064
R, 16068
R, 16072
R, 16076
R, 16080
R, 16084
R, 16088
R, 16092
R, 16096
R, 16100
R, 16104
R, 16108
R, 16112
R, 16116
R, 16120
R, 16124
R, 16128
R, 16132
R, 16136
R, 16140
R, 16144
R, 16148
R, 16152
R, 16156
R, 16160
R, 16164
R, 16168
R, 16172
R, 16176
R, 16180
R, 16184
R, 16188
R, 16192
R, 16196
R, 16200
R, 16204
R, 16208
R, 16212
R, 16216
R, 16220
R, 16224
R, 16228
R, 16232
R, 16236
R, 16240
R, 16244
R, 16248
R, 16252
R, 16256
R, 16260
R, 16264
R, 16268
R, 16272
R, 16276
R, 16280
R, 16284
R, 16288
R, 16292
R, 16296
R, 16300
R, 16304
R, 16308
R, 16312
R, 16316
R, 16320
R, 16324
R, 16328
R, 16332
R, 16336
R, 16340
R, 16344
R, 16348
R, 16352
R, 16356
R, 16360
R, 16364
R, 16368
R, 16372
R, 16376
R, 16380
R, 16384
R, 16388
R, 16392
R, 16396
R, 16400
R, 16404
R, 16408
R, 16412
R, 16416
R, 16420
R, 16424
R, 16428
R, 16432
R, 16436
R, 16440
R, 16444
R, 16448
R, 16452
R, 16456
R, 16460
R, 16464
R, 16468
R, 16472
R, 16476
R, 16480
R, 16484
R, 16488
R, 16492
R, 16496
R, 16500
R, 16504
R, 16508
R, 16512
R, 16516
R, 16520
R, 16524
R, 16528
R, 16532
R, 16536
R, 16540
R, 16544
R, 16548
R, 16552
R, 16556
R, 16560
R, 16564
R, 16568
R, 16572
R, 16576
R, 16580
R, 16584
R, 16588
R, 16592
R, 16596
R, 16600
R, 16604
R, 16608
R, 16612
R, 16616
R, 16620
R, 16624
R, 16628
R, 16632
R, 16636
R, 16640
R, 16644
R, 16648
R, 16652
R, 16656
R, 16660
R, 16664
R, 16668
R, 16672
R, 16676
R, 16680
R, 16684
R, 16688
R, 16692
R, 16696
R, 16700
R, 16704
R, 16708
R, 16712
R, 16716
R, 16720
R, 16720
R, 16724
R, 16728
R, 16732
R, 16736
R, 16740
R, 16744
R, 16748
R, 16752
R, 16756
R, 16760
R, 16764
R, 16768
R, 16772
R, 16776
R, 16780
R, 16784
R, 16788
R, 16792
R, 16796
R, 16800
R, 16804
R, 16808
R, 16812
R, 16816
R, 16820
R, 16824
R, 16828
R, 16832
R, 16836
R, 16840
R, 16844
R, 16848
R, 16852
R, 16856
R, 16860
R, 16864
R, 16868
R, 16872
R, 16876
R, 16880
W, 16720, -4146
W, 15924, -4365
R, 15928
R, 15932
R, 15936
R, 15940
R, 15940
R, 15944
R, 15948
R, 15952
R, 15956
R, 15960
R, 15964
R, 15968
R, 15972
R, 15976
R, 15980
R, 15984
R, 15984
R, 15988
R, 15992
R, 15996
R, 16000
R, 16004
R, 16008
R, 16012
R, 16012
R, 16016
R, 16020
R, 16024
R, 16028
R, 16032
R, 16036
R, 16040
R, 16044
R, 16048
R, 16052
R, 16056
R, 16056
R, 16060
R, 16060
R, 16064
R, 16068
R, 16072
R, 16076
R, 16080
R, 16084
R, 16088
R, 16092
R, 16096
R, 16100
R, 16104
R, 16108
R, 16112
R, 16116
R, 16120
R, 16124
R, 16128
R, 16132
R, 16136
R, 16140
R, 16144
R, 16148
R, 16152
R, 16156
R, 16160
R, 16164
R, 16168
R, 16172
R, 16176
R, 16180
R, 16184
R, 16188
R, 16192
R, 16196
R, 16200
R, 16204
R, 16208
R, 16212
R, 16216
R, 16220
R, 16224
R, 16228
R, 16232
R, 16236
R, 16240
R, 16244
R, 16248
R, 16252
R, 16256
R, 16260
R, 16264
R, 16268
R, 16268
R, 16272
R, 16276
R, 16280
R, 16284
R, 16288
R, 16292
R, 16296
R, 16300
R, 16304
R, 16308
R, 16312
R, 16316
R, 16320
R, 16324
R, 16328
R, 16332
R, 16336
R, 16340
R, 16344
R, 16348
R, 16352
R, 16352
R, 16356
R, 16360
R, 16364
R, 16368
R, 16372
R, 16376
R, 16380
R, 16384
R, 16388
R, 16392
R, 16396
R, 16400
R, 16404
R, 16408
R, 16412
R, 16416
R, 16420
R, 16424
R, 16428
R, 16432
R, 16436
R, 16440
R, 16444
R, 16448
R, 16452
R, 16456
R, 16460
R, 16464
R, 16468
R, 16472
R, 16476
R, 16480
R, 16484
R, 16488
R, 16492
R, 16496
R, 16500
R, 16504
R, 16508
R, 16512
R, 16516
R, 16520
R, 16524
R, 16528
R, 16532
R, 16536
R, 16540
R, 16544
R, 16548
R, 16552
R, 16556
R, 16560
R, 16564
R, 16568
R, 16572
R, 16576
R, 16580
R, 16584
R, 16588
R, 16592
R, 16596
R, 16600
R, 16604
R, 16608
R, 16612
R, 16616
R, 16620
R, 16624
R, 16628
R, 16632
R, 16636
R, 16640
R, 16644
R, 16648
R, 16652
R, 16656
R, 16660
R, 16664
R, 16668
R, 16672
R, 16676
R, 16680
R, 16684
R, 16688
R, 16692
R, 16696
R, 16700
R, 16704
R, 16708
R, 16712
R, 16716
R, 16720
R, 16720
R, 16724
R, 16728
R, 16732
R, 16736
R, 16740
R, 16744
R, 16748
R, 16752
R, 16756
R, 16760
R, 16764
R, 16768
R, 16772
R, 16776
R, 16780
R, 16784
R, 16788
R, 16792
R, 16796
R, 16800
R, 16804
R, 16808
R, 16812
R, 16816
R, 16820
R, 16824
R, 16824
R, 16828
R, 16832
R, 16836
R, 16840
R, 16844
R, 16848
R, 16852
R, 16856
R, 16860
R, 16864
R, 16868
R, 16872
R, 16876
R, 16880
W, 16824, -633
W, 15928, -4154
R, 15932
R, 15936
R, 15936
R, 15940
R, 15940
R, 15944
R, 15948
R, 15952
R, 15956
R, 15960
R, 15964
R, 15968
R, 15972
R, 15976
R, 15980
R, 15984
R, 15984
R, 15988
R, 15992
R, 15996
R, 16000
R, 16004
R, 16008
R, 16012
R, 16012
R, 16016
R, 16020
R, 16024
R, 16028
R, 16032
R, 16036
R, 16040
R, 16044
R, 16048
R, 16052
R, 16056
R, 16056
R, 16060
R, 16060
R, 16064
R, 16068
R, 16072
R, 16076
R, 16080
R, 16084
R, 16088
R, 16092
R, 16096
R, 16100
R, 16104
R, 16108
R, 16112
R, 16116
R, 16120
R, 16124
R, 16128
R, 16132
R, 16136
R, 16140
R, 16144
R, 16148
R, 16152
R, 16156
R, 16160
R, 16164
R, 16168
R, 16172
R, 16176
R, 16180
R, 16184
R, 16188
R, 16192
R, 16196
R, 16200
R, 16204
R, 16208
R, 16212
R, 16216
R, 16220
R, 16224
R, 16228
R, 16232
R, 16236
R, 16240
R, 16244
R, 16248
R, 16252
R, 16256
R, 16260
R, 16264
R, 16268
R, 16268
R, 16272
R, 16276
R, 16280
R, 16284
R, 16288
R, 16292
R, 16296
R, 16300
R, 16304
R, 16308
R, 16312
R, 16316
R, 16320
R, 16324
R, 16328
R, 16332
R, 16336
R, 16340
R, 16344
R, 16348
R, 16352
R, 16352
R, 16356
R, 16360
R, 16364
R, 16368
R, 16372
R, 16376
R, 16380
R, 16384
R, 16388
R, 16392
R, 16396
R, 16400
R, 16404
R, 16408
R, 16412
R, 16416
R, 16420
R, 16424
R, 16428
R, 16432
R, 16436
R, 16440
R, 16444
R, 16448
R, 16452
R, 16456
R, 16460
R, 16464
R, 16468
R, 16472
R, 16476
R, 16480
R, 16484
R, 16488
R, 16492
R, 16496
R, 16500
R, 16504
R, 16508
R, 16512
R, 16516
R, 16520
R, 16524
R, 16528
R, 16532
R, 16536
R, 16540
R, 16544
R, 16548
R, 16552
R, 16556
R, 16560
R, 16564
R, 16568
R, 16572
R, 16576
R, 16580
R, 16584
R, 16588
R, 16592
R, 16596
R, 16600
R, 16604
R, 16608
R, 16612
R, 16616
R, 16620
R, 16624
R, 16628
R, 16632
R, 16636
R, 16640
R, 16644
R, 16648
R, 16652
R, 16656
R, 16660
R, 16664
R, 16668
R, 16672
R, 16676
R, 16680
R, 16684
R, 16688
R, 16692
R, 16696
R, 16700
R, 16704
R, 16708
R, 16712
R, 16716
R, 16720
R, 16720
R, 16724
R, 16728
R, 16732
R, 16736
R, 16740
R, 16744
R, 16748
R, 16752
R, 16756
R, 16760
R, 16764
R, 16768
R, 16772
R, 16776
R, 16780
R, 16784
R, 16788
R, 16792
R, 16796
R, 16800
R, 16804
R, 16808
R, 16812
R, 16816
R, 16820
R, 16824
R, 16828
R, 16832
R, 16836
R, 16840
R, 16844
R, 16848
R, 16852
R, 16856
R, 16860
R, 16864
R, 16868
R, 16872
R, 16876
R, 16880
W, 16720, 2797
W, 15932, -4146
R, 15936
R, 15940
R, 15940
R, 15944
R, 15948
R, 15952
R, 15956
R, 15960
R, 15964
R, 15968
R, 15972
R, 15976
R, 15980
R, 15984
R, 15984
R, 15988
R, 15992
R, 15996
R, 16000
R, 16004
R, 16008
R, 16012
R, 16012
R, 16016
R, 16020
R, 16024
R, 16028
R, 16032
R, 16036
R, 16040
R, 16044
R, 16048
R, 16052
R, 16056
R, 16056
R, 16060
R, 16060
R, 16064
R, 16068
R, 16072
R, 16076
R, 16080
R, 16084
R, 16088
R, 16092
R, 16096
R, 16100
R, 16104
R, 16108
R, 16112
R, 16116
R, 16120
R, 16124
R, 16128
R, 16132
R, 16136
R, 16140
R, 16144
R, 16148
R, 16152
R, 16156
R, 16160
R, 16164
R, 16168
R, 16172
R, 16176
R, 16180
R, 16184
R, 16188
R, 16192
R, 16196
R, 16200
R, 16204
R, 16208
R, 16212
R, 16216
R, 16220
R, 16224
R, 16228
R, 16232
R, 16236
R, 16240
R, 16244
R, 16248
R, 16252
R, 16256
R, 16260
R, 16264
R, 16268
R, 16268
R, 16272
R, 16276
R, 16280
R, 16284
R, 16288
R, 16292
R, 16296
R, 16300
R, 16304
R, 16308
R, 16312
R, 16316
R, 16320
R, 16324
R, 16328
R, 16332
R, 16336
R, 16340
R, 16344
R, 16348
R, 16352
R, 16352
R, 16356
R, 16360
R, 16364
R, 16368
R, 16372
R, 16376
R, 16380
R, 16384
R, 16388
R, 16392
R, 16396
R, 16400
R, 16404
R, 16408
R, 16412
R, 16416
R, 16420
R, 16424
R, 16428
R, 16432
R, 16436
R, 16440
R, 16444
R, 16448
R, 16452
R, 16456
R, 16460
R, 16464
R, 16468
R, 16472
R, 16476
R, 16480
R, 16484
R, 16488
R, 16492
R, 16496
R, 16500
R, 16504
R, 16508
R, 16512
R, 16516
R, 16520
R, 16524
R, 16528
R, 16532
R, 16536
R, 16540
R, 16544
R, 16548
R, 16552
R, 16556
R, 16560
R, 16564
R, 16568
R, 16572
R, 16576
R, 16580
R, 16584
R, 16588
R, 16592
R, 16596
R, 16600
R, 16604
R, 16608
R, 16612
R, 16616
R, 16620
R, 16624
R, 16628
R, 16632
R, 16636
R, 16640
R, 16644
R, 16648
R, 16652
R, 16656
R, 16660
R, 16664
R, 16668
R, 16672
R, 16676
R, 16680
R, 16684
R, 16688
R, 16692
R, 16696
R, 16700
R, 16704
R, 16708
R, 16712
R, 16716
R, 16720
R, 16724
R, 16728
R, 16732
R, 16736
R, 16740
R, 16744
R, 16748
R, 16752
R, 16756
R, 16760
R, 16764
R, 16768
R, 16772
R, 16776
R, 16780
R, 16784
R, 16788
R, 16792
R, 16796
R, 16800
R, 16804
R, 16808
R, 16812
R, 16816
R, 16820
R, 16824
R, 16828
R, 16832
R, 16836
R, 16840
R, 16844
R, 16848
R, 16852
R, 16856
R, 16860
R, 16864
R, 16868
R, 16872
R, 16876
R, 16880
W, 16352, -211
W, 15936, -4082
R, 15940
R, 15944
R, 15948
R, 15952
R, 15956
R, 15960
R, 15964
R, 15968
R, 15972
R, 15976
R, 15980
R, 15984
R, 15984
R, 15988
R, 15992
R, 15996
R, 16000
R, 16004
R, 16008
R, 16012
R, 16012
R, 16016
R, 16020
R, 16024
R, 16028
R, 16032
R, 16036
R, 16040
R, 16044
R, 16048
R, 16052
R, 16056
R, 16056
R, 16060
R, 16060
R, 16064
R, 16068
R, 16072
R, 16076
R, 16080
R, 16084
R, 16088
R, 16092
R, 16096
R, 16100
R, 16104
R, 16108
R, 16112
R, 16116
R, 16120
R, 16124
R, 16128
R, 16132
R, 16136
R, 16140
R, 16144
R, 16148
R, 16152
R, 16156
R, 16160
R, 16164
R, 16168
R, 16172
R, 16176
R, 16180
R, 16184
R, 16188
R, 16192
R, 16196
R, 16200
R, 16204
R, 16208
R, 16212
R, 16216
R, 16220
R, 16224
R, 16228
R, 16232
R, 16236
R, 16240
R, 16244
R, 16248
R, 16252
R, 16256
R, 16260
R, 16264
R, 16268
R, 16268
R, 16272
R, 16276
R, 16280
R, 16284
R, 16288
R, 16292
R, 16296
R, 16300
R, 16304
R, 16308
R, 16312
R, 16316
R, 16320
R, 16324
R, 16328
R, 16332
R, 16336
R, 16340
R, 16344
R, 16348
R, 16352
R, 16356
R, 16360
R, 16364
R, 16368
R, 16372
R, 16376
R, 16380
R, 16384
R, 16388
R, 16392
R, 16396
R, 16400
R, 16404
R, 16408
R, 16412
R, 16416
R, 16420
R, 16424
R, 16428
R, 16432
R, 16436
R, 16440
R, 16444
R, 16448
R, 16452
R, 16456
R, 16460
R, 16464
R, 16468
R, 16472
R, 16476
R, 16480
R, 16484
R, 16488
R, 16492
R, 16496
R, 16500
R, 16504
R, 16508
R, 16512
R, 16516
R, 16520
R, 16524
R, 16528
R, 16532
R, 16536
R, 16540
R, 16544
R, 16548
R, 16552
R, 16556
R, 16560
R, 16564
R, 16568
R, 16572
R, 16576
R, 16580
R, 16584
R, 16588
R, 16588
R, 16592
R, 16596
R, 16600
R, 16604
R, 16608
R, 16612
R, 16616
R, 16620
R, 16624
R, 16628
R, 16632
R, 16636
R, 16640
R, 16644
R, 16648
R, 16652
R, 16656
R, 16660
R, 16664
R, 16668
R, 16672
R, 16676
R, 16680
R, 16684
R, 16688
R, 16692
R, 16696
R, 16700
R, 16704
R, 16708
R, 16712
R, 16716
R, 16720
R, 16724
R, 16728
R, 16732
R, 16736
R, 16740
R, 16744
R, 16748
R, 16752
R, 16756
R, 16760
R, 16764
R, 16768
R, 16772
R, 16776
R, 16780
R, 16784
R, 16788
R, 16792
R, 16796
R, 16800
R, 16804
R, 16808
R, 16812
R, 16816
R, 16820
R, 16824
R, 16828
R, 16832
R, 16836
R, 16840
R, 16844
R, 16848
R, 16852
R, 16856
R, 16860
R, 16864
R, 16868
R, 16872
R, 16876
R, 16880
W, 16588, -2694
W, 15940, -4057
R, 15944
R, 15948
R, 15948
R, 15952
R, 15952
R, 15956
R, 15956
R, 15960
R, 15964
R, 15968
R, 15972
R, 15976
R, 15980
R, 15980
R, 15984
R, 15984
R, 15988
R, 15992
R, 15996
R, 16000
R, 16004
R, 16008
R, 16012
R, 16012
R, 16016
R, 16020
R, 16024
R, 16028
R, 16032
R, 16036
R, 16040
R, 16044
R, 16048
R, 16052
R, 16056
R, 16056
R, 16060
R, 16060
R, 16064
R, 16068
R, 16072
R, 16076
R, 16080
R, 16084
R, 16088
R, 16092
R, 16096
R, 16100
R, 16104
R, 16108
R, 16112
R, 16116
R, 16120
R, 16124
R, 16128
R, 16132
R, 16136
R, 16140
R, 16144
R, 16148
R, 16152
R, 16156
R, 16160
R, 16164
R, 16168
R, 16172
R, 16176
R, 16180
R, 16184
R, 16188
R, 16192
R, 16196
R, 16200
R, 16204
R, 16208
R, 16212
R, 16216
R, 16220
R, 16224
R, 16228
R, 16232
R, 16236
R, 16240
R, 16244
R, 16248
R, 16252
R, 16256
R, 16260
R, 16264
R, 16268
R, 16268
R, 16272
R, 16276
R, 16280
R, 16284
R, 16288
R, 16292
R, 16296
R, 16300
R, 16304
R, 16308
R, 16312
R, 16316
R, 16320
R, 16324
R, 16328
R, 16332
R, 16336
R, 16340
R, 16344
R, 16348
R, 16352
R, 16356
R, 16360
R, 16364
R, 16368
R, 16372
R, 16376
R, 16380
R, 16384
R, 16388
R, 16392
R, 16396
R, 16400
R, 16404
R, 16408
R, 16412
R, 16416
R, 16420
R, 16424
R, 16428
R, 16432
R, 16436
R, 16440
R, 16444
R, 16448
R, 16452
R, 16456
R, 16460
R, 16464
R, 16468
R, 16472
R, 16476
R, 16480
R, 16484
R, 16488
R, 16492
R, 16496
R, 16500
R, 16504
R, 16508
R, 16512
R, 16516
R, 16520
R, 16524
R, 16528
R, 16532
R, 16536
R, 16540
R, 16544
R, 16548
R, 16552
R, 16556
R, 16560
R, 16564
R, 16568
R, 16572
R, 16576
R, 16580
R, 16584
R, 16588
R, 16592
R, 16596
R, 16600
R, 16604
R, 16608
R, 16612
R, 16616
R, 16620
R, 16624
R, 16628
R, 16632
R, 16636
R, 16636
R, 16640
R, 16644
R, 16648
R, 16652
R, 16656
R, 16660
R, 16664
R, 16668
R, 16672
R, 16676
R, 16680
R, 16684
R, 16688
R, 16692
R, 16696
R, 16700
R, 16704
R, 16708
R, 16712
R, 16716
R, 16720
R, 16724
R, 16728
R, 16732
R, 16736
R, 16740
R, 16744
R, 16748
R, 16752
R, 16756
R, 16760
R, 16764
R, 16768
R, 16772
R, 16776
R, 16780
R, 16784
R, 16788
R, 16792
R, 16796
R, 16800
R, 16804
R, 16808
R, 16812
R, 16816
R, 16820
R, 16824
R, 16828
R, 16832
R, 16836
R, 16840
R, 16844
R, 16848
R, 16852
R, 16856
R, 16856
R, 16860
R, 16864
R, 16868
R, 16872
R, 16876
R, 16880
W, 16856, 4647
W, 15944, -4020
R, 15948
R, 15952
R, 15952
R, 15956
R, 15956
R, 15960
R, 15964
R, 15968
R, 15972
R, 15976
R, 15980
R, 15980
R, 15984
R, 15984
R, 15988
R, 15992
R, 15996
R, 16000
R, 16004
R, 16008
R, 16012
R, 16012
R, 16016
R, 16020
R, 16024
R, 16028
R, 16032
R, 16036
R, 16040
R, 16044
R, 16048
R, 16052
R, 16056
R, 16056
R, 16060
R, 16060
R, 16064
R, 16068
R, 16072
R, 16076
R, 16080
R, 16084
R, 16088
R, 16092
R, 16096
R, 16100
R, 16104
R, 16108
R, 16112
R, 16116
R, 16120
R, 16124
R, 16128
R, 16132
R, 16136
R, 16140
R, 16144
R, 16148
R, 16152
R, 16156
R, 16160
R, 16164
R, 16168
R, 16172
R, 16176
R, 16180
R, 16184
R, 16188
R, 16192
R, 16196
R, 16200
R, 16204
R, 16208
R, 16212
R, 16216
R, 16220
R, 16224
R, 16228
R, 16232
R, 16236
R, 16240
R, 16244
R, 16248
R, 16252
R, 16256
R, 16260
R, 16264
R, 16268
R, 16268
R, 16272
R, 16276
R, 16280
R, 16284
R, 16288
R, 16292
R, 16296
R, 16300
R, 16304
R, 16308
R, 16312
R, 16316
R, 16320
R, 16324
R, 16328
R, 16332
R, 16336
R, 16340
R, 16344
R, 16348
R, 16352
R, 16356
R, 16360
R, 16364
R, 16368
R, 16372
R, 16376
R, 16380
R, 16384
R, 16388
R, 16392
R, 16396
R, 16400
R, 16404
R, 16408
R, 16412
R, 16416
R, 16420
R, 16424
R, 16428
R, 16432
R, 16436
R, 16440
R, 16444
R, 16448
R, 16452
R, 16456
R, 16460
R, 16464
R, 16468
R, 16472
R, 16476
R, 16480
R, 16484
R, 16488
R, 16492
R, 16496
R, 16500
R, 16504
R, 16508
R, 16512
R, 16516
R, 16520
R, 16524
R, 16528
R, 16532
R, 16536
R, 16540
R, 16544
R, 16548
R, 16552
R, 16556
R, 16560
R, 16564
R, 16568
R, 16572
R, 16576
R, 16580
R, 16584
R, 16588
R, 16592
R, 16596
R, 16600
R, 16604
R, 16608
R, 16612
R, 16616
R, 16620
R, 16624
R, 16628
R, 16632
R, 16636
R, 16636
R, 16640
R, 16644
R, 16648
R, 16652
R, 16656
R, 16660
R, 16664
R, 16668
R, 16672
R, 16676
R, 16680
R, 16684
R, 16688
R, 16692
R, 16696
R, 16700
R, 16704
R, 16708
R, 16712
R, 16716
R, 16720
R, 16724
R, 16728
R, 16732
R, 16736
R, 16740
R, 16744
R, 16748
R, 16752
R, 16756
R, 16760
R, 16764
R, 16768
R, 16772
R, 16776
R, 16780
R, 16784
R, 16788
R, 16792
R, 16796
R, 16800
R, 16804
R, 16808
R, 16812
R, 16816
R, 16820
R, 16824
R, 16828
R, 16832
R, 16836
R, 16840
R, 16844
R, 16848
R, 16852
R, 16856
R, 16860
R, 16864
R, 16868
R, 16872
R, 16876
R, 16880
W, 16636, 3232
W, 15948, -4001
R, 15952
R, 15956
R, 15956
R, 15960
R, 15964
R, 15968
R, 15972
R, 15976
R, 15980
R, 15980
R, 15984
R, 15984
R, 15988
R, 15992
R, 15996
R, 16000
R, 16004
R, 16008
R, 16012
R, 16012
R, 16016
R, 16020
R, 16024
R, 16028
R, 16032
R, 16036
R, 16040
R, 16044
R, 16048
R, 16052
R, 16056
R, 16056
R, 16060
R, 16060
R, 16064
R, 16068
R, 16072
R, 16076
R, 16080
R, 16084
R, 16088
R, 16092
R, 16096
R, 16100
R, 16104
R, 16108
R, 16112
R, 16116
R, 16120
R, 16124
R, 16128
R, 16132
R, 16136
R, 16140
R, 16144
R, 16148
R, 16152
R, 16156
R, 16160
R, 16164
R, 16168
R, 16172
R, 16176
R, 16180
R, 16184
R, 16188
R, 16192
R, 16196
R, 16200
R, 16204
R, 16208
R, 16212
R, 16216
R, 16220
R, 16224
R, 16228
R, 16232
R, 16236
R, 16240
R, 16244
R, 16248
R, 16252
R, 16256
R, 16260
R, 16264
R, 16268
R, 16268
R, 16272
R, 16276
R, 16280
R, 16284
R, 16288
R, 16292
R, 16296
R, 16300
R, 16304
R, 16308
R, 16312
R, 16316
R, 16320
R, 16324
R, 16328
R, 16332
R, 16336
R, 16340
R, 16344
R, 16348
R, 16352
R, 16356
R, 16360
R, 16364
R, 16368
R, 16372
R, 16376
R, 16380
R, 16384
R, 16388
R, 16392
R, 16396
R, 16400
R, 16404
R, 16408
R, 16412
R, 16416
R, 16420
R, 16424
R, 16428
R, 16432
R, 16436
R, 16440
R, 16444
R, 16448
R, 16452
R, 16456
R, 16460
R, 16464
R, 16468
R, 16472
R, 16476
R, 16480
R, 16484
R, 16488
R, 16492
R, 16496
R, 16500
R, 16504
R, 16508
R, 16512
R, 16516
R, 16520
R, 16524
R, 16528
R, 16532
R, 16536
R, 16540
R, 16544
R, 16548
R, 16552
R, 16556
R, 16560
R, 16564
R, 16568
R, 16572
R, 16576
R, 16580
R, 16584
R, 16588
R, 16592
R, 16596
R, 16600
R, 16604
R, 16608
R, 16612
R, 16616
R, 16620
R, 16624
R, 16628
R, 16632
R, 16636
R, 16640
R, 16644
R, 16648
R, 16652
R, 16656
R, 16660
R, 16664
R, 16668
R, 16672
R, 16676
R, 16680
R, 16684
R, 16688
R, 16692
R, 16696
R, 16700
R, 16704
R, 16708
R, 16712
R, 16716
R, 16720
R, 16724
R, 16728
R, 16732
R, 16736
R, 16740
R, 16744
R, 16748
R, 16752
R, 16756
R, 16760
R, 16764
R, 16768
R, 16772
R, 16776
R, 16780
R, 16784
R, 16788
R, 16792
R, 16796
R, 16800
R, 16804
R, 16808
R, 16812
R, 16816
R, 16820
R, 16824
R, 16828
R, 16832
R, 16836
R, 16840
R, 16844
R, 16848
R, 16852
R, 16856
R, 16860
R, 16864
R, 16868
R, 16872
R, 16876
R, 16880
W, 16268, -541
W, 15952, -3998
R, 15956
R, 15960
R, 15964
R, 15968
R, 15972
R, 15976
R, 15980
R, 15980
R, 15984
R, 15984
R, 15988
R, 15992
R, 15996
R, 16000
R, 16004
R, 16008
R, 16012
R, 16012
R, 16016
R, 16020
R, 16024
R, 16028
R, 16032
R, 16036
R, 16040
R, 16044
R, 16048
R, 16052
R, 16056
R, 16056
R, 16060
R, 16060
R, 16064
R, 16068
R, 16072
R, 16076
R, 16080
R, 16084
R, 16088
R, 16092
R, 16096
R, 16100
R, 16104
R, 16108
R, 16112
R, 16116
R, 16120
R, 16124
R, 16128
R, 16132
R, 16136
R, 16140
R, 16144
R, 16148
R, 16152
R, 16156
R, 16160
R, 16164
R, 16168
R, 16172
R, 16176
R, 16180
R, 16184
R, 16188
R, 16192
R, 16196
R, 16200
R, 16204
R, 16208
R, 16212
R, 16216
R, 16220
R, 16224
R, 16228
R, 16232
R, 16236
R, 16240
R, 16244
R, 16248
R, 16252
R, 16256
R, 16260
R, 16264
R, 16268
R, 16272
R, 16276
R, 16280
R, 16284
R, 16288
R, 16292
R, 16296
R, 16300
R, 16304
R, 16308
R, 16312
R, 16316
R, 16320
R, 16324
R, 16328
R, 16328
R, 16332
R, 16336
R, 16340
R, 16344
R, 16348
R, 16352
R, 16356
R, 16360
R, 16364
R, 16368
R, 16372
R, 16376
R, 16380
R, 16384
R, 16388
R, 16392
R, 16396
R, 16396
R, 16400
R, 16404
R, 16408
R, 16412
R, 16416
R, 16420
R, 16424
R, 16428
R, 16432
R, 16436
R, 16440
R, 16444
R, 16448
R, 16452
R, 16452
R, 16456
R, 16460
R, 16464
R, 16468
R, 16472
R, 16476
R, 16480
R, 16484
R, 16488
R, 16492
R, 16496
R, 16500
R, 16504
R, 16508
R, 16512
R, 16516
R, 16520
R, 16524
R, 16528
R, 16532
R, 16536
R, 16540
R, 16544
R, 16548
R, 16552
R, 16556
R, 16560
R, 16564
R, 16568
R, 16572
R, 16576
R, 16580
R, 16584
R, 16588
R, 16592
R, 16596
R, 16596
R, 16600
R, 16604
R, 16608
R, 16612
R, 16616
R, 16620
R, 16624
R, 16628
R, 16632
R, 16636
R, 16640
R, 16644
R, 16648
R, 16652
R, 16656
R, 16660
R, 16664
R, 16668
R, 16672
R, 16676
R, 16680
R, 16684
R, 16688
R, 16692
R, 16696
R, 16700
R, 16704
R, 16708
R, 16712
R, 16716
R, 16720
R, 16724
R, 16728
R, 16732
R, 16736
R, 16740
R, 16744
R, 16748
R, 16752
R, 16756
R, 16760
R, 16764
R, 16768
R, 16772
R, 16776
R, 16780
R, 16784
R, 16788
R, 16792
R, 16796
R, 16800
R, 16804
R, 16808
R, 16812
R, 16816
R, 16820
R, 16824
R, 16828
R, 16832
R, 16836
R, 16840
R, 16844
R, 16848
R, 16852
R, 16856
R, 16860
R, 16864
R, 16868
R, 16872
R, 16876
R, 16880
W, 16596, -903
W, 15956, -3933
R, 15960
R, 15964
R, 15968
R, 15972
R, 15976
R, 15980
R, 15980
R, 15984
R, 15984
R, 15988
R, 15992
R, 15996
R, 16000
R, 16004
R, 16008
R, 16012
R, 16012
R, 16016
R, 16020
R, 16024
R, 16028
R, 16032
R, 16036
R, 16040
R, 16044
R, 16048
R, 16052
R, 16056
R, 16056
R, 16060
R, 16060
R, 16064
R, 16068
R, 16072
R, 16076
R, 16080
R, 16084
R, 16088
R, 16092
R, 16096
R, 16100
R, 16104
R, 16108
R, 16112
R, 16116
R, 16120
R, 16124
R, 16128
R, 16132
R, 16136
R, 16140
R, 16144
R, 16148
R, 16152
R, 16156
R, 16160
R, 16164
R, 16168
R, 16172
R, 16176
R, 16180
R, 16184
R, 16188
R, 16192
R, 16196
R, 16200
R, 16204
R, 16208
R, 16212
R, 16216
R, 16220
R, 16224
R, 16228
R, 16232
R, 16236
R, 16240
R, 16244
R, 16248
R, 16252
R, 16256
R, 16260
R, 16264
R, 16268
R, 16272
R, 16276
R, 16280
R, 16284
R, 16288
R, 16292
R, 16296
R, 16300
R, 16304
R, 16308
R, 16312
R, 16316
R, 16320
R, 16324
R, 16328
R, 16328
R, 16332
R, 16336
R, 16340
R, 16344
R, 16348
R, 16352
R, 16356
R, 16360
R, 16364
R, 16368
R, 16372
R, 16376
R, 16380
R, 16384
R, 16388
R, 16392
R, 16396
R, 16396
R, 16400
R, 16404
R, 16408
R, 16412
R, 16416
R, 16420
R, 16424
R, 16428
R, 16432
R, 16436
R, 16440
R, 16444
R, 16448
R, 16452
R, 16452
R, 16456
R, 16460
R, 16464
R, 16468
R, 16472
R, 16476
R, 16480
R, 16484
R, 16488
R, 16492
R, 16496
R, 16500
R, 16504
R, 16508
R, 16512
R, 16516
R, 16520
R, 16524
R, 16528
R, 16532
R, 16536
R, 16540
R, 16544
R, 16548
R, 16552
R, 16556
R, 16560
R, 16564
R, 16568
R, 16572
R, 16576
R, 16580
R, 16584
R, 16588
R, 16592
R, 16596
R, 16600
R, 16604
R, 16608
R, 16612
R, 16616
R, 16620
R, 16624
R, 16628
R, 16632
R, 16636
R, 16640
R, 16644
R, 16648
R, 16652
R, 16656
R, 16660
R, 16664
R, 16668
R, 16672
R, 16676
R, 16680
R, 16684
R, 16688
R, 16692
R, 16696
R, 16700
R, 16704
R, 16708
R, 16712
R, 16716
R, 16720
R, 16724
R, 16728
R, 16732
R, 16736
R, 16740
R, 16744
R, 16748
R, 16752
R, 16756
R, 16760
R, 16764
R, 16768
R, 16772
R, 16776
R, 16780
R, 16784
R, 16788
R, 16792
R, 16796
R, 16800
R, 16804
R, 16808
R, 16812
R, 16816
R, 16820
R, 16824
R, 16828
R, 16832
R, 16836
R, 16840
R, 16844
R, 16848
R, 16852
R, 16856
R, 16860
R, 16864
R, 16868
R, 16872
R, 16876
R, 16880
W, 16452, -647
W, 15960, -3923
R, 15964
R, 15968
R, 15968
R, 15972
R, 15976
R, 15980
R, 15980
R, 15984
R, 15984
R, 15988
R, 15992
R, 15996
R, 16000
R, 16004
R, 16008
R, 16012
R, 16012
R, 16016
R, 16020
R, 16024
R, 16028
R, 16032
R, 16036
R, 16040
R, 16044
R, 16048
R, 16052
R, 16056
R, 16056
R, 16060
R, 16060
R, 16064
R, 16068
R, 16072
R, 16076
R, 16080
R, 16084
R, 16088
R, 16092
R, 16096
R, 16100
R, 16104
R, 16108
R, 16112
R, 16116
R, 16120
R, 16124
R, 16128
R, 16132
R, 16136
R, 16140
R, 16144
R, 16148
R, 16152
R, 16156
R, 16160
R, 16164
R, 16168
R, 16172
R, 16176
R, 16180
R, 16184
R, 16188
R, 16192
R, 16196
R, 16200
R, 16204
R, 16208
R, 16212
R, 16216
R, 16220
R, 16224
R, 16228
R, 16232
R, 16236
R, 16240
R, 16244
R, 16248
R, 16252
R, 16256
R, 16260
R, 16264
R, 16268
R, 16272
R, 16276
R, 16280
R, 16284
R, 16288
R, 16292
R, 16296
R, 16300
R, 16304
R, 16308
R, 16312
R, 16316
R, 16320
R, 16324
R, 16328
R, 16328
R, 16332
R, 16336
R, 16340
R, 16344
R, 16348
R, 16352
R, 16356
R, 16360
R, 16364
R, 16368
R, 16372
R, 16376
R, 16380
R, 16384
R, 16388
R, 16392
R, 16396
R, 16396
R, 16400
R, 16404
R, 16408
R, 16412
R, 16416
R, 16420
R, 16424
R, 16428
R, 16432
R, 16436
R, 16440
R, 16444
R, 16448
R, 16452
R, 16456
R, 16460
R, 16464
R, 16468
R, 16472
R, 16476
R, 16476
R, 16480
R, 16484
R, 16488
R, 16492
R, 16496
R, 16500
R, 16504
R, 16508
R, 16512
R, 16516
R, 16520
R, 16524
R, 16528
R, 16532
R, 16536
R, 16540
R, 16544
R, 16548
R, 16552
R, 16556
R, 16560
R, 16564
R, 16568
R, 16572
R, 16576
R, 16580
R, 16584
R, 16588
R, 16592
R, 16596
R, 16600
R, 16604
R, 16608
R, 16612
R, 16616
R, 16620
R, 16624
R, 16628
R, 16632
R, 16636
R, 16640
R, 16644
R, 16648
R, 16652
R, 16656
R, 16660
R, 16664
R, 16668
R, 16672
R, 16676
R, 16680
R, 16684
R, 16688
R, 16692
R, 16696
R, 16700
R, 16704
R, 16708
R, 16712
R, 16716
R, 16720
R, 16724
R, 16728
R, 16732
R, 16736
R, 16740
R, 16744
R, 16748
R, 16752
R, 16756
R, 16760
R, 16764
R, 16768
R, 16772
R, 16776
R, 16780
R, 16784
R, 16788
R, 16792
R, 16796
R, 16800
R, 16804
R, 16808
R, 16812
R, 16816
R, 16820
R, 16824
R, 16828
R, 16832
R, 16836
R, 16840
R, 16844
R, 16848
R, 16852
R, 16856
R, 16860
R, 16860
R, 16864
R, 16868
R, 16872
R, 16876
R, 16880
W, 16860, 2478
W, 15964, -3905
R, 15968
R, 15972
R, 15976
R, 15980
R, 15980
R, 15984
R, 15984
R, 15988
R, 15992
R, 15996
R, 16000
R, 16004
R, 16008
R, 16012
R, 16012
R, 16016
R, 16020
R, 16024
R, 16028
R, 16032
R, 16036
R, 16040
R, 16044
R, 16048
R, 16052
R, 16056
R, 16056
R, 16060
R, 16060
R, 16064
R, 16068
R, 16072
R, 16076
R, 16080
R, 16084
R, 16088
R, 16092
R, 16096
R, 16100
R, 16104
R, 16108
R, 16112
R, 16116
R, 16120
R, 16124
R, 16128
R, 16132
R, 16136
R, 16140
R, 16144
R, 16148
R, 16152
R, 16156
R, 16160
R, 16164
R, 16168
R, 16172
R, 16176
R, 16180
R, 16184
R, 16188
R, 16192
R, 16196
R, 16200
R, 16204
R, 16208
R, 16212
R, 16216
R, 16220
R, 16224
R, 16228
R, 16232
R, 16236
R, 16240
R, 16244
R, 16248
R, 16252
R, 16256
R, 16260
R, 16264
R, 16268
R, 16272
R, 16276
R, 16280
R, 16284
R, 16288
R, 16292
R, 16296
R, 16300
R, 16304
R, 16308
R, 16312
R, 16316
R, 16320
R, 16324
R, 16328
R, 16328
R, 16332
R, 16336
R, 16340
R, 16344
R, 16348
R, 16352
R, 16356
R, 16360
R, 16364
R, 16368
R, 16372
R, 16376
R, 16380
R, 16384
R, 16388
R, 16392
R, 16396
R, 16396
R, 16400
R, 16404
R, 16408
R, 16412
R, 16416
R, 16420
R, 16424
R, 16428
R, 16432
R, 16436
R, 16440
R, 16444
R, 16448
R, 16452
R, 16456
R, 16460
R, 16464
R, 16468
R, 16472
R, 16476
R, 16476
R, 16480
R, 16484
R, 16488
R, 16492
R, 16496
R, 16500
R, 16504
R, 16508
R, 16512
R, 16516
R, 16520
R, 16524
R, 16528
R, 16532
R, 16536
R, 16540
R, 16544
R, 16548
R, 16552
R, 16556
R, 16560
R, 16564
R, 16568
R, 16572
R, 16576
R, 16580
R, 16584
R, 16588
R, 16592
R, 16596
R, 16600
R, 16604
R, 16608
R, 16612
R, 16616
R, 16620
R, 16624
R, 16628
R, 16632
R, 16636
R, 16640
R, 16644
R, 16648
R, 16652
R, 16656
R, 16660
R, 16664
R, 16668
R, 16672
R, 16676
R, 16680
R, 16684
R, 16688
R, 16692
R, 16696
R, 16700
R, 16704
R, 16708
R, 16712
R, 16716
R, 16720
R, 16724
R, 16728
R, 16732
R, 16736
R, 16740
R, 16744
R, 16748
R, 16752
R, 16756
R, 16760
R, 16764
R, 16768
R, 16772
R, 16776
R, 16780
R, 16784
R, 16788
R, 16792
R, 16796
R, 16800
R, 16804
R, 16808
R, 16812
R, 16816
R, 16820
R, 16824
R, 16828
R, 16832
R, 16836
R, 16840
R, 16844
R, 16848
R, 16852
R, 16856
R, 16860
R, 16864
R, 16868
R, 16872
R, 16876
R, 16880
W, 16476, -612
W, 15968, -3890
R, 15972
R, 15976
R, 15980
R, 15980
R, 15984
R, 15984
R, 15988
R, 15992
R, 15996
R, 16000
R, 16004
R, 16008
R, 16012
R, 16012
R, 16016
R, 16020
R, 16024
R, 16028
R, 16032
R, 16036
R, 16040
R, 16044
R, 16048
R, 16052
R, 16056
R, 16056
R, 16060
R, 16060
R, 16064
R, 16068
R, 16072
R, 16076
R, 16080
R, 16084
R, 16088
R, 16092
R, 16096
R, 16100
R, 16104
R, 16108
R, 16112
R, 16116
R, 16120
R, 16124
R, 16128
R, 16132
R, 16136
R, 16140
R, 16144
R, 16148
R, 16152
R, 16156
R, 16160
R, 16164
R, 16168
R, 16172
R, 16176
R, 16180
R, 16184
R, 16188
R, 16192
R, 16196
R, 16200
R, 16204
R, 16208
R, 16212
R, 16216
R, 16220
R, 16224
R, 16228
R, 16232
R, 16236
R, 16240
R, 16244
R, 16248
R, 16252
R, 16256
R, 16260
R, 16264
R, 16268
R, 16272
R, 16276
R, 16280
R, 16284
R, 16288
R, 16292
R, 16296
R, 16300
R, 16304
R, 16308
R, 16312
R, 16316
R, 16320
R, 16324
R, 16328
R, 16328
R, 16332
R, 16336
R, 16340
R, 16344
R, 16348
R, 16352
R, 16356
R, 16360
R, 16364
R, 16368
R, 16372
R, 16376
R, 16380
R, 16384
R, 16388
R, 16392
R, 16396
R, 16396
R, 16400
R, 16404
R, 16408
R, 16412
R, 16416
R, 16420
R, 16424
R, 16428
R, 16432
R, 16436
R, 16440
R, 16444
R, 16448
R, 16452
R, 16456
R, 16460
R, 16464
R, 16468
R, 16472
R, 16476
R, 16480
R, 16484
R, 16488
R, 16492
R, 16496
R, 16500
R, 16504
R, 16508
R, 16512
R, 16516
R, 16520
R, 16524
R, 16528
R, 16532
R, 16536
R, 16540
R, 16544
R, 16548
R, 16552
R, 16556
R, 16560
R, 16564
R, 16568
R, 16572
R, 16576
R, 16580
R, 16580
R, 16584
R, 16588
R, 16592
R, 16596
R, 16600
R, 16604
R, 16608
R, 16612
R, 16616
R, 16620
R, 16624
R, 16628
R, 16632
R, 16636
R, 16640
R, 16644
R, 16648
R, 16652
R, 16656
R, 16660
R, 16664
R, 16668
R, 16672
R, 16676
R, 16680
R, 16684
R, 16688
R, 16692
R, 16696
R, 16700
R, 16704
R, 16708
R, 16712
R, 16716
R, 16720
R, 16724
R, 16728
R, 16732
R, 16736
R, 16740
R, 16744
R, 16748
R, 16752
R, 16756
R, 16760
R, 16760
R, 16764
R, 16768
R, 16772
R, 16776
R, 16780
R, 16784
R, 16788
R, 16792
R, 16796
R, 16800
R, 16804
R, 16808
R, 16812
R, 16816
R, 16820
R, 16824
R, 16828
R, 16832
R, 16836
R, 16840
R, 16844
R, 16848
R, 16852
R, 16856
R, 16860
R, 16864
R, 16868
R, 16872
R, 16876
R, 16880
W, 16760, -305
W, 15972, -3885
R, 15976
R, 15980
R, 15980
R, 15984
R, 15984
R, 15988
R, 15992
R, 15996
R, 16000
R, 16004
R, 16008
R, 16012
R, 16012
R, 16016
R, 16020
R, 16024
R, 16028
R, 16032
R, 16036
R, 16040
R, 16044
R, 16048
R, 16052
R, 16056
R, 16056
R, 16060
R, 16060
R, 16064
R, 16068
R, 16072
R, 16076
R, 16080
R, 16084
R, 16088
R, 16092
R, 16096
R, 16100
R, 16104
R, 16108
R, 16112
R, 16116
R, 16120
R, 16124
R, 16128
R, 16132
R, 16136
R, 16140
R, 16144
R, 16148
R, 16152
R, 16156
R, 16160
R, 16164
R, 16168
R, 16172
R, 16176
R, 16180
R, 16184
R, 16188
R, 16192
R, 16196
R, 16200
R, 16204
R, 16208
R, 16212
R, 16216
R, 16220
R, 16224
R, 16228
R, 16232
R, 16236
R, 16240
R, 16244
R, 16248
R, 16252
R, 16256
R, 16260
R, 16264
R, 16268
R, 16272
R, 16276
R, 16280
R, 16284
R, 16288
R, 16292
R, 16296
R, 16300
R, 16304
R, 16308
R, 16312
R, 16316
R, 16320
R, 16324
R, 16328
R, 16328
R, 16332
R, 16336
R, 16340
R, 16344
R, 16348
R, 16352
R, 16356
R, 16360
R, 16364
R, 16368
R, 16372
R, 16376
R, 16380
R, 16384
R, 16388
R, 16392
R, 16396
R, 16396
R, 16400
R, 16404
R, 16408
R, 16412
R, 16416
R, 16420
R, 16424
R, 16428
R, 16432
R, 16436
R, 16440
R, 16444
R, 16448
R, 16452
R, 16456
R, 16460
R, 16464
R, 16468
R, 16472
R, 16476
R, 16480
R, 16484
R, 16488
R, 16492
R, 16496
R, 16500
R, 16504
R, 16508
R, 16512
R, 16516
R, 16520
R, 16524
R, 16528
R, 16532
R, 16536
R, 16540
R, 16544
R, 16548
R, 16552
R, 16556
R, 16560
R, 16564
R, 16568
R, 16572
R, 16576
R, 16580
R, 16580
R, 16584
R, 16588
R, 16592
R, 16596
R, 16600
R, 16604
R, 16608
R, 16612
R, 16616
R, 16620
R, 16624
R, 16628
R, 16632
R, 16636
R, 16640
R, 16644
R, 16648
R, 16652
R, 16656
R, 16660
R, 16664
R, 16668
R, 16672
R, 16676
R, 16680
R, 16684
R, 16688
R, 16692
R, 16696
R, 16700
R, 16704
R, 16708
R, 16712
R, 16716
R, 16720
R, 16724
R, 16728
R, 16732
R, 16736
R, 16740
R, 16744
R, 16748
R, 16752
R, 16756
R, 16760
R, 16764
R, 16768
R, 16772
R, 16776
R, 16780
R, 16784
R, 16788
R, 16792
R, 16796
R, 16800
R, 16804
R, 16808
R, 16812
R, 16816
R, 16820
R, 16824
R, 16828
R, 16832
R, 16836
R, 16840
R, 16844
R, 16848
R, 16852
R, 16856
R, 16860
R, 16864
R, 16868
R, 16872
R, 16876
R, 16880
W, 16580, 738
W, 15976, -3869
R, 15980
R, 15984
R, 15984
R, 15988
R, 15992
R, 15996
R, 16000
R, 16004
R, 16008
R, 16012
R, 16012
R, 16016
R, 16020
R, 16024
R, 16028
R, 16032
R, 16036
R, 16040
R, 16044
R, 16048
R, 16052
R, 16056
R, 16056
R, 16060
R, 16060
R, 16064
R, 16068
R, 16072
R, 16076
R, 16080
R, 16084
R, 16088
R, 16092
R, 16096
R, 16100
R, 16104
R, 16108
R, 16112
R, 16116
R, 16120
R, 16124
R, 16128
R, 16132
R, 16136
R, 16140
R, 16144
R, 16148
R, 16152
R, 16156
R, 16160
R, 16164
R, 16168
R, 16172
R, 16176
R, 16180
R, 16184
R, 16188
R, 16192
R, 16196
R, 16200
R, 16204
R, 16208
R, 16212
R, 16216
R, 16220
R, 16224
R, 16228
R, 16232
R, 16236
R, 16240
R, 16244
R, 16248
R, 16252
R, 16256
R, 16260
R, 16264
R, 16268
R, 16272
R, 16276
R, 16280
R, 16284
R, 16288
R, 16292
R, 16296
R, 16300
R, 16304
R, 16308
R, 16312
R, 16316
R, 16320
R, 16324
R, 16328
R, 16328
R, 16332
R, 16336
R, 16340
R, 16344
R, 16348
R, 16352
R, 16356
R, 16360
R, 16364
R, 16368
R, 16372
R, 16376
R, 16380
R, 16384
R, 16388
R, 16392
R, 16396
R, 16396
R, 16400
R, 16404
R, 16408
R, 16412
R, 16416
R, 16420
R, 16424
R, 16428
R, 16432
R, 16436
R, 16440
R, 16444
R, 16448
R, 16452
R, 16456
R, 16460
R, 16464
R, 16468
R, 16472
R, 16476
R, 16480
R, 16484
R, 16488
R, 16492
R, 16496
R, 16500
R, 16504
R, 16508
R, 16512
R, 16516
R, 16520
R, 16524
R, 16528
R, 16532
R, 16536
R, 16540
R, 16544
R, 16548
R, 16552
R, 16556
R, 16560
R, 16564
R, 16568
R, 16572
R, 16576
R, 16580
R, 16584
R, 16588
R, 16592
R, 16596
R, 16600
R, 16604
R, 16608
R, 16612
R, 16616
R, 16620
R, 16624
R, 16628
R, 16632
R, 16636
R, 16640
R, 16644
R, 16648
R, 16652
R, 16656
R, 16660
R, 16664
R, 16668
R, 16672
R, 16676
R, 16680
R, 16684
R, 16688
R, 16692
R, 16696
R, 16700
R, 16704
R, 16708
R, 16712
R, 16716
R, 16720
R, 16724
R, 16728
R, 16732
R, 16736
R, 16740
R, 16744
R, 16748
R, 16752
R, 16756
R, 16760
R, 16764
R, 16768
R, 16772
R, 16776
R, 16780
R, 16784
R, 16788
R, 16792
R, 16796
R, 16800
R, 16804
R, 16808
R, 16812
R, 16816
R, 16820
R, 16824
R, 16828
R, 16832
R, 16836
R, 16840
R, 16844
R, 16848
R, 16852
R, 16856
R, 16860
R, 16864
R, 16868
R, 16872
R, 16876
R, 16880
W, 16396, -1355
W, 15980, -3867
R, 15984
R, 15988
R, 15992
R, 15996
R, 16000
R, 16004
R, 16008
R, 16012
R, 16012
R, 16016
R, 16020
R, 16024
R, 16028
R, 16032
R, 16036
R, 16040
R, 16044
R, 16048
R, 16052
R, 16056
R, 16056
R, 16060
R, 16060
R, 16064
R, 16068
R, 16072
R, 16076
R, 16080
R, 16084
R, 16088
R, 16092
R, 16096
R, 16100
R, 16104
R, 16108
R, 16112
R, 16116
R, 16120
R, 16124
R, 16128
R, 16132
R, 16136
R, 16140
R, 16144
R, 16148
R, 16152
R, 16156
R, 16160
R, 16164
R, 16168
R, 16172
R, 16176
R, 16180
R, 16184
R, 16188
R, 16192
R, 16196
R, 16200
R, 16204
R, 16208
R, 16212
R, 16216
R, 16220
R, 16224
R, 16228
R, 16232
R, 16236
R, 16240
R, 16244
R, 16248
R, 16252
R, 16256
R, 16260
R, 16264
R, 16268
R, 16272
R, 16276
R, 16280
R, 16284
R, 16288
R, 16292
R, 16296
R, 16300
R, 16304
R, 16308
R, 16312
R, 16316
R, 16320
R, 16324
R, 16328
R, 16328
R, 16332
R, 16336
R, 16340
R, 16344
R, 16348
R, 16352
R, 16356
R, 16360
R, 16364
R, 16368
R, 16372
R, 16376
R, 16380
R, 16384
R, 16388
R, 16392
R, 16396
R, 16400
R, 16404
R, 16408
R, 16412
R, 16416
R, 16420
R, 16424
R, 16428
R, 16432
R, 16436
R, 16440
R, 16444
R, 16448
R, 16452
R, 16456
R, 16460
R, 16464
R, 16468
R, 16472
R, 16476
R, 16480
R, 16480
R, 16484
R, 16488
R, 16492
R, 16496
R, 16500
R, 16504
R, 16508
R, 16512
R, 16516
R, 16520
R, 16524
R, 16528
R, 16532
R, 16536
R, 16540
R, 16544
R, 16548
R, 16552
R, 16556
R, 16560
R, 16564
R, 16568
R, 16572
R, 16576
R, 16580
R, 16584
R, 16588
R, 16592
R, 16596
R, 16600
R, 16604
R, 16608
R, 16612
R, 16616
R, 16620
R, 16624
R, 16628
R, 16632
R, 16636
R, 16640
R, 16644
R, 16648
R, 16652
R, 16656
R, 16660
R, 16664
R, 16668
R, 16672
R, 16676
R, 16680
R, 16684
R, 16688
R, 16692
R, 16696
R, 16700
R, 16704
R, 16708
R, 16712
R, 16716
R, 16720
R, 16724
R, 16728
R, 16732
R, 16736
R, 16740
R, 16744
R, 16748
R, 16752
R, 16756
R, 16760
R, 16764
R, 16768
R, 16772
R, 16776
R, 16780
R, 16784
R, 16788
R, 16792
R, 16796
R, 16800
R, 16804
R, 16808
R, 16812
R, 16816
R, 16820
R, 16824
R, 16828
R, 16832
R, 16836
R, 16840
R, 16844
R, 16848
R, 16852
R, 16856
R, 16860
R, 16864
R, 16868
R, 16872
R, 16876
R, 16880
W, 16480, -2730
W, 15984, -3849
R, 15988
R, 15992
R, 15992
R, 15996
R, 16000
R, 16004
R, 16008
R, 16012
R, 16012
R, 16016
R, 16020
R, 16024
R, 16028
R, 16032
R, 16036
R, 16040
R, 16044
R, 16048
R, 16052
R, 16056
R, 16056
R, 16060
R, 16060
R, 16064
R, 16068
R, 16072
R, 16076
R, 16080
R, 16084
R, 16088
R, 16092
R, 16096
R, 16100
R, 16104
R, 16108
R, 16112
R, 16116
R, 16120
R, 16124
R, 16128
R, 16132
R, 16136
R, 16140
R, 16144
R, 16148
R, 16152
R, 16156
R, 16160
R, 16164
R, 16168
R, 16172
R, 16176
R, 16180
R, 16184
R, 16188
R, 16192
R, 16196
R, 16200
R, 16204
R, 16208
R, 16212
R, 16216
R, 16220
R, 16224
R, 16228
R, 16232
R, 16236
R, 16240
R, 16244
R, 16248
R, 16252
R, 16256
R, 16260
R, 16264
R, 16268
R, 16272
R, 16276
R, 16280
R, 16284
R, 16288
R, 16292
R, 16296
R, 16300
R, 16304
R, 16308
R, 16312
R, 16316
R, 16320
R, 16324
R, 16328
R, 16328
R, 16332
R, 16336
R, 16340
R, 16344
R, 16348
R, 16352
R, 16356
R, 16360
R, 16364
R, 16368
R, 16372
R, 16376
R, 16380
R, 16384
R, 16388
R, 16392
R, 16396
R, 16400
R, 16404
R, 16408
R, 16412
R, 16416
R, 16420
R, 16424
R, 16428
R, 16432
R, 16436
R, 16440
R, 16444
R, 16448
R, 16452
R, 16456
R, 16460
R, 16464
R, 16468
R, 16472
R, 16476
R, 16480
R, 16484
R, 16488
R, 16492
R, 16496
R, 16500
R, 16504
R, 16508
R, 16512
R, 16516
R, 16520
R, 16524
R, 16528
R, 16532
R, 16536
R, 16540
R, 16544
R, 16548
R, 16552
R, 16556
R, 16560
R, 16564
R, 16568
R, 16572
R, 16576
R, 16580
R, 16584
R, 16588
R, 16592
R, 16596
R, 16600
R, 16604
R, 16608
R, 16612
R, 16616
R, 16620
R, 16624
R, 16628
R, 16632
R, 16636
R, 16640
R, 16644
R, 16648
R, 16652
R, 16656
R, 16660
R, 16664
R, 16668
R, 16672
R, 16676
R, 16680
R, 16684
R, 16688
R, 16692
R, 16696
R, 16700
R, 16704
R, 16708
R, 16712
R, 16716
R, 16720
R, 16724
R, 16728
R, 16732
R, 16736
R, 16740
R, 16744
R, 16748
R, 16752
R, 16756
R, 16760
R, 16764
R, 16768
R, 16772
R, 16776
R, 16780
R, 16784
R, 16788
R, 16792
R, 16796
R, 16800
R, 16804
R, 16808
R, 16812
R, 16816
R, 16820
R, 16824
R, 16828
R, 16832
R, 16836
R, 16840
R, 16844
R, 16848
R, 16852
R, 16856
R, 16860
R, 16864
R, 16868
R, 16872
R, 16876
R, 16880
W, 16328, 4572
W, 15988, -3774
R, 15992
R, 15996
R, 16000
R, 16004
R, 16008
R, 16012
R, 16012
R, 16016
R, 16020
R, 16024
R, 16028
R, 16032
R, 16036
R, 16040
R, 16044
R, 16048
R, 16052
R, 16056
R, 16056
R, 16060
R, 16060
R, 16064
R, 16068
R, 16072
R, 16076
R, 16080
R, 16084
R, 16088
R, 16092
R, 16096
R, 16100
R, 16104
R, 16108
R, 16112
R, 16116
R, 16120
R, 16124
R, 16128
R, 16132
R, 16136
R, 16140
R, 16144
R, 16148
R, 16152
R, 16156
R, 16160
R, 16164
R, 16168
R, 16172
R, 16176
R, 16180
R, 16184
R, 16188
R, 16192
R, 16196
R, 16200
R, 16204
R, 16208
R, 16212
R, 16216
R, 16220
R, 16224
R, 16228
R, 16232
R, 16236
R, 16240
R, 16244
R, 16248
R, 16252
R, 16256
R, 16260
R, 16264
R, 16268
R, 16272
R, 16276
R, 16280
R, 16284
R, 16288
R, 16292
R, 16296
R, 16300
R, 16304
R, 16308
R, 16312
R, 16316
R, 16320
R, 16324
R, 16328
R, 16332
R, 16336
R, 16340
R, 16344
R, 16348
R, 16352
R, 16356
R, 16360
R, 16364
R, 16368
R, 16372
R, 16376
R, 16380
R, 16384
R, 16388
R, 16392
R, 16396
R, 16400
R, 16404
R, 16408
R, 16412
R, 16416
R, 16420
R, 16424
R, 16428
R, 16432
R, 16436
R, 16440
R, 16444
R, 16448
R, 16452
R, 16456
R, 16460
R, 16464
R, 16468
R, 16472
R, 16476
R, 16480
R, 16484
R, 16488
R, 16492
R, 16496
R, 16500
R, 16504
R, 16508
R, 16512
R, 16516
R, 16520
R, 16524
R, 16528
R, 16532
R, 16536
R, 16540
R, 16544
R, 16548
R, 16552
R, 16556
R, 16560
R, 16564
R, 16568
R, 16572
R, 16576
R, 16580
R, 16584
R, 16588
R, 16592
R, 16596
R, 16600
R, 16604
R, 16608
R, 16612
R, 16616
R, 16620
R, 16624
R, 16628
R, 16632
R, 16636
R, 16640
R, 16644
R, 16648
R, 16652
R, 16656
R, 16660
R, 16664
R, 16668
R, 16672
R, 16676
R, 16680
R, 16684
R, 16688
R, 16692
R, 16696
R, 16700
R, 16704
R, 16708
R, 16712
R, 16716
R, 16720
R, 16724
R, 16728
R, 16732
R, 16736
R, 16740
R, 16744
R, 16748
R, 16752
R, 16756
R, 16760
R, 16764
R, 16768
R, 16772
R, 16776
R, 16780
R, 16784
R, 16788
R, 16792
R, 16796
R, 16800
R, 16804
R, 16808
R, 16812
R, 16816
R, 16820
R, 16824
R, 16828
R, 16832
R, 16836
R, 16840
R, 16844
R, 16848
R, 16852
R, 16856
R, 16860
R, 16864
R, 16868
R, 16872
R, 16876
R, 16880
W, 16060, -386
W, 15992, -3701
R, 15996
R, 16000
R, 16004
R, 16008
R, 16012
R, 16012
R, 16016
R, 16020
R, 16024
R, 16028
R, 16032
R, 16036
R, 16040
R, 16044
R, 16048
R, 16052
R, 16056
R, 16056
R, 16060
R, 16064
R, 16068
R, 16072
R, 16076
R, 16080
R, 16084
R, 16088
R, 16092
R, 16096
R, 16100
R, 16104
R, 16108
R, 16112
R, 16116
R, 16120
R, 16124
R, 16128
R, 16132
R, 16136
R, 16140
R, 16144
R, 16148
R, 16152
R, 16156
R, 16160
R, 16164
R, 16168
R, 16172
R, 16176
R, 16180
R, 16184
R, 16188
R, 16192
R, 16196
R, 16200
R, 16204
R, 16208
R, 16212
R, 16216
R, 16220
R, 16224
R, 16228
R, 16232
R, 16236
R, 16240
R, 16244
R, 16248
R, 16252
R, 16256
R, 16260
R, 16264
R, 16268
R, 16272
R, 16276
R, 16280
R, 16284
R, 16288
R, 16292
R, 16296
R, 16300
R, 16304
R, 16308
R, 16312
R, 16316
R, 16320
R, 16324
R, 16328
R, 16332
R, 16336
R, 16340
R, 16344
R, 16348
R, 16348
R, 16352
R, 16356
R, 16360
R, 16364
R, 16368
R, 16372
R, 16376
R, 16380
R, 16384
R, 16388
R, 16392
R, 16396
R, 16400
R, 16404
R, 16408
R, 16412
R, 16416
R, 16420
R, 16424
R, 16428
R, 16432
R, 16436
R, 16440
R, 16444
R, 16448
R, 16452
R, 16456
R, 16460
R, 16464
R, 16468
R, 16472
R, 16476
R, 16480
R, 16484
R, 16488
R, 16492
R, 16496
R, 16500
R, 16504
R, 16508
R, 16512
R, 16516
R, 16520
R, 16524
R, 16528
R, 16532
R, 16536
R, 16540
R, 16544
R, 16548
R, 16552
R, 16556
R, 16560
R, 16564
R, 16568
R, 16572
R, 16576
R, 16580
R, 16584
R, 16588
R, 16592
R, 16596
R, 16600
R, 16604
R, 16608
R, 16612
R, 16616
R, 16620
R, 16624
R, 16628
R, 16632
R, 16636
R, 16640
R, 16644
R, 16648
R, 16652
R, 16656
R, 16660
R, 16664
R, 16668
R, 16672
R, 16676
R, 16680
R, 16684
R, 16688
R, 16692
R, 16696
R, 16700
R, 16704
R, 16708
R, 16712
R, 16716
R, 16720
R, 16724
R, 16728
R, 16732
R, 16736
R, 16740
R, 16744
R, 16748
R, 16752
R, 16756
R, 16760
R, 16764
R, 16768
R, 16772
R, 16776
R, 16780
R, 16784
R, 16788
R, 16792
R, 16796
R, 16800
R, 16804
R, 16808
R, 16812
R, 16816
R, 16820
R, 16824
R, 16828
R, 16832
R, 16836
R, 16840
R, 16844
R, 16848
R, 16852
R, 16856
R, 16860
R, 16864
R, 16868
R, 16872
R, 16876
R, 16880
W, 16348, -50
W, 15996, -3676
R, 16000
R, 16004
R, 16004
R, 16008
R, 16008
R, 16012
R, 16012
R, 16016
R, 16020
R, 16024
R, 16028
R, 16032
R, 16036
R, 16040
R, 16044
R, 16048
R, 16052
R, 16056
R, 16056
R, 16060
R, 16064
R, 16068
R, 16072
R, 16076
R, 16080
R, 16084
R, 16088
R, 16092
R, 16096
R, 16100
R, 16104
R, 16108
R, 16112
R, 16116
R, 16120
R, 16124
R, 16128
R, 16132
R, 16136
R, 16140
R, 16144
R, 16148
R, 16152
R, 16156
R, 16160
R, 16164
R, 16168
R, 16172
R, 16176
R, 16180
R, 16184
R, 16188
R, 16192
R, 16196
R, 16200
R, 16204
R, 16208
R, 16212
R, 16216
R, 16220
R, 16224
R, 16228
R, 16232
R, 16236
R, 16240
R, 16244
R, 16248
R, 16252
R, 16256
R, 16260
R, 16264
R, 16268
R, 16272
R, 16276
R, 16280
R, 16284
R, 16288
R, 16292
R, 16296
R, 16300
R, 16304
R, 16308
R, 16312
R, 16316
R, 16320
R, 16324
R, 16328
R, 16332
R, 16336
R, 16340
R, 16344
R, 16348
R, 16352
R, 16356
R, 16360
R, 16364
R, 16368
R, 16372
R, 16376
R, 16380
R, 16384
R, 16388
R, 16392
R, 16396
R, 16400
R, 16404
R, 16408
R, 16412
R, 16416
R, 16420
R, 16424
R, 16428
R, 16432
R, 16436
R, 16440
R, 16444
R, 16448
R, 16452
R, 16456
R, 16460
R, 16464
R, 16468
R, 16472
R, 16476
R, 16480
R, 16484
R, 16488
R, 16492
R, 16496
R, 16500
R, 16504
R, 16508
R, 16512
R, 16516
R, 16520
R, 16524
R, 16528
R, 16532
R, 16536
R, 16540
R, 16544
R, 16548
R, 16552
R, 16556
R, 16560
R, 16564
R, 16568
R, 16572
R, 16576
R, 16580
R, 16584
R, 16588
R, 16592
R, 16596
R, 16600
R, 16604
R, 16608
R, 16612
R, 16616
R, 16620
R, 16624
R, 16628
R, 16632
R, 16636
R, 16640
R, 16644
R, 16648
R, 16652
R, 16656
R, 16660
R, 16664
R, 16668
R, 16672
R, 16676
R, 16680
R, 16684
R, 16688
R, 16692
R, 16696
R, 16700
R, 16704
R, 16708
R, 16712
R, 16716
R, 16720
R, 16724
R, 16728
R, 16732
R, 16736
R, 16740
R, 16744
R, 16748
R, 16752
R, 16756
R, 16760
R, 16764
R, 16768
R, 16772
R, 16776
R, 16780
R, 16784
R, 16784
R, 16788
R, 16792
R, 16796
R, 16800
R, 16804
R, 16808
R, 16812
R, 16816
R, 16820
R, 16824
R, 16828
R, 16832
R, 16836
R, 16840
R, 16844
R, 16848
R, 16852
R, 16856
R, 16860
R, 16864
R, 16868
R, 16872
R, 16876
R, 16880
W, 16784, 3201
W, 16000, -3643
R, 16004
R, 16008
R, 16008
R, 16012
R, 16012
R, 16016
R, 16020
R, 16024
R, 16028
R, 16032
R, 16036
R, 16040
R, 16044
R, 16048
R, 16052
R, 16056
R, 16056
R, 16060
R, 16064
R, 16068
R, 16072
R, 16076
R, 16080
R, 16084
R, 16088
R, 16092
R, 16096
R, 16100
R, 16104
R, 16108
R, 16112
R, 16116
R, 16120
R, 16124
R, 16128
R, 16132
R, 16136
R, 16140
R, 16144
R, 16148
R, 16152
R, 16156
R, 16160
R, 16164
R, 16168
R, 16172
R, 16176
R, 16180
R, 16184
R, 16188
R, 16192
R, 16196
R, 16200
R, 16204
R, 16208
R, 16212
R, 16216
R, 16220
R, 16224
R, 16228
R, 16232
R, 16236
R, 16240
R, 16244
R, 16248
R, 16252
R, 16256
R, 16260
R, 16264
R, 16268
R, 16272
R, 16276
R, 16280
R, 16284
R, 16288
R, 16292
R, 16296
R, 16300
R, 16304
R, 16308
R, 16312
R, 16316
R, 16320
R, 16324
R, 16328
R, 16332
R, 16336
R, 16340
R, 16344
R, 16348
R, 16352
R, 16356
R, 16360
R, 16364
R, 16368
R, 16372
R, 16376
R, 16380
R, 16384
R, 16388
R, 16392
R, 16396
R, 16400
R, 16404
R, 16408
R, 16412
R, 16416
R, 16420
R, 16424
R, 16428
R, 16432
R, 16436
R, 16440
R, 16444
R, 16448
R, 16452
R, 16456
R, 16460
R, 16464
R, 16468
R, 16472
R, 16476
R, 16480
R, 16484
R, 16488
R, 16492
R, 16496
R, 16500
R, 16504
R, 16508
R, 16512
R, 16516
R, 16520
R, 16524
R, 16528
R, 16532
R, 16536
R, 16540
R, 16544
R, 16548
R, 16552
R, 16556
R, 16560
R, 16564
R, 16568
R, 16572
R, 16576
R, 16580
R, 16584
R, 16588
R, 16592
R, 16596
R, 16600
R, 16604
R, 16608
R, 16612
R, 16616
R, 16620
R, 16624
R, 16628
R, 16632
R, 16636
R, 16640
R, 16644
R, 16648
R, 16652
R, 16656
R, 16660
R, 16664
R, 16668
R, 16672
R, 16676
R, 16680
R, 16684
R, 16688
R, 16692
R, 16696
R, 16700
R, 16704
R, 16708
R, 16712
R, 16716
R, 16720
R, 16724
R, 16728
R, 16732
R, 16736
R, 16740
R, 16744
R, 16748
R, 16752
R, 16756
R, 16760
R, 16764
R, 16768
R, 16772
R, 16776
R, 16780
R, 16784
R, 16788
R, 16792
R, 16796
R, 16800
R, 16804
R, 16808
R, 16812
R, 16816
R, 16820
R, 16824
R, 16828
R, 16832
R, 16836
R, 16840
R, 16844
R, 16848
R, 16852
R, 16856
R, 16860
R, 16864
R, 16868
R, 16872
R, 16876
R, 16880
W, 16056, 2514
W, 16004, -3548
R, 16008
R, 16012
R, 16012
R, 16016
R, 16020
R, 16024
R, 16028
R, 16032
R, 16036
R, 16040
R, 16044
R, 16048
R, 16052
R, 16056
R, 16060
R, 16064
R, 16068
R, 16072
R, 16076
R, 16080
R, 16084
R, 16088
R, 16092
R, 16096
R, 16100
R, 16104
R, 16108
R, 16112
R, 16116
R, 16120
R, 16124
R, 16128
R, 16132
R, 16136
R, 16140
R, 16144
R, 16148
R, 16152
R, 16156
R, 16160
R, 16164
R, 16168
R, 16172
R, 16176
R, 16180
R, 16184
R, 16188
R, 16192
R, 16196
R, 16200
R, 16204
R, 16208
R, 16212
R, 16216
R, 16220
R, 16224
R, 16228
R, 16232
R, 16236
R, 16240
R, 16244
R, 16244
R, 16248
R, 16252
R, 16256
R, 16260
R, 16264
R, 16268
R, 16272
R, 16276
R, 16280
R, 16284
R, 16288
R, 16292
R, 16296
R, 16300
R, 16304
R, 16308
R, 16312
R, 16316
R, 16320
R, 16324
R, 16328
R, 16332
R, 16336
R, 16340
R, 16344
R, 16348
R, 16352
R, 16356
R, 16360
R, 16364
R, 16368
R, 16372
R, 16376
R, 16380
R, 16384
R, 16388
R, 16392
R, 16396
R, 16400
R, 16404
R, 16408
R, 16412
R, 16416
R, 16420
R, 16424
R, 16428
R, 16432
R, 16436
R, 16440
R, 16444
R, 16448
R, 16452
R, 16456
R, 16460
R, 16464
R, 16468
R, 16472
R, 16476
R, 16480
R, 16484
R, 16488
R, 16492
R, 16496
R, 16500
R, 16504
R, 16508
R, 16512
R, 16516
R, 16520
R, 16524
R, 16528
R, 16532
R, 16536
R, 16540
R, 16544
R, 16548
R, 16552
R, 16556
R, 16560
R, 16564
R, 16568
R, 16572
R, 16576
R, 16580
R, 16584
R, 16588
R, 16592
R, 16596
R, 16600
R, 16604
R, 16608
R, 16612
R, 16616
R, 16620
R, 16624
R, 16628
R, 16632
R, 16636
R, 16640
R, 16644
R, 16648
R, 16652
R, 16656
R, 16660
R, 16664
R, 16668
R, 16672
R, 16676
R, 16680
R, 16684
R, 16688
R, 16692
R, 16696
R, 16700
R, 16700
R, 16704
R, 16708
R, 16712
R, 16716
R, 16720
R, 16724
R, 16728
R, 16732
R, 16736
R, 16740
R, 16744
R, 16748
R, 16752
R, 16756
R, 16760
R, 16764
R, 16768
R, 16772
R, 16776
R, 16780
R, 16784
R, 16788
R, 16792
R, 16796
R, 16800
R, 16804
R, 16808
R, 16812
R, 16816
R, 16820
R, 16824
R, 16828
R, 16832
R, 16836
R, 16840
R, 16844
R, 16848
R, 16852
R, 16856
R, 16860
R, 16864
R, 16868
R, 16872
R, 16876
R, 16880
W, 16700, 461
W, 16008, -3528
R, 16012
R, 16016
R, 16020
R, 16024
R, 16028
R, 16032
R, 16036
R, 16040
R, 16044
R, 16048
R, 16052
R, 16056
R, 16060
R, 16064
R, 16068
R, 16072
R, 16076
R, 16080
R, 16084
R, 16088
R, 16092
R, 16096
R, 16100
R, 16104
R, 16108
R, 16112
R, 16116
R, 16120
R, 16124
R, 16128
R, 16132
R, 16136
R, 16140
R, 16144
R, 16148
R, 16152
R, 16156
R, 16160
R, 16164
R, 16168
R, 16172
R, 16176
R, 16180
R, 16184
R, 16188
R, 16192
R, 16196
R, 16200
R, 16204
R, 16208
R, 16212
R, 16216
R, 16220
R, 16224
R, 16228
R, 16232
R, 16236
R, 16240
R, 16244
R, 16244
R, 16248
R, 16252
R, 16256
R, 16260
R, 16264
R, 16268
R, 16272
R, 16276
R, 16280
R, 16284
R, 16288
R, 16292
R, 16296
R, 16300
R, 16304
R, 16308
R, 16312
R, 16316
R, 16320
R, 16324
R, 16328
R, 16332
R, 16336
R, 16340
R, 16344
R, 16348
R, 16352
R, 16356
R, 16360
R, 16364
R, 16368
R, 16372
R, 16376
R, 16380
R, 16384
R, 16388
R, 16392
R, 16396
R, 16400
R, 16404
R, 16408
R, 16412
R, 16416
R, 16420
R, 16424
R, 16428
R, 16432
R, 16436
R, 16440
R, 16444
R, 16448
R, 16452
R, 16456
R, 16460
R, 16464
R, 16468
R, 16472
R, 16476
R, 16480
R, 16484
R, 16488
R, 16492
R, 16496
R, 16500
R, 16504
R, 16508
R, 16512
R, 16516
R, 16520
R, 16524
R, 16528
R, 16532
R, 16536
R, 16540
R, 16544
R, 16548
R, 16552
R, 16556
R, 16560
R, 16564
R, 16568
R, 16572
R, 16576
R, 16580
R, 16584
R, 16588
R, 16592
R, 16596
R, 16600
R, 16604
R, 16608
R, 16612
R, 16616
R, 16620
R, 16624
R, 16628
R, 16632
R, 16636
R, 16640
R, 16644
R, 16648
R, 16652
R, 16656
R, 16660
R, 16664
R, 16668
R, 16672
R, 16676
R, 16680
R, 16684
R, 16688
R, 16692
R, 16696
R, 16700
R, 16704
R, 16708
R, 16712
R, 16716
R, 16720
R, 16724
R, 16728
R, 16732
R, 16736
R, 16740
R, 16744
R, 16748
R, 16752
R, 16756
R, 16760
R, 16764
R, 16768
R, 16772
R, 16776
R, 16780
R, 16784
R, 16788
R, 16792
R, 16796
R, 16800
R, 16804
R, 16808
R, 16812
R, 16816
R, 16820
R, 16824
R, 16828
R, 16832
R, 16836
R, 16840
R, 16844
R, 16848
R, 16852
R, 16856
R, 16860
R, 16864
R, 16868
R, 16872
R, 16876
R, 16880
W, 16244, -3354
W, 16012, -3452
R, 16016
R, 16020
R, 16024
R, 16028
R, 16032
R, 16036
R, 16040
R, 16044
R, 16048
R, 16052
R, 16056
R, 16060
R, 16064
R, 16068
R, 16072
R, 16076
R, 16080
R, 16080
R, 16084
R, 16088
R, 16092
R, 16096
R, 16100
R, 16104
R, 16108
R, 16112
R, 16116
R, 16120
R, 16124
R, 16128
R, 16132
R, 16136
R, 16140
R, 16144
R, 16148
R, 16152
R, 16156
R, 16156
R, 16160
R, 16164
R, 16168
R, 16172
R, 16176
R, 16180
R, 16184
R, 16188
R, 16192
R, 16196
R, 16200
R, 16204
R, 16208
R, 16212
R, 16216
R, 16220
R, 16224
R, 16228
R, 16232
R, 16236
R, 16240
R, 16244
R, 16244
R, 16248
R, 16252
R, 16256
R, 16260
R, 16264
R, 16268
R, 16272
R, 16276
R, 16280
R, 16284
R, 16288
R, 16292
R, 16296
R, 16300
R, 16304
R, 16308
R, 16312
R, 16316
R, 16320
R, 16324
R, 16328
R, 16332
R, 16336
R, 16340
R, 16344
R, 16348
R, 16352
R, 16356
R, 16360
R, 16364
R, 16368
R, 16372
R, 16376
R, 16380
R, 16384
R, 16388
R, 16392
R, 16396
R, 16400
R, 16404
R, 16408
R, 16412
R, 16416
R, 16420
R, 16424
R, 16428
R, 16432
R, 16436
R, 16440
R, 16444
R, 16448
R, 16452
R, 16456
R, 16460
R, 16464
R, 16468
R, 16472
R, 16476
R, 16480
R, 16484
R, 16488
R, 16492
R, 16496
R, 16500
R, 16504
R, 16508
R, 16512
R, 16516
R, 16520
R, 16524
R, 16528
R, 16532
R, 16536
R, 16540
R, 16544
R, 16548
R, 16552
R, 16556
R, 16560
R, 16564
R, 16568
R, 16572
R, 16576
R, 16580
R, 16584
R, 16588
R, 16592
R, 16596
R, 16600
R, 16604
R, 16608
R, 16612
R, 16616
R, 16620
R, 16624
R, 16628
R, 16632
R, 16636
R, 16640
R, 16644
R, 16648
R, 16652
R, 16656
R, 16660
R, 16664
R, 16668
R, 16672
R, 16676
R, 16680
R, 16680
R, 16684
R, 16688
R, 16692
R, 16696
R, 16700
R, 16704
R, 16708
R, 16712
R, 16716
R, 16720
R, 16724
R, 16728
R, 16732
R, 16736
R, 16740
R, 16744
R, 16748
R, 16752
R, 16756
R, 16760
R, 16764
R, 16768
R, 16772
R, 16776
R, 16780
R, 16784
R, 16788
R, 16792
R, 16796
R, 16800
R, 16804
R, 16808
R, 16812
R, 16816
R, 16820
R, 16824
R, 16828
R, 16832
R, 16836
R, 16840
R, 16844
R, 16848
R, 16852
R, 16856
R, 16860
R, 16864
R, 16868
R, 16872
R, 16876
R, 16880
W, 16680, -2416
W, 16016, -3378
R, 16020
R, 16024
R, 16024
R, 16028
R, 16032
R, 16036
R, 16040
R, 16044
R, 16044
R, 16048
R, 16052
R, 16052
R, 16056
R, 16060
R, 16060
R, 16064
R, 16068
R, 16072
R, 16076
R, 16080
R, 16080
R, 16084
R, 16088
R, 16092
R, 16096
R, 16100
R, 16104
R, 16108
R, 16112
R, 16116
R, 16120
R, 16124
R, 16128
R, 16132
R, 16136
R, 16140
R, 16144
R, 16148
R, 16152
R, 16156
R, 16156
R, 16160
R, 16164
R, 16168
R, 16172
R, 16176
R, 16180
R, 16184
R, 16188
R, 16192
R, 16196
R, 16200
R, 16204
R, 16208
R, 16212
R, 16216
R, 16220
R, 16224
R, 16228
R, 16232
R, 16236
R, 16240
R, 16244
R, 16244
R, 16248
R, 16252
R, 16256
R, 16260
R, 16264
R, 16268
R, 16272
R, 16276
R, 16280
R, 16284
R, 16288
R, 16292
R, 16296
R, 16300
R, 16304
R, 16308
R, 16312
R, 16316
R, 16320
R, 16324
R, 16328
R, 16332
R, 16336
R, 16340
R, 16344
R, 16348
R, 16352
R, 16356
R, 16360
R, 16364
R, 16368
R, 16372
R, 16376
R, 16380
R, 16384
R, 16388
R, 16392
R, 16396
R, 16400
R, 16404
R, 16408
R, 16412
R, 16416
R, 16420
R, 16424
R, 16428
R, 16432
R, 16436
R, 16440
R, 16444
R, 16448
R, 16452
R, 16456
R, 16460
R, 16464
R, 16468
R, 16472
R, 16476
R, 16480
R, 16484
R, 16488
R, 16492
R, 16496
R, 16500
R, 16504
R, 16508
R, 16512
R, 16516
R, 16520
R, 16524
R, 16528
R, 16532
R, 16536
R, 16540
R, 16544
R, 16548
R, 16552
R, 16556
R, 16560
R, 16564
R, 16568
R, 16572
R, 16576
R, 16580
R, 16584
R, 16588
R, 16592
R, 16596
R, 16600
R, 16604
R, 16608
R, 16612
R, 16616
R, 16620
R, 16624
R, 16628
R, 16632
R, 16636
R, 16640
R, 16644
R, 16648
R, 16652
R, 16656
R, 16660
R, 16664
R, 16668
R, 16672
R, 16676
R, 16680
R, 16684
R, 16688
R, 16692
R, 16696
R, 16700
R, 16704
R, 16708
R, 16712
R, 16716
R, 16720
R, 16724
R, 16728
R, 16732
R, 16736
R, 16740
R, 16744
R, 16748
R, 16752
R, 16756
R, 16760
R, 16764
R, 16768
R, 16772
R, 16776
R, 16780
R, 16784
R, 16788
R, 16792
R, 16796
R, 16800
R, 16804
R, 16808
R, 16812
R, 16816
R, 16820
R, 16824
R, 16828
R, 16832
R, 16836
R, 16840
R, 16844
R, 16848
R, 16852
R, 16856
R, 16860
R, 16864
R, 16868
R, 16872
R, 16876
R, 16880
W, 16244, 2831
W, 16020, -3354
R, 16024
R, 16028
R, 16032
R, 16036
R, 16040
R, 16044
R, 16044
R, 16048
R, 16052
R, 16052
R, 16056
R, 16060
R, 16060
R, 16064
R, 16068
R, 16072
R, 16076
R, 16080
R, 16080
R, 16084
R, 16088
R, 16092
R, 16096
R, 16100
R, 16104
R, 16108
R, 16112
R, 16116
R, 16120
R, 16124
R, 16128
R, 16132
R, 16136
R, 16140
R, 16144
R, 16148
R, 16152
R, 16156
R, 16156
R, 16160
R, 16164
R, 16168
R, 16172
R, 16176
R, 16180
R, 16184
R, 16188
R, 16192
R, 16196
R, 16200
R, 16204
R, 16208
R, 16212
R, 16216
R, 16220
R, 16224
R, 16228
R, 16232
R, 16236
R, 16240
R, 16244
R, 16248
R, 16252
R, 16256
R, 16260
R, 16264
R, 16268
R, 16272
R, 16276
R, 16280
R, 16284
R, 16288
R, 16292
R, 16296
R, 16300
R, 16304
R, 16308
R, 16312
R, 16316
R, 16320
R, 16324
R, 16328
R, 16332
R, 16336
R, 16340
R, 16344
R, 16348
R, 16352
R, 16356
R, 16360
R, 16364
R, 16368
R, 16372
R, 16376
R, 16380
R, 16384
R, 16388
R, 16392
R, 16396
R, 16400
R, 16404
R, 16408
R, 16412
R, 16416
R, 16420
R, 16424
R, 16428
R, 16432
R, 16436
R, 16440
R, 16444
R, 16448
R, 16452
R, 16456
R, 16460
R, 16464
R, 16468
R, 16472
R, 16476
R, 16480
R, 16484
R, 16488
R, 16492
R, 16496
R, 16500
R, 16504
R, 16508
R, 16512
R, 16516
R, 16520
R, 16524
R, 16528
R, 16532
R, 16536
R, 16540
R, 16544
R, 16548
R, 16552
R, 16556
R, 16560
R, 16564
R, 16568
R, 16572
R, 16576
R, 16580
R, 16584
R, 16588
R, 16592
R, 16596
R, 16600
R, 16604
R, 16608
R, 16612
R, 16616
R, 16620
R, 16624
R, 16628
R, 16632
R, 16636
R, 16640
R, 16644
R, 16648
R, 16652
R, 16656
R, 16660
R, 16664
R, 16668
R, 16672
R, 16676
R, 16680
R, 16684
R, 16688
R, 16688
R, 16692
R, 16696
R, 16700
R, 16704
R, 16708
R, 16712
R, 16716
R, 16720
R, 16724
R, 16728
R, 16732
R, 16736
R, 16740
R, 16744
R, 16748
R, 16752
R, 16756
R, 16760
R, 16764
R, 16768
R, 16772
R, 16776
R, 16780
R, 16784
R, 16788
R, 16792
R, 16796
R, 16800
R, 16804
R, 16808
R, 16812
R, 16816
R, 16820
R, 16824
R, 16828
R, 16832
R, 16836
R, 16840
R, 16844
R, 16848
R, 16852
R, 16856
R, 16860
R, 16864
R, 16868
R, 16872
R, 16876
R, 16880
W, 16688, 1469
W, 16024, -3281
R, 16028
R, 16032
R, 16032
R, 16036
R, 16040
R, 16044
R, 16044
R, 16048
R, 16052
R, 16052
R, 16056
R, 16060
R, 16060
R, 16064
R, 16068
R, 16072
R, 16076
R, 16080
R, 16080
R, 16084
R, 16088
R, 16092
R, 16096
R, 16100
R, 16104
R, 16108
R, 16112
R, 16116
R, 16120
R, 16124
R, 16128
R, 16132
R, 16136
R, 16140
R, 16144
R, 16148
R, 16152
R, 16156
R, 16156
R, 16160
R, 16164
R, 16168
R, 16172
R, 16176
R, 16180
R, 16184
R, 16188
R, 16192
R, 16196
R, 16200
R, 16204
R, 16208
R, 16212
R, 16216
R, 16220
R, 16224
R, 16228
R, 16232
R, 16236
R, 16240
R, 16244
R, 16248
R, 16252
R, 16256
R, 16260
R, 16264
R, 16268
R, 16272
R, 16276
R, 16280
R, 16284
R, 16288
R, 16292
R, 16296
R, 16300
R, 16304
R, 16308
R, 16312
R, 16316
R, 16320
R, 16324
R, 16328
R, 16332
R, 16336
R, 16340
R, 16344
R, 16348
R, 16352
R, 16356
R, 16360
R, 16364
R, 16368
R, 16372
R, 16376
R, 16380
R, 16384
R, 16388
R, 16392
R, 16396
R, 16400
R, 16404
R, 16408
R, 16412
R, 16416
R, 16420
R, 16424
R, 16428
R, 16432
R, 16436
R, 16440
R, 16444
R, 16448
R, 16452
R, 16456
R, 16460
R, 16464
R, 16468
R, 16472
R, 16476
R, 16480
R, 16484
R, 16488
R, 16492
R, 16496
R, 16500
R, 16504
R, 16508
R, 16512
R, 16516
R, 16520
R, 16524
R, 16528
R, 16532
R, 16536
R, 16540
R, 16544
R, 16548
R, 16552
R, 16556
R, 16560
R, 16564
R, 16568
R, 16572
R, 16576
R, 16580
R, 16584
R, 16588
R, 16592
R, 16596
R, 16600
R, 16604
R, 16608
R, 16612
R, 16616
R, 16620
R, 16624
R, 16628
R, 16632
R, 16636
R, 16640
R, 16644
R, 16648
R, 16652
R, 16656
R, 16660
R, 16664
R, 16668
R, 16672
R, 16676
R, 16680
R, 16684
R, 16688
R, 16692
R, 16696
R, 16700
R, 16704
R, 16708
R, 16712
R, 16716
R, 16716
R, 16720
R, 16724
R, 16728
R, 16732
R, 16736
R, 16740
R, 16744
R, 16748
R, 16752
R, 16756
R, 16760
R, 16764
R, 16768
R, 16772
R, 16776
R, 16780
R, 16784
R, 16788
R, 16792
R, 16796
R, 16800
R, 16804
R, 16808
R, 16812
R, 16816
R, 16820
R, 16824
R, 16828
R, 16832
R, 16836
R, 16840
R, 16844
R, 16848
R, 16852
R, 16856
R, 16860
R, 16864
R, 16868
R, 16872
R, 16876
R, 16880
W, 16716, 1995
W, 16028, -3236
R, 16032
R, 16036
R, 16040
R, 16044
R, 16044
R, 16048
R, 16052
R, 16052
R, 16056
R, 16060
R, 16060
R, 16064
R, 16068
R, 16072
R, 16076
R, 16080
R, 16080
R, 16084
R, 16088
R, 16092
R, 16096
R, 16100
R, 16104
R, 16108
R, 16112
R, 16116
R, 16120
R, 16124
R, 16128
R, 16132
R, 16136
R, 16140
R, 16144
R, 16148
R, 16152
R, 16156
R, 16156
R, 16160
R, 16164
R, 16168
R, 16172
R, 16176
R, 16180
R, 16184
R, 16188
R, 16192
R, 16196
R, 16200
R, 16204
R, 16208
R, 16212
R, 16216
R, 16220
R, 16224
R, 16228
R, 16232
R, 16236
R, 16240
R, 16244
R, 16248
R, 16252
R, 16256
R, 16260
R, 16264
R, 16268
R, 16272
R, 16276
R, 16280
R, 16284
R, 16288
R, 16292
R, 16296
R, 16300
R, 16304
R, 16308
R, 16312
R, 16316
R, 16320
R, 16324
R, 16328
R, 16332
R, 16336
R, 16340
R, 16344
R, 16348
R, 16352
R, 16356
R, 16360
R, 16364
R, 16368
R, 16372
R, 16376
R, 16380
R, 16384
R, 16388
R, 16392
R, 16396
R, 16400
R, 16404
R, 16408
R, 16412
R, 16416
R, 16420
R, 16424
R, 16428
R, 16432
R, 16436
R, 16440
R, 16444
R, 16448
R, 16452
R, 16456
R, 16460
R, 16464
R, 16468
R, 16472
R, 16476
R, 16480
R, 16484
R, 16488
R, 16492
R, 16496
R, 16500
R, 16504
R, 16508
R, 16512
R, 16516
R, 16520
R, 16524
R, 16528
R, 16532
R, 16536
R, 16540
R, 16544
R, 16548
R, 16552
R, 16556
R, 16560
R, 16564
R, 16568
R, 16572
R, 16576
R, 16580
R, 16584
R, 16588
R, 16592
R, 16596
R, 16600
R, 16604
R, 16608
R, 16612
R, 16616
R, 16620
R, 16624
R, 16628
R, 16632
R, 16636
R, 16640
R, 16644
R, 16648
R, 16652
R, 16656
R, 16660
R, 16664
R, 16668
R, 16672
R, 16676
R, 16680
R, 16684
R, 16688
R, 16692
R, 16696
R, 16700
R, 16704
R, 16708
R, 16712
R, 16716
R, 16720
R, 16724
R, 16728
R, 16732
R, 16736
R, 16740
R, 16744
R, 16748
R, 16752
R, 16756
R, 16760
R, 16764
R, 16768
R, 16772
R, 16776
R, 16780
R, 16784
R, 16788
R, 16792
R, 16796
R, 16800
R, 16804
R, 16808
R, 16812
R, 16816
R, 16820
R, 16824
R, 16828
R, 16832
R, 16836
R, 16840
R, 16844
R, 16848
R, 16852
R, 16856
R, 16860
R, 16864
R, 16868
R, 16872
R, 16876
R, 16880
W, 16156, 1639
W, 16032, -3216
R, 16036
R, 16040
R, 16040
R, 16044
R, 16044
R, 16048
R, 16052
R, 16052
R, 16056
R, 16060
R, 16060
R, 16064
R, 16068
R, 16072
R, 16076
R, 16080
R, 16080
R, 16084
R, 16088
R, 16092
R, 16096
R, 16100
R, 16104
R, 16108
R, 16112
R, 16116
R, 16120
R, 16124
R, 16128
R, 16132
R, 16136
R, 16140
R, 16144
R, 16148
R, 16152
R, 16156
R, 16160
R, 16164
R, 16168
R, 16172
R, 16176
R, 16180
R, 16184
R, 16188
R, 16188
R, 16192
R, 16196
R, 16200
R, 16200
R, 16204
R, 16208
R, 16212
R, 16216
R, 16220
R, 16224
R, 16228
R, 16232
R, 16236
R, 16240
R, 16244
R, 16248
R, 16252
R, 16256
R, 16260
R, 16264
R, 16268
R, 16272
R, 16276
R, 16280
R, 16284
R, 16288
R, 16292
R, 16296
R, 16300
R, 16304
R, 16308
R, 16312
R, 16316
R, 16320
R, 16324
R, 16328
R, 16332
R, 16336
R, 16340
R, 16344
R, 16348
R, 16352
R, 16356
R, 16360
R, 16364
R, 16368
R, 16372
R, 16376
R, 16380
R, 16384
R, 16388
R, 16392
R, 16396
R, 16400
R, 16404
R, 16408
R, 16412
R, 16416
R, 16420
R, 16424
R, 16428
R, 16432
R, 16436
R, 16440
R, 16444
R, 16448
R, 16452
R, 16456
R, 16460
R, 16464
R, 16468
R, 16472
R, 16476
R, 16480
R, 16484
R, 16488
R, 16492
R, 16496
R, 16500
R, 16504
R, 16508
R, 16512
R, 16516
R, 16520
R, 16524
R, 16528
R, 16532
R, 16536
R, 16540
R, 16544
R, 16548
R, 16552
R, 16556
R, 16560
R, 16564
R, 16568
R, 16572
R, 16576
R, 16580
R, 16584
R, 16588
R, 16592
R, 16596
R, 16600
R, 16604
R, 16608
R, 16612
R, 16616
R, 16620
R, 16624
R, 16628
R, 16632
R, 16636
R, 16640
R, 16644
R, 16648
R, 16652
R, 16656
R, 16660
R, 16664
R, 16668
R, 16672
R, 16676
R, 16680
R, 16684
R, 16688
R, 16692
R, 16696
R, 16700
R, 16704
R, 16708
R, 16712
R, 16716
R, 16720
R, 16724
R, 16728
R, 16732
R, 16736
R, 16740
R, 16744
R, 16748
R, 16752
R, 16756
R, 16760
R, 16764
R, 16768
R, 16772
R, 16776
R, 16780
R, 16784
R, 16788
R, 16792
R, 16796
R, 16800
R, 16804
R, 16808
R, 16812
R, 16816
R, 16820
R, 16824
R, 16828
R, 16832
R, 16836
R, 16840
R, 16844
R, 16848
R, 16852
R, 16856
R, 16860
R, 16864
R, 16868
R, 16872
R, 16876
R, 16880
W, 16200, 2175
W, 16036, -3206
R, 16040
R, 16044
R, 16044
R, 16048
R, 16052
R, 16052
R, 16056
R, 16060
R, 16060
R, 16064
R, 16068
R, 16072
R, 16076
R, 16080
R, 16080
R, 16084
R, 16088
R, 16092
R, 16096
R, 16100
R, 16104
R, 16108
R, 16112
R, 16116
R, 16120
R, 16124
R, 16128
R, 16132
R, 16136
R, 16140
R, 16144
R, 16148
R, 16152
R, 16156
R, 16160
R, 16164
R, 16168
R, 16172
R, 16176
R, 16180
R, 16184
R, 16188
R, 16188
R, 16192
R, 16196
R, 16200
R, 16204
R, 16208
R, 16212
R, 16216
R, 16220
R, 16224
R, 16228
R, 16232
R, 16236
R, 16240
R, 16244
R, 16248
R, 16252
R, 16256
R, 16260
R, 16264
R, 16268
R, 16272
R, 16276
R, 16280
R, 16284
R, 16288
R, 16292
R, 16296
R, 16300
R, 16304
R, 16308
R, 16312
R, 16316
R, 16320
R, 16324
R, 16328
R, 16332
R, 16336
R, 16340
R, 16344
R, 16348
R, 16352
R, 16356
R, 16360
R, 16364
R, 16368
R, 16372
R, 16376
R, 16380
R, 16384
R, 16388
R, 16392
R, 16396
R, 16400
R, 16404
R, 16408
R, 16412
R, 16416
R, 16420
R, 16424
R, 16428
R, 16432
R, 16436
R, 16440
R, 16444
R, 16448
R, 16452
R, 16456
R, 16460
R, 16464
R, 16468
R, 16472
R, 16476
R, 16480
R, 16484
R, 16488
R, 16492
R, 16496
R, 16500
R, 16504
R, 16508
R, 16512
R, 16516
R, 16520
R, 16524
R, 16528
R, 16532
R, 16536
R, 16540
R, 16544
R, 16548
R, 16552
R, 16556
R, 16560
R, 16564
R, 16568
R, 16572
R, 16576
R, 16580
R, 16584
R, 16588
R, 16592
R, 16596
R, 16600
R, 16604
R, 16608
R, 16612
R, 16616
R, 16620
R, 16624
R, 16628
R, 16632
R, 16636
R, 16640
R, 16644
R, 16648
R, 16652
R, 16656
R, 16660
R, 16664
R, 16668
R, 16672
R, 16676
R, 16680
R, 16684
R, 16688
R, 16692
R, 16696
R, 16700
R, 16704
R, 16708
R, 16712
R, 16716
R, 16720
R, 16724
R, 16728
R, 16732
R, 16736
R, 16740
R, 16744
R, 16748
R, 16752
R, 16756
R, 16760
R, 16764
R, 16768
R, 16772
R, 16776
R, 16780
R, 16784
R, 16788
R, 16792
R, 16796
R, 16800
R, 16804
R, 16808
R, 16812
R, 16816
R, 16820
R, 16824
R, 16828
R, 16832
R, 16836
R, 16840
R, 16844
R, 16848
R, 16852
R, 16856
R, 16860
R, 16864
R, 16868
R, 16872
R, 16876
R, 16880
W, 16188, 1928
W, 16040, -2922
R, 16044
R, 16048
R, 16052
R, 16052
R, 16056
R, 16060
R, 16060
R, 16064
R, 16068
R, 16072
R, 16076
R, 16080
R, 16080
R, 16084
R, 16088
R, 16092
R, 16096
R, 16100
R, 16104
R, 16108
R, 16112
R, 16116
R, 16120
R, 16124
R, 16128
R, 16132
R, 16136
R, 16140
R, 16144
R, 16148
R, 16152
R, 16156
R, 16160
R, 16164
R, 16168
R, 16172
R, 16176
R, 16180
R, 16184
R, 16188
R, 16192
R, 16196
R, 16200
R, 16204
R, 16208
R, 16212
R, 16216
R, 16220
R, 16224
R, 16228
R, 16232
R, 16236
R, 16240
R, 16244
R, 16248
R, 16252
R, 16256
R, 16260
R, 16264
R, 16268
R, 16272
R, 16276
R, 16280
R, 16284
R, 16288
R, 16292
R, 16296
R, 16300
R, 16304
R, 16308
R, 16312
R, 16316
R, 16320
R, 16324
R, 16328
R, 16332
R, 16336
R, 16340
R, 16344
R, 16348
R, 16352
R, 16356
R, 16360
R, 16364
R, 16368
R, 16372
R, 16376
R, 16380
R, 16384
R, 16388
R, 16392
R, 16396
R, 16400
R, 16404
R, 16408
R, 16412
R, 16416
R, 16420
R, 16424
R, 16428
R, 16432
R, 16436
R, 16440
R, 16444
R, 16448
R, 16452
R, 16456
R, 16460
R, 16464
R, 16468
R, 16472
R, 16476
R, 16480
R, 16484
R, 16488
R, 16492
R, 16496
R, 16500
R, 16504
R, 16508
R, 16512
R, 16516
R, 16520
R, 16524
R, 16528
R, 16532
R, 16536
R, 16540
R, 16544
R, 16548
R, 16552
R, 16556
R, 16560
R, 16564
R, 16568
R, 16572
R, 16576
R, 16580
R, 16584
R, 16588
R, 16592
R, 16596
R, 16600
R, 16604
R, 16608
R, 16612
R, 16616
R, 16620
R, 16624
R, 16628
R, 16632
R, 16636
R, 16640
R, 16644
R, 16648
R, 16652
R, 16656
R, 16660
R, 16664
R, 16668
R, 16672
R, 16676
R, 16680
R, 16684
R, 16688
R, 16692
R, 16696
R, 16700
R, 16704
R, 16708
R, 16712
R, 16716
R, 16720
R, 16724
R, 16728
R, 16732
R, 16736
R, 16740
R, 16744
R, 16748
R, 16752
R, 16756
R, 16760
R, 16764
R, 16768
R, 16772
R, 16776
R, 16780
R, 16784
R, 16788
R, 16792
R, 16796
R, 16800
R, 16804
R, 16808
R, 16812
R, 16816
R, 16820
R, 16824
R, 16828
R, 16832
R, 16836
R, 16840
R, 16844
R, 16848
R, 16852
R, 16856
R, 16860
R, 16864
R, 16868
R, 16872
R, 16876
R, 16880
W, 16080, 712
W, 16044, -2899
R, 16048
R, 16052
R, 16052
R, 16056
R, 16060
R, 16060
R, 16064
R, 16068
R, 16072
R, 16076
R, 16080
R, 16084
R, 16088
R, 16092
R, 16092
R, 16096
R, 16100
R, 16100
R, 16104
R, 16108
R, 16112
R, 16116
R, 16120
R, 16124
R, 16128
R, 16132
R, 16136
R, 16140
R, 16144
R, 16148
R, 16152
R, 16156
R, 16160
R, 16164
R, 16168
R, 16168
R, 16172
R, 16176
R, 16180
R, 16184
R, 16188
R, 16192
R, 16196
R, 16200
R, 16204
R, 16208
R, 16212
R, 16216
R, 16220
R, 16224
R, 16228
R, 16232
R, 16236
R, 16240
R, 16244
R, 16248
R, 16252
R, 16256
R, 16260
R, 16264
R, 16268
R, 16272
R, 16276
R, 16280
R, 16284
R, 16288
R, 16292
R, 16296
R, 16300
R, 16304
R, 16308
R, 16312
R, 16316
R, 16320
R, 16324
R, 16328
R, 16332
R, 16336
R, 16340
R, 16344
R, 16348
R, 16352
R, 16356
R, 16360
R, 16364
R, 16368
R, 16372
R, 16376
R, 16380
R, 16384
R, 16388
R, 16392
R, 16396
R, 16400
R, 16404
R, 16408
R, 16412
R, 16416
R, 16420
R, 16424
R, 16428
R, 16432
R, 16436
R, 16440
R, 16444
R, 16448
R, 16452
R, 16456
R, 16460
R, 16464
R, 16468
R, 16472
R, 16476
R, 16480
R, 16480
R, 16484
R, 16488
R, 16492
R, 16496
R, 16500
R, 16504
R, 16508
R, 16512
R, 16516
R, 16520
R, 16524
R, 16528
R, 16532
R, 16536
R, 16540
R, 16544
R, 16548
R, 16552
R, 16556
R, 16560
R, 16564
R, 16568
R, 16572
R, 16576
R, 16580
R, 16584
R, 16588
R, 16592
R, 16596
R, 16600
R, 16604
R, 16608
R, 16612
R, 16612
R, 16616
R, 16620
R, 16624
R, 16628
R, 16632
R, 16636
R, 16640
R, 16644
R, 16648
R, 16652
R, 16656
R, 16660
R, 16664
R, 16668
R, 16672
R, 16676
R, 16680
R, 16684
R, 16688
R, 16692
R, 16696
R, 16700
R, 16704
R, 16708
R, 16712
R, 16716
R, 16720
R, 16724
R, 16728
R, 16732
R, 16736
R, 16740
R, 16744
R, 16748
R, 16752
R, 16756
R, 16760
R, 16764
R, 16768
R, 16772
R, 16776
R, 16780
R, 16784
R, 16788
R, 16792
R, 16796
R, 16800
R, 16804
R, 16808
R, 16812
R, 16816
R, 16820
R, 16824
R, 16828
R, 16832
R, 16836
R, 16840
R, 16844
R, 16848
R, 16852
R, 16856
R, 16860
R, 16864
R, 16868
R, 16872
R, 16876
R, 16880
W, 16612, 1748
W, 16048, -2788
R, 16052
R, 16056
R, 16060
R, 16060
R, 16064
R, 16068
R, 16072
R, 16076
R, 16080
R, 16084
R, 16088
R, 16092
R, 16092
R, 16096
R, 16100
R, 16100
R, 16104
R, 16108
R, 16112
R, 16116
R, 16120
R, 16124
R, 16128
R, 16132
R, 16136
R, 16140
R, 16144
R, 16148
R, 16152
R, 16156
R, 16160
R, 16164
R, 16168
R, 16168
R, 16172
R, 16176
R, 16180
R, 16184
R, 16188
R, 16192
R, 16196
R, 16200
R, 16204
R, 16208
R, 16212
R, 16216
R, 16220
R, 16224
R, 16228
R, 16232
R, 16236
R, 16240
R, 16244
R, 16248
R, 16252
R, 16256
R, 16260
R, 16264
R, 16268
R, 16272
R, 16276
R, 16280
R, 16284
R, 16288
R, 16292
R, 16296
R, 16300
R, 16304
R, 16308
R, 16312
R, 16316
R, 16320
R, 16324
R, 16328
R, 16332
R, 16336
R, 16340
R, 16344
R, 16348
R, 16352
R, 16356
R, 16360
R, 16364
R, 16368
R, 16372
R, 16376
R, 16380
R, 16384
R, 16388
R, 16392
R, 16396
R, 16400
R, 16404
R, 16408
R, 16412
R, 16416
R, 16420
R, 16424
R, 16428
R, 16432
R, 16436
R, 16440
R, 16444
R, 16448
R, 16452
R, 16456
R, 16460
R, 16464
R, 16468
R, 16472
R, 16476
R, 16480
R, 16480
R, 16484
R, 16488
R, 16492
R, 16496
R, 16500
R, 16504
R, 16508
R, 16512
R, 16516
R, 16520
R, 16524
R, 16528
R, 16532
R, 16536
R, 16540
R, 16544
R, 16548
R, 16552
R, 16556
R, 16560
R, 16564
R, 16568
R, 16572
R, 16576
R, 16580
R, 16584
R, 16588
R, 16592
R, 16596
R, 16600
R, 16604
R, 16608
R, 16612
R, 16616
R, 16620
R, 16624
R, 16628
R, 16632
R, 16636
R, 16640
R, 16644
R, 16648
R, 16652
R, 16656
R, 16660
R, 16664
R, 16668
R, 16672
R, 16676
R, 16680
R, 16684
R, 16688
R, 16692
R, 16696
R, 16700
R, 16704
R, 16708
R, 16712
R, 16716
R, 16720
R, 16724
R, 16728
R, 16732
R, 16736
R, 16740
R, 16744
R, 16748
R, 16752
R, 16756
R, 16760
R, 16764
R, 16768
R, 16772
R, 16776
R, 16780
R, 16784
R, 16788
R, 16792
R, 16796
R, 16800
R, 16804
R, 16808
R, 16812
R, 16816
R, 16820
R, 16824
R, 16828
R, 16832
R, 16836
R, 16840
R, 16844
R, 16848
R, 16852
R, 16856
R, 16860
R, 16864
R, 16868
R, 16872
R, 16876
R, 16880
W, 16480, -235
W, 16052, -2730
R, 16056
R, 16060
R, 16060
R, 16064
R, 16068
R, 16072
R, 16076
R, 16080
R, 16084
R, 16088
R, 16092
R, 16092
R, 16096
R, 16100
R, 16100
R, 16104
R, 16108
R, 16112
R, 16116
R, 16120
R, 16124
R, 16128
R, 16132
R, 16136
R, 16140
R, 16144
R, 16148
R, 16152
R, 16156
R, 16160
R, 16164
R, 16168
R, 16168
R, 16172
R, 16176
R, 16180
R, 16184
R, 16188
R, 16192
R, 16196
R, 16200
R, 16204
R, 16208
R, 16212
R, 16216
R, 16220
R, 16224
R, 16228
R, 16232
R, 16236
R, 16240
R, 16244
R, 16248
R, 16252
R, 16256
R, 16260
R, 16264
R, 16268
R, 16272
R, 16276
R, 16280
R, 16284
R, 16288
R, 16292
R, 16296
R, 16300
R, 16304
R, 16308
R, 16312
R, 16316
R, 16320
R, 16324
R, 16328
R, 16332
R, 16336
R, 16340
R, 16344
R, 16348
R, 16352
R, 16356
R, 16360
R, 16364
R, 16368
R, 16372
R, 16376
R, 16380
R, 16384
R, 16388
R, 16392
R, 16396
R, 16400
R, 16404
R, 16408
R, 16412
R, 16416
R, 16420
R, 16424
R, 16428
R, 16432
R, 16436
R, 16440
R, 16444
R, 16448
R, 16452
R, 16456
R, 16460
R, 16464
R, 16468
R, 16472
R, 16476
R, 16480
R, 16484
R, 16488
R, 16492
R, 16496
R, 16500
R, 16504
R, 16508
R, 16512
R, 16516
R, 16520
R, 16524
R, 16528
R, 16532
R, 16536
R, 16540
R, 16544
R, 16548
R, 16552
R, 16556
R, 16560
R, 16564
R, 16568
R, 16572
R, 16576
R, 16580
R, 16584
R, 16588
R, 16588
R, 16592
R, 16596
R, 16600
R, 16604
R, 16608
R, 16612
R, 16616
R, 16620
R, 16624
R, 16628
R, 16632
R, 16636
R, 16640
R, 16644
R, 16648
R, 16652
R, 16656
R, 16660
R, 16664
R, 16668
R, 16672
R, 16676
R, 16680
R, 16684
R, 16688
R, 16692
R, 16696
R, 16700
R, 16704
R, 16708
R, 16712
R, 16716
R, 16720
R, 16724
R, 16728
R, 16732
R, 16736
R, 16740
R, 16744
R, 16748
R, 16752
R, 16756
R, 16760
R, 16764
R, 16768
R, 16772
R, 16776
R, 16780
R, 16784
R, 16788
R, 16792
R, 16796
R, 16800
R, 16804
R, 16808
R, 16812
R, 16816
R, 16820
R, 16824
R, 16828
R, 16832
R, 16836
R, 16840
R, 16844
R, 16848
R, 16852
R, 16856
R, 16860
R, 16864
R, 16868
R, 16872
R, 16876
R, 16880
W, 16588, 2514
W, 16056, -2694
R, 16060
R, 16064
R, 16068
R, 16072
R, 16076
R, 16080
R, 16084
R, 16088
R, 16092
R, 16092
R, 16096
R, 16100
R, 16100
R, 16104
R, 16108
R, 16112
R, 16116
R, 16120
R, 16124
R, 16128
R, 16132
R, 16136
R, 16140
R, 16144
R, 16148
R, 16152
R, 16156
R, 16160
R, 16164
R, 16168
R, 16168
R, 16172
R, 16176
R, 16180
R, 16184
R, 16188
R, 16192
R, 16196
R, 16200
R, 16204
R, 16208
R, 16212
R, 16216
R, 16220
R, 16224
R, 16228
R, 16232
R, 16236
R, 16240
R, 16244
R, 16248
R, 16252
R, 16256
R, 16260
R, 16264
R, 16268
R, 16272
R, 16276
R, 16280
R, 16284
R, 16288
R, 16292
R, 16296
R, 16300
R, 16304
R, 16308
R, 16312
R, 16316
R, 16320
R, 16324
R, 16328
R, 16332
R, 16336
R, 16340
R, 16344
R, 16348
R, 16352
R, 16356
R, 16360
R, 16364
R, 16368
R, 16372
R, 16376
R, 16380
R, 16384
R, 16388
R, 16392
R, 16396
R, 16400
R, 16404
R, 16408
R, 16412
R, 16416
R, 16420
R, 16424
R, 16428
R, 16432
R, 16436
R, 16440
R, 16444
R, 16448
R, 16452
R, 16456
R, 16460
R, 16464
R, 16468
R, 16472
R, 16476
R, 16480
R, 16484
R, 16488
R, 16492
R, 16496
R, 16500
R, 16504
R, 16508
R, 16512
R, 16516
R, 16520
R, 16524
R, 16528
R, 16532
R, 16536
R, 16540
R, 16544
R, 16548
R, 16552
R, 16556
R, 16560
R, 16564
R, 16568
R, 16572
R, 16576
R, 16580
R, 16584
R, 16588
R, 16592
R, 16596
R, 16600
R, 16604
R, 16608
R, 16612
R, 16616
R, 16620
R, 16624
R, 16628
R, 16632
R, 16636
R, 16640
R, 16644
R, 16648
R, 16652
R, 16656
R, 16660
R, 16664
R, 16668
R, 16672
R, 16676
R, 16680
R, 16684
R, 16688
R, 16692
R, 16696
R, 16700
R, 16704
R, 16708
R, 16712
R, 16716
R, 16720
R, 16724
R, 16728
R, 16732
R, 16736
R, 16740
R, 16744
R, 16748
R, 16752
R, 16756
R, 16760
R, 16764
R, 16768
R, 16772
R, 16776
R, 16780
R, 16784
R, 16788
R, 16792
R, 16796
R, 16800
R, 16804
R, 16808
R, 16812
R, 16816
R, 16820
R, 16824
R, 16828
R, 16832
R, 16836
R, 16840
R, 16844
R, 16848
R, 16852
R, 16856
R, 16860
R, 16864
R, 16868
R, 16872
R, 16876
R, 16880
W, 16168, -386
W, 16060, -2683
R, 16064
R, 16068
R, 16068
R, 16072
R, 16076
R, 16080
R, 16080
R, 16084
R, 16088
R, 16092
R, 16092
R, 16096
R, 16100
R, 16100
R, 16104
R, 16108
R, 16112
R, 16116
R, 16120
R, 16124
R, 16128
R, 16132
R, 16136
R, 16140
R, 16144
R, 16148
R, 16152
R, 16156
R, 16160
R, 16164
R, 16168
R, 16172
R, 16172
R, 16176
R, 16180
R, 16184
R, 16188
R, 16192
R, 16196
R, 16200
R, 16204
R, 16208
R, 16212
R, 16216
R, 16220
R, 16224
R, 16228
R, 16232
R, 16236
R, 16240
R, 16244
R, 16248
R, 16252
R, 16256
R, 16260
R, 16264
R, 16264
R, 16268
R, 16272
R, 16276
R, 16280
R, 16284
R, 16288
R, 16292
R, 16296
R, 16300
R, 16304
R, 16308
R, 16312
R, 16316
R, 16320
R, 16324
R, 16328
R, 16332
R, 16336
R, 16340
R, 16344
R, 16348
R, 16352
R, 16356
R, 16360
R, 16364
R, 16368
R, 16372
R, 16376
R, 16380
R, 16384
R, 16388
R, 16392
R, 16396
R, 16400
R, 16404
R, 16408
R, 16412
R, 16416
R, 16420
R, 16424
R, 16428
R, 16432
R, 16436
R, 16440
R, 16444
R, 16448
R, 16452
R, 16456
R, 16460
R, 16464
R, 16468
R, 16472
R, 16476
R, 16480
R, 16484
R, 16488
R, 16492
R, 16492
R, 16496
R, 16500
R, 16504
R, 16508
R, 16512
R, 16516
R, 16520
R, 16524
R, 16528
R, 16532
R, 16536
R, 16540
R, 16544
R, 16548
R, 16552
R, 16556
R, 16560
R, 16564
R, 16568
R, 16572
R, 16576
R, 16580
R, 16584
R, 16588
R, 16592
R, 16596
R, 16600
R, 16604
R, 16608
R, 16612
R, 16616
R, 16620
R, 16624
R, 16628
R, 16632
R, 16636
R, 16640
R, 16644
R, 16648
R, 16652
R, 16656
R, 16660
R, 16664
R, 16668
R, 16672
R, 16676
R, 16680
R, 16684
R, 16688
R, 16692
R, 16696
R, 16700
R, 16704
R, 16708
R, 16712
R, 16716
R, 16720
R, 16724
R, 16728
R, 16732
R, 16736
R, 16740
R, 16744
R, 16748
R, 16752
R, 16756
R, 16760
R, 16764
R, 16768
R, 16772
R, 16776
R, 16780
R, 16784
R, 16788
R, 16792
R, 16796
R, 16800
R, 16804
R, 16808
R, 16812
R, 16816
R, 16820
R, 16824
R, 16828
R, 16832
R, 16836
R, 16840
R, 16844
R, 16848
R, 16852
R, 16856
R, 16860
R, 16864
R, 16868
R, 16872
R, 16876
R, 16880
W, 16492, 4648
W, 16064, -2662
R, 16068
R, 16072
R, 16076
R, 16080
R, 16080
R, 16084
R, 16088
R, 16092
R, 16092
R, 16096
R, 16100
R, 16100
R, 16104
R, 16108
R, 16112
R, 16116
R, 16120
R, 16124
R, 16128
R, 16132
R, 16136
R, 16140
R, 16144
R, 16148
R, 16152
R, 16156
R, 16160
R, 16164
R, 16168
R, 16172
R, 16172
R, 16176
R, 16180
R, 16184
R, 16188
R, 16192
R, 16196
R, 16200
R, 16204
R, 16208
R, 16212
R, 16216
R, 16220
R, 16224
R, 16228
R, 16232
R, 16236
R, 16240
R, 16244
R, 16248
R, 16252
R, 16256
R, 16260
R, 16264
R, 16264
R, 16268
R, 16272
R, 16276
R, 16280
R, 16284
R, 16288
R, 16292
R, 16296
R, 16300
R, 16304
R, 16308
R, 16312
R, 16316
R, 16320
R, 16324
R, 16328
R, 16332
R, 16336
R, 16340
R, 16344
R, 16348
R, 16352
R, 16356
R, 16360
R, 16364
R, 16368
R, 16372
R, 16376
R, 16380
R, 16384
R, 16388
R, 16392
R, 16396
R, 16400
R, 16404
R, 16408
R, 16412
R, 16416
R, 16420
R, 16424
R, 16428
R, 16432
R, 16436
R, 16440
R, 16444
R, 16448
R, 16452
R, 16456
R, 16460
R, 16464
R, 16468
R, 16472
R, 16476
R, 16480
R, 16484
R, 16488
R, 16492
R, 16496
R, 16500
R, 16504
R, 16508
R, 16512
R, 16516
R, 16520
R, 16524
R, 16528
R, 16532
R, 16536
R, 16540
R, 16544
R, 16548
R, 16552
R, 16556
R, 16560
R, 16564
R, 16568
R, 16572
R, 16576
R, 16580
R, 16584
R, 16588
R, 16592
R, 16596
R, 16600
R, 16604
R, 16608
R, 16612
R, 16616
R, 16620
R, 16624
R, 16628
R, 16632
R, 16636
R, 16640
R, 16644
R, 16648
R, 16652
R, 16656
R, 16660
R, 16664
R, 16668
R, 16672
R, 16676
R, 16680
R, 16684
R, 16688
R, 16692
R, 16696
R, 16700
R, 16704
R, 16708
R, 16712
R, 16716
R, 16720
R, 16724
R, 16728
R, 16732
R, 16736
R, 16740
R, 16744
R, 16748
R, 16752
R, 16756
R, 16760
R, 16764
R, 16768
R, 16772
R, 16776
R, 16780
R, 16784
R, 16788
R, 16792
R, 16796
R, 16800
R, 16804
R, 16808
R, 16812
R, 16816
R, 16820
R, 16824
R, 16828
R, 16832
R, 16836
R, 16840
R, 16844
R, 16848
R, 16852
R, 16856
R, 16860
R, 16864
R, 16868
R, 16872
R, 16876
R, 16880
W, 16264, 3255
W, 16068, -2615
R, 16072
R, 16076
R, 16080
R, 16080
R, 16084
R, 16088
R, 16092
R, 16092
R, 16096
R, 16100
R, 16100
R, 16104
R, 16108
R, 16112
R, 16116
R, 16120
R, 16124
R, 16128
R, 16132
R, 16136
R, 16140
R, 16144
R, 16148
R, 16152
R, 16156
R, 16160
R, 16164
R, 16168
R, 16172
R, 16172
R, 16176
R, 16180
R, 16184
R, 16188
R, 16192
R, 16196
R, 16200
R, 16204
R, 16208
R, 16212
R, 16216
R, 16220
R, 16224
R, 16228
R, 16232
R, 16236
R, 16240
R, 16244
R, 16248
R, 16252
R, 16256
R, 16260
R, 16264
R, 16268
R, 16272
R, 16276
R, 16280
R, 16284
R, 16288
R, 16292
R, 16296
R, 16300
R, 16304
R, 16308
R, 16312
R, 16316
R, 16320
R, 16324
R, 16328
R, 16332
R, 16336
R, 16340
R, 16344
R, 16348
R, 16352
R, 16356
R, 16360
R, 16364
R, 16368
R, 16368
R, 16372
R, 16376
R, 16380
R, 16384
R, 16388
R, 16392
R, 16396
R, 16400
R, 16404
R, 16408
R, 16412
R, 16416
R, 16420
R, 16424
R, 16428
R, 16432
R, 16436
R, 16440
R, 16444
R, 16448
R, 16452
R, 16456
R, 16460
R, 16464
R, 16468
R, 16472
R, 16476
R, 16480
R, 16484
R, 16488
R, 16492
R, 16496
R, 16500
R, 16504
R, 16508
R, 16512
R, 16516
R, 16516
R, 16520
R, 16524
R, 16528
R, 16532
R, 16536
R, 16540
R, 16544
R, 16548
R, 16552
R, 16556
R, 16560
R, 16564
R, 16568
R, 16572
R, 16576
R, 16580
R, 16584
R, 16588
R, 16592
R, 16596
R, 16600
R, 16604
R, 16608
R, 16608
R, 16612
R, 16616
R, 16620
R, 16624
R, 16628
R, 16632
R, 16636
R, 16640
R, 16644
R, 16648
R, 16652
R, 16656
R, 16660
R, 16664
R, 16668
R, 16672
R, 16676
R, 16680
R, 16684
R, 16688
R, 16692
R, 16696
R, 16700
R, 16704
R, 16708
R, 16712
R, 16716
R, 16720
R, 16724
R, 16728
R, 16732
R, 16736
R, 16740
R, 16744
R, 16748
R, 16752
R, 16756
R, 16760
R, 16764
R, 16768
R, 16772
R, 16776
R, 16780
R, 16784
R, 16788
R, 16792
R, 16796
R, 16800
R, 16804
R, 16808
R, 16812
R, 16816
R, 16820
R, 16824
R, 16828
R, 16832
R, 16836
R, 16840
R, 16844
R, 16848
R, 16852
R, 16856
R, 16860
R, 16864
R, 16868
R, 16872
R, 16876
R, 16880
W, 16608, 4250
W, 16072, -2571
R, 16076
R, 16080
R, 16080
R, 16084
R, 16088
R, 16092
R, 16092
R, 16096
R, 16100
R, 16100
R, 16104
R, 16108
R, 16112
R, 16116
R, 16120
R, 16124
R, 16128
R, 16132
R, 16136
R, 16140
R, 16144
R, 16148
R, 16152
R, 16156
R, 16160
R, 16164
R, 16168
R, 16172
R, 16172
R, 16176
R, 16180
R, 16184
R, 16188
R, 16192
R, 16196
R, 16200
R, 16204
R, 16208
R, 16212
R, 16216
R, 16220
R, 16224
R, 16228
R, 16232
R, 16236
R, 16240
R, 16244
R, 16248
R, 16252
R, 16256
R, 16260
R, 16264
R, 16268
R, 16272
R, 16276
R, 16280
R, 16284
R, 16288
R, 16292
R, 16296
R, 16300
R, 16304
R, 16308
R, 16312
R, 16316
R, 16320
R, 16324
R, 16328
R, 16332
R, 16336
R, 16340
R, 16344
R, 16348
R, 16352
R, 16356
R, 16360
R, 16364
R, 16368
R, 16368
R, 16372
R, 16376
R, 16380
R, 16384
R, 16388
R, 16392
R, 16396
R, 16400
R, 16404
R, 16408
R, 16412
R, 16416
R, 16420
R, 16424
R, 16428
R, 16432
R, 16436
R, 16440
R, 16444
R, 16448
R, 16452
R, 16456
R, 16460
R, 16464
R, 16468
R, 16472
R, 16476
R, 16480
R, 16484
R, 16488
R, 16492
R, 16496
R, 16500
R, 16504
R, 16508
R, 16512
R, 16516
R, 16516
R, 16520
R, 16524
R, 16528
R, 16532
R, 16536
R, 16540
R, 16544
R, 16548
R, 16552
R, 16556
R, 16560
R, 16564
R, 16568
R, 16572
R, 16576
R, 16580
R, 16584
R, 16588
R, 16592
R, 16596
R, 16600
R, 16604
R, 16608
R, 16612
R, 16616
R, 16620
R, 16624
R, 16628
R, 16632
R, 16636
R, 16640
R, 16644
R, 16648
R, 16652
R, 16656
R, 16660
R, 16664
R, 16668
R, 16672
R, 16676
R, 16680
R, 16684
R, 16688
R, 16692
R, 16696
R, 16700
R, 16704
R, 16708
R, 16712
R, 16716
R, 16720
R, 16724
R, 16728
R, 16732
R, 16736
R, 16740
R, 16744
R, 16748
R, 16752
R, 16756
R, 16760
R, 16764
R, 16768
R, 16772
R, 16776
R, 16780
R, 16784
R, 16788
R, 16792
R, 16796
R, 16800
R, 16804
R, 16808
R, 16812
R, 16816
R, 16820
R, 16824
R, 16828
R, 16832
R, 16836
R, 16840
R, 16844
R, 16848
R, 16852
R, 16856
R, 16860
R, 16864
R, 16868
R, 16872
R, 16876
R, 16880
W, 16516, 4474
W, 16076, -2557
R, 16080
R, 16084
R, 16088
R, 16092
R, 16092
R, 16096
R, 16100
R, 16100
R, 16104
R, 16108
R, 16112
R, 16116
R, 16120
R, 16124
R, 16128
R, 16132
R, 16136
R, 16140
R, 16144
R, 16148
R, 16152
R, 16156
R, 16160
R, 16164
R, 16168
R, 16172
R, 16172
R, 16176
R, 16180
R, 16184
R, 16188
R, 16192
R, 16196
R, 16200
R, 16204
R, 16208
R, 16212
R, 16216
R, 16220
R, 16224
R, 16228
R, 16232
R, 16236
R, 16240
R, 16244
R, 16248
R, 16252
R, 16256
R, 16260
R, 16264
R, 16268
R, 16272
R, 16276
R, 16280
R, 16284
R, 16288
R, 16292
R, 16296
R, 16300
R, 16304
R, 16308
R, 16312
R, 16316
R, 16320
R, 16324
R, 16328
R, 16332
R, 16336
R, 16340
R, 16344
R, 16348
R, 16352
R, 16356
R, 16360
R, 16364
R, 16368
R, 16368
R, 16372
R, 16376
R, 16380
R, 16384
R, 16388
R, 16392
R, 16396
R, 16400
R, 16404
R, 16408
R, 16412
R, 16416
R, 16420
R, 16424
R, 16428
R, 16432
R, 16436
R, 16440
R, 16444
R, 16448
R, 16452
R, 16456
R, 16460
R, 16464
R, 16468
R, 16472
R, 16476
R, 16480
R, 16484
R, 16488
R, 16492
R, 16496
R, 16500
R, 16504
R, 16508
R, 16512
R, 16516
R, 16520
R, 16524
R, 16528
R, 16532
R, 16536
R, 16540
R, 16544
R, 16548
R, 16552
R, 16556
R, 16560
R, 16564
R, 16568
R, 16572
R, 16576
R, 16580
R, 16584
R, 16588
R, 16592
R, 16596
R, 16600
R, 16604
R, 16608
R, 16612
R, 16616
R, 16620
R, 16624
R, 16628
R, 16632
R, 16636
R, 16640
R, 16644
R, 16648
R, 16652
R, 16656
R, 16660
R, 16664
R, 16668
R, 16672
R, 16676
R, 16680
R, 16680
R, 16684
R, 16688
R, 16692
R, 16696
R, 16700
R, 16704
R, 16708
R, 16712
R, 16716
R, 16720
R, 16724
R, 16728
R, 16732
R, 16736
R, 16740
R, 16744
R, 16748
R, 16752
R, 16756
R, 16760
R, 16764
R, 16768
R, 16772
R, 16776
R, 16780
R, 16784
R, 16788
R, 16792
R, 16796
R, 16800
R, 16804
R, 16808
R, 16812
R, 16816
R, 16820
R, 16824
R, 16828
R, 16832
R, 16836
R, 16840
R, 16844
R, 16848
R, 16852
R, 16856
R, 16860
R, 16864
R, 16868
R, 16872
R, 16876
R, 16880
W, 16680, 712
W, 16080, -2416
R, 16084
R, 16088
R, 16088
R, 16092
R, 16092
R, 16096
R, 16100
R, 16100
R, 16104
R, 16108
R, 16112
R, 16116
R, 16120
R, 16124
R, 16128
R, 16132
R, 16136
R, 16140
R, 16144
R, 16148
R, 16152
R, 16156
R, 16160
R, 16164
R, 16168
R, 16172
R, 16172
R, 16176
R, 16180
R, 16184
R, 16188
R, 16192
R, 16196
R, 16200
R, 16204
R, 16208
R, 16212
R, 16216
R, 16220
R, 16224
R, 16228
R, 16232
R, 16236
R, 16240
R, 16244
R, 16248
R, 16252
R, 16256
R, 16260
R, 16264
R, 16268
R, 16272
R, 16276
R, 16280
R, 16284
R, 16288
R, 16292
R, 16296
R, 16300
R, 16304
R, 16308
R, 16312
R, 16316
R, 16320
R, 16324
R, 16328
R, 16332
R, 16336
R, 16340
R, 16344
R, 16348
R, 16352
R, 16356
R, 16360
R, 16364
R, 16368
R, 16368
R, 16372
R, 16376
R, 16380
R, 16384
R, 16388
R, 16392
R, 16396
R, 16400
R, 16404
R, 16408
R, 16412
R, 16416
R, 16420
R, 16424
R, 16428
R, 16432
R, 16436
R, 16440
R, 16444
R, 16448
R, 16452
R, 16456
R, 16460
R, 16464
R, 16468
R, 16472
R, 16476
R, 16480
R, 16484
R, 16488
R, 16492
R, 16496
R, 16500
R, 16504
R, 16508
R, 16512
R, 16516
R, 16520
R, 16524
R, 16528
R, 16532
R, 16536
R, 16540
R, 16544
R, 16548
R, 16552
R, 16556
R, 16560
R, 16564
R, 16568
R, 16572
R, 16576
R, 16580
R, 16584
R, 16588
R, 16592
R, 16596
R, 16600
R, 16604
R, 16608
R, 16612
R, 16616
R, 16620
R, 16624
R, 16628
R, 16632
R, 16636
R, 16640
R, 16644
R, 16648
R, 16652
R, 16656
R, 16660
R, 16664
R, 16668
R, 16672
R, 16676
R, 16680
R, 16684
R, 16688
R, 16692
R, 16696
R, 16700
R, 16704
R, 16708
R, 16712
R, 16716
R, 16720
R, 16724
R, 16728
R, 16732
R, 16736
R, 16740
R, 16744
R, 16748
R, 16752
R, 16756
R, 16760
R, 16764
R, 16768
R, 16772
R, 16776
R, 16780
R, 16784
R, 16788
R, 16792
R, 16796
R, 16800
R, 16804
R, 16808
R, 16812
R, 16816
R, 16820
R, 16824
R, 16828
R, 16832
R, 16836
R, 16840
R, 16844
R, 16848
R, 16852
R, 16856
R, 16860
R, 16864
R, 16868
R, 16872
R, 16876
R, 16880
W, 16368, 3184
W, 16084, -2382
R, 16088
R, 16092
R, 16092
R, 16096
R, 16100
R, 16100
R, 16104
R, 16108
R, 16112
R, 16116
R, 16120
R, 16124
R, 16128
R, 16132
R, 16136
R, 16140
R, 16144
R, 16148
R, 16152
R, 16156
R, 16160
R, 16164
R, 16168
R, 16172
R, 16172
R, 16176
R, 16180
R, 16184
R, 16188
R, 16192
R, 16196
R, 16200
R, 16204
R, 16208
R, 16212
R, 16216
R, 16220
R, 16224
R, 16228
R, 16232
R, 16236
R, 16240
R, 16244
R, 16248
R, 16252
R, 16256
R, 16260
R, 16264
R, 16268
R, 16272
R, 16276
R, 16280
R, 16284
R, 16288
R, 16292
R, 16296
R, 16300
R, 16304
R, 16308
R, 16312
R, 16316
R, 16320
R, 16324
R, 16328
R, 16332
R, 16336
R, 16340
R, 16344
R, 16348
R, 16352
R, 16356
R, 16360
R, 16364
R, 16368
R, 16372
R, 16376
R, 16380
R, 16384
R, 16388
R, 16392
R, 16396
R, 16400
R, 16404
R, 16408
R, 16412
R, 16416
R, 16420
R, 16424
R, 16428
R, 16432
R, 16436
R, 16440
R, 16444
R, 16448
R, 16452
R, 16456
R, 16460
R, 16464
R, 16468
R, 16472
R, 16476
R, 16480
R, 16484
R, 16488
R, 16492
R, 16496
R, 16500
R, 16504
R, 16508
R, 16512
R, 16516
R, 16520
R, 16524
R, 16528
R, 16532
R, 16536
R, 16540
R, 16544
R, 16548
R, 16552
R, 16556
R, 16556
R, 16560
R, 16564
R, 16568
R, 16572
R, 16576
R, 16580
R, 16584
R, 16588
R, 16592
R, 16596
R, 16600
R, 16604
R, 16608
R, 16612
R, 16616
R, 16620
R, 16624
R, 16628
R, 16632
R, 16636
R, 16640
R, 16644
R, 16648
R, 16652
R, 16656
R, 16660
R, 16664
R, 16668
R, 16672
R, 16676
R, 16680
R, 16684
R, 16688
R, 16692
R, 16696
R, 16700
R, 16704
R, 16708
R, 16712
R, 16716
R, 16720
R, 16724
R, 16728
R, 16732
R, 16736
R, 16740
R, 16744
R, 16748
R, 16752
R, 16756
R, 16760
R, 16764
R, 16768
R, 16772
R, 16776
R, 16780
R, 16784
R, 16788
R, 16792
R, 16796
R, 16800
R, 16804
R, 16808
R, 16812
R, 16816
R, 16820
R, 16824
R, 16828
R, 16832
R, 16836
R, 16840
R, 16844
R, 16848
R, 16852
R, 16856
R, 16860
R, 16864
R, 16868
R, 16872
R, 16876
R, 16880
W, 16556, 1154
W, 16088, -2339
R, 16092
R, 16096
R, 16100
R, 16100
R, 16104
R, 16108
R, 16112
R, 16116
R, 16120
R, 16124
R, 16128
R, 16132
R, 16136
R, 16140
R, 16144
R, 16148
R, 16152
R, 16156
R, 16160
R, 16164
R, 16168
R, 16172
R, 16172
R, 16176
R, 16180
R, 16184
R, 16188
R, 16192
R, 16196
R, 16200
R, 16204
R, 16208
R, 16212
R, 16216
R, 16220
R, 16224
R, 16228
R, 16232
R, 16236
R, 16240
R, 16244
R, 16248
R, 16252
R, 16256
R, 16260
R, 16264
R, 16268
R, 16272
R, 16276
R, 16280
R, 16284
R, 16288
R, 16292
R, 16296
R, 16300
R, 16304
R, 16308
R, 16312
R, 16316
R, 16320
R, 16324
R, 16328
R, 16332
R, 16336
R, 16340
R, 16344
R, 16348
R, 16352
R, 16356
R, 16360
R, 16364
R, 16368
R, 16372
R, 16376
R, 16380
R, 16384
R, 16388
R, 16392
R, 16396
R, 16400
R, 16404
R, 16408
R, 16412
R, 16416
R, 16420
R, 16424
R, 16428
R, 16432
R, 16436
R, 16440
R, 16444
R, 16448
R, 16452
R, 16456
R, 16460
R, 16464
R, 16468
R, 16472
R, 16476
R, 16480
R, 16484
R, 16488
R, 16492
R, 16496
R, 16500
R, 16504
R, 16508
R, 16512
R, 16516
R, 16520
R, 16524
R, 16528
R, 16532
R, 16536
R, 16540
R, 16544
R, 16548
R, 16552
R, 16556
R, 16560
R, 16564
R, 16568
R, 16572
R, 16576
R, 16580
R, 16584
R, 16588
R, 16592
R, 16596
R, 16600
R, 16604
R, 16608
R, 16612
R, 16616
R, 16620
R, 16624
R, 16628
R, 16632
R, 16636
R, 16640
R, 16644
R, 16648
R, 16652
R, 16656
R, 16660
R, 16664
R, 16668
R, 16672
R, 16676
R, 16680
R, 16684
R, 16688
R, 16692
R, 16696
R, 16700
R, 16704
R, 16708
R, 16712
R, 16716
R, 16720
R, 16724
R, 16728
R, 16732
R, 16736
R, 16740
R, 16744
R, 16748
R, 16752
R, 16756
R, 16760
R, 16764
R, 16768
R, 16772
R, 16776
R, 16780
R, 16784
R, 16788
R, 16792
R, 16796
R, 16800
R, 16804
R, 16808
R, 16812
R, 16816
R, 16820
R, 16824
R, 16828
R, 16832
R, 16836
R, 16840
R, 16844
R, 16848
R, 16852
R, 16856
R, 16860
R, 16864
R, 16868
R, 16872
R, 16876
R, 16880
W, 16172, -1490
W, 16092, -2334
R, 16096
R, 16100
R, 16100
R, 16104
R, 16108
R, 16112
R, 16116
R, 16120
R, 16124
R, 16128
R, 16132
R, 16136
R, 16140
R, 16144
R, 16148
R, 16152
R, 16156
R, 16160
R, 16164
R, 16168
R, 16172
R, 16176
R, 16180
R, 16184
R, 16188
R, 16192
R, 16196
R, 16200
R, 16204
R, 16208
R, 16212
R, 16216
R, 16220
R, 16224
R, 16228
R, 16232
R, 16236
R, 16240
R, 16244
R, 16248
R, 16252
R, 16256
R, 16260
R, 16264
R, 16268
R, 16272
R, 16276
R, 16280
R, 16284
R, 16288
R, 16292
R, 16296
R, 16300
R, 16304
R, 16308
R, 16312
R, 16316
R, 16320
R, 16324
R, 16328
R, 16332
R, 16336
R, 16340
R, 16344
R, 16344
R, 16348
R, 16352
R, 16356
R, 16360
R, 16364
R, 16368
R, 16372
R, 16376
R, 16380
R, 16384
R, 16388
R, 16392
R, 16396
R, 16400
R, 16404
R, 16408
R, 16412
R, 16416
R, 16420
R, 16424
R, 16428
R, 16432
R, 16436
R, 16440
R, 16444
R, 16448
R, 16452
R, 16456
R, 16460
R, 16464
R, 16468
R, 16472
R, 16476
R, 16480
R, 16484
R, 16488
R, 16492
R, 16496
R, 16500
R, 16504
R, 16508
R, 16512
R, 16516
R, 16520
R, 16524
R, 16528
R, 16532
R, 16536
R, 16540
R, 16544
R, 16548
R, 16552
R, 16556
R, 16560
R, 16564
R, 16568
R, 16572
R, 16576
R, 16580
R, 16584
R, 16588
R, 16592
R, 16596
R, 16600
R, 16604
R, 16608
R, 16612
R, 16616
R, 16620
R, 16624
R, 16628
R, 16632
R, 16636
R, 16640
R, 16644
R, 16648
R, 16652
R, 16656
R, 16660
R, 16664
R, 16668
R, 16672
R, 16676
R, 16680
R, 16684
R, 16688
R, 16692
R, 16696
R, 16700
R, 16704
R, 16708
R, 16712
R, 16716
R, 16720
R, 16724
R, 16728
R, 16732
R, 16736
R, 16740
R, 16744
R, 16748
R, 16752
R, 16756
R, 16760
R, 16764
R, 16764
R, 16768
R, 16772
R, 16776
R, 16780
R, 16784
R, 16788
R, 16792
R, 16796
R, 16800
R, 16804
R, 16808
R, 16812
R, 16816
R, 16820
R, 16824
R, 16828
R, 16832
R, 16836
R, 16840
R, 16844
R, 16848
R, 16852
R, 16856
R, 16860
R, 16864
R, 16868
R, 16872
R, 16876
R, 16880
W, 16764, 1272
W, 16096, -2307
R, 16100
R, 16104
R, 16108
R, 16112
R, 16116
R, 16120
R, 16124
R, 16128
R, 16132
R, 16136
R, 16140
R, 16144
R, 16148
R, 16152
R, 16156
R, 16160
R, 16164
R, 16168
R, 16172
R, 16176
R, 16180
R, 16184
R, 16188
R, 16192
R, 16196
R, 16200
R, 16204
R, 16208
R, 16212
R, 16216
R, 16220
R, 16224
R, 16228
R, 16232
R, 16236
R, 16240
R, 16244
R, 16248
R, 16252
R, 16256
R, 16260
R, 16264
R, 16268
R, 16272
R, 16276
R, 16280
R, 16284
R, 16288
R, 16292
R, 16296
R, 16300
R, 16304
R, 16308
R, 16312
R, 16316
R, 16320
R, 16324
R, 16328
R, 16332
R, 16336
R, 16340
R, 16344
R, 16344
R, 16348
R, 16352
R, 16356
R, 16360
R, 16364
R, 16368
R, 16372
R, 16376
R, 16380
R, 16384
R, 16388
R, 16392
R, 16396
R, 16400
R, 16404
R, 16408
R, 16412
R, 16416
R, 16420
R, 16424
R, 16428
R, 16432
R, 16436
R, 16440
R, 16444
R, 16448
R, 16452
R, 16456
R, 16460
R, 16464
R, 16468
R, 16472
R, 16476
R, 16480
R, 16484
R, 16488
R, 16492
R, 16496
R, 16500
R, 16504
R, 16508
R, 16512
R, 16516
R, 16520
R, 16524
R, 16528
R, 16532
R, 16536
R, 16540
R, 16544
R, 16548
R, 16552
R, 16556
R, 16560
R, 16564
R, 16568
R, 16572
R, 16576
R, 16580
R, 16584
R, 16588
R, 16592
R, 16596
R, 16600
R, 16604
R, 16608
R, 16612
R, 16616
R, 16620
R, 16624
R, 16628
R, 16632
R, 16636
R, 16640
R, 16644
R, 16648
R, 16652
R, 16656
R, 16660
R, 16664
R, 16668
R, 16672
R, 16676
R, 16680
R, 16684
R, 16688
R, 16692
R, 16696
R, 16700
R, 16704
R, 16708
R, 16712
R, 16716
R, 16720
R, 16724
R, 16728
R, 16732
R, 16736
R, 16740
R, 16744
R, 16748
R, 16752
R, 16756
R, 16760
R, 16764
R, 16768
R, 16772
R, 16776
R, 16780
R, 16784
R, 16788
R, 16792
R, 16796
R, 16800
R, 16804
R, 16808
R, 16812
R, 16816
R, 16820
R, 16824
R, 16828
R, 16832
R, 16836
R, 16840
R, 16844
R, 16848
R, 16852
R, 16856
R, 16860
R, 16864
R, 16868
R, 16872
R, 16876
R, 16880
W, 16344, -2176
W, 16100, -2297
R, 16104
R, 16108
R, 16112
R, 16112
R, 16116
R, 16120
R, 16124
R, 16128
R, 16132
R, 16132
R, 16136
R, 16140
R, 16140
R, 16144
R, 16148
R, 16152
R, 16156
R, 16160
R, 16164
R, 16168
R, 16172
R, 16176
R, 16180
R, 16184
R, 16188
R, 16192
R, 16196
R, 16200
R, 16204
R, 16208
R, 16212
R, 16216
R, 16220
R, 16224
R, 16228
R, 16232
R, 16236
R, 16240
R, 16244
R, 16248
R, 16252
R, 16256
R, 16260
R, 16264
R, 16268
R, 16272
R, 16272
R, 16276
R, 16280
R, 16284
R, 16288
R, 16292
R, 16296
R, 16300
R, 16304
R, 16308
R, 16312
R, 16316
R, 16320
R, 16324
R, 16328
R, 16332
R, 16336
R, 16340
R, 16344
R, 16344
R, 16348
R, 16352
R, 16356
R, 16360
R, 16364
R, 16368
R, 16372
R, 16376
R, 16380
R, 16384
R, 16388
R, 16392
R, 16396
R, 16400
R, 16404
R, 16408
R, 16412
R, 16416
R, 16420
R, 16424
R, 16428
R, 16432
R, 16436
R, 16440
R, 16444
R, 16448
R, 16452
R, 16456
R, 16460
R, 16464
R, 16468
R, 16468
R, 16472
R, 16476
R, 16480
R, 16484
R, 16488
R, 16492
R, 16496
R, 16500
R, 16504
R, 16508
R, 16512
R, 16516
R, 16520
R, 16524
R, 16528
R, 16532
R, 16536
R, 16540
R, 16544
R, 16548
R, 16552
R, 16556
R, 16560
R, 16564
R, 16568
R, 16572
R, 16576
R, 16580
R, 16584
R, 16588
R, 16592
R, 16596
R, 16600
R, 16604
R, 16608
R, 16612
R, 16616
R, 16620
R, 16624
R, 16628
R, 16632
R, 16636
R, 16640
R, 16644
R, 16648
R, 16652
R, 16656
R, 16660
R, 16664
R, 16668
R, 16672
R, 16676
R, 16680
R, 16684
R, 16688
R, 16692
R, 16696
R, 16700
R, 16704
R, 16708
R, 16712
R, 16716
R, 16720
R, 16724
R, 16728
R, 16732
R, 16736
R, 16740
R, 16744
R, 16748
R, 16752
R, 16756
R, 16760
R, 16764
R, 16768
R, 16772
R, 16776
R, 16780
R, 16784
R, 16788
R, 16792
R, 16796
R, 16800
R, 16804
R, 16808
R, 16812
R, 16816
R, 16820
R, 16824
R, 16828
R, 16832
R, 16836
R, 16840
R, 16844
R, 16848
R, 16852
R, 16856
R, 16860
R, 16864
R, 16868
R, 16872
R, 16876
R, 16880
W, 16468, 1853
W, 16104, -2245
R, 16108
R, 16112
R, 16112
R, 16116
R, 16120
R, 16124
R, 16128
R, 16132
R, 16132
R, 16136
R, 16140
R, 16140
R, 16144
R, 16148
R, 16152
R, 16156
R, 16160
R, 16164
R, 16168
R, 16172
R, 16176
R, 16180
R, 16184
R, 16188
R, 16192
R, 16196
R, 16200
R, 16204
R, 16208
R, 16212
R, 16216
R, 16220
R, 16224
R, 16228
R, 16232
R, 16236
R, 16240
R, 16244
R, 16248
R, 16252
R, 16256
R, 16260
R, 16264
R, 16268
R, 16272
R, 16272
R, 16276
R, 16280
R, 16284
R, 16288
R, 16292
R, 16296
R, 16300
R, 16304
R, 16308
R, 16312
R, 16316
R, 16320
R, 16324
R, 16328
R, 16332
R, 16336
R, 16340
R, 16344
R, 16344
R, 16348
R, 16352
R, 16356
R, 16360
R, 16364
R, 16368
R, 16372
R, 16376
R, 16380
R, 16384
R, 16388
R, 16392
R, 16396
R, 16400
R, 16404
R, 16408
R, 16412
R, 16416
R, 16420
R, 16424
R, 16428
R, 16432
R, 16436
R, 16440
R, 16444
R, 16448
R, 16452
R, 16456
R, 16460
R, 16464
R, 16468
R, 16472
R, 16476
R, 16480
R, 16484
R, 16488
R, 16492
R, 16496
R, 16500
R, 16504
R, 16508
R, 16512
R, 16516
R, 16520
R, 16524
R, 16528
R, 16532
R, 16536
R, 16540
R, 16544
R, 16548
R, 16552
R, 16556
R, 16560
R, 16564
R, 16568
R, 16572
R, 16576
R, 16580
R, 16584
R, 16588
R, 16592
R, 16596
R, 16600
R, 16604
R, 16608
R, 16612
R, 16616
R, 16620
R, 16624
R, 16628
R, 16632
R, 16636
R, 16640
R, 16644
R, 16648
R, 16652
R, 16656
R, 16660
R, 16664
R, 16668
R, 16672
R, 16676
R, 16680
R, 16684
R, 16688
R, 16692
R, 16696
R, 16700
R, 16704
R, 16708
R, 16712
R, 16716
R, 16720
R, 16724
R, 16728
R, 16732
R, 16736
R, 16740
R, 16744
R, 16748
R, 16752
R, 16756
R, 16760
R, 16764
R, 16768
R, 16772
R, 16776
R, 16780
R, 16784
R, 16788
R, 16792
R, 16796
R, 16800
R, 16804
R, 16808
R, 16812
R, 16816
R, 16820
R, 16824
R, 16828
R, 16832
R, 16836
R, 16840
R, 16844
R, 16848
R, 16852
R, 16856
R, 16860
R, 16864
R, 16868
R, 16872
R, 16876
R, 16880
W, 16344, 3687
W, 16108, -2176
R, 16112
R, 16116
R, 16120
R, 16124
R, 16128
R, 16132
R, 16132
R, 16136
R, 16140
R, 16140
R, 16144
R, 16148
R, 16152
R, 16156
R, 16160
R, 16164
R, 16168
R, 16172
R, 16176
R, 16180
R, 16184
R, 16188
R, 16192
R, 16196
R, 16200
R, 16204
R, 16208
R, 16212
R, 16216
R, 16220
R, 16224
R, 16228
R, 16232
R, 16236
R, 16240
R, 16244
R, 16248
R, 16252
R, 16256
R, 16260
R, 16264
R, 16268
R, 16272
R, 16272
R, 16276
R, 16280
R, 16284
R, 16288
R, 16292
R, 16296
R, 16300
R, 16304
R, 16308
R, 16312
R, 16316
R, 16320
R, 16324
R, 16328
R, 16332
R, 16336
R, 16340
R, 16344
R, 16348
R, 16352
R, 16356
R, 16360
R, 16360
R, 16364
R, 16368
R, 16372
R, 16376
R, 16380
R, 16384
R, 16388
R, 16392
R, 16396
R, 16400
R, 16404
R, 16408
R, 16412
R, 16416
R, 16420
R, 16424
R, 16428
R, 16432
R, 16436
R, 16440
R, 16444
R, 16448
R, 16452
R, 16456
R, 16460
R, 16464
R, 16468
R, 16472
R, 16476
R, 16480
R, 16484
R, 16488
R, 16492
R, 16496
R, 16500
R, 16504
R, 16508
R, 16512
R, 16516
R, 16520
R, 16524
R, 16528
R, 16532
R, 16536
R, 16540
R, 16544
R, 16548
R, 16552
R, 16556
R, 16560
R, 16564
R, 16568
R, 16572
R, 16576
R, 16580
R, 16584
R, 16588
R, 16592
R, 16596
R, 16600
R, 16604
R, 16608
R, 16612
R, 16616
R, 16620
R, 16624
R, 16628
R, 16632
R, 16636
R, 16640
R, 16644
R, 16648
R, 16652
R, 16656
R, 16660
R, 16664
R, 16668
R, 16672
R, 16676
R, 16680
R, 16684
R, 16688
R, 16692
R, 16696
R, 16700
R, 16704
R, 16708
R, 16712
R, 16716
R, 16720
R, 16724
R, 16728
R, 16732
R, 16736
R, 16740
R, 16744
R, 16748
R, 16752
R, 16756
R, 16760
R, 16764
R, 16768
R, 16772
R, 16776
R, 16780
R, 16784
R, 16788
R, 16792
R, 16796
R, 16800
R, 16804
R, 16808
R, 16812
R, 16816
R, 16820
R, 16824
R, 16828
R, 16832
R, 16836
R, 16840
R, 16844
R, 16848
R, 16852
R, 16856
R, 16860
R, 16864
R, 16868
R, 16872
R, 16876
R, 16880
W, 16360, -1190
W, 16112, -2163
R, 16116
R, 16120
R, 16120
R, 16124
R, 16128
R, 16132
R, 16132
R, 16136
R, 16140
R, 16140
R, 16144
R, 16148
R, 16152
R, 16156
R, 16160
R, 16164
R, 16168
R, 16172
R, 16176
R, 16180
R, 16184
R, 16188
R, 16192
R, 16196
R, 16200
R, 16204
R, 16208
R, 16212
R, 16216
R, 16220
R, 16224
R, 16228
R, 16232
R, 16236
R, 16240
R, 16244
R, 16248
R, 16252
R, 16256
R, 16260
R, 16264
R, 16268
R, 16272
R, 16272
R, 16276
R, 16280
R, 16284
R, 16288
R, 16292
R, 16296
R, 16300
R, 16304
R, 16308
R, 16312
R, 16316
R, 16320
R, 16324
R, 16328
R, 16332
R, 16336
R, 16340
R, 16344
R, 16348
R, 16352
R, 16356
R, 16360
R, 16364
R, 16368
R, 16372
R, 16376
R, 16380
R, 16384
R, 16388
R, 16392
R, 16396
R, 16400
R, 16404
R, 16408
R, 16412
R, 16416
R, 16420
R, 16424
R, 16428
R, 16432
R, 16436
R, 16440
R, 16444
R, 16448
R, 16452
R, 16456
R, 16460
R, 16464
R, 16468
R, 16472
R, 16476
R, 16480
R, 16484
R, 16488
R, 16492
R, 16496
R, 16500
R, 16504
R, 16508
R, 16512
R, 16516
R, 16520
R, 16524
R, 16528
R, 16532
R, 16536
R, 16540
R, 16544
R, 16548
R, 16552
R, 16556
R, 16560
R, 16564
R, 16568
R, 16572
R, 16576
R, 16580
R, 16584
R, 16588
R, 16592
R, 16596
R, 16600
R, 16604
R, 16608
R, 16612
R, 16616
R, 16620
R, 16624
R, 16628
R, 16632
R, 16636
R, 16640
R, 16644
R, 16648
R, 16652
R, 16656
R, 16660
R, 16664
R, 16668
R, 16672
R, 16676
R, 16680
R, 16684
R, 16688
R, 16692
R, 16696
R, 16700
R, 16704
R, 16708
R, 16712
R, 16716
R, 16720
R, 16724
R, 16728
R, 16732
R, 16736
R, 16740
R, 16744
R, 16748
R, 16752
R, 16756
R, 16760
R, 16764
R, 16768
R, 16772
R, 16776
R, 16780
R, 16784
R, 16788
R, 16792
R, 16796
R, 16800
R, 16804
R, 16808
R, 16812
R, 16816
R, 16820
R, 16824
R, 16828
R, 16832
R, 16836
R, 16840
R, 16844
R, 16848
R, 16852
R, 16856
R, 16860
R, 16864
R, 16868
R, 16872
R, 16876
R, 16880
W, 16272, 1791
W, 16116, -2120
R, 16120
R, 16124
R, 16128
R, 16132
R, 16132
R, 16136
R, 16140
R, 16140
R, 16144
R, 16148
R, 16152
R, 16156
R, 16160
R, 16164
R, 16168
R, 16172
R, 16176
R, 16180
R, 16184
R, 16188
R, 16192
R, 16196
R, 16200
R, 16204
R, 16208
R, 16212
R, 16216
R, 16220
R, 16224
R, 16228
R, 16232
R, 16236
R, 16240
R, 16244
R, 16248
R, 16252
R, 16256
R, 16260
R, 16264
R, 16268
R, 16272
R, 16276
R, 16280
R, 16284
R, 16288
R, 16292
R, 16296
R, 16300
R, 16304
R, 16308
R, 16312
R, 16316
R, 16320
R, 16324
R, 16328
R, 16332
R, 16336
R, 16340
R, 16344
R, 16348
R, 16352
R, 16356
R, 16360
R, 16364
R, 16368
R, 16372
R, 16376
R, 16380
R, 16384
R, 16388
R, 16392
R, 16396
R, 16400
R, 16404
R, 16408
R, 16412
R, 16416
R, 16420
R, 16424
R, 16428
R, 16432
R, 16436
R, 16440
R, 16444
R, 16448
R, 16452
R, 16456
R, 16460
R, 16464
R, 16468
R, 16472
R, 16476
R, 16480
R, 16484
R, 16488
R, 16492
R, 16496
R, 16500
R, 16504
R, 16508
R, 16512
R, 16516
R, 16520
R, 16524
R, 16528
R, 16532
R, 16536
R, 16540
R, 16544
R, 16548
R, 16552
R, 16556
R, 16560
R, 16564
R, 16568
R, 16572
R, 16576
R, 16580
R, 16584
R, 16588
R, 16592
R, 16596
R, 16600
R, 16604
R, 16608
R, 16612
R, 16616
R, 16620
R, 16624
R, 16628
R, 16632
R, 16636
R, 16640
R, 16644
R, 16648
R, 16652
R, 16656
R, 16660
R, 16664
R, 16668
R, 16672
R, 16676
R, 16680
R, 16684
R, 16688
R, 16692
R, 16696
R, 16700
R, 16704
R, 16708
R, 16712
R, 16716
R, 16720
R, 16724
R, 16728
R, 16732
R, 16736
R, 16740
R, 16744
R, 16748
R, 16752
R, 16756
R, 16760
R, 16764
R, 16768
R, 16772
R, 16776
R, 16780
R, 16784
R, 16788
R, 16792
R, 16796
R, 16800
R, 16804
R, 16808
R, 16812
R, 16816
R, 16820
R, 16824
R, 16828
R, 16832
R, 16836
R, 16840
R, 16844
R, 16848
R, 16852
R, 16856
R, 16860
R, 16864
R, 16868
R, 16872
R, 16876
R, 16880
W, 16140, -98
W, 16120, -2030
R, 16124
R, 16128
R, 16128
R, 16132
R, 16132
R, 16136
R, 16140
R, 16144
R, 16148
R, 16152
R, 16156
R, 16160
R, 16164
R, 16164
R, 16168
R, 16172
R, 16176
R, 16180
R, 16184
R, 16188
R, 16192
R, 16196
R, 16200
R, 16204
R, 16208
R, 16212
R, 16216
R, 16220
R, 16224
R, 16228
R, 16232
R, 16236
R, 16240
R, 16244
R, 16248
R, 16252
R, 16256
R, 16260
R, 16264
R, 16268
R, 16272
R, 16276
R, 16280
R, 16284
R, 16288
R, 16292
R, 16296
R, 16300
R, 16304
R, 16308
R, 16312
R, 16316
R, 16320
R, 16324
R, 16328
R, 16332
R, 16336
R, 16340
R, 16344
R, 16348
R, 16352
R, 16356
R, 16360
R, 16364
R, 16368
R, 16372
R, 16372
R, 16376
R, 16380
R, 16384
R, 16388
R, 16392
R, 16396
R, 16400
R, 16404
R, 16408
R, 16412
R, 16412
R, 16416
R, 16420
R, 16424
R, 16428
R, 16432
R, 16436
R, 16440
R, 16444
R, 16448
R, 16452
R, 16456
R, 16460
R, 16464
R, 16468
R, 16472
R, 16476
R, 16480
R, 16484
R, 16488
R, 16492
R, 16496
R, 16500
R, 16504
R, 16508
R, 16512
R, 16516
R, 16520
R, 16524
R, 16528
R, 16532
R, 16536
R, 16540
R, 16544
R, 16548
R, 16552
R, 16556
R, 16560
R, 16564
R, 16568
R, 16572
R, 16576
R, 16580
R, 16584
R, 16588
R, 16592
R, 16596
R, 16600
R, 16604
R, 16608
R, 16612
R, 16616
R, 16620
R, 16624
R, 16628
R, 16632
R, 16636
R, 16640
R, 16644
R, 16648
R, 16652
R, 16656
R, 16660
R, 16664
R, 16668
R, 16672
R, 16676
R, 16680
R, 16684
R, 16688
R, 16692
R, 16696
R, 16700
R, 16704
R, 16708
R, 16712
R, 16716
R, 16720
R, 16724
R, 16728
R, 16732
R, 16736
R, 16740
R, 16744
R, 16748
R, 16752
R, 16756
R, 16760
R, 16764
R, 16768
R, 16772
R, 16776
R, 16780
R, 16784
R, 16788
R, 16792
R, 16796
R, 16800
R, 16804
R, 16808
R, 16812
R, 16816
R, 16820
R, 16824
R, 16828
R, 16832
R, 16836
R, 16840
R, 16844
R, 16848
R, 16852
R, 16856
R, 16860
R, 16864
R, 16868
R, 16872
R, 16876
R, 16880
W, 16412, 2340
W, 16124, -2016
R, 16128
R, 16132
R, 16132
R, 16136
R, 16140
R, 16144
R, 16148
R, 16152
R, 16156
R, 16160
R, 16164
R, 16164
R, 16168
R, 16172
R, 16176
R, 16180
R, 16184
R, 16188
R, 16192
R, 16196
R, 16200
R, 16204
R, 16208
R, 16212
R, 16216
R, 16220
R, 16224
R, 16228
R, 16232
R, 16236
R, 16240
R, 16244
R, 16248
R, 16252
R, 16256
R, 16260
R, 16264
R, 16268
R, 16272
R, 16276
R, 16280
R, 16284
R, 16288
R, 16292
R, 16296
R, 16300
R, 16304
R, 16308
R, 16312
R, 16316
R, 16320
R, 16324
R, 16328
R, 16332
R, 16336
R, 16340
R, 16344
R, 16348
R, 16352
R, 16356
R, 16360
R, 16364
R, 16368
R, 16372
R, 16372
R, 16376
R, 16380
R, 16384
R, 16388
R, 16392
R, 16396
R, 16400
R, 16404
R, 16408
R, 16412
R, 16416
R, 16420
R, 16424
R, 16428
R, 16428
R, 16432
R, 16436
R, 16440
R, 16444
R, 16448
R, 16452
R, 16456
R, 16460
R, 16464
R, 16468
R, 16472
R, 16476
R, 16480
R, 16484
R, 16488
R, 16492
R, 16496
R, 16500
R, 16504
R, 16508
R, 16512
R, 16516
R, 16520
R, 16524
R, 16528
R, 16532
R, 16536
R, 16540
R, 16544
R, 16548
R, 16552
R, 16556
R, 16560
R, 16564
R, 16568
R, 16572
R, 16576
R, 16580
R, 16584
R, 16588
R, 16592
R, 16592
R, 16596
R, 16600
R, 16604
R, 16608
R, 16612
R, 16616
R, 16620
R, 16624
R, 16628
R, 16632
R, 16636
R, 16640
R, 16644
R, 16648
R, 16652
R, 16656
R, 16660
R, 16664
R, 16668
R, 16672
R, 16676
R, 16680
R, 16684
R, 16688
R, 16692
R, 16696
R, 16700
R, 16704
R, 16708
R, 16712
R, 16716
R, 16720
R, 16724
R, 16728
R, 16732
R, 16736
R, 16740
R, 16744
R, 16748
R, 16752
R, 16756
R, 16760
R, 16764
R, 16768
R, 16772
R, 16776
R, 16780
R, 16784
R, 16788
R, 16792
R, 16796
R, 16800
R, 16804
R, 16808
R, 16812
R, 16816
R, 16820
R, 16824
R, 16828
R, 16832
R, 16836
R, 16840
R, 16844
R, 16848
R, 16852
R, 16856
R, 16860
R, 16864
R, 16868
R, 16872
R, 16876
R, 16880
W, 16592, 2155
W, 16128, -1955
R, 16132
R, 16136
R, 16140
R, 16144
R, 16148
R, 16152
R, 16156
R, 16160
R, 16164
R, 16164
R, 16168
R, 16172
R, 16176
R, 16180
R, 16184
R, 16188
R, 16192
R, 16196
R, 16200
R, 16204
R, 16208
R, 16212
R, 16216
R, 16220
R, 16224
R, 16228
R, 16232
R, 16236
R, 16240
R, 16244
R, 16248
R, 16252
R, 16256
R, 16260
R, 16264
R, 16268
R, 16272
R, 16276
R, 16280
R, 16284
R, 16288
R, 16292
R, 16296
R, 16300
R, 16304
R, 16308
R, 16312
R, 16316
R, 16320
R, 16324
R, 16328
R, 16332
R, 16336
R, 16340
R, 16344
R, 16348
R, 16352
R, 16356
R, 16360
R, 16364
R, 16368
R, 16372
R, 16372
R, 16376
R, 16380
R, 16384
R, 16388
R, 16392
R, 16396
R, 16400
R, 16404
R, 16408
R, 16412
R, 16416
R, 16420
R, 16424
R, 16428
R, 16428
R, 16432
R, 16436
R, 16440
R, 16444
R, 16448
R, 16452
R, 16456
R, 16460
R, 16464
R, 16468
R, 16472
R, 16476
R, 16480
R, 16484
R, 16488
R, 16492
R, 16496
R, 16500
R, 16504
R, 16508
R, 16512
R, 16516
R, 16520
R, 16524
R, 16528
R, 16532
R, 16536
R, 16540
R, 16544
R, 16548
R, 16552
R, 16556
R, 16560
R, 16564
R, 16568
R, 16572
R, 16576
R, 16580
R, 16584
R, 16588
R, 16592
R, 16596
R, 16600
R, 16604
R, 16608
R, 16612
R, 16616
R, 16620
R, 16624
R, 16628
R, 16632
R, 16636
R, 16640
R, 16644
R, 16648
R, 16652
R, 16656
R, 16660
R, 16664
R, 16668
R, 16672
R, 16676
R, 16680
R, 16684
R, 16688
R, 16692
R, 16696
R, 16700
R, 16704
R, 16708
R, 16712
R, 16716
R, 16720
R, 16724
R, 16728
R, 16732
R, 16736
R, 16740
R, 16744
R, 16748
R, 16752
R, 16756
R, 16760
R, 16764
R, 16768
R, 16772
R, 16776
R, 16780
R, 16784
R, 16788
R, 16792
R, 16796
R, 16800
R, 16804
R, 16808
R, 16812
R, 16816
R, 16820
R, 16824
R, 16828
R, 16832
R, 16836
R, 16840
R, 16844
R, 16848
R, 16852
R, 16856
R, 16860
R, 16864
R, 16868
R, 16872
R, 16876
R, 16880
W, 16428, -1342
W, 16132, -1806
R, 16136
R, 16140
R, 16140
R, 16144
R, 16144
R, 16148
R, 16152
R, 16156
R, 16160
R, 16164
R, 16164
R, 16168
R, 16172
R, 16176
R, 16180
R, 16184
R, 16188
R, 16192
R, 16196
R, 16200
R, 16204
R, 16208
R, 16212
R, 16216
R, 16220
R, 16224
R, 16228
R, 16232
R, 16236
R, 16240
R, 16244
R, 16248
R, 16252
R, 16256
R, 16260
R, 16264
R, 16268
R, 16272
R, 16276
R, 16280
R, 16284
R, 16288
R, 16292
R, 16296
R, 16300
R, 16304
R, 16308
R, 16312
R, 16316
R, 16320
R, 16324
R, 16328
R, 16332
R, 16336
R, 16340
R, 16344
R, 16348
R, 16352
R, 16356
R, 16360
R, 16364
R, 16368
R, 16372
R, 16372
R, 16376
R, 16380
R, 16384
R, 16388
R, 16392
R, 16396
R, 16400
R, 16404
R, 16408
R, 16412
R, 16416
R, 16420
R, 16424
R, 16428
R, 16432
R, 16436
R, 16440
R, 16444
R, 16448
R, 16452
R, 16456
R, 16460
R, 16464
R, 16468
R, 16472
R, 16476
R, 16480
R, 16484
R, 16488
R, 16492
R, 16496
R, 16500
R, 16504
R, 16508
R, 16512
R, 16516
R, 16520
R, 16524
R, 16528
R, 16532
R, 16536
R, 16540
R, 16544
R, 16548
R, 16552
R, 16556
R, 16560
R, 16564
R, 16568
R, 16572
R, 16576
R, 16580
R, 16584
R, 16588
R, 16592
R, 16596
R, 16600
R, 16604
R, 16608
R, 16612
R, 16616
R, 16620
R, 16624
R, 16628
R, 16632
R, 16636
R, 16640
R, 16644
R, 16648
R, 16652
R, 16656
R, 16660
R, 16664
R, 16668
R, 16672
R, 16676
R, 16680
R, 16684
R, 16688
R, 16692
R, 16696
R, 16700
R, 16704
R, 16708
R, 16712
R, 16716
R, 16720
R, 16724
R, 16728
R, 16732
R, 16736
R, 16740
R, 16744
R, 16748
R, 16752
R, 16756
R, 16760
R, 16764
R, 16768
R, 16772
R, 16776
R, 16780
R, 16784
R, 16788
R, 16792
R, 16796
R, 16800
R, 16804
R, 16808
R, 16812
R, 16816
R, 16820
R, 16824
R, 16828
R, 16832
R, 16836
R, 16840
R, 16844
R, 16848
R, 16852
R, 16856
R, 16860
R, 16864
R, 16868
R, 16872
R, 16876
R, 16880
W, 16372, 3444
W, 16136, -1751
R, 16140
R, 16144
R, 16144
R, 16148
R, 16152
R, 16156
R, 16160
R, 16164
R, 16164
R, 16168
R, 16172
R, 16176
R, 16180
R, 16184
R, 16188
R, 16192
R, 16196
R, 16200
R, 16204
R, 16208
R, 16212
R, 16216
R, 16220
R, 16224
R, 16228
R, 16232
R, 16236
R, 16240
R, 16244
R, 16248
R, 16252
R, 16256
R, 16260
R, 16264
R, 16268
R, 16272
R, 16276
R, 16280
R, 16284
R, 16288
R, 16292
R, 16296
R, 16300
R, 16304
R, 16308
R, 16312
R, 16316
R, 16320
R, 16324
R, 16328
R, 16332
R, 16336
R, 16340
R, 16344
R, 16348
R, 16352
R, 16356
R, 16360
R, 16364
R, 16368
R, 16372
R, 16376
R, 16380
R, 16384
R, 16388
R, 16392
R, 16396
R, 16400
R, 16404
R, 16408
R, 16412
R, 16416
R, 16420
R, 16424
R, 16428
R, 16432
R, 16436
R, 16440
R, 16444
R, 16448
R, 16452
R, 16456
R, 16460
R, 16464
R, 16468
R, 16472
R, 16476
R, 16480
R, 16484
R, 16488
R, 16492
R, 16496
R, 16500
R, 16504
R, 16508
R, 16512
R, 16516
R, 16520
R, 16524
R, 16528
R, 16532
R, 16536
R, 16540
R, 16544
R, 16548
R, 16552
R, 16556
R, 16560
R, 16560
R, 16564
R, 16568
R, 16572
R, 16576
R, 16580
R, 16584
R, 16588
R, 16592
R, 16596
R, 16600
R, 16604
R, 16608
R, 16612
R, 16616
R, 16620
R, 16624
R, 16628
R, 16632
R, 16636
R, 16640
R, 16644
R, 16648
R, 16652
R, 16656
R, 16660
R, 16664
R, 16668
R, 16672
R, 16676
R, 16680
R, 16684
R, 16688
R, 16692
R, 16692
R, 16696
R, 16700
R, 16704
R, 16708
R, 16712
R, 16716
R, 16720
R, 16724
R, 16728
R, 16732
R, 16736
R, 16736
R, 16740
R, 16744
R, 16748
R, 16752
R, 16756
R, 16760
R, 16764
R, 16768
R, 16772
R, 16776
R, 16780
R, 16784
R, 16788
R, 16792
R, 16796
R, 16800
R, 16804
R, 16808
R, 16812
R, 16816
R, 16820
R, 16824
R, 16828
R, 16832
R, 16836
R, 16840
R, 16844
R, 16848
R, 16852
R, 16856
R, 16860
R, 16864
R, 16868
R, 16872
R, 16876
R, 16880
W, 16736, -98
W, 16140, -1744
R, 16144
R, 16148
R, 16152
R, 16156
R, 16160
R, 16164
R, 16164
R, 16168
R, 16172
R, 16176
R, 16180
R, 16184
R, 16188
R, 16192
R, 16196
R, 16200
R, 16204
R, 16208
R, 16212
R, 16216
R, 16220
R, 16224
R, 16228
R, 16232
R, 16236
R, 16240
R, 16244
R, 16248
R, 16252
R, 16256
R, 16260
R, 16264
R, 16268
R, 16272
R, 16276
R, 16280
R, 16284
R, 16288
R, 16292
R, 16296
R, 16300
R, 16304
R, 16308
R, 16312
R, 16316
R, 16320
R, 16324
R, 16328
R, 16332
R, 16336
R, 16340
R, 16344
R, 16348
R, 16352
R, 16356
R, 16360
R, 16364
R, 16368
R, 16372
R, 16376
R, 16380
R, 16384
R, 16388
R, 16392
R, 16396
R, 16400
R, 16404
R, 16408
R, 16412
R, 16416
R, 16420
R, 16424
R, 16428
R, 16432
R, 16436
R, 16440
R, 16444
R, 16448
R, 16452
R, 16456
R, 16460
R, 16464
R, 16468
R, 16472
R, 16476
R, 16480
R, 16484
R, 16488
R, 16492
R, 16496
R, 16500
R, 16504
R, 16508
R, 16512
R, 16516
R, 16520
R, 16524
R, 16528
R, 16532
R, 16536
R, 16540
R, 16544
R, 16548
R, 16552
R, 16556
R, 16560
R, 16560
R, 16564
R, 16568
R, 16572
R, 16576
R, 16580
R, 16584
R, 16588
R, 16592
R, 16596
R, 16600
R, 16604
R, 16608
R, 16612
R, 16616
R, 16620
R, 16624
R, 16628
R, 16632
R, 16636
R, 16640
R, 16644
R, 16648
R, 16652
R, 16656
R, 16660
R, 16664
R, 16668
R, 16672
R, 16676
R, 16680
R, 16684
R, 16688
R, 16692
R, 16692
R, 16696
R, 16700
R, 16704
R, 16708
R, 16712
R, 16716
R, 16720
R, 16724
R, 16728
R, 16732
R, 16736
R, 16740
R, 16744
R, 16748
R, 16752
R, 16756
R, 16760
R, 16764
R, 16768
R, 16772
R, 16776
R, 16780
R, 16784
R, 16788
R, 16792
R, 16796
R, 16800
R, 16804
R, 16808
R, 16812
R, 16816
R, 16820
R, 16824
R, 16828
R, 16832
R, 16836
R, 16840
R, 16844
R, 16848
R, 16852
R, 16856
R, 16860
R, 16864
R, 16868
R, 16872
R, 16876
R, 16880
W, 16692, -1283
W, 16144, -1737
R, 16148
R, 16152
R, 16152
R, 16156
R, 16156
R, 16160
R, 16164
R, 16164
R, 16168
R, 16172
R, 16176
R, 16180
R, 16184
R, 16188
R, 16192
R, 16196
R, 16200
R, 16204
R, 16208
R, 16212
R, 16216
R, 16220
R, 16224
R, 16228
R, 16232
R, 16236
R, 16240
R, 16244
R, 16248
R, 16252
R, 16256
R, 16260
R, 16264
R, 16268
R, 16272
R, 16276
R, 16280
R, 16284
R, 16288
R, 16292
R, 16296
R, 16300
R, 16304
R, 16308
R, 16312
R, 16316
R, 16320
R, 16324
R, 16328
R, 16332
R, 16336
R, 16340
R, 16344
R, 16348
R, 16352
R, 16356
R, 16360
R, 16364
R, 16368
R, 16372
R, 16376
R, 16380
R, 16384
R, 16388
R, 16392
R, 16396
R, 16400
R, 16404
R, 16408
R, 16412
R, 16416
R, 16420
R, 16424
R, 16428
R, 16432
R, 16436
R, 16440
R, 16444
R, 16448
R, 16452
R, 16456
R, 16460
R, 16464
R, 16468
R, 16472
R, 16476
R, 16480
R, 16484
R, 16488
R, 16492
R, 16496
R, 16500
R, 16504
R, 16508
R, 16512
R, 16516
R, 16520
R, 16524
R, 16528
R, 16532
R, 16536
R, 16540
R, 16544
R, 16548
R, 16552
R, 16556
R, 16560
R, 16560
R, 16564
R, 16568
R, 16572
R, 16576
R, 16580
R, 16584
R, 16588
R, 16592
R, 16596
R, 16600
R, 16604
R, 16608
R, 16612
R, 16616
R, 16620
R, 16624
R, 16628
R, 16632
R, 16636
R, 16640
R, 16644
R, 16648
R, 16652
R, 16656
R, 16660
R, 16664
R, 16668
R, 16672
R, 16676
R, 16680
R, 16684
R, 16688
R, 16692
R, 16696
R, 16700
R, 16704
R, 16708
R, 16712
R, 16716
R, 16720
R, 16724
R, 16728
R, 16732
R, 16736
R, 16740
R, 16744
R, 16748
R, 16752
R, 16756
R, 16760
R, 16764
R, 16768
R, 16772
R, 16776
R, 16780
R, 16784
R, 16788
R, 16792
R, 16796
R, 16800
R, 16800
R, 16804
R, 16808
R, 16812
R, 16816
R, 16820
R, 16824
R, 16828
R, 16832
R, 16836
R, 16840
R, 16844
R, 16848
R, 16852
R, 16856
R, 16860
R, 16864
R, 16868
R, 16872
R, 16876
R, 16880
W, 16800, 4149
W, 16148, -1643
R, 16152
R, 16156
R, 16156
R, 16160
R, 16164
R, 16164
R, 16168
R, 16172
R, 16176
R, 16180
R, 16184
R, 16188
R, 16192
R, 16196
R, 16200
R, 16204
R, 16208
R, 16212
R, 16216
R, 16220
R, 16224
R, 16228
R, 16232
R, 16236
R, 16240
R, 16244
R, 16248
R, 16252
R, 16256
R, 16260
R, 16264
R, 16268
R, 16272
R, 16276
R, 16280
R, 16284
R, 16288
R, 16292
R, 16296
R, 16300
R, 16304
R, 16308
R, 16312
R, 16316
R, 16320
R, 16324
R, 16328
R, 16332
R, 16336
R, 16340
R, 16344
R, 16348
R, 16352
R, 16356
R, 16360
R, 16364
R, 16368
R, 16372
R, 16376
R, 16380
R, 16384
R, 16388
R, 16392
R, 16396
R, 16400
R, 16404
R, 16408
R, 16412
R, 16416
R, 16420
R, 16424
R, 16428
R, 16432
R, 16436
R, 16440
R, 16444
R, 16448
R, 16452
R, 16456
R, 16460
R, 16464
R, 16468
R, 16472
R, 16476
R, 16480
R, 16484
R, 16488
R, 16492
R, 16496
R, 16500
R, 16504
R, 16508
R, 16512
R, 16516
R, 16520
R, 16524
R, 16528
R, 16532
R, 16536
R, 16540
R, 16544
R, 16548
R, 16552
R, 16556
R, 16560
R, 16560
R, 16564
R, 16568
R, 16572
R, 16576
R, 16580
R, 16584
R, 16588
R, 16592
R, 16596
R, 16600
R, 16604
R, 16608
R, 16612
R, 16616
R, 16620
R, 16624
R, 16628
R, 16632
R, 16636
R, 16640
R, 16644
R, 16648
R, 16652
R, 16656
R, 16660
R, 16664
R, 16668
R, 16672
R, 16676
R, 16680
R, 16684
R, 16688
R, 16692
R, 16696
R, 16700
R, 16704
R, 16708
R, 16712
R, 16716
R, 16720
R, 16724
R, 16728
R, 16732
R, 16736
R, 16740
R, 16744
R, 16748
R, 16752
R, 16756
R, 16760
R, 16764
R, 16768
R, 16772
R, 16776
R, 16780
R, 16784
R, 16788
R, 16792
R, 16796
R, 16800
R, 16804
R, 16808
R, 16812
R, 16816
R, 16820
R, 16824
R, 16828
R, 16832
R, 16836
R, 16840
R, 16844
R, 16848
R, 16852
R, 16856
R, 16860
R, 16864
R, 16868
R, 16872
R, 16876
R, 16880
W, 16560, 4030
W, 16152, -1641
R, 16156
R, 16160
R, 16164
R, 16164
R, 16168
R, 16172
R, 16176
R, 16180
R, 16184
R, 16188
R, 16192
R, 16196
R, 16200
R, 16204
R, 16208
R, 16212
R, 16216
R, 16220
R, 16224
R, 16228
R, 16232
R, 16236
R, 16240
R, 16244
R, 16248
R, 16252
R, 16256
R, 16260
R, 16264
R, 16268
R, 16272
R, 16276
R, 16280
R, 16284
R, 16288
R, 16292
R, 16296
R, 16300
R, 16304
R, 16308
R, 16312
R, 16316
R, 16320
R, 16324
R, 16328
R, 16332
R, 16336
R, 16340
R, 16344
R, 16348
R, 16352
R, 16356
R, 16360
R, 16364
R, 16368
R, 16372
R, 16376
R, 16380
R, 16384
R, 16388
R, 16392
R, 16396
R, 16400
R, 16404
R, 16408
R, 16412
R, 16416
R, 16420
R, 16424
R, 16428
R, 16432
R, 16436
R, 16440
R, 16444
R, 16448
R, 16452
R, 16456
R, 16460
R, 16464
R, 16468
R, 16472
R, 16476
R, 16480
R, 16484
R, 16488
R, 16492
R, 16496
R, 16500
R, 16504
R, 16508
R, 16512
R, 16516
R, 16520
R, 16524
R, 16528
R, 16532
R, 16536
R, 16540
R, 16544
R, 16548
R, 16552
R, 16556
R, 16560
R, 16564
R, 16568
R, 16572
R, 16576
R, 16580
R, 16584
R, 16588
R, 16592
R, 16596
R, 16600
R, 16604
R, 16608
R, 16612
R, 16616
R, 16620
R, 16624
R, 16628
R, 16632
R, 16636
R, 16640
R, 16644
R, 16648
R, 16652
R, 16656
R, 16660
R, 16664
R, 16668
R, 16672
R, 16676
R, 16680
R, 16684
R, 16688
R, 16692
R, 16696
R, 16700
R, 16704
R, 16708
R, 16712
R, 16716
R, 16720
R, 16724
R, 16728
R, 16732
R, 16736
R, 16740
R, 16744
R, 16748
R, 16752
R, 16752
R, 16756
R, 16760
R, 16764
R, 16768
R, 16772
R, 16776
R, 16780
R, 16784
R, 16788
R, 16792
R, 16796
R, 16800
R, 16804
R, 16808
R, 16812
R, 16816
R, 16820
R, 16824
R, 16828
R, 16832
R, 16836
R, 16840
R, 16844
R, 16848
R, 16852
R, 16856
R, 16860
R, 16864
R, 16868
R, 16872
R, 16876
R, 16880
W, 16752, 1639
W, 16156, -1630
R, 16160
R, 16164
R, 16164
R, 16168
R, 16172
R, 16176
R, 16180
R, 16184
R, 16188
R, 16192
R, 16196
R, 16200
R, 16204
R, 16208
R, 16212
R, 16216
R, 16220
R, 16224
R, 16228
R, 16232
R, 16236
R, 16240
R, 16244
R, 16248
R, 16252
R, 16256
R, 16260
R, 16264
R, 16268
R, 16272
R, 16276
R, 16280
R, 16284
R, 16288
R, 16292
R, 16296
R, 16300
R, 16304
R, 16308
R, 16312
R, 16316
R, 16320
R, 16324
R, 16328
R, 16332
R, 16336
R, 16340
R, 16344
R, 16348
R, 16352
R, 16356
R, 16360
R, 16364
R, 16368
R, 16372
R, 16376
R, 16380
R, 16384
R, 16388
R, 16392
R, 16396
R, 16400
R, 16404
R, 16408
R, 16412
R, 16416
R, 16420
R, 16424
R, 16428
R, 16432
R, 16436
R, 16440
R, 16444
R, 16448
R, 16452
R, 16456
R, 16460
R, 16464
R, 16468
R, 16472
R, 16476
R, 16480
R, 16484
R, 16488
R, 16492
R, 16496
R, 16500
R, 16504
R, 16508
R, 16512
R, 16516
R, 16520
R, 16524
R, 16528
R, 16532
R, 16536
R, 16540
R, 16544
R, 16548
R, 16552
R, 16556
R, 16560
R, 16564
R, 16568
R, 16572
R, 16576
R, 16580
R, 16584
R, 16588
R, 16592
R, 16596
R, 16600
R, 16604
R, 16608
R, 16612
R, 16616
R, 16620
R, 16624
R, 16628
R, 16632
R, 16636
R, 16640
R, 16644
R, 16648
R, 16652
R, 16656
R, 16660
R, 16664
R, 16668
R, 16672
R, 16676
R, 16680
R, 16684
R, 16688
R, 16692
R, 16696
R, 16700
R, 16704
R, 16708
R, 16712
R, 16716
R, 16720
R, 16724
R, 16728
R, 16732
R, 16736
R, 16740
R, 16744
R, 16748
R, 16752
R, 16756
R, 16760
R, 16764
R, 16768
R, 16772
R, 16776
R, 16780
R, 16784
R, 16788
R, 16792
R, 16796
R, 16800
R, 16804
R, 16808
R, 16812
R, 16816
R, 16820
R, 16824
R, 16828
R, 16832
R, 16836
R, 16840
R, 16844
R, 16848
R, 16852
R, 16856
R, 16860
R, 16864
R, 16868
R, 16872
R, 16876
R, 16880
W, 16164, 4711
W, 16160, -1528
R, 16164
R, 16168
R, 16168
R, 16172
R, 16172
R, 16176
R, 16180
R, 16184
R, 16188
R, 16192
R, 16196
R, 16200
R, 16204
R, 16208
R, 16212
R, 16216
R, 16220
R, 16220
R, 16224
R, 16228
R, 16232
R, 16236
R, 16240
R, 16244
R, 16248
R, 16252
R, 16256
R, 16260
R, 16264
R, 16268
R, 16272
R, 16276
R, 16280
R, 16284
R, 16288
R, 16292
R, 16296
R, 16300
R, 16304
R, 16308
R, 16312
R, 16316
R, 16320
R, 16324
R, 16328
R, 16332
R, 16336
R, 16340
R, 16344
R, 16348
R, 16352
R, 16356
R, 16360
R, 16364
R, 16368
R, 16372
R, 16376
R, 16380
R, 16384
R, 16388
R, 16392
R, 16396
R, 16400
R, 16404
R, 16408
R, 16412
R, 16416
R, 16420
R, 16424
R, 16428
R, 16432
R, 16436
R, 16440
R, 16444
R, 16448
R, 16452
R, 16456
R, 16460
R, 16464
R, 16468
R, 16472
R, 16472
R, 16476
R, 16480
R, 16484
R, 16488
R, 16492
R, 16496
R, 16500
R, 16504
R, 16508
R, 16512
R, 16516
R, 16520
R, 16524
R, 16528
R, 16532
R, 16536
R, 16540
R, 16544
R, 16548
R, 16552
R, 16556
R, 16560
R, 16564
R, 16568
R, 16572
R, 16576
R, 16580
R, 16584
R, 16588
R, 16592
R, 16596
R, 16600
R, 16604
R, 16608
R, 16612
R, 16616
R, 16620
R, 16624
R, 16628
R, 16632
R, 16636
R, 16640
R, 16644
R, 16648
R, 16652
R, 16656
R, 16660
R, 16664
R, 16668
R, 16672
R, 16676
R, 16680
R, 16684
R, 16688
R, 16692
R, 16696
R, 16700
R, 16704
R, 16708
R, 16712
R, 16716
R, 16720
R, 16724
R, 16728
R, 16732
R, 16736
R, 16740
R, 16744
R, 16748
R, 16752
R, 16756
R, 16760
R, 16764
R, 16768
R, 16772
R, 16776
R, 16780
R, 16784
R, 16788
R, 16792
R, 16796
R, 16800
R, 16804
R, 16808
R, 16812
R, 16816
R, 16820
R, 16824
R, 16828
R, 16832
R, 16836
R, 16840
R, 16844
R, 16848
R, 16852
R, 16856
R, 16860
R, 16864
R, 16868
R, 16872
R, 16876
R, 16880
W, 16472, 4711
W, 16164, -1528
R, 16168
R, 16172
R, 16172
R, 16176
R, 16180
R, 16184
R, 16188
R, 16192
R, 16196
R, 16200
R, 16204
R, 16208
R, 16212
R, 16216
R, 16220
R, 16220
R, 16224
R, 16228
R, 16232
R, 16236
R, 16240
R, 16244
R, 16248
R, 16252
R, 16256
R, 16260
R, 16264
R, 16268
R, 16272
R, 16276
R, 16280
R, 16284
R, 16288
R, 16292
R, 16296
R, 16300
R, 16304
R, 16308
R, 16312
R, 16316
R, 16320
R, 16324
R, 16328
R, 16332
R, 16336
R, 16340
R, 16344
R, 16348
R, 16352
R, 16356
R, 16360
R, 16364
R, 16368
R, 16372
R, 16376
R, 16380
R, 16384
R, 16388
R, 16392
R, 16396
R, 16400
R, 16404
R, 16408
R, 16412
R, 16416
R, 16420
R, 16424
R, 16428
R, 16432
R, 16436
R, 16440
R, 16444
R, 16448
R, 16452
R, 16456
R, 16460
R, 16464
R, 16468
R, 16472
R, 16476
R, 16480
R, 16484
R, 16488
R, 16492
R, 16496
R, 16500
R, 16504
R, 16508
R, 16512
R, 16516
R, 16520
R, 16524
R, 16528
R, 16532
R, 16536
R, 16540
R, 16544
R, 16548
R, 16552
R, 16556
R, 16560
R, 16564
R, 16568
R, 16572
R, 16576
R, 16580
R, 16584
R, 16588
R, 16592
R, 16596
R, 16600
R, 16604
R, 16608
R, 16612
R, 16616
R, 16620
R, 16624
R, 16628
R, 16632
R, 16636
R, 16640
R, 16644
R, 16648
R, 16652
R, 16656
R, 16660
R, 16664
R, 16668
R, 16672
R, 16676
R, 16680
R, 16684
R, 16688
R, 16692
R, 16696
R, 16700
R, 16704
R, 16708
R, 16712
R, 16716
R, 16720
R, 16724
R, 16728
R, 16732
R, 16736
R, 16740
R, 16744
R, 16748
R, 16752
R, 16756
R, 16760
R, 16764
R, 16768
R, 16772
R, 16776
R, 16780
R, 16784
R, 16788
R, 16792
R, 16796
R, 16800
R, 16804
R, 16808
R, 16812
R, 16816
R, 16820
R, 16824
R, 16828
R, 16832
R, 16836
R, 16840
R, 16840
R, 16844
R, 16848
R, 16852
R, 16856
R, 16860
R, 16864
R, 16868
R, 16872
R, 16876
R, 16880
W, 16840, -386
W, 16168, -1523
R, 16172
R, 16176
R, 16180
R, 16184
R, 16188
R, 16192
R, 16196
R, 16200
R, 16204
R, 16208
R, 16212
R, 16216
R, 16220
R, 16220
R, 16224
R, 16228
R, 16232
R, 16236
R, 16240
R, 16244
R, 16248
R, 16252
R, 16256
R, 16260
R, 16264
R, 16268
R, 16272
R, 16276
R, 16280
R, 16284
R, 16288
R, 16292
R, 16296
R, 16300
R, 16304
R, 16308
R, 16312
R, 16316
R, 16320
R, 16324
R, 16328
R, 16332
R, 16336
R, 16340
R, 16344
R, 16348
R, 16352
R, 16356
R, 16360
R, 16364
R, 16368
R, 16372
R, 16376
R, 16380
R, 16384
R, 16388
R, 16392
R, 16396
R, 16400
R, 16404
R, 16408
R, 16412
R, 16416
R, 16420
R, 16424
R, 16428
R, 16432
R, 16436
R, 16440
R, 16444
R, 16448
R, 16452
R, 16456
R, 16460
R, 16464
R, 16468
R, 16472
R, 16476
R, 16480
R, 16484
R, 16488
R, 16492
R, 16496
R, 16500
R, 16504
R, 16508
R, 16512
R, 16516
R, 16520
R, 16524
R, 16528
R, 16532
R, 16536
R, 16540
R, 16544
R, 16548
R, 16552
R, 16556
R, 16560
R, 16564
R, 16568
R, 16572
R, 16576
R, 16580
R, 16584
R, 16588
R, 16592
R, 16596
R, 16600
R, 16604
R, 16608
R, 16612
R, 16616
R, 16620
R, 16624
R, 16628
R, 16632
R, 16636
R, 16640
R, 16644
R, 16648
R, 16652
R, 16656
R, 16660
R, 16664
R, 16668
R, 16672
R, 16676
R, 16680
R, 16684
R, 16688
R, 16692
R, 16696
R, 16700
R, 16704
R, 16708
R, 16712
R, 16716
R, 16720
R, 16724
R, 16728
R, 16732
R, 16736
R, 16740
R, 16744
R, 16748
R, 16752
R, 16756
R, 16760
R, 16764
R, 16768
R, 16772
R, 16776
R, 16780
R, 16784
R, 16788
R, 16792
R, 16796
R, 16800
R, 16804
R, 16808
R, 16812
R, 16816
R, 16820
R, 16824
R, 16828
R, 16832
R, 16836
R, 16840
R, 16844
R, 16848
R, 16852
R, 16856
R, 16860
R, 16864
R, 16868
R, 16872
R, 16876
R, 16880
W, 16220, -1490
W, 16172, -1513
R, 16176
R, 16180
R, 16184
R, 16184
R, 16188
R, 16192
R, 16192
R, 16196
R, 16200
R, 16204
R, 16208
R, 16212
R, 16216
R, 16220
R, 16220
R, 16224
R, 16228
R, 16232
R, 16236
R, 16240
R, 16244
R, 16248
R, 16252
R, 16256
R, 16260
R, 16264
R, 16268
R, 16272
R, 16276
R, 16280
R, 16284
R, 16288
R, 16292
R, 16296
R, 16300
R, 16304
R, 16308
R, 16312
R, 16316
R, 16320
R, 16324
R, 16328
R, 16332
R, 16336
R, 16340
R, 16344
R, 16348
R, 16352
R, 16356
R, 16360
R, 16364
R, 16368
R, 16372
R, 16376
R, 16380
R, 16384
R, 16388
R, 16392
R, 16396
R, 16400
R, 16404
R, 16408
R, 16412
R, 16416
R, 16420
R, 16424
R, 16428
R, 16432
R, 16436
R, 16440
R, 16444
R, 16448
R, 16452
R, 16456
R, 16460
R, 16464
R, 16468
R, 16472
R, 16476
R, 16480
R, 16484
R, 16488
R, 16492
R, 16496
R, 16500
R, 16504
R, 16508
R, 16512
R, 16516
R, 16520
R, 16524
R, 16528
R, 16532
R, 16536
R, 16540
R, 16544
R, 16548
R, 16552
R, 16556
R, 16560
R, 16564
R, 16568
R, 16572
R, 16576
R, 16580
R, 16584
R, 16588
R, 16592
R, 16596
R, 16600
R, 16604
R, 16608
R, 16612
R, 16616
R, 16620
R, 16624
R, 16628
R, 16632
R, 16636
R, 16640
R, 16644
R, 16648
R, 16652
R, 16656
R, 16660
R, 16664
R, 16668
R, 16672
R, 16676
R, 16680
R, 16684
R, 16688
R, 16692
R, 16696
R, 16700
R, 16704
R, 16708
R, 16712
R, 16716
R, 16720
R, 16724
R, 16728
R, 16732
R, 16736
R, 16740
R, 16744
R, 16748
R, 16752
R, 16756
R, 16760
R, 16764
R, 16768
R, 16772
R, 16776
R, 16780
R, 16784
R, 16788
R, 16792
R, 16796
R, 16800
R, 16804
R, 16808
R, 16812
R, 16816
R, 16820
R, 16824
R, 16828
R, 16832
R, 16836
R, 16840
R, 16844
R, 16848
R, 16852
R, 16856
R, 16860
R, 16864
R, 16868
R, 16872
R, 16876
R, 16880
W, 16220, 3118
W, 16176, -1490
R, 16180
R, 16184
R, 16184
R, 16188
R, 16192
R, 16192
R, 16196
R, 16200
R, 16204
R, 16208
R, 16212
R, 16216
R, 16220
R, 16224
R, 16228
R, 16232
R, 16236
R, 16240
R, 16244
R, 16248
R, 16252
R, 16256
R, 16260
R, 16264
R, 16268
R, 16272
R, 16276
R, 16280
R, 16280
R, 16284
R, 16288
R, 16292
R, 16296
R, 16300
R, 16304
R, 16308
R, 16312
R, 16316
R, 16320
R, 16324
R, 16328
R, 16332
R, 16336
R, 16340
R, 16344
R, 16348
R, 16352
R, 16356
R, 16360
R, 16364
R, 16364
R, 16368
R, 16372
R, 16376
R, 16380
R, 16384
R, 16388
R, 16392
R, 16396
R, 16400
R, 16404
R, 16408
R, 16412
R, 16416
R, 16420
R, 16424
R, 16428
R, 16432
R, 16436
R, 16440
R, 16444
R, 16448
R, 16452
R, 16456
R, 16460
R, 16464
R, 16468
R, 16472
R, 16476
R, 16480
R, 16484
R, 16488
R, 16492
R, 16496
R, 16500
R, 16504
R, 16508
R, 16512
R, 16516
R, 16520
R, 16524
R, 16528
R, 16532
R, 16536
R, 16540
R, 16544
R, 16548
R, 16552
R, 16556
R, 16560
R, 16564
R, 16568
R, 16568
R, 16572
R, 16576
R, 16580
R, 16584
R, 16588
R, 16592
R, 16596
R, 16600
R, 16604
R, 16608
R, 16612
R, 16616
R, 16620
R, 16624
R, 16628
R, 16632
R, 16636
R, 16640
R, 16644
R, 16648
R, 16652
R, 16656
R, 16660
R, 16664
R, 16668
R, 16672
R, 16676
R, 16680
R, 16684
R, 16688
R, 16692
R, 16696
R, 16700
R, 16704
R, 16708
R, 16712
R, 16716
R, 16720
R, 16724
R, 16728
R, 16732
R, 16736
R, 16740
R, 16744
R, 16748
R, 16752
R, 16756
R, 16760
R, 16764
R, 16768
R, 16772
R, 16776
R, 16780
R, 16784
R, 16788
R, 16792
R, 16796
R, 16800
R, 16804
R, 16808
R, 16812
R, 16816
R, 16820
R, 16824
R, 16828
R, 16832
R, 16836
R, 16840
R, 16844
R, 16848
R, 16852
R, 16856
R, 16860
R, 16864
R, 16868
R, 16872
R, 16876
R, 16880
W, 16568, 4738
W, 16180, -1488
R, 16184
R, 16188
R, 16192
R, 16192
R, 16196
R, 16200
R, 16204
R, 16208
R, 16212
R, 16216
R, 16220
R, 16224
R, 16228
R, 16232
R, 16236
R, 16240
R, 16244
R, 16248
R, 16252
R, 16256
R, 16260
R, 16264
R, 16268
R, 16272
R, 16276
R, 16280
R, 16280
R, 16284
R, 16288
R, 16292
R, 16296
R, 16300
R, 16304
R, 16308
R, 16312
R, 16316
R, 16320
R, 16324
R, 16328
R, 16332
R, 16336
R, 16340
R, 16344
R, 16348
R, 16352
R, 16356
R, 16360
R, 16364
R, 16364
R, 16368
R, 16372
R, 16376
R, 16380
R, 16384
R, 16388
R, 16392
R, 16396
R, 16400
R, 16404
R, 16408
R, 16412
R, 16416
R, 16420
R, 16424
R, 16428
R, 16432
R, 16436
R, 16440
R, 16444
R, 16448
R, 16452
R, 16456
R, 16460
R, 16464
R, 16468
R, 16472
R, 16476
R, 16480
R, 16484
R, 16488
R, 16492
R, 16496
R, 16500
R, 16504
R, 16508
R, 16512
R, 16516
R, 16520
R, 16524
R, 16528
R, 16532
R, 16536
R, 16540
R, 16544
R, 16548
R, 16552
R, 16556
R, 16560
R, 16564
R, 16568
R, 16572
R, 16576
R, 16580
R, 16584
R, 16588
R, 16592
R, 16596
R, 16600
R, 16604
R, 16608
R, 16612
R, 16616
R, 16620
R, 16624
R, 16628
R, 16632
R, 16636
R, 16640
R, 16640
R, 16644
R, 16648
R, 16652
R, 16656
R, 16660
R, 16664
R, 16668
R, 16672
R, 16676
R, 16680
R, 16684
R, 16688
R, 16692
R, 16696
R, 16700
R, 16704
R, 16708
R, 16712
R, 16716
R, 16720
R, 16724
R, 16728
R, 16732
R, 16736
R, 16740
R, 16744
R, 16748
R, 16752
R, 16756
R, 16760
R, 16764
R, 16768
R, 16772
R, 16776
R, 16776
R, 16780
R, 16784
R, 16788
R, 16792
R, 16796
R, 16800
R, 16804
R, 16808
R, 16812
R, 16816
R, 16820
R, 16824
R, 16828
R, 16832
R, 16836
R, 16840
R, 16844
R, 16848
R, 16852
R, 16856
R, 16860
R, 16864
R, 16868
R, 16872
R, 16876
R, 16880
W, 16776, -626
W, 16184, -1471
R, 16188
R, 16192
R, 16192
R, 16196
R, 16200
R, 16204
R, 16208
R, 16212
R, 16216
R, 16220
R, 16224
R, 16228
R, 16232
R, 16236
R, 16240
R, 16244
R, 16248
R, 16252
R, 16256
R, 16260
R, 16264
R, 16268
R, 16272
R, 16276
R, 16280
R, 16280
R, 16284
R, 16288
R, 16292
R, 16296
R, 16300
R, 16304
R, 16308
R, 16312
R, 16316
R, 16320
R, 16324
R, 16328
R, 16332
R, 16336
R, 16340
R, 16344
R, 16348
R, 16352
R, 16356
R, 16360
R, 16364
R, 16364
R, 16368
R, 16372
R, 16376
R, 16380
R, 16384
R, 16388
R, 16392
R, 16396
R, 16400
R, 16404
R, 16408
R, 16412
R, 16416
R, 16420
R, 16424
R, 16428
R, 16432
R, 16436
R, 16440
R, 16444
R, 16448
R, 16452
R, 16456
R, 16460
R, 16464
R, 16468
R, 16472
R, 16476
R, 16480
R, 16484
R, 16488
R, 16492
R, 16496
R, 16500
R, 16504
R, 16508
R, 16512
R, 16516
R, 16520
R, 16524
R, 16528
R, 16532
R, 16536
R, 16540
R, 16544
R, 16548
R, 16552
R, 16556
R, 16560
R, 16564
R, 16568
R, 16572
R, 16576
R, 16580
R, 16584
R, 16588
R, 16592
R, 16596
R, 16600
R, 16604
R, 16608
R, 16612
R, 16616
R, 16620
R, 16624
R, 16628
R, 16632
R, 16636
R, 16640
R, 16640
R, 16644
R, 16648
R, 16652
R, 16656
R, 16660
R, 16664
R, 16668
R, 16672
R, 16676
R, 16680
R, 16684
R, 16688
R, 16692
R, 16696
R, 16700
R, 16704
R, 16708
R, 16712
R, 16716
R, 16720
R, 16724
R, 16728
R, 16732
R, 16736
R, 16740
R, 16744
R, 16748
R, 16752
R, 16756
R, 16760
R, 16764
R, 16768
R, 16772
R, 16776
R, 16780
R, 16784
R, 16788
R, 16792
R, 16796
R, 16800
R, 16804
R, 16808
R, 16812
R, 16816
R, 16820
R, 16824
R, 16828
R, 16832
R, 16836
R, 16840
R, 16844
R, 16848
R, 16852
R, 16856
R, 16860
R, 16864
R, 16868
R, 16872
R, 16876
R, 16880
W, 16640, 1928
W, 16188, -1454
R, 16192
R, 16196
R, 16200
R, 16204
R, 16208
R, 16212
R, 16216
R, 16220
R, 16224
R, 16228
R, 16232
R, 16236
R, 16240
R, 16244
R, 16248
R, 16252
R, 16256
R, 16260
R, 16264
R, 16268
R, 16272
R, 16276
R, 16280
R, 16280
R, 16284
R, 16288
R, 16292
R, 16296
R, 16300
R, 16304
R, 16308
R, 16312
R, 16316
R, 16320
R, 16324
R, 16328
R, 16332
R, 16336
R, 16340
R, 16344
R, 16348
R, 16352
R, 16356
R, 16360
R, 16364
R, 16364
R, 16368
R, 16372
R, 16376
R, 16380
R, 16384
R, 16388
R, 16392
R, 16396
R, 16400
R, 16404
R, 16408
R, 16412
R, 16416
R, 16420
R, 16424
R, 16428
R, 16432
R, 16436
R, 16440
R, 16444
R, 16448
R, 16452
R, 16456
R, 16460
R, 16464
R, 16468
R, 16472
R, 16476
R, 16480
R, 16484
R, 16488
R, 16492
R, 16496
R, 16500
R, 16504
R, 16508
R, 16512
R, 16516
R, 16520
R, 16524
R, 16528
R, 16532
R, 16536
R, 16540
R, 16544
R, 16548
R, 16552
R, 16556
R, 16560
R, 16564
R, 16568
R, 16572
R, 16576
R, 16580
R, 16584
R, 16588
R, 16592
R, 16596
R, 16600
R, 16604
R, 16608
R, 16612
R, 16616
R, 16620
R, 16624
R, 16628
R, 16632
R, 16636
R, 16640
R, 16644
R, 16648
R, 16652
R, 16656
R, 16660
R, 16664
R, 16668
R, 16672
R, 16676
R, 16680
R, 16684
R, 16688
R, 16692
R, 16696
R, 16700
R, 16704
R, 16708
R, 16712
R, 16716
R, 16720
R, 16724
R, 16728
R, 16732
R, 16736
R, 16740
R, 16744
R, 16748
R, 16752
R, 16756
R, 16756
R, 16760
R, 16764
R, 16768
R, 16772
R, 16776
R, 16780
R, 16784
R, 16788
R, 16792
R, 16796
R, 16800
R, 16804
R, 16808
R, 16812
R, 16816
R, 16820
R, 16824
R, 16828
R, 16832
R, 16836
R, 16840
R, 16844
R, 16848
R, 16852
R, 16856
R, 16860
R, 16864
R, 16868
R, 16872
R, 16876
R, 16880
W, 16756, -854
W, 16192, -1409
R, 16196
R, 16200
R, 16204
R, 16208
R, 16212
R, 16216
R, 16216
R, 16220
R, 16224
R, 16228
R, 16232
R, 16236
R, 16240
R, 16244
R, 16248
R, 16248
R, 16252
R, 16256
R, 16260
R, 16264
R, 16268
R, 16272
R, 16276
R, 16280
R, 16280
R, 16284
R, 16288
R, 16292
R, 16296
R, 16300
R, 16304
R, 16308
R, 16312
R, 16316
R, 16320
R, 16324
R, 16328
R, 16332
R, 16336
R, 16340
R, 16344
R, 16348
R, 16352
R, 16356
R, 16360
R, 16364
R, 16364
R, 16368
R, 16372
R, 16376
R, 16380
R, 16384
R, 16388
R, 16392
R, 16396
R, 16400
R, 16404
R, 16408
R, 16412
R, 16416
R, 16420
R, 16424
R, 16428
R, 16432
R, 16436
R, 16440
R, 16444
R, 16448
R, 16452
R, 16456
R, 16460
R, 16464
R, 16468
R, 16472
R, 16476
R, 16480
R, 16484
R, 16488
R, 16492
R, 16496
R, 16500
R, 16504
R, 16508
R, 16512
R, 16516
R, 16520
R, 16524
R, 16528
R, 16532
R, 16536
R, 16540
R, 16544
R, 16548
R, 16552
R, 16556
R, 16560
R, 16564
R, 16568
R, 16572
R, 16576
R, 16580
R, 16584
R, 16588
R, 16592
R, 16596
R, 16600
R, 16604
R, 16608
R, 16612
R, 16616
R, 16620
R, 16624
R, 16628
R, 16632
R, 16636
R, 16640
R, 16644
R, 16648
R, 16652
R, 16656
R, 16660
R, 16664
R, 16668
R, 16672
R, 16676
R, 16680
R, 16684
R, 16688
R, 16692
R, 16696
R, 16700
R, 16704
R, 16708
R, 16712
R, 16716
R, 16720
R, 16724
R, 16728
R, 16732
R, 16736
R, 16740
R, 16744
R, 16748
R, 16752
R, 16756
R, 16760
R, 16764
R, 16768
R, 16772
R, 16776
R, 16780
R, 16784
R, 16788
R, 16792
R, 16796
R, 16800
R, 16804
R, 16808
R, 16812
R, 16816
R, 16820
R, 16824
R, 16828
R, 16832
R, 16836
R, 16840
R, 16844
R, 16848
R, 16852
R, 16856
R, 16860
R, 16864
R, 16868
R, 16872
R, 16876
R, 16880
W, 16364, -70
W, 16196, -1392
R, 16200
R, 16204
R, 16208
R, 16212
R, 16216
R, 16216
R, 16220
R, 16224
R, 16228
R, 16232
R, 16236
R, 16240
R, 16244
R, 16248
R, 16248
R, 16252
R, 16256
R, 16260
R, 16264
R, 16268
R, 16272
R, 16276
R, 16280
R, 16280
R, 16284
R, 16288
R, 16292
R, 16296
R, 16300
R, 16304
R, 16308
R, 16312
R, 16316
R, 16320
R, 16324
R, 16328
R, 16332
R, 16336
R, 16340
R, 16344
R, 16348
R, 16352
R, 16356
R, 16360
R, 16364
R, 16368
R, 16372
R, 16376
R, 16380
R, 16384
R, 16388
R, 16392
R, 16396
R, 16396
R, 16400
R, 16404
R, 16408
R, 16412
R, 16416
R, 16420
R, 16424
R, 16428
R, 16432
R, 16436
R, 16440
R, 16444
R, 16448
R, 16452
R, 16456
R, 16460
R, 16464
R, 16468
R, 16472
R, 16476
R, 16480
R, 16484
R, 16488
R, 16492
R, 16496
R, 16500
R, 16504
R, 16508
R, 16512
R, 16516
R, 16520
R, 16524
R, 16528
R, 16532
R, 16536
R, 16540
R, 16544
R, 16548
R, 16552
R, 16556
R, 16560
R, 16564
R, 16568
R, 16572
R, 16576
R, 16580
R, 16584
R, 16588
R, 16592
R, 16596
R, 16600
R, 16604
R, 16608
R, 16612
R, 16616
R, 16620
R, 16624
R, 16628
R, 16632
R, 16636
R, 16640
R, 16644
R, 16648
R, 16652
R, 16656
R, 16660
R, 16664
R, 16668
R, 16672
R, 16676
R, 16680
R, 16684
R, 16688
R, 16692
R, 16696
R, 16700
R, 16704
R, 16708
R, 16712
R, 16716
R, 16720
R, 16724
R, 16728
R, 16732
R, 16736
R, 16740
R, 16744
R, 16748
R, 16752
R, 16756
R, 16760
R, 16764
R, 16768
R, 16772
R, 16772
R, 16776
R, 16780
R, 16784
R, 16788
R, 16792
R, 16796
R, 16800
R, 16804
R, 16808
R, 16812
R, 16816
R, 16820
R, 16824
R, 16828
R, 16832
R, 16836
R, 16840
R, 16844
R, 16848
R, 16852
R, 16856
R, 16860
R, 16864
R, 16868
R, 16872
R, 16876
R, 16880
W, 16772, 2175
W, 16200, -1377
R, 16204
R, 16208
R, 16212
R, 16212
R, 16216
R, 16216
R, 16220
R, 16224
R, 16228
R, 16232
R, 16236
R, 16240
R, 16244
R, 16248
R, 16248
R, 16252
R, 16256
R, 16260
R, 16264
R, 16268
R, 16272
R, 16276
R, 16280
R, 16280
R, 16284
R, 16288
R, 16292
R, 16296
R, 16300
R, 16304
R, 16308
R, 16312
R, 16316
R, 16320
R, 16324
R, 16328
R, 16332
R, 16336
R, 16340
R, 16344
R, 16348
R, 16352
R, 16356
R, 16360
R, 16364
R, 16368
R, 16372
R, 16376
R, 16380
R, 16384
R, 16388
R, 16392
R, 16396
R, 16396
R, 16400
R, 16404
R, 16408
R, 16412
R, 16416
R, 16420
R, 16424
R, 16428
R, 16432
R, 16436
R, 16440
R, 16444
R, 16448
R, 16452
R, 16456
R, 16460
R, 16464
R, 16468
R, 16472
R, 16476
R, 16480
R, 16484
R, 16488
R, 16492
R, 16496
R, 16500
R, 16504
R, 16508
R, 16512
R, 16516
R, 16520
R, 16524
R, 16528
R, 16532
R, 16536
R, 16540
R, 16544
R, 16548
R, 16552
R, 16556
R, 16560
R, 16564
R, 16568
R, 16572
R, 16576
R, 16580
R, 16584
R, 16588
R, 16592
R, 16596
R, 16600
R, 16604
R, 16608
R, 16612
R, 16616
R, 16620
R, 16624
R, 16628
R, 16632
R, 16636
R, 16640
R, 16644
R, 16648
R, 16652
R, 16656
R, 16660
R, 16664
R, 16668
R, 16672
R, 16676
R, 16680
R, 16684
R, 16688
R, 16692
R, 16696
R, 16700
R, 16704
R, 16708
R, 16712
R, 16716
R, 16720
R, 16724
R, 16728
R, 16732
R, 16736
R, 16740
R, 16744
R, 16748
R, 16752
R, 16756
R, 16760
R, 16764
R, 16768
R, 16772
R, 16776
R, 16780
R, 16784
R, 16788
R, 16792
R, 16796
R, 16800
R, 16804
R, 16808
R, 16812
R, 16816
R, 16820
R, 16824
R, 16828
R, 16832
R, 16836
R, 16840
R, 16844
R, 16848
R, 16852
R, 16856
R, 16860
R, 16864
R, 16868
R, 16872
R, 16876
R, 16880
W, 16396, 3670
W, 16204, -1355
R, 16208
R, 16212
R, 16212
R, 16216
R, 16216
R, 16220
R, 16224
R, 16228
R, 16232
R, 16236
R, 16240
R, 16244
R, 16248
R, 16248
R, 16252
R, 16256
R, 16260
R, 16264
R, 16268
R, 16272
R, 16276
R, 16280
R, 16280
R, 16284
R, 16288
R, 16292
R, 16296
R, 16300
R, 16304
R, 16308
R, 16312
R, 16316
R, 16320
R, 16324
R, 16328
R, 16332
R, 16336
R, 16340
R, 16344
R, 16348
R, 16352
R, 16356
R, 16360
R, 16364
R, 16368
R, 16372
R, 16376
R, 16380
R, 16384
R, 16388
R, 16392
R, 16396
R, 16400
R, 16404
R, 16408
R, 16412
R, 16416
R, 16420
R, 16424
R, 16428
R, 16428
R, 16432
R, 16436
R, 16440
R, 16444
R, 16448
R, 16452
R, 16456
R, 16460
R, 16464
R, 16468
R, 16472
R, 16476
R, 16480
R, 16484
R, 16488
R, 16492
R, 16496
R, 16500
R, 16504
R, 16508
R, 16512
R, 16516
R, 16520
R, 16524
R, 16528
R, 16532
R, 16536
R, 16540
R, 16544
R, 16548
R, 16552
R, 16556
R, 16560
R, 16564
R, 16568
R, 16572
R, 16576
R, 16580
R, 16584
R, 16588
R, 16592
R, 16596
R, 16600
R, 16604
R, 16608
R, 16612
R, 16616
R, 16620
R, 16624
R, 16628
R, 16632
R, 16636
R, 16640
R, 16644
R, 16648
R, 16652
R, 16656
R, 16660
R, 16664
R, 16668
R, 16672
R, 16676
R, 16680
R, 16684
R, 16688
R, 16692
R, 16696
R, 16700
R, 16704
R, 16708
R, 16712
R, 16716
R, 16720
R, 16724
R, 16728
R, 16732
R, 16736
R, 16740
R, 16744
R, 16748
R, 16752
R, 16756
R, 16760
R, 16764
R, 16768
R, 16772
R, 16776
R, 16780
R, 16784
R, 16788
R, 16792
R, 16796
R, 16800
R, 16804
R, 16808
R, 16812
R, 16816
R, 16820
R, 16824
R, 16828
R, 16832
R, 16836
R, 16840
R, 16844
R, 16848
R, 16852
R, 16856
R, 16860
R, 16864
R, 16868
R, 16872
R, 16876
R, 16880
W, 16428, 3885
W, 16208, -1342
R, 16212
R, 16216
R, 16216
R, 16220
R, 16224
R, 16228
R, 16232
R, 16236
R, 16240
R, 16244
R, 16248
R, 16248
R, 16252
R, 16256
R, 16260
R, 16264
R, 16268
R, 16272
R, 16276
R, 16280
R, 16280
R, 16284
R, 16288
R, 16292
R, 16296
R, 16300
R, 16304
R, 16308
R, 16312
R, 16316
R, 16320
R, 16324
R, 16328
R, 16332
R, 16336
R, 16340
R, 16344
R, 16348
R, 16352
R, 16356
R, 16360
R, 16364
R, 16368
R, 16372
R, 16376
R, 16380
R, 16384
R, 16388
R, 16392
R, 16396
R, 16400
R, 16404
R, 16408
R, 16412
R, 16416
R, 16420
R, 16424
R, 16428
R, 16432
R, 16436
R, 16440
R, 16444
R, 16448
R, 16452
R, 16456
R, 16460
R, 16464
R, 16468
R, 16472
R, 16476
R, 16480
R, 16484
R, 16488
R, 16492
R, 16496
R, 16500
R, 16504
R, 16508
R, 16512
R, 16516
R, 16520
R, 16524
R, 16528
R, 16532
R, 16536
R, 16540
R, 16544
R, 16548
R, 16552
R, 16556
R, 16560
R, 16564
R, 16568
R, 16572
R, 16576
R, 16580
R, 16584
R, 16588
R, 16592
R, 16596
R, 16600
R, 16604
R, 16608
R, 16612
R, 16616
R, 16620
R, 16624
R, 16628
R, 16632
R, 16636
R, 16640
R, 16644
R, 16648
R, 16652
R, 16656
R, 16660
R, 16664
R, 16668
R, 16672
R, 16676
R, 16680
R, 16684
R, 16688
R, 16692
R, 16692
R, 16696
R, 16700
R, 16704
R, 16708
R, 16712
R, 16716
R, 16720
R, 16724
R, 16728
R, 16732
R, 16736
R, 16740
R, 16744
R, 16748
R, 16752
R, 16756
R, 16760
R, 16764
R, 16768
R, 16772
R, 16776
R, 16780
R, 16784
R, 16788
R, 16792
R, 16796
R, 16800
R, 16804
R, 16804
R, 16808
R, 16812
R, 16816
R, 16820
R, 16824
R, 16828
R, 16832
R, 16836
R, 16840
R, 16844
R, 16848
R, 16852
R, 16856
R, 16860
R, 16864
R, 16868
R, 16872
R, 16876
R, 16880
W, 16804, 2232
W, 16212, -1340
R, 16216
R, 16220
R, 16224
R, 16228
R, 16232
R, 16236
R, 16240
R, 16244
R, 16248
R, 16248
R, 16252
R, 16256
R, 16260
R, 16264
R, 16268
R, 16272
R, 16276
R, 16280
R, 16280
R, 16284
R, 16288
R, 16292
R, 16296
R, 16300
R, 16304
R, 16308
R, 16312
R, 16316
R, 16320
R, 16324
R, 16328
R, 16332
R, 16336
R, 16340
R, 16344
R, 16348
R, 16352
R, 16356
R, 16360
R, 16364
R, 16368
R, 16372
R, 16376
R, 16380
R, 16384
R, 16388
R, 16392
R, 16396
R, 16400
R, 16404
R, 16408
R, 16412
R, 16416
R, 16420
R, 16424
R, 16428
R, 16432
R, 16436
R, 16440
R, 16444
R, 16448
R, 16452
R, 16456
R, 16460
R, 16464
R, 16468
R, 16472
R, 16476
R, 16480
R, 16484
R, 16488
R, 16492
R, 16496
R, 16500
R, 16504
R, 16508
R, 16512
R, 16516
R, 16520
R, 16524
R, 16528
R, 16532
R, 16536
R, 16540
R, 16544
R, 16548
R, 16552
R, 16556
R, 16560
R, 16564
R, 16568
R, 16572
R, 16576
R, 16580
R, 16584
R, 16588
R, 16592
R, 16596
R, 16600
R, 16604
R, 16608
R, 16612
R, 16616
R, 16620
R, 16624
R, 16628
R, 16632
R, 16636
R, 16640
R, 16644
R, 16648
R, 16652
R, 16656
R, 16660
R, 16664
R, 16668
R, 16672
R, 16676
R, 16680
R, 16684
R, 16688
R, 16692
R, 16692
R, 16696
R, 16700
R, 16704
R, 16708
R, 16712
R, 16716
R, 16720
R, 16724
R, 16728
R, 16732
R, 16736
R, 16740
R, 16744
R, 16748
R, 16752
R, 16756
R, 16760
R, 16764
R, 16768
R, 16772
R, 16776
R, 16780
R, 16784
R, 16788
R, 16792
R, 16796
R, 16800
R, 16804
R, 16808
R, 16812
R, 16816
R, 16820
R, 16824
R, 16828
R, 16832
R, 16836
R, 16840
R, 16844
R, 16848
R, 16852
R, 16856
R, 16860
R, 16864
R, 16868
R, 16872
R, 16876
R, 16880
W, 16692, -271
W, 16216, -1283
R, 16220
R, 16224
R, 16228
R, 16232
R, 16232
R, 16236
R, 16236
R, 16240
R, 16240
R, 16244
R, 16248
R, 16248
R, 16252
R, 16256
R, 16260
R, 16264
R, 16268
R, 16272
R, 16276
R, 16280
R, 16280
R, 16284
R, 16288
R, 16292
R, 16296
R, 16300
R, 16304
R, 16308
R, 16312
R, 16316
R, 16320
R, 16324
R, 16328
R, 16332
R, 16336
R, 16340
R, 16344
R, 16348
R, 16352
R, 16356
R, 16360
R, 16364
R, 16368
R, 16372
R, 16376
R, 16380
R, 16384
R, 16388
R, 16392
R, 16396
R, 16400
R, 16404
R, 16408
R, 16412
R, 16416
R, 16420
R, 16424
R, 16428
R, 16432
R, 16436
R, 16440
R, 16444
R, 16448
R, 16452
R, 16456
R, 16460
R, 16464
R, 16468
R, 16472
R, 16476
R, 16480
R, 16484
R, 16488
R, 16492
R, 16496
R, 16500
R, 16504
R, 16508
R, 16512
R, 16516
R, 16520
R, 16524
R, 16528
R, 16532
R, 16536
R, 16540
R, 16544
R, 16548
R, 16552
R, 16556
R, 16560
R, 16564
R, 16568
R, 16572
R, 16576
R, 16580
R, 16584
R, 16588
R, 16592
R, 16596
R, 16600
R, 16604
R, 16608
R, 16612
R, 16616
R, 16620
R, 16624
R, 16628
R, 16632
R, 16636
R, 16640
R, 16644
R, 16648
R, 16652
R, 16656
R, 16660
R, 16664
R, 16668
R, 16672
R, 16676
R, 16680
R, 16684
R, 16688
R, 16692
R, 16696
R, 16700
R, 16704
R, 16708
R, 16712
R, 16716
R, 16720
R, 16724
R, 16728
R, 16732
R, 16736
R, 16740
R, 16744
R, 16748
R, 16752
R, 16756
R, 16760
R, 16764
R, 16768
R, 16772
R, 16776
R, 16780
R, 16784
R, 16788
R, 16792
R, 16796
R, 16800
R, 16804
R, 16808
R, 16812
R, 16816
R, 16820
R, 16824
R, 16828
R, 16832
R, 16836
R, 16840
R, 16844
R, 16848
R, 16852
R, 16856
R, 16860
R, 16864
R, 16868
R, 16872
R, 16876
R, 16880
W, 16280, 3118
W, 16220, -1225
R, 16224
R, 16228
R, 16228
R, 16232
R, 16232
R, 16236
R, 16236
R, 16240
R, 16240
R, 16244
R, 16248
R, 16248
R, 16252
R, 16256
R, 16260
R, 16264
R, 16268
R, 16272
R, 16276
R, 16280
R, 16284
R, 16288
R, 16292
R, 16296
R, 16300
R, 16304
R, 16308
R, 16312
R, 16316
R, 16320
R, 16324
R, 16324
R, 16328
R, 16332
R, 16336
R, 16340
R, 16344
R, 16348
R, 16352
R, 16356
R, 16360
R, 16364
R, 16368
R, 16372
R, 16376
R, 16380
R, 16384
R, 16388
R, 16392
R, 16396
R, 16400
R, 16404
R, 16408
R, 16412
R, 16416
R, 16420
R, 16424
R, 16428
R, 16432
R, 16436
R, 16440
R, 16444
R, 16448
R, 16452
R, 16456
R, 16460
R, 16464
R, 16468
R, 16472
R, 16476
R, 16480
R, 16484
R, 16488
R, 16492
R, 16496
R, 16500
R, 16504
R, 16508
R, 16512
R, 16516
R, 16520
R, 16524
R, 16528
R, 16532
R, 16536
R, 16540
R, 16544
R, 16548
R, 16552
R, 16556
R, 16560
R, 16564
R, 16568
R, 16572
R, 16576
R, 16580
R, 16584
R, 16588
R, 16592
R, 16596
R, 16600
R, 16604
R, 16608
R, 16612
R, 16616
R, 16620
R, 16624
R, 16628
R, 16632
R, 16636
R, 16640
R, 16644
R, 16648
R, 16652
R, 16656
R, 16660
R, 16664
R, 16668
R, 16672
R, 16676
R, 16680
R, 16684
R, 16688
R, 16692
R, 16696
R, 16700
R, 16704
R, 16708
R, 16712
R, 16716
R, 16720
R, 16724
R, 16728
R, 16732
R, 16736
R, 16740
R, 16744
R, 16748
R, 16752
R, 16756
R, 16760
R, 16764
R, 16768
R, 16772
R, 16776
R, 16780
R, 16784
R, 16788
R, 16792
R, 16796
R, 16800
R, 16804
R, 16808
R, 16812
R, 16816
R, 16820
R, 16824
R, 16828
R, 16832
R, 16836
R, 16840
R, 16844
R, 16848
R, 16852
R, 16856
R, 16860
R, 16864
R, 16868
R, 16872
R, 16876
R, 16880
W, 16324, 3802
W, 16224, -1216
R, 16228
R, 16232
R, 16232
R, 16236
R, 16236
R, 16240
R, 16240
R, 16244
R, 16248
R, 16248
R, 16252
R, 16256
R, 16260
R, 16264
R, 16268
R, 16272
R, 16276
R, 16280
R, 16284
R, 16288
R, 16292
R, 16296
R, 16300
R, 16304
R, 16308
R, 16312
R, 16316
R, 16320
R, 16324
R, 16328
R, 16332
R, 16336
R, 16340
R, 16344
R, 16348
R, 16352
R, 16356
R, 16360
R, 16360
R, 16364
R, 16368
R, 16372
R, 16376
R, 16380
R, 16384
R, 16388
R, 16392
R, 16396
R, 16400
R, 16404
R, 16408
R, 16412
R, 16416
R, 16420
R, 16424
R, 16428
R, 16432
R, 16436
R, 16440
R, 16444
R, 16448
R, 16452
R, 16456
R, 16460
R, 16464
R, 16468
R, 16472
R, 16476
R, 16480
R, 16484
R, 16488
R, 16492
R, 16496
R, 16500
R, 16504
R, 16508
R, 16512
R, 16516
R, 16520
R, 16524
R, 16528
R, 16532
R, 16536
R, 16540
R, 16544
R, 16548
R, 16552
R, 16556
R, 16560
R, 16564
R, 16568
R, 16572
R, 16576
R, 16580
R, 16584
R, 16588
R, 16592
R, 16596
R, 16600
R, 16604
R, 16608
R, 16612
R, 16616
R, 16620
R, 16624
R, 16628
R, 16632
R, 16636
R, 16640
R, 16644
R, 16648
R, 16652
R, 16656
R, 16660
R, 16664
R, 16668
R, 16672
R, 16676
R, 16680
R, 16684
R, 16688
R, 16692
R, 16696
R, 16700
R, 16704
R, 16708
R, 16712
R, 16716
R, 16720
R, 16724
R, 16728
R, 16732
R, 16736
R, 16740
R, 16744
R, 16748
R, 16752
R, 16756
R, 16760
R, 16764
R, 16768
R, 16772
R, 16776
R, 16780
R, 16784
R, 16788
R, 16792
R, 16796
R, 16800
R, 16804
R, 16808
R, 16812
R, 16816
R, 16820
R, 16824
R, 16828
R, 16832
R, 16836
R, 16840
R, 16844
R, 16848
R, 16852
R, 16856
R, 16860
R, 16864
R, 16868
R, 16872
R, 16876
R, 16880
W, 16360, 3654
W, 16228, -1190
R, 16232
R, 16236
R, 16236
R, 16240
R, 16240
R, 16244
R, 16248
R, 16248
R, 16252
R, 16256
R, 16260
R, 16264
R, 16268
R, 16272
R, 16276
R, 16280
R, 16284
R, 16288
R, 16292
R, 16296
R, 16300
R, 16304
R, 16308
R, 16312
R, 16316
R, 16320
R, 16324
R, 16328
R, 16332
R, 16336
R, 16340
R, 16344
R, 16348
R, 16352
R, 16356
R, 16360
R, 16364
R, 16368
R, 16372
R, 16376
R, 16380
R, 16384
R, 16388
R, 16392
R, 16396
R, 16400
R, 16404
R, 16404
R, 16408
R, 16412
R, 16416
R, 16420
R, 16424
R, 16428
R, 16432
R, 16432
R, 16436
R, 16440
R, 16444
R, 16448
R, 16452
R, 16456
R, 16460
R, 16464
R, 16468
R, 16472
R, 16476
R, 16480
R, 16484
R, 16488
R, 16492
R, 16496
R, 16500
R, 16504
R, 16508
R, 16512
R, 16516
R, 16520
R, 16524
R, 16528
R, 16528
R, 16532
R, 16536
R, 16540
R, 16544
R, 16548
R, 16552
R, 16556
R, 16560
R, 16564
R, 16568
R, 16572
R, 16576
R, 16580
R, 16584
R, 16588
R, 16592
R, 16596
R, 16600
R, 16604
R, 16608
R, 16612
R, 16616
R, 16620
R, 16624
R, 16628
R, 16632
R, 16636
R, 16640
R, 16644
R, 16648
R, 16652
R, 16656
R, 16660
R, 16664
R, 16668
R, 16672
R, 16672
R, 16676
R, 16680
R, 16684
R, 16688
R, 16692
R, 16696
R, 16700
R, 16704
R, 16708
R, 16712
R, 16716
R, 16720
R, 16724
R, 16728
R, 16732
R, 16736
R, 16740
R, 16744
R, 16748
R, 16752
R, 16756
R, 16760
R, 16764
R, 16768
R, 16772
R, 16776
R, 16780
R, 16784
R, 16788
R, 16792
R, 16796
R, 16800
R, 16804
R, 16808
R, 16812
R, 16816
R, 16820
R, 16824
R, 16828
R, 16832
R, 16836
R, 16840
R, 16844
R, 16848
R, 16852
R, 16856
R, 16860
R, 16864
R, 16868
R, 16872
R, 16876
R, 16880
W, 16672, 2091
W, 16232, -1037
R, 16236
R, 16240
R, 16240
R, 16244
R, 16248
R, 16248
R, 16252
R, 16256
R, 16260
R, 16264
R, 16268
R, 16272
R, 16276
R, 16280
R, 16284
R, 16288
R, 16292
R, 16296
R, 16300
R, 16304
R, 16308
R, 16312
R, 16316
R, 16320
R, 16324
R, 16328
R, 16332
R, 16336
R, 16340
R, 16344
R, 16348
R, 16352
R, 16356
R, 16360
R, 16364
R, 16368
R, 16372
R, 16376
R, 16380
R, 16384
R, 16388
R, 16392
R, 16396
R, 16400
R, 16404
R, 16404
R, 16408
R, 16412
R, 16416
R, 16420
R, 16424
R, 16428
R, 16432
R, 16432
R, 16436
R, 16440
R, 16444
R, 16448
R, 16452
R, 16456
R, 16460
R, 16464
R, 16468
R, 16472
R, 16476
R, 16480
R, 16484
R, 16488
R, 16492
R, 16496
R, 16500
R, 16504
R, 16508
R, 16512
R, 16516
R, 16520
R, 16524
R, 16528
R, 16528
R, 16532
R, 16536
R, 16540
R, 16544
R, 16548
R, 16552
R, 16556
R, 16560
R, 16564
R, 16568
R, 16572
R, 16576
R, 16580
R, 16584
R, 16588
R, 16592
R, 16596
R, 16600
R, 16604
R, 16608
R, 16612
R, 16616
R, 16620
R, 16624
R, 16628
R, 16632
R, 16636
R, 16640
R, 16644
R, 16648
R, 16652
R, 16656
R, 16660
R, 16664
R, 16668
R, 16672
R, 16676
R, 16680
R, 16684
R, 16688
R, 16692
R, 16696
R, 16700
R, 16704
R, 16708
R, 16712
R, 16716
R, 16720
R, 16724
R, 16728
R, 16732
R, 16736
R, 16740
R, 16744
R, 16748
R, 16752
R, 16756
R, 16760
R, 16764
R, 16768
R, 16772
R, 16776
R, 16780
R, 16784
R, 16788
R, 16792
R, 16796
R, 16800
R, 16804
R, 16808
R, 16812
R, 16816
R, 16820
R, 16824
R, 16828
R, 16832
R, 16836
R, 16840
R, 16844
R, 16848
R, 16852
R, 16856
R, 16860
R, 16864
R, 16868
R, 16872
R, 16876
R, 16880
W, 16528, 577
W, 16236, -1020
R, 16240
R, 16244
R, 16248
R, 16248
R, 16252
R, 16256
R, 16260
R, 16264
R, 16268
R, 16272
R, 16276
R, 16280
R, 16284
R, 16288
R, 16292
R, 16296
R, 16300
R, 16304
R, 16308
R, 16312
R, 16316
R, 16320
R, 16324
R, 16328
R, 16332
R, 16336
R, 16340
R, 16344
R, 16348
R, 16352
R, 16356
R, 16360
R, 16364
R, 16368
R, 16372
R, 16376
R, 16380
R, 16384
R, 16388
R, 16392
R, 16396
R, 16400
R, 16404
R, 16404
R, 16408
R, 16412
R, 16416
R, 16420
R, 16424
R, 16428
R, 16432
R, 16432
R, 16436
R, 16440
R, 16444
R, 16448
R, 16452
R, 16456
R, 16460
R, 16464
R, 16468
R, 16472
R, 16476
R, 16480
R, 16484
R, 16488
R, 16492
R, 16496
R, 16500
R, 16504
R, 16508
R, 16512
R, 16516
R, 16520
R, 16524
R, 16528
R, 16532
R, 16536
R, 16540
R, 16544
R, 16548
R, 16552
R, 16556
R, 16560
R, 16564
R, 16568
R, 16572
R, 16576
R, 16580
R, 16584
R, 16588
R, 16592
R, 16596
R, 16600
R, 16604
R, 16608
R, 16612
R, 16616
R, 16620
R, 16624
R, 16628
R, 16632
R, 16636
R, 16640
R, 16644
R, 16648
R, 16652
R, 16656
R, 16660
R, 16664
R, 16668
R, 16672
R, 16676
R, 16680
R, 16684
R, 16688
R, 16692
R, 16696
R, 16700
R, 16704
R, 16708
R, 16712
R, 16716
R, 16720
R, 16724
R, 16728
R, 16732
R, 16736
R, 16740
R, 16744
R, 16748
R, 16752
R, 16756
R, 16760
R, 16764
R, 16768
R, 16772
R, 16776
R, 16780
R, 16784
R, 16788
R, 16792
R, 16796
R, 16800
R, 16804
R, 16808
R, 16812
R, 16816
R, 16820
R, 16824
R, 16828
R, 16832
R, 16836
R, 16840
R, 16844
R, 16848
R, 16852
R, 16856
R, 16860
R, 16864
R, 16868
R, 16872
R, 16876
R, 16880
W, 16432, -146
W, 16240, -1018
R, 16244
R, 16248
R, 16248
R, 16252
R, 16256
R, 16260
R, 16264
R, 16268
R, 16272
R, 16276
R, 16280
R, 16284
R, 16288
R, 16292
R, 16296
R, 16300
R, 16304
R, 16308
R, 16312
R, 16316
R, 16320
R, 16324
R, 16328
R, 16332
R, 16336
R, 16340
R, 16344
R, 16348
R, 16352
R, 16356
R, 16360
R, 16364
R, 16368
R, 16372
R, 16376
R, 16380
R, 16384
R, 16388
R, 16392
R, 16396
R, 16400
R, 16404
R, 16404
R, 16408
R, 16412
R, 16416
R, 16420
R, 16424
R, 16428
R, 16432
R, 16436
R, 16440
R, 16444
R, 16448
R, 16452
R, 16456
R, 16460
R, 16464
R, 16468
R, 16472
R, 16476
R, 16480
R, 16484
R, 16488
R, 16492
R, 16496
R, 16500
R, 16504
R, 16508
R, 16512
R, 16516
R, 16520
R, 16524
R, 16528
R, 16532
R, 16536
R, 16540
R, 16544
R, 16548
R, 16552
R, 16556
R, 16560
R, 16564
R, 16568
R, 16572
R, 16576
R, 16580
R, 16584
R, 16588
R, 16592
R, 16596
R, 16600
R, 16604
R, 16608
R, 16612
R, 16616
R, 16620
R, 16624
R, 16628
R, 16632
R, 16636
R, 16640
R, 16644
R, 16648
R, 16652
R, 16656
R, 16660
R, 16664
R, 16668
R, 16672
R, 16676
R, 16680
R, 16684
R, 16688
R, 16692
R, 16696
R, 16700
R, 16704
R, 16708
R, 16712
R, 16716
R, 16720
R, 16724
R, 16728
R, 16732
R, 16736
R, 16740
R, 16744
R, 16748
R, 16752
R, 16756
R, 16760
R, 16764
R, 16768
R, 16772
R, 16776
R, 16780
R, 16784
R, 16788
R, 16792
R, 16796
R, 16800
R, 16804
R, 16808
R, 16812
R, 16816
R, 16820
R, 16824
R, 16828
R, 16832
R, 16836
R, 16840
R, 16844
R, 16848
R, 16852
R, 16856
R, 16860
R, 16864
R, 16868
R, 16872
R, 16876
R, 16880
W, 16404, 2831
W, 16244, -985
R, 16248
R, 16252
R, 16256
R, 16260
R, 16264
R, 16268
R, 16272
R, 16276
R, 16280
R, 16284
R, 16288
R, 16292
R, 16296
R, 16300
R, 16304
R, 16308
R, 16312
R, 16316
R, 16320
R, 16324
R, 16328
R, 16332
R, 16336
R, 16340
R, 16344
R, 16348
R, 16352
R, 16356
R, 16360
R, 16364
R, 16368
R, 16372
R, 16376
R, 16380
R, 16384
R, 16388
R, 16392
R, 16396
R, 16400
R, 16404
R, 16408
R, 16412
R, 16416
R, 16420
R, 16424
R, 16428
R, 16432
R, 16436
R, 16440
R, 16444
R, 16448
R, 16448
R, 16452
R, 16456
R, 16460
R, 16464
R, 16468
R, 16472
R, 16476
R, 16480
R, 16484
R, 16488
R, 16492
R, 16496
R, 16500
R, 16504
R, 16508
R, 16512
R, 16516
R, 16520
R, 16524
R, 16528
R, 16532
R, 16536
R, 16540
R, 16544
R, 16548
R, 16552
R, 16556
R, 16560
R, 16564
R, 16568
R, 16572
R, 16576
R, 16580
R, 16584
R, 16588
R, 16592
R, 16596
R, 16600
R, 16604
R, 16608
R, 16612
R, 16616
R, 16620
R, 16624
R, 16628
R, 16632
R, 16636
R, 16640
R, 16644
R, 16648
R, 16652
R, 16656
R, 16660
R, 16664
R, 16668
R, 16672
R, 16676
R, 16680
R, 16684
R, 16688
R, 16692
R, 16696
R, 16700
R, 16704
R, 16708
R, 16712
R, 16716
R, 16720
R, 16724
R, 16728
R, 16732
R, 16736
R, 16740
R, 16744
R, 16748
R, 16752
R, 16756
R, 16760
R, 16764
R, 16768
R, 16772
R, 16776
R, 16780
R, 16784
R, 16788
R, 16792
R, 16796
R, 16800
R, 16804
R, 16808
R, 16812
R, 16816
R, 16820
R, 16824
R, 16828
R, 16832
R, 16836
R, 16840
R, 16844
R, 16848
R, 16852
R, 16856
R, 16860
R, 16864
R, 16868
R, 16872
R, 16876
R, 16880
W, 16448, -687
W, 16248, -969
R, 16252
R, 16256
R, 16256
R, 16260
R, 16260
R, 16264
R, 16268
R, 16268
R, 16272
R, 16276
R, 16280
R, 16284
R, 16288
R, 16292
R, 16296
R, 16300
R, 16304
R, 16308
R, 16312
R, 16316
R, 16320
R, 16324
R, 16328
R, 16332
R, 16336
R, 16340
R, 16344
R, 16348
R, 16352
R, 16356
R, 16360
R, 16364
R, 16368
R, 16372
R, 16376
R, 16380
R, 16384
R, 16388
R, 16392
R, 16396
R, 16400
R, 16404
R, 16408
R, 16412
R, 16416
R, 16420
R, 16420
R, 16424
R, 16428
R, 16432
R, 16436
R, 16440
R, 16444
R, 16448
R, 16448
R, 16452
R, 16456
R, 16460
R, 16464
R, 16468
R, 16472
R, 16476
R, 16480
R, 16484
R, 16488
R, 16492
R, 16496
R, 16500
R, 16504
R, 16508
R, 16512
R, 16516
R, 16520
R, 16524
R, 16528
R, 16532
R, 16536
R, 16540
R, 16544
R, 16548
R, 16552
R, 16556
R, 16560
R, 16564
R, 16568
R, 16572
R, 16576
R, 16580
R, 16584
R, 16588
R, 16592
R, 16596
R, 16596
R, 16600
R, 16604
R, 16608
R, 16612
R, 16616
R, 16620
R, 16624
R, 16628
R, 16632
R, 16636
R, 16640
R, 16644
R, 16648
R, 16652
R, 16656
R, 16660
R, 16664
R, 16668
R, 16672
R, 16676
R, 16680
R, 16684
R, 16688
R, 16692
R, 16696
R, 16700
R, 16704
R, 16708
R, 16712
R, 16716
R, 16720
R, 16724
R, 16728
R, 16732
R, 16736
R, 16740
R, 16744
R, 16748
R, 16752
R, 16756
R, 16760
R, 16764
R, 16768
R, 16772
R, 16776
R, 16780
R, 16784
R, 16788
R, 16792
R, 16796
R, 16800
R, 16804
R, 16808
R, 16812
R, 16816
R, 16820
R, 16824
R, 16828
R, 16832
R, 16836
R, 16840
R, 16844
R, 16848
R, 16852
R, 16856
R, 16860
R, 16864
R, 16868
R, 16872
R, 16876
R, 16880
W, 16596, 4526
W, 16252, -903
R, 16256
R, 16260
R, 16260
R, 16264
R, 16268
R, 16268
R, 16272
R, 16276
R, 16280
R, 16284
R, 16288
R, 16292
R, 16296
R, 16300
R, 16304
R, 16308
R, 16312
R, 16316
R, 16320
R, 16324
R, 16328
R, 16332
R, 16336
R, 16340
R, 16344
R, 16348
R, 16352
R, 16356
R, 16360
R, 16364
R, 16368
R, 16372
R, 16376
R, 16380
R, 16384
R, 16388
R, 16392
R, 16396
R, 16400
R, 16404
R, 16408
R, 16412
R, 16416
R, 16420
R, 16420
R, 16424
R, 16428
R, 16432
R, 16436
R, 16440
R, 16444
R, 16448
R, 16448
R, 16452
R, 16456
R, 16460
R, 16464
R, 16468
R, 16472
R, 16476
R, 16480
R, 16484
R, 16488
R, 16492
R, 16496
R, 16500
R, 16504
R, 16508
R, 16512
R, 16516
R, 16520
R, 16524
R, 16528
R, 16532
R, 16536
R, 16540
R, 16544
R, 16548
R, 16552
R, 16556
R, 16560
R, 16564
R, 16568
R, 16572
R, 16576
R, 16580
R, 16584
R, 16588
R, 16592
R, 16596
R, 16600
R, 16604
R, 16608
R, 16612
R, 16616
R, 16620
R, 16624
R, 16628
R, 16632
R, 16636
R, 16640
R, 16644
R, 16648
R, 16652
R, 16656
R, 16660
R, 16664
R, 16668
R, 16672
R, 16676
R, 16680
R, 16684
R, 16688
R, 16692
R, 16696
R, 16700
R, 16704
R, 16708
R, 16712
R, 16716
R, 16720
R, 16724
R, 16728
R, 16732
R, 16736
R, 16740
R, 16744
R, 16748
R, 16752
R, 16756
R, 16756
R, 16760
R, 16764
R, 16768
R, 16772
R, 16776
R, 16780
R, 16780
R, 16784
R, 16788
R, 16792
R, 16796
R, 16800
R, 16804
R, 16808
R, 16812
R, 16816
R, 16820
R, 16824
R, 16828
R, 16832
R, 16836
R, 16840
R, 16844
R, 16848
R, 16852
R, 16856
R, 16860
R, 16864
R, 16868
R, 16872
R, 16876
R, 16880
W, 16780, 1524
W, 16256, -871
R, 16260
R, 16264
R, 16268
R, 16268
R, 16272
R, 16276
R, 16280
R, 16284
R, 16288
R, 16292
R, 16296
R, 16300
R, 16304
R, 16308
R, 16312
R, 16316
R, 16320
R, 16324
R, 16328
R, 16332
R, 16336
R, 16340
R, 16344
R, 16348
R, 16352
R, 16356
R, 16360
R, 16364
R, 16368
R, 16372
R, 16376
R, 16380
R, 16384
R, 16388
R, 16392
R, 16396
R, 16400
R, 16404
R, 16408
R, 16412
R, 16416
R, 16420
R, 16420
R, 16424
R, 16428
R, 16432
R, 16436
R, 16440
R, 16444
R, 16448
R, 16448
R, 16452
R, 16456
R, 16460
R, 16464
R, 16468
R, 16472
R, 16476
R, 16480
R, 16484
R, 16488
R, 16492
R, 16496
R, 16500
R, 16504
R, 16508
R, 16512
R, 16516
R, 16520
R, 16524
R, 16528
R, 16532
R, 16536
R, 16540
R, 16544
R, 16548
R, 16552
R, 16556
R, 16560
R, 16564
R, 16568
R, 16572
R, 16576
R, 16580
R, 16584
R, 16588
R, 16592
R, 16596
R, 16600
R, 16604
R, 16608
R, 16612
R, 16616
R, 16620
R, 16624
R, 16628
R, 16632
R, 16636
R, 16640
R, 16644
R, 16648
R, 16652
R, 16656
R, 16660
R, 16664
R, 16668
R, 16672
R, 16676
R, 16680
R, 16684
R, 16688
R, 16692
R, 16696
R, 16700
R, 16704
R, 16708
R, 16712
R, 16716
R, 16720
R, 16724
R, 16728
R, 16732
R, 16736
R, 16740
R, 16744
R, 16748
R, 16752
R, 16756
R, 16756
R, 16760
R, 16764
R, 16768
R, 16772
R, 16776
R, 16780
R, 16784
R, 16788
R, 16792
R, 16796
R, 16800
R, 16804
R, 16808
R, 16812
R, 16816
R, 16820
R, 16824
R, 16828
R, 16832
R, 16836
R, 16840
R, 16844
R, 16848
R, 16852
R, 16856
R, 16860
R, 16864
R, 16868
R, 16872
R, 16876
R, 16880
W, 16756, 1456
W, 16260, -854
R, 16264
R, 16268
R, 16268
R, 16272
R, 16276
R, 16280
R, 16284
R, 16288
R, 16292
R, 16296
R, 16300
R, 16304
R, 16308
R, 16312
R, 16316
R, 16320
R, 16324
R, 16328
R, 16332
R, 16336
R, 16340
R, 16344
R, 16348
R, 16352
R, 16356
R, 16360
R, 16364
R, 16368
R, 16372
R, 16376
R, 16380
R, 16384
R, 16388
R, 16392
R, 16396
R, 16400
R, 16404
R, 16408
R, 16412
R, 16416
R, 16420
R, 16420
R, 16424
R, 16428
R, 16432
R, 16436
R, 16440
R, 16444
R, 16448
R, 16448
R, 16452
R, 16456
R, 16460
R, 16464
R, 16468
R, 16472
R, 16476
R, 16480
R, 16484
R, 16488
R, 16492
R, 16496
R, 16500
R, 16504
R, 16508
R, 16512
R, 16516
R, 16520
R, 16524
R, 16528
R, 16532
R, 16536
R, 16540
R, 16544
R, 16548
R, 16552
R, 16556
R, 16560
R, 16564
R, 16568
R, 16572
R, 16576
R, 16580
R, 16584
R, 16588
R, 16592
R, 16596
R, 16600
R, 16604
R, 16608
R, 16612
R, 16616
R, 16620
R, 16624
R, 16628
R, 16632
R, 16636
R, 16640
R, 16644
R, 16648
R, 16652
R, 16656
R, 16660
R, 16664
R, 16668
R, 16672
R, 16676
R, 16680
R, 16684
R, 16688
R, 16692
R, 16696
R, 16700
R, 16704
R, 16708
R, 16712
R, 16716
R, 16720
R, 16724
R, 16728
R, 16732
R, 16736
R, 16740
R, 16744
R, 16748
R, 16752
R, 16756
R, 16760
R, 16764
R, 16768
R, 16772
R, 16776
R, 16780
R, 16784
R, 16788
R, 16792
R, 16796
R, 16800
R, 16804
R, 16808
R, 16812
R, 16816
R, 16820
R, 16824
R, 16828
R, 16832
R, 16836
R, 16840
R, 16844
R, 16848
R, 16852
R, 16856
R, 16860
R, 16864
R, 16868
R, 16872
R, 16876
R, 16880
W, 16448, 3255
W, 16264, -687
R, 16268
R, 16272
R, 16276
R, 16280
R, 16284
R, 16288
R, 16292
R, 16296
R, 16300
R, 16304
R, 16308
R, 16312
R, 16316
R, 16320
R, 16324
R, 16328
R, 16332
R, 16336
R, 16340
R, 16344
R, 16348
R, 16352
R, 16356
R, 16360
R, 16364
R, 16368
R, 16372
R, 16376
R, 16380
R, 16384
R, 16388
R, 16392
R, 16396
R, 16400
R, 16404
R, 16408
R, 16412
R, 16416
R, 16420
R, 16420
R, 16424
R, 16428
R, 16432
R, 16436
R, 16440
R, 16444
R, 16448
R, 16452
R, 16452
R, 16456
R, 16460
R, 16464
R, 16468
R, 16472
R, 16476
R, 16480
R, 16484
R, 16488
R, 16492
R, 16496
R, 16500
R, 16504
R, 16508
R, 16512
R, 16516
R, 16520
R, 16524
R, 16528
R, 16532
R, 16536
R, 16540
R, 16544
R, 16548
R, 16552
R, 16556
R, 16560
R, 16564
R, 16568
R, 16572
R, 16576
R, 16580
R, 16584
R, 16588
R, 16592
R, 16596
R, 16600
R, 16604
R, 16608
R, 16612
R, 16616
R, 16620
R, 16624
R, 16628
R, 16632
R, 16636
R, 16640
R, 16644
R, 16648
R, 16652
R, 16656
R, 16660
R, 16664
R, 16668
R, 16672
R, 16676
R, 16680
R, 16684
R, 16688
R, 16692
R, 16696
R, 16700
R, 16704
R, 16708
R, 16712
R, 16716
R, 16720
R, 16724
R, 16728
R, 16732
R, 16736
R, 16740
R, 16744
R, 16748
R, 16752
R, 16756
R, 16760
R, 16764
R, 16768
R, 16772
R, 16776
R, 16780
R, 16784
R, 16788
R, 16792
R, 16796
R, 16800
R, 16804
R, 16808
R, 16812
R, 16816
R, 16820
R, 16824
R, 16828
R, 16832
R, 16836
R, 16840
R, 16844
R, 16848
R, 16852
R, 16856
R, 16860
R, 16864
R, 16868
R, 16872
R, 16876
R, 16880
W, 16452, -541
W, 16268, -647
R, 16272
R, 16276
R, 16280
R, 16284
R, 16288
R, 16288
R, 16292
R, 16296
R, 16300
R, 16304
R, 16308
R, 16308
R, 16312
R, 16316
R, 16320
R, 16324
R, 16328
R, 16332
R, 16336
R, 16336
R, 16340
R, 16344
R, 16348
R, 16352
R, 16356
R, 16360
R, 16364
R, 16368
R, 16372
R, 16376
R, 16380
R, 16384
R, 16388
R, 16392
R, 16396
R, 16400
R, 16404
R, 16408
R, 16412
R, 16416
R, 16420
R, 16420
R, 16424
R, 16428
R, 16432
R, 16436
R, 16440
R, 16444
R, 16448
R, 16452
R, 16456
R, 16460
R, 16464
R, 16468
R, 16472
R, 16476
R, 16480
R, 16484
R, 16488
R, 16492
R, 16496
R, 16500
R, 16500
R, 16504
R, 16508
R, 16512
R, 16516
R, 16520
R, 16524
R, 16528
R, 16532
R, 16536
R, 16540
R, 16544
R, 16548
R, 16552
R, 16556
R, 16560
R, 16564
R, 16568
R, 16572
R, 16576
R, 16580
R, 16584
R, 16588
R, 16592
R, 16596
R, 16600
R, 16604
R, 16608
R, 16612
R, 16616
R, 16620
R, 16624
R, 16628
R, 16632
R, 16636
R, 16640
R, 16644
R, 16648
R, 16652
R, 16656
R, 16660
R, 16664
R, 16668
R, 16672
R, 16676
R, 16680
R, 16684
R, 16688
R, 16692
R, 16696
R, 16700
R, 16704
R, 16708
R, 16712
R, 16716
R, 16720
R, 16724
R, 16728
R, 16732
R, 16736
R, 16740
R, 16744
R, 16748
R, 16752
R, 16756
R, 16760
R, 16764
R, 16768
R, 16772
R, 16776
R, 16780
R, 16784
R, 16788
R, 16792
R, 16796
R, 16800
R, 16804
R, 16808
R, 16812
R, 16816
R, 16820
R, 16824
R, 16828
R, 16832
R, 16836
R, 16840
R, 16844
R, 16848
R, 16852
R, 16856
R, 16860
R, 16864
R, 16868
R, 16872
R, 16876
R, 16880
W, 16500, 1791
W, 16272, -641
R, 16276
R, 16280
R, 16284
R, 16288
R, 16288
R, 16292
R, 16296
R, 16300
R, 16304
R, 16308
R, 16308
R, 16312
R, 16316
R, 16320
R, 16324
R, 16328
R, 16332
R, 16336
R, 16336
R, 16340
R, 16344
R, 16348
R, 16352
R, 16356
R, 16360
R, 16364
R, 16368
R, 16372
R, 16376
R, 16380
R, 16384
R, 16388
R, 16392
R, 16396
R, 16400
R, 16404
R, 16408
R, 16412
R, 16416
R, 16420
R, 16420
R, 16424
R, 16428
R, 16432
R, 16436
R, 16440
R, 16444
R, 16448
R, 16452
R, 16456
R, 16460
R, 16464
R, 16468
R, 16472
R, 16476
R, 16480
R, 16484
R, 16488
R, 16492
R, 16496
R, 16500
R, 16504
R, 16508
R, 16512
R, 16516
R, 16520
R, 16524
R, 16528
R, 16532
R, 16536
R, 16540
R, 16544
R, 16548
R, 16552
R, 16556
R, 16560
R, 16564
R, 16568
R, 16572
R, 16576
R, 16580
R, 16584
R, 16588
R, 16592
R, 16596
R, 16600
R, 16604
R, 16608
R, 16612
R, 16616
R, 16620
R, 16624
R, 16628
R, 16632
R, 16636
R, 16640
R, 16644
R, 16648
R, 16652
R, 16656
R, 16660
R, 16664
R, 16668
R, 16672
R, 16676
R, 16680
R, 16684
R, 16688
R, 16692
R, 16696
R, 16700
R, 16704
R, 16708
R, 16712
R, 16716
R, 16720
R, 16724
R, 16728
R, 16732
R, 16736
R, 16740
R, 16744
R, 16748
R, 16752
R, 16756
R, 16760
R, 16764
R, 16768
R, 16772
R, 16776
R, 16776
R, 16780
R, 16784
R, 16788
R, 16792
R, 16796
R, 16800
R, 16804
R, 16808
R, 16812
R, 16816
R, 16820
R, 16824
R, 16824
R, 16828
R, 16832
R, 16836
R, 16840
R, 16844
R, 16848
R, 16852
R, 16856
R, 16860
R, 16864
R, 16868
R, 16872
R, 16876
R, 16880
W, 16824, 2560
W, 16276, -633
R, 16280
R, 16284
R, 16288
R, 16288
R, 16292
R, 16296
R, 16300
R, 16304
R, 16308
R, 16308
R, 16312
R, 16316
R, 16320
R, 16324
R, 16328
R, 16332
R, 16336
R, 16336
R, 16340
R, 16344
R, 16348
R, 16352
R, 16356
R, 16360
R, 16364
R, 16368
R, 16372
R, 16376
R, 16380
R, 16384
R, 16388
R, 16392
R, 16396
R, 16400
R, 16404
R, 16408
R, 16412
R, 16416
R, 16420
R, 16420
R, 16424
R, 16428
R, 16432
R, 16436
R, 16440
R, 16444
R, 16448
R, 16452
R, 16456
R, 16460
R, 16464
R, 16468
R, 16472
R, 16476
R, 16480
R, 16484
R, 16488
R, 16492
R, 16496
R, 16500
R, 16504
R, 16508
R, 16512
R, 16516
R, 16520
R, 16524
R, 16528
R, 16532
R, 16536
R, 16540
R, 16544
R, 16548
R, 16552
R, 16556
R, 16560
R, 16564
R, 16568
R, 16572
R, 16576
R, 16580
R, 16584
R, 16588
R, 16592
R, 16596
R, 16600
R, 16604
R, 16608
R, 16612
R, 16616
R, 16620
R, 16624
R, 16628
R, 16632
R, 16636
R, 16640
R, 16644
R, 16648
R, 16652
R, 16656
R, 16660
R, 16664
R, 16668
R, 16672
R, 16676
R, 16680
R, 16684
R, 16688
R, 16692
R, 16696
R, 16700
R, 16704
R, 16708
R, 16712
R, 16716
R, 16720
R, 16724
R, 16728
R, 16732
R, 16736
R, 16740
R, 16744
R, 16748
R, 16752
R, 16756
R, 16760
R, 16764
R, 16768
R, 16772
R, 16776
R, 16776
R, 16780
R, 16784
R, 16788
R, 16792
R, 16796
R, 16800
R, 16804
R, 16808
R, 16812
R, 16816
R, 16820
R, 16824
R, 16828
R, 16832
R, 16836
R, 16840
R, 16844
R, 16848
R, 16852
R, 16856
R, 16860
R, 16864
R, 16868
R, 16872
R, 16876
R, 16880
W, 16776, 3118
W, 16280, -626
R, 16284
R, 16288
R, 16288
R, 16292
R, 16296
R, 16300
R, 16304
R, 16308
R, 16308
R, 16312
R, 16316
R, 16320
R, 16324
R, 16328
R, 16332
R, 16336
R, 16336
R, 16340
R, 16344
R, 16348
R, 16352
R, 16356
R, 16360
R, 16364
R, 16368
R, 16372
R, 16376
R, 16380
R, 16384
R, 16388
R, 16392
R, 16396
R, 16400
R, 16404
R, 16408
R, 16412
R, 16416
R, 16420
R, 16420
R, 16424
R, 16428
R, 16432
R, 16436
R, 16440
R, 16444
R, 16448
R, 16452
R, 16456
R, 16460
R, 16464
R, 16468
R, 16472
R, 16476
R, 16480
R, 16484
R, 16488
R, 16492
R, 16496
R, 16500
R, 16504
R, 16508
R, 16512
R, 16516
R, 16520
R, 16524
R, 16528
R, 16532
R, 16536
R, 16540
R, 16544
R, 16548
R, 16552
R, 16556
R, 16560
R, 16564
R, 16568
R, 16572
R, 16576
R, 16580
R, 16584
R, 16588
R, 16592
R, 16596
R, 16600
R, 16604
R, 16608
R, 16612
R, 16616
R, 16620
R, 16624
R, 16628
R, 16632
R, 16636
R, 16640
R, 16644
R, 16648
R, 16652
R, 16656
R, 16660
R, 16664
R, 16668
R, 16672
R, 16676
R, 16680
R, 16684
R, 16688
R, 16692
R, 16696
R, 16700
R, 16704
R, 16708
R, 16712
R, 16716
R, 16720
R, 16724
R, 16728
R, 16732
R, 16736
R, 16740
R, 16744
R, 16748
R, 16752
R, 16756
R, 16760
R, 16764
R, 16768
R, 16772
R, 16776
R, 16780
R, 16784
R, 16788
R, 16792
R, 16796
R, 16800
R, 16804
R, 16808
R, 16812
R, 16816
R, 16820
R, 16824
R, 16828
R, 16832
R, 16836
R, 16840
R, 16844
R, 16848
R, 16852
R, 16856
R, 16860
R, 16864
R, 16868
R, 16872
R, 16876
R, 16880
W, 16420, 3720
W, 16284, -622
R, 16288
R, 16292
R, 16296
R, 16300
R, 16304
R, 16308
R, 16308
R, 16312
R, 16316
R, 16320
R, 16324
R, 16328
R, 16332
R, 16336
R, 16336
R, 16340
R, 16344
R, 16348
R, 16352
R, 16356
R, 16360
R, 16364
R, 16368
R, 16372
R, 16376
R, 16380
R, 16384
R, 16388
R, 16392
R, 16396
R, 16400
R, 16404
R, 16408
R, 16412
R, 16416
R, 16420
R, 16424
R, 16428
R, 16432
R, 16436
R, 16440
R, 16444
R, 16448
R, 16452
R, 16452
R, 16456
R, 16460
R, 16464
R, 16468
R, 16472
R, 16476
R, 16476
R, 16480
R, 16484
R, 16488
R, 16492
R, 16496
R, 16500
R, 16504
R, 16508
R, 16508
R, 16512
R, 16516
R, 16520
R, 16524
R, 16528
R, 16532
R, 16536
R, 16540
R, 16544
R, 16548
R, 16552
R, 16556
R, 16560
R, 16564
R, 16568
R, 16572
R, 16576
R, 16580
R, 16584
R, 16588
R, 16592
R, 16596
R, 16600
R, 16604
R, 16608
R, 16612
R, 16616
R, 16620
R, 16624
R, 16628
R, 16632
R, 16636
R, 16640
R, 16644
R, 16648
R, 16652
R, 16656
R, 16660
R, 16664
R, 16668
R, 16672
R, 16676
R, 16680
R, 16684
R, 16688
R, 16692
R, 16696
R, 16700
R, 16704
R, 16708
R, 16712
R, 16716
R, 16720
R, 16724
R, 16728
R, 16732
R, 16736
R, 16740
R, 16744
R, 16748
R, 16752
R, 16756
R, 16760
R, 16764
R, 16768
R, 16772
R, 16776
R, 16780
R, 16784
R, 16788
R, 16792
R, 16796
R, 16800
R, 16804
R, 16808
R, 16812
R, 16816
R, 16820
R, 16824
R, 16828
R, 16832
R, 16836
R, 16840
R, 16844
R, 16848
R, 16852
R, 16856
R, 16860
R, 16864
R, 16868
R, 16872
R, 16876
R, 16880
W, 16508, -136
W, 16288, -622
R, 16292
R, 16296
R, 16296
R, 16300
R, 16300
R, 16304
R, 16308
R, 16308
R, 16312
R, 16316
R, 16320
R, 16324
R, 16328
R, 16332
R, 16336
R, 16336
R, 16340
R, 16344
R, 16348
R, 16352
R, 16356
R, 16360
R, 16364
R, 16368
R, 16372
R, 16376
R, 16380
R, 16384
R, 16388
R, 16392
R, 16396
R, 16400
R, 16404
R, 16408
R, 16412
R, 16416
R, 16420
R, 16424
R, 16428
R, 16432
R, 16436
R, 16440
R, 16444
R, 16448
R, 16452
R, 16452
R, 16456
R, 16460
R, 16464
R, 16468
R, 16472
R, 16476
R, 16476
R, 16480
R, 16484
R, 16488
R, 16492
R, 16496
R, 16500
R, 16504
R, 16508
R, 16512
R, 16516
R, 16520
R, 16524
R, 16528
R, 16532
R, 16536
R, 16540
R, 16544
R, 16548
R, 16552
R, 16556
R, 16560
R, 16564
R, 16568
R, 16572
R, 16576
R, 16580
R, 16584
R, 16588
R, 16592
R, 16596
R, 16600
R, 16604
R, 16608
R, 16612
R, 16616
R, 16620
R, 16624
R, 16628
R, 16632
R, 16636
R, 16640
R, 16644
R, 16648
R, 16652
R, 16656
R, 16660
R, 16664
R, 16668
R, 16672
R, 16676
R, 16680
R, 16684
R, 16688
R, 16692
R, 16696
R, 16700
R, 16704
R, 16708
R, 16712
R, 16716
R, 16720
R, 16724
R, 16728
R, 16732
R, 16736
R, 16740
R, 16744
R, 16748
R, 16752
R, 16756
R, 16760
R, 16764
R, 16768
R, 16772
R, 16776
R, 16780
R, 16784
R, 16788
R, 16792
R, 16796
R, 16800
R, 16804
R, 16808
R, 16812
R, 16816
R, 16820
R, 16824
R, 16828
R, 16832
R, 16836
R, 16840
R, 16844
R, 16848
R, 16852
R, 16856
R, 16860
R, 16864
R, 16868
R, 16872
R, 16876
R, 16880
W, 16476, 4523
W, 16292, -612
R, 16296
R, 16300
R, 16300
R, 16304
R, 16308
R, 16308
R, 16312
R, 16316
R, 16320
R, 16324
R, 16328
R, 16332
R, 16336
R, 16336
R, 16340
R, 16344
R, 16348
R, 16352
R, 16356
R, 16360
R, 16364
R, 16368
R, 16372
R, 16376
R, 16380
R, 16384
R, 16388
R, 16392
R, 16396
R, 16400
R, 16404
R, 16408
R, 16412
R, 16416
R, 16420
R, 16424
R, 16428
R, 16432
R, 16436
R, 16440
R, 16444
R, 16448
R, 16452
R, 16452
R, 16456
R, 16460
R, 16464
R, 16468
R, 16472
R, 16476
R, 16480
R, 16484
R, 16488
R, 16492
R, 16496
R, 16500
R, 16504
R, 16508
R, 16512
R, 16516
R, 16520
R, 16524
R, 16528
R, 16532
R, 16536
R, 16540
R, 16544
R, 16548
R, 16552
R, 16556
R, 16560
R, 16564
R, 16568
R, 16572
R, 16576
R, 16580
R, 16584
R, 16588
R, 16592
R, 16596
R, 16600
R, 16604
R, 16608
R, 16612
R, 16616
R, 16620
R, 16624
R, 16628
R, 16632
R, 16636
R, 16640
R, 16644
R, 16648
R, 16652
R, 16656
R, 16660
R, 16664
R, 16668
R, 16672
R, 16676
R, 16680
R, 16684
R, 16688
R, 16692
R, 16696
R, 16700
R, 16704
R, 16708
R, 16712
R, 16716
R, 16720
R, 16724
R, 16728
R, 16728
R, 16732
R, 16736
R, 16740
R, 16744
R, 16748
R, 16752
R, 16756
R, 16760
R, 16764
R, 16768
R, 16772
R, 16776
R, 16780
R, 16784
R, 16788
R, 16792
R, 16796
R, 16800
R, 16804
R, 16808
R, 16812
R, 16816
R, 16820
R, 16824
R, 16828
R, 16832
R, 16836
R, 16840
R, 16844
R, 16848
R, 16852
R, 16856
R, 16860
R, 16864
R, 16868
R, 16872
R, 16876
R, 16880
W, 16728, 4393
W, 16296, -550
R, 16300
R, 16304
R, 16308
R, 16308
R, 16312
R, 16316
R, 16320
R, 16324
R, 16328
R, 16332
R, 16336
R, 16336
R, 16340
R, 16344
R, 16348
R, 16352
R, 16356
R, 16360
R, 16364
R, 16368
R, 16372
R, 16376
R, 16380
R, 16384
R, 16388
R, 16392
R, 16396
R, 16400
R, 16404
R, 16408
R, 16412
R, 16416
R, 16420
R, 16424
R, 16428
R, 16432
R, 16436
R, 16440
R, 16444
R, 16448
R, 16452
R, 16452
R, 16456
R, 16460
R, 16464
R, 16468
R, 16472
R, 16476
R, 16480
R, 16484
R, 16488
R, 16492
R, 16496
R, 16500
R, 16504
R, 16508
R, 16512
R, 16516
R, 16520
R, 16524
R, 16528
R, 16532
R, 16536
R, 16540
R, 16544
R, 16548
R, 16552
R, 16556
R, 16560
R, 16564
R, 16568
R, 16572
R, 16576
R, 16580
R, 16584
R, 16588
R, 16592
R, 16596
R, 16600
R, 16604
R, 16608
R, 16612
R, 16616
R, 16620
R, 16624
R, 16628
R, 16632
R, 16636
R, 16640
R, 16644
R, 16648
R, 16652
R, 16656
R, 16660
R, 16664
R, 16668
R, 16672
R, 16676
R, 16680
R, 16684
R, 16688
R, 16692
R, 16696
R, 16700
R, 16704
R, 16708
R, 16712
R, 16716
R, 16720
R, 16724
R, 16728
R, 16732
R, 16736
R, 16740
R, 16744
R, 16748
R, 16752
R, 16756
R, 16760
R, 16764
R, 16768
R, 16768
R, 16772
R, 16776
R, 16780
R, 16784
R, 16788
R, 16792
R, 16796
R, 16800
R, 16804
R, 16808
R, 16812
R, 16816
R, 16820
R, 16824
R, 16828
R, 16832
R, 16836
R, 16840
R, 16844
R, 16848
R, 16852
R, 16856
R, 16860
R, 16864
R, 16868
R, 16872
R, 16876
R, 16880
W, 16768, 1430
W, 16300, -549
R, 16304
R, 16308
R, 16308
R, 16312
R, 16316
R, 16320
R, 16324
R, 16328
R, 16332
R, 16336
R, 16336
R, 16340
R, 16344
R, 16348
R, 16352
R, 16356
R, 16360
R, 16364
R, 16368
R, 16372
R, 16376
R, 16380
R, 16384
R, 16388
R, 16392
R, 16396
R, 16400
R, 16404
R, 16408
R, 16412
R, 16416
R, 16420
R, 16424
R, 16428
R, 16432
R, 16436
R, 16440
R, 16444
R, 16448
R, 16452
R, 16452
R, 16456
R, 16460
R, 16464
R, 16468
R, 16472
R, 16476
R, 16480
R, 16484
R, 16488
R, 16492
R, 16496
R, 16500
R, 16504
R, 16508
R, 16512
R, 16516
R, 16520
R, 16524
R, 16528
R, 16532
R, 16536
R, 16540
R, 16544
R, 16548
R, 16552
R, 16556
R, 16560
R, 16564
R, 16568
R, 16572
R, 16576
R, 16580
R, 16584
R, 16588
R, 16592
R, 16596
R, 16600
R, 16604
R, 16608
R, 16612
R, 16616
R, 16620
R, 16624
R, 16628
R, 16632
R, 16636
R, 16640
R, 16644
R, 16648
R, 16652
R, 16656
R, 16660
R, 16664
R, 16668
R, 16672
R, 16676
R, 16680
R, 16684
R, 16688
R, 16692
R, 16696
R, 16700
R, 16704
R, 16708
R, 16712
R, 16716
R, 16720
R, 16724
R, 16728
R, 16732
R, 16736
R, 16740
R, 16744
R, 16748
R, 16752
R, 16756
R, 16760
R, 16764
R, 16768
R, 16772
R, 16776
R, 16780
R, 16784
R, 16788
R, 16792
R, 16796
R, 16800
R, 16804
R, 16808
R, 16812
R, 16816
R, 16820
R, 16824
R, 16828
R, 16832
R, 16836
R, 16840
R, 16844
R, 16848
R, 16852
R, 16856
R, 16860
R, 16864
R, 16868
R, 16872
R, 16876
R, 16880
W, 16452, 1884
W, 16304, -541
R, 16308
R, 16312
R, 16316
R, 16320
R, 16324
R, 16328
R, 16332
R, 16336
R, 16336
R, 16340
R, 16344
R, 16348
R, 16352
R, 16356
R, 16360
R, 16364
R, 16368
R, 16372
R, 16376
R, 16380
R, 16384
R, 16388
R, 16392
R, 16396
R, 16400
R, 16404
R, 16408
R, 16412
R, 16416
R, 16420
R, 16424
R, 16428
R, 16432
R, 16436
R, 16440
R, 16444
R, 16448
R, 16452
R, 16456
R, 16460
R, 16464
R, 16468
R, 16472
R, 16476
R, 16480
R, 16484
R, 16488
R, 16492
R, 16496
R, 16500
R, 16504
R, 16508
R, 16512
R, 16516
R, 16520
R, 16524
R, 16528
R, 16532
R, 16536
R, 16540
R, 16544
R, 16548
R, 16552
R, 16552
R, 16556
R, 16560
R, 16564
R, 16568
R, 16572
R, 16576
R, 16580
R, 16584
R, 16588
R, 16592
R, 16596
R, 16600
R, 16604
R, 16608
R, 16612
R, 16616
R, 16620
R, 16624
R, 16628
R, 16632
R, 16636
R, 16640
R, 16644
R, 16648
R, 16652
R, 16656
R, 16660
R, 16664
R, 16668
R, 16672
R, 16676
R, 16680
R, 16684
R, 16688
R, 16692
R, 16696
R, 16700
R, 16704
R, 16708
R, 16712
R, 16716
R, 16720
R, 16724
R, 16728
R, 16732
R, 16736
R, 16740
R, 16744
R, 16748
R, 16752
R, 16756
R, 16760
R, 16764
R, 16768
R, 16772
R, 16776
R, 16780
R, 16784
R, 16788
R, 16792
R, 16796
R, 16800
R, 16804
R, 16808
R, 16812
R, 16816
R, 16820
R, 16824
R, 16828
R, 16832
R, 16836
R, 16840
R, 16844
R, 16848
R, 16852
R, 16856
R, 16860
R, 16864
R, 16868
R, 16868
R, 16872
R, 16876
R, 16880
W, 16868, -183
W, 16308, -533
R, 16312
R, 16316
R, 16316
R, 16320
R, 16324
R, 16328
R, 16332
R, 16336
R, 16336
R, 16340
R, 16344
R, 16348
R, 16352
R, 16356
R, 16360
R, 16364
R, 16368
R, 16372
R, 16376
R, 16380
R, 16384
R, 16388
R, 16392
R, 16396
R, 16400
R, 16404
R, 16408
R, 16412
R, 16416
R, 16420
R, 16424
R, 16428
R, 16432
R, 16436
R, 16440
R, 16444
R, 16448
R, 16452
R, 16456
R, 16460
R, 16464
R, 16468
R, 16472
R, 16476
R, 16480
R, 16484
R, 16488
R, 16492
R, 16496
R, 16500
R, 16504
R, 16508
R, 16512
R, 16516
R, 16520
R, 16524
R, 16528
R, 16532
R, 16536
R, 16540
R, 16544
R, 16548
R, 16552
R, 16552
R, 16556
R, 16560
R, 16564
R, 16568
R, 16572
R, 16576
R, 16580
R, 16584
R, 16588
R, 16592
R, 16596
R, 16600
R, 16604
R, 16608
R, 16612
R, 16616
R, 16620
R, 16624
R, 16628
R, 16632
R, 16636
R, 16640
R, 16644
R, 16648
R, 16652
R, 16656
R, 16660
R, 16664
R, 16668
R, 16672
R, 16676
R, 16680
R, 16684
R, 16688
R, 16692
R, 16696
R, 16700
R, 16704
R, 16708
R, 16712
R, 16716
R, 16720
R, 16724
R, 16728
R, 16732
R, 16736
R, 16740
R, 16744
R, 16748
R, 16752
R, 16756
R, 16760
R, 16764
R, 16768
R, 16772
R, 16776
R, 16780
R, 16784
R, 16788
R, 16792
R, 16796
R, 16800
R, 16804
R, 16808
R, 16812
R, 16816
R, 16820
R, 16824
R, 16828
R, 16832
R, 16836
R, 16840
R, 16844
R, 16848
R, 16852
R, 16856
R, 16860
R, 16864
R, 16868
R, 16872
R, 16876
R, 16880
W, 16552, 4576
W, 16312, -521
R, 16316
R, 16320
R, 16324
R, 16328
R, 16332
R, 16336
R, 16336
R, 16340
R, 16344
R, 16348
R, 16352
R, 16356
R, 16360
R, 16364
R, 16368
R, 16372
R, 16376
R, 16380
R, 16384
R, 16388
R, 16392
R, 16396
R, 16400
R, 16404
R, 16408
R, 16412
R, 16416
R, 16420
R, 16424
R, 16428
R, 16432
R, 16436
R, 16440
R, 16444
R, 16448
R, 16452
R, 16456
R, 16460
R, 16464
R, 16468
R, 16472
R, 16476
R, 16480
R, 16484
R, 16488
R, 16492
R, 16496
R, 16500
R, 16504
R, 16508
R, 16512
R, 16516
R, 16520
R, 16524
R, 16528
R, 16532
R, 16536
R, 16540
R, 16544
R, 16548
R, 16552
R, 16556
R, 16560
R, 16564
R, 16568
R, 16572
R, 16576
R, 16580
R, 16584
R, 16588
R, 16592
R, 16596
R, 16600
R, 16604
R, 16608
R, 16612
R, 16616
R, 16620
R, 16624
R, 16628
R, 16632
R, 16636
R, 16640
R, 16644
R, 16648
R, 16652
R, 16656
R, 16660
R, 16664
R, 16668
R, 16672
R, 16676
R, 16680
R, 16684
R, 16688
R, 16692
R, 16696
R, 16700
R, 16704
R, 16708
R, 16712
R, 16716
R, 16720
R, 16724
R, 16728
R, 16732
R, 16736
R, 16740
R, 16744
R, 16748
R, 16752
R, 16756
R, 16760
R, 16764
R, 16768
R, 16772
R, 16776
R, 16780
R, 16784
R, 16788
R, 16792
R, 16796
R, 16800
R, 16804
R, 16808
R, 16812
R, 16816
R, 16820
R, 16824
R, 16828
R, 16832
R, 16836
R, 16840
R, 16844
R, 16848
R, 16852
R, 16856
R, 16860
R, 16864
R, 16868
R, 16872
R, 16876
R, 16880
W, 16336, 1497
W, 16316, -506
R, 16320
R, 16324
R, 16328
R, 16332
R, 16336
R, 16336
R, 16340
R, 16344
R, 16348
R, 16348
R, 16352
R, 16352
R, 16356
R, 16360
R, 16364
R, 16368
R, 16372
R, 16376
R, 16380
R, 16384
R, 16388
R, 16392
R, 16396
R, 16400
R, 16404
R, 16408
R, 16412
R, 16416
R, 16420
R, 16424
R, 16428
R, 16432
R, 16436
R, 16440
R, 16444
R, 16448
R, 16452
R, 16456
R, 16460
R, 16464
R, 16468
R, 16472
R, 16476
R, 16480
R, 16480
R, 16484
R, 16488
R, 16488
R, 16492
R, 16496
R, 16500
R, 16504
R, 16508
R, 16512
R, 16516
R, 16520
R, 16524
R, 16528
R, 16532
R, 16536
R, 16540
R, 16544
R, 16548
R, 16552
R, 16556
R, 16560
R, 16564
R, 16568
R, 16572
R, 16576
R, 16576
R, 16580
R, 16584
R, 16588
R, 16592
R, 16596
R, 16600
R, 16604
R, 16608
R, 16612
R, 16616
R, 16620
R, 16624
R, 16628
R, 16632
R, 16636
R, 16640
R, 16644
R, 16648
R, 16652
R, 16656
R, 16660
R, 16664
R, 16668
R, 16672
R, 16676
R, 16680
R, 16684
R, 16688
R, 16692
R, 16696
R, 16700
R, 16704
R, 16708
R, 16712
R, 16716
R, 16720
R, 16724
R, 16728
R, 16732
R, 16736
R, 16740
R, 16744
R, 16748
R, 16752
R, 16756
R, 16760
R, 16764
R, 16768
R, 16772
R, 16776
R, 16780
R, 16784
R, 16788
R, 16792
R, 16796
R, 16800
R, 16804
R, 16808
R, 16812
R, 16816
R, 16820
R, 16824
R, 16828
R, 16832
R, 16836
R, 16840
R, 16844
R, 16848
R, 16852
R, 16856
R, 16860
R, 16864
R, 16868
R, 16872
R, 16876
R, 16880
W, 16576, 2270
W, 16320, -470
R, 16324
R, 16328
R, 16332
R, 16332
R, 16336
R, 16336
R, 16340
R, 16344
R, 16348
R, 16348
R, 16352
R, 16352
R, 16356
R, 16360
R, 16364
R, 16368
R, 16372
R, 16376
R, 16380
R, 16384
R, 16388
R, 16392
R, 16396
R, 16400
R, 16404
R, 16408
R, 16412
R, 16416
R, 16420
R, 16424
R, 16428
R, 16432
R, 16436
R, 16440
R, 16444
R, 16448
R, 16452
R, 16456
R, 16460
R, 16464
R, 16468
R, 16472
R, 16476
R, 16480
R, 16480
R, 16484
R, 16488
R, 16488
R, 16492
R, 16496
R, 16500
R, 16504
R, 16508
R, 16512
R, 16516
R, 16520
R, 16524
R, 16528
R, 16532
R, 16536
R, 16540
R, 16544
R, 16548
R, 16552
R, 16556
R, 16560
R, 16564
R, 16568
R, 16572
R, 16576
R, 16580
R, 16584
R, 16588
R, 16592
R, 16596
R, 16600
R, 16604
R, 16608
R, 16612
R, 16616
R, 16616
R, 16620
R, 16624
R, 16628
R, 16632
R, 16632
R, 16636
R, 16640
R, 16644
R, 16648
R, 16652
R, 16656
R, 16660
R, 16664
R, 16668
R, 16672
R, 16676
R, 16680
R, 16684
R, 16688
R, 16692
R, 16696
R, 16700
R, 16704
R, 16708
R, 16712
R, 16716
R, 16720
R, 16724
R, 16728
R, 16732
R, 16736
R, 16740
R, 16744
R, 16748
R, 16752
R, 16756
R, 16760
R, 16764
R, 16768
R, 16772
R, 16776
R, 16780
R, 16784
R, 16788
R, 16792
R, 16796
R, 16800
R, 16804
R, 16808
R, 16812
R, 16816
R, 16820
R, 16824
R, 16828
R, 16832
R, 16832
R, 16836
R, 16840
R, 16844
R, 16848
R, 16852
R, 16856
R, 16860
R, 16864
R, 16868
R, 16872
R, 16876
R, 16880
W, 16832, 3802
W, 16324, -456
R, 16328
R, 16332
R, 16332
R, 16336
R, 16336
R, 16340
R, 16344
R, 16348
R, 16348
R, 16352
R, 16352
R, 16356
R, 16360
R, 16364
R, 16368
R, 16372
R, 16376
R, 16380
R, 16384
R, 16388
R, 16392
R, 16396
R, 16400
R, 16404
R, 16408
R, 16412
R, 16416
R, 16420
R, 16424
R, 16428
R, 16432
R, 16436
R, 16440
R, 16444
R, 16448
R, 16452
R, 16456
R, 16460
R, 16464
R, 16468
R, 16472
R, 16476
R, 16480
R, 16480
R, 16484
R, 16488
R, 16488
R, 16492
R, 16496
R, 16500
R, 16504
R, 16508
R, 16512
R, 16516
R, 16520
R, 16524
R, 16528
R, 16532
R, 16536
R, 16540
R, 16544
R, 16548
R, 16552
R, 16556
R, 16560
R, 16564
R, 16568
R, 16572
R, 16576
R, 16580
R, 16584
R, 16588
R, 16592
R, 16596
R, 16600
R, 16604
R, 16608
R, 16612
R, 16616
R, 16616
R, 16620
R, 16624
R, 16628
R, 16632
R, 16632
R, 16636
R, 16640
R, 16644
R, 16648
R, 16652
R, 16656
R, 16660
R, 16664
R, 16668
R, 16672
R, 16676
R, 16680
R, 16684
R, 16688
R, 16692
R, 16696
R, 16700
R, 16704
R, 16708
R, 16712
R, 16716
R, 16720
R, 16724
R, 16728
R, 16732
R, 16736
R, 16740
R, 16744
R, 16748
R, 16752
R, 16756
R, 16760
R, 16764
R, 16768
R, 16772
R, 16776
R, 16780
R, 16784
R, 16788
R, 16792
R, 16796
R, 16800
R, 16804
R, 16808
R, 16812
R, 16816
R, 16820
R, 16824
R, 16828
R, 16832
R, 16836
R, 16840
R, 16844
R, 16848
R, 16852
R, 16856
R, 16860
R, 16864
R, 16868
R, 16872
R, 16876
R, 16880
W, 16632, 4572
W, 16328, -455
R, 16332
R, 16336
R, 16336
R, 16340
R, 16344
R, 16348
R, 16348
R, 16352
R, 16352
R, 16356
R, 16360
R, 16364
R, 16368
R, 16372
R, 16376
R, 16380
R, 16384
R, 16388
R, 16392
R, 16396
R, 16400
R, 16404
R, 16408
R, 16412
R, 16416
R, 16420
R, 16424
R, 16428
R, 16432
R, 16436
R, 16440
R, 16444
R, 16448
R, 16452
R, 16456
R, 16460
R, 16464
R, 16468
R, 16472
R, 16476
R, 16480
R, 16480
R, 16484
R, 16488
R, 16488
R, 16492
R, 16496
R, 16500
R, 16504
R, 16508
R, 16512
R, 16516
R, 16520
R, 16524
R, 16528
R, 16532
R, 16536
R, 16540
R, 16544
R, 16548
R, 16552
R, 16556
R, 16560
R, 16564
R, 16568
R, 16572
R, 16576
R, 16580
R, 16584
R, 16588
R, 16592
R, 16596
R, 16600
R, 16604
R, 16608
R, 16612
R, 16616
R, 16616
R, 16620
R, 16624
R, 16628
R, 16632
R, 16636
R, 16640
R, 16644
R, 16648
R, 16652
R, 16656
R, 16660
R, 16664
R, 16668
R, 16672
R, 16676
R, 16680
R, 16684
R, 16688
R, 16692
R, 16696
R, 16700
R, 16704
R, 16708
R, 16712
R, 16716
R, 16720
R, 16724
R, 16728
R, 16732
R, 16736
R, 16740
R, 16744
R, 16748
R, 16752
R, 16756
R, 16760
R, 16764
R, 16768
R, 16772
R, 16776
R, 16780
R, 16784
R, 16788
R, 16792
R, 16796
R, 16800
R, 16804
R, 16808
R, 16812
R, 16816
R, 16820
R, 16824
R, 16828
R, 16832
R, 16836
R, 16840
R, 16844
R, 16848
R, 16852
R, 16856
R, 16860
R, 16864
R, 16868
R, 16872
R, 16876
R, 16880
W, 16616, 2430
W, 16332, -386
R, 16336
R, 16340
R, 16344
R, 16348
R, 16348
R, 16352
R, 16352
R, 16356
R, 16360
R, 16364
R, 16368
R, 16372
R, 16376
R, 16380
R, 16384
R, 16388
R, 16392
R, 16396
R, 16400
R, 16404
R, 16408
R, 16412
R, 16416
R, 16420
R, 16424
R, 16428
R, 16432
R, 16436
R, 16440
R, 16444
R, 16448
R, 16452
R, 16456
R, 16460
R, 16464
R, 16468
R, 16472
R, 16476
R, 16480
R, 16480
R, 16484
R, 16488
R, 16488
R, 16492
R, 16496
R, 16500
R, 16504
R, 16508
R, 16512
R, 16516
R, 16520
R, 16524
R, 16528
R, 16532
R, 16536
R, 16540
R, 16544
R, 16548
R, 16552
R, 16556
R, 16560
R, 16564
R, 16568
R, 16572
R, 16576
R, 16580
R, 16584
R, 16588
R, 16592
R, 16596
R, 16600
R, 16604
R, 16608
R, 16612
R, 16616
R, 16620
R, 16624
R, 16628
R, 16632
R, 16636
R, 16640
R, 16644
R, 16648
R, 16652
R, 16656
R, 16660
R, 16664
R, 16668
R, 16672
R, 16676
R, 16680
R, 16684
R, 16688
R, 16692
R, 16696
R, 16700
R, 16704
R, 16708
R, 16712
R, 16716
R, 16720
R, 16724
R, 16728
R, 16732
R, 16736
R, 16740
R, 16744
R, 16748
R, 16752
R, 16756
R, 16760
R, 16764
R, 16768
R, 16772
R, 16776
R, 16780
R, 16784
R, 16788
R, 16792
R, 16796
R, 16800
R, 16804
R, 16808
R, 16812
R, 16816
R, 16820
R, 16824
R, 16828
R, 16832
R, 16836
R, 16840
R, 16840
R, 16844
R, 16848
R, 16852
R, 16856
R, 16860
R, 16864
R, 16868
R, 16872
R, 16876
R, 16880
W, 16840, 1497
W, 16336, -386
R, 16340
R, 16344
R, 16348
R, 16348
R, 16352
R, 16352
R, 16356
R, 16360
R, 16364
R, 16368
R, 16372
R, 16376
R, 16380
R, 16384
R, 16388
R, 16392
R, 16396
R, 16400
R, 16404
R, 16408
R, 16412
R, 16416
R, 16420
R, 16424
R, 16428
R, 16432
R, 16436
R, 16440
R, 16444
R, 16448
R, 16452
R, 16456
R, 16460
R, 16464
R, 16468
R, 16472
R, 16476
R, 16480
R, 16480
R, 16484
R, 16488
R, 16488
R, 16492
R, 16496
R, 16500
R, 16504
R, 16508
R, 16512
R, 16516
R, 16520
R, 16524
R, 16528
R, 16532
R, 16536
R, 16540
R, 16544
R, 16548
R, 16552
R, 16556
R, 16560
R, 16564
R, 16568
R, 16572
R, 16576
R, 16580
R, 16584
R, 16588
R, 16592
R, 16596
R, 16600
R, 16604
R, 16608
R, 16612
R, 16616
R, 16620
R, 16624
R, 16628
R, 16632
R, 16636
R, 16640
R, 16644
R, 16648
R, 16652
R, 16656
R, 16660
R, 16664
R, 16668
R, 16672
R, 16676
R, 16680
R, 16684
R, 16688
R, 16692
R, 16696
R, 16700
R, 16704
R, 16708
R, 16712
R, 16716
R, 16720
R, 16724
R, 16728
R, 16732
R, 16736
R, 16740
R, 16744
R, 16748
R, 16752
R, 16756
R, 16760
R, 16764
R, 16768
R, 16772
R, 16776
R, 16780
R, 16784
R, 16788
R, 16792
R, 16796
R, 16800
R, 16804
R, 16808
R, 16812
R, 16816
R, 16820
R, 16824
R, 16828
R, 16832
R, 16836
R, 16840
R, 16844
R, 16848
R, 16852
R, 16856
R, 16860
R, 16864
R, 16868
R, 16872
R, 16876
R, 16880
W, 16488, 2015
W, 16340, -351
R, 16344
R, 16348
R, 16348
R, 16352
R, 16352
R, 16356
R, 16360
R, 16364
R, 16368
R, 16372
R, 16376
R, 16380
R, 16384
R, 16388
R, 16392
R, 16396
R, 16400
R, 16404
R, 16408
R, 16412
R, 16416
R, 16420
R, 16424
R, 16428
R, 16432
R, 16436
R, 16440
R, 16444
R, 16448
R, 16452
R, 16456
R, 16460
R, 16464
R, 16468
R, 16472
R, 16476
R, 16480
R, 16480
R, 16484
R, 16488
R, 16492
R, 16496
R, 16500
R, 16504
R, 16508
R, 16512
R, 16516
R, 16520
R, 16524
R, 16528
R, 16532
R, 16536
R, 16540
R, 16544
R, 16548
R, 16552
R, 16556
R, 16560
R, 16564
R, 16568
R, 16572
R, 16576
R, 16580
R, 16584
R, 16588
R, 16592
R, 16596
R, 16600
R, 16604
R, 16608
R, 16612
R, 16616
R, 16620
R, 16624
R, 16628
R, 16632
R, 16636
R, 16640
R, 16644
R, 16648
R, 16652
R, 16656
R, 16660
R, 16664
R, 16668
R, 16672
R, 16676
R, 16680
R, 16684
R, 16688
R, 16692
R, 16692
R, 16696
R, 16700
R, 16704
R, 16708
R, 16712
R, 16716
R, 16720
R, 16724
R, 16728
R, 16732
R, 16736
R, 16740
R, 16744
R, 16748
R, 16752
R, 16756
R, 16760
R, 16760
R, 16764
R, 16768
R, 16772
R, 16776
R, 16780
R, 16784
R, 16788
R, 16792
R, 16796
R, 16800
R, 16804
R, 16808
R, 16812
R, 16816
R, 16820
R, 16824
R, 16828
R, 16832
R, 16836
R, 16840
R, 16844
R, 16848
R, 16852
R, 16856
R, 16860
R, 16864
R, 16868
R, 16872
R, 16876
R, 16880
W, 16760, 3687
W, 16344, -305
R, 16348
R, 16352
R, 16352
R, 16356
R, 16360
R, 16364
R, 16368
R, 16372
R, 16376
R, 16380
R, 16384
R, 16388
R, 16392
R, 16396
R, 16400
R, 16404
R, 16408
R, 16412
R, 16416
R, 16420
R, 16424
R, 16428
R, 16432
R, 16436
R, 16440
R, 16444
R, 16448
R, 16452
R, 16456
R, 16460
R, 16464
R, 16468
R, 16472
R, 16476
R, 16480
R, 16480
R, 16484
R, 16488
R, 16492
R, 16496
R, 16500
R, 16504
R, 16508
R, 16512
R, 16516
R, 16520
R, 16524
R, 16528
R, 16532
R, 16536
R, 16540
R, 16544
R, 16548
R, 16552
R, 16556
R, 16560
R, 16564
R, 16568
R, 16572
R, 16576
R, 16580
R, 16584
R, 16588
R, 16592
R, 16596
R, 16600
R, 16604
R, 16608
R, 16612
R, 16616
R, 16620
R, 16624
R, 16628
R, 16632
R, 16636
R, 16640
R, 16644
R, 16648
R, 16652
R, 16656
R, 16660
R, 16664
R, 16668
R, 16672
R, 16676
R, 16680
R, 16684
R, 16688
R, 16692
R, 16692
R, 16696
R, 16700
R, 16704
R, 16708
R, 16712
R, 16716
R, 16720
R, 16724
R, 16728
R, 16732
R, 16736
R, 16740
R, 16744
R, 16748
R, 16752
R, 16756
R, 16760
R, 16764
R, 16768
R, 16772
R, 16776
R, 16780
R, 16784
R, 16788
R, 16792
R, 16796
R, 16800
R, 16804
R, 16808
R, 16812
R, 16816
R, 16820
R, 16824
R, 16828
R, 16832
R, 16836
R, 16840
R, 16844
R, 16848
R, 16852
R, 16856
R, 16860
R, 16864
R, 16868
R, 16872
R, 16876
R, 16880
W, 16692, -50
W, 16348, -271
R, 16352
R, 16356
R, 16360
R, 16364
R, 16368
R, 16372
R, 16376
R, 16380
R, 16384
R, 16388
R, 16392
R, 16396
R, 16400
R, 16404
R, 16408
R, 16412
R, 16416
R, 16420
R, 16424
R, 16428
R, 16432
R, 16436
R, 16440
R, 16444
R, 16448
R, 16452
R, 16456
R, 16460
R, 16464
R, 16468
R, 16472
R, 16476
R, 16480
R, 16480
R, 16484
R, 16488
R, 16492
R, 16496
R, 16500
R, 16504
R, 16508
R, 16512
R, 16516
R, 16520
R, 16524
R, 16528
R, 16532
R, 16536
R, 16540
R, 16544
R, 16548
R, 16552
R, 16556
R, 16560
R, 16564
R, 16568
R, 16572
R, 16576
R, 16580
R, 16584
R, 16588
R, 16592
R, 16596
R, 16600
R, 16604
R, 16608
R, 16612
R, 16616
R, 16620
R, 16624
R, 16628
R, 16632
R, 16636
R, 16640
R, 16644
R, 16648
R, 16652
R, 16656
R, 16660
R, 16664
R, 16668
R, 16672
R, 16676
R, 16680
R, 16684
R, 16688
R, 16692
R, 16696
R, 16700
R, 16704
R, 16708
R, 16712
R, 16716
R, 16720
R, 16724
R, 16728
R, 16732
R, 16736
R, 16740
R, 16744
R, 16748
R, 16752
R, 16756
R, 16760
R, 16764
R, 16768
R, 16772
R, 16776
R, 16780
R, 16784
R, 16788
R, 16792
R, 16796
R, 16800
R, 16804
R, 16808
R, 16812
R, 16816
R, 16820
R, 16824
R, 16828
R, 16832
R, 16836
R, 16840
R, 16844
R, 16848
R, 16852
R, 16856
R, 16860
R, 16864
R, 16868
R, 16872
R, 16876
R, 16880
W, 16480, -211
W, 16352, -235
R, 16356
R, 16360
R, 16364
R, 16364
R, 16368
R, 16372
R, 16376
R, 16380
R, 16384
R, 16388
R, 16392
R, 16396
R, 16400
R, 16404
R, 16408
R, 16412
R, 16416
R, 16420
R, 16424
R, 16428
R, 16432
R, 16432
R, 16436
R, 16440
R, 16444
R, 16448
R, 16452
R, 16456
R, 16460
R, 16464
R, 16468
R, 16472
R, 16476
R, 16480
R, 16480
R, 16484
R, 16488
R, 16492
R, 16496
R, 16500
R, 16504
R, 16508
R, 16512
R, 16516
R, 16520
R, 16524
R, 16528
R, 16532
R, 16536
R, 16540
R, 16544
R, 16548
R, 16552
R, 16556
R, 16560
R, 16564
R, 16568
R, 16572
R, 16576
R, 16580
R, 16584
R, 16588
R, 16592
R, 16596
R, 16600
R, 16604
R, 16608
R, 16612
R, 16616
R, 16620
R, 16624
R, 16628
R, 16632
R, 16636
R, 16640
R, 16644
R, 16648
R, 16652
R, 16656
R, 16660
R, 16664
R, 16668
R, 16672
R, 16676
R, 16680
R, 16684
R, 16688
R, 16692
R, 16696
R, 16700
R, 16704
R, 16708
R, 16712
R, 16716
R, 16720
R, 16724
R, 16728
R, 16732
R, 16736
R, 16740
R, 16744
R, 16748
R, 16752
R, 16756
R, 16760
R, 16764
R, 16768
R, 16772
R, 16776
R, 16780
R, 16784
R, 16788
R, 16792
R, 16796
R, 16800
R, 16804
R, 16808
R, 16812
R, 16816
R, 16820
R, 16824
R, 16828
R, 16832
R, 16836
R, 16840
R, 16844
R, 16844
R, 16848
R, 16852
R, 16856
R, 16860
R, 16864
R, 16868
R, 16872
R, 16876
R, 16880
W, 16844, 2173
W, 16356, -230
R, 16360
R, 16364
R, 16364
R, 16368
R, 16372
R, 16376
R, 16380
R, 16384
R, 16388
R, 16392
R, 16396
R, 16400
R, 16404
R, 16408
R, 16412
R, 16416
R, 16420
R, 16424
R, 16428
R, 16432
R, 16432
R, 16436
R, 16440
R, 16444
R, 16448
R, 16452
R, 16456
R, 16460
R, 16464
R, 16468
R, 16472
R, 16476
R, 16480
R, 16480
R, 16484
R, 16488
R, 16492
R, 16496
R, 16500
R, 16504
R, 16508
R, 16512
R, 16516
R, 16520
R, 16524
R, 16528
R, 16532
R, 16536
R, 16540
R, 16544
R, 16548
R, 16552
R, 16556
R, 16560
R, 16564
R, 16568
R, 16572
R, 16576
R, 16580
R, 16584
R, 16588
R, 16592
R, 16596
R, 16600
R, 16604
R, 16608
R, 16612
R, 16616
R, 16620
R, 16624
R, 16628
R, 16632
R, 16636
R, 16640
R, 16644
R, 16648
R, 16652
R, 16656
R, 16660
R, 16664
R, 16668
R, 16672
R, 16676
R, 16680
R, 16684
R, 16688
R, 16692
R, 16696
R, 16700
R, 16704
R, 16708
R, 16712
R, 16716
R, 16720
R, 16724
R, 16728
R, 16732
R, 16736
R, 16740
R, 16744
R, 16748
R, 16752
R, 16756
R, 16760
R, 16764
R, 16768
R, 16772
R, 16776
R, 16780
R, 16784
R, 16788
R, 16792
R, 16796
R, 16800
R, 16804
R, 16808
R, 16812
R, 16816
R, 16820
R, 16824
R, 16828
R, 16832
R, 16836
R, 16840
R, 16844
R, 16848
R, 16852
R, 16856
R, 16860
R, 16864
R, 16868
R, 16872
R, 16876
R, 16880
W, 16480, 3654
W, 16360, -211
R, 16364
R, 16368
R, 16372
R, 16376
R, 16380
R, 16384
R, 16388
R, 16392
R, 16396
R, 16400
R, 16404
R, 16408
R, 16412
R, 16416
R, 16420
R, 16424
R, 16428
R, 16432
R, 16432
R, 16436
R, 16440
R, 16444
R, 16448
R, 16452
R, 16456
R, 16460
R, 16464
R, 16468
R, 16472
R, 16476
R, 16480
R, 16484
R, 16488
R, 16492
R, 16496
R, 16500
R, 16504
R, 16508
R, 16512
R, 16516
R, 16520
R, 16524
R, 16528
R, 16532
R, 16536
R, 16540
R, 16544
R, 16548
R, 16552
R, 16556
R, 16560
R, 16564
R, 16568
R, 16572
R, 16576
R, 16580
R, 16584
R, 16588
R, 16592
R, 16596
R, 16600
R, 16604
R, 16608
R, 16612
R, 16616
R, 16620
R, 16624
R, 16628
R, 16632
R, 16636
R, 16640
R, 16644
R, 16648
R, 16652
R, 16656
R, 16660
R, 16664
R, 16668
R, 16672
R, 16676
R, 16680
R, 16684
R, 16688
R, 16692
R, 16696
R, 16700
R, 16704
R, 16708
R, 16712
R, 16716
R, 16720
R, 16724
R, 16728
R, 16732
R, 16736
R, 16740
R, 16744
R, 16748
R, 16752
R, 16756
R, 16760
R, 16764
R, 16768
R, 16772
R, 16776
R, 16780
R, 16784
R, 16788
R, 16792
R, 16796
R, 16800
R, 16804
R, 16808
R, 16812
R, 16816
R, 16820
R, 16824
R, 16828
R, 16832
R, 16836
R, 16836
R, 16840
R, 16844
R, 16848
R, 16852
R, 16856
R, 16860
R, 16864
R, 16868
R, 16868
R, 16872
R, 16876
R, 16880
W, 16868, -70
W, 16364, -183
R, 16368
R, 16372
R, 16376
R, 16376
R, 16380
R, 16384
R, 16388
R, 16392
R, 16396
R, 16400
R, 16404
R, 16408
R, 16412
R, 16416
R, 16420
R, 16424
R, 16428
R, 16432
R, 16432
R, 16436
R, 16440
R, 16444
R, 16448
R, 16452
R, 16456
R, 16460
R, 16464
R, 16468
R, 16472
R, 16476
R, 16480
R, 16484
R, 16488
R, 16492
R, 16496
R, 16500
R, 16504
R, 16508
R, 16512
R, 16516
R, 16520
R, 16524
R, 16528
R, 16532
R, 16536
R, 16540
R, 16544
R, 16548
R, 16552
R, 16556
R, 16560
R, 16564
R, 16568
R, 16572
R, 16576
R, 16580
R, 16584
R, 16588
R, 16592
R, 16596
R, 16600
R, 16604
R, 16608
R, 16612
R, 16616
R, 16620
R, 16624
R, 16628
R, 16632
R, 16636
R, 16640
R, 16644
R, 16648
R, 16652
R, 16656
R, 16660
R, 16664
R, 16668
R, 16672
R, 16676
R, 16680
R, 16684
R, 16688
R, 16692
R, 16696
R, 16700
R, 16704
R, 16708
R, 16712
R, 16716
R, 16720
R, 16724
R, 16728
R, 16732
R, 16736
R, 16740
R, 16744
R, 16748
R, 16752
R, 16756
R, 16760
R, 16764
R, 16768
R, 16772
R, 16776
R, 16780
R, 16784
R, 16788
R, 16792
R, 16796
R, 16800
R, 16804
R, 16808
R, 16812
R, 16816
R, 16820
R, 16824
R, 16828
R, 16832
R, 16836
R, 16836
R, 16840
R, 16844
R, 16848
R, 16852
R, 16856
R, 16860
R, 16864
R, 16868
R, 16872
R, 16876
R, 16880
W, 16836, 3184
W, 16368, -170
R, 16372
R, 16376
R, 16376
R, 16380
R, 16384
R, 16388
R, 16392
R, 16396
R, 16400
R, 16404
R, 16408
R, 16412
R, 16416
R, 16420
R, 16424
R, 16428
R, 16432
R, 16432
R, 16436
R, 16440
R, 16444
R, 16448
R, 16452
R, 16456
R, 16460
R, 16464
R, 16468
R, 16472
R, 16476
R, 16480
R, 16484
R, 16488
R, 16492
R, 16496
R, 16500
R, 16504
R, 16508
R, 16512
R, 16516
R, 16520
R, 16524
R, 16528
R, 16532
R, 16536
R, 16540
R, 16544
R, 16548
R, 16552
R, 16556
R, 16560
R, 16564
R, 16568
R, 16572
R, 16576
R, 16580
R, 16584
R, 16588
R, 16592
R, 16596
R, 16600
R, 16604
R, 16608
R, 16612
R, 16616
R, 16620
R, 16624
R, 16628
R, 16632
R, 16636
R, 16640
R, 16644
R, 16648
R, 16652
R, 16656
R, 16660
R, 16664
R, 16668
R, 16672
R, 16676
R, 16680
R, 16684
R, 16688
R, 16692
R, 16696
R, 16700
R, 16704
R, 16708
R, 16712
R, 16716
R, 16720
R, 16724
R, 16728
R, 16732
R, 16736
R, 16740
R, 16744
R, 16748
R, 16752
R, 16756
R, 16760
R, 16764
R, 16768
R, 16772
R, 16776
R, 16780
R, 16784
R, 16788
R, 16792
R, 16796
R, 16800
R, 16804
R, 16808
R, 16812
R, 16816
R, 16820
R, 16824
R, 16828
R, 16832
R, 16836
R, 16840
R, 16844
R, 16848
R, 16852
R, 16856
R, 16860
R, 16864
R, 16868
R, 16872
R, 16876
R, 16880
W, 16432, 3444
W, 16372, -146
R, 16376
R, 16380
R, 16384
R, 16388
R, 16392
R, 16396
R, 16400
R, 16404
R, 16408
R, 16412
R, 16416
R, 16420
R, 16424
R, 16428
R, 16432
R, 16436
R, 16440
R, 16444
R, 16448
R, 16452
R, 16456
R, 16460
R, 16464
R, 16468
R, 16472
R, 16476
R, 16480
R, 16484
R, 16488
R, 16492
R, 16496
R, 16496
R, 16500
R, 16504
R, 16508
R, 16508
R, 16512
R, 16516
R, 16520
R, 16524
R, 16528
R, 16532
R, 16536
R, 16540
R, 16544
R, 16548
R, 16552
R, 16556
R, 16560
R, 16564
R, 16568
R, 16572
R, 16576
R, 16580
R, 16584
R, 16588
R, 16592
R, 16596
R, 16600
R, 16604
R, 16608
R, 16612
R, 16616
R, 16620
R, 16624
R, 16628
R, 16632
R, 16636
R, 16640
R, 16644
R, 16648
R, 16652
R, 16656
R, 16660
R, 16664
R, 16668
R, 16672
R, 16676
R, 16680
R, 16684
R, 16688
R, 16692
R, 16696
R, 16700
R, 16704
R, 16708
R, 16712
R, 16716
R, 16720
R, 16724
R, 16728
R, 16732
R, 16736
R, 16740
R, 16744
R, 16748
R, 16752
R, 16756
R, 16760
R, 16764
R, 16768
R, 16772
R, 16776
R, 16780
R, 16784
R, 16788
R, 16792
R, 16796
R, 16800
R, 16804
R, 16808
R, 16812
R, 16816
R, 16820
R, 16824
R, 16828
R, 16832
R, 16836
R, 16840
R, 16844
R, 16848
R, 16852
R, 16856
R, 16860
R, 16864
R, 16868
R, 16872
R, 16876
R, 16880
W, 16508, 533
W, 16376, -136
R, 16380
R, 16384
R, 16388
R, 16388
R, 16392
R, 16396
R, 16400
R, 16404
R, 16408
R, 16412
R, 16416
R, 16420
R, 16424
R, 16424
R, 16428
R, 16432
R, 16436
R, 16440
R, 16444
R, 16448
R, 16452
R, 16456
R, 16456
R, 16460
R, 16464
R, 16468
R, 16472
R, 16476
R, 16480
R, 16484
R, 16488
R, 16492
R, 16496
R, 16496
R, 16500
R, 16504
R, 16508
R, 16512
R, 16516
R, 16520
R, 16524
R, 16528
R, 16532
R, 16536
R, 16540
R, 16544
R, 16548
R, 16552
R, 16556
R, 16560
R, 16564
R, 16568
R, 16572
R, 16576
R, 16580
R, 16584
R, 16588
R, 16592
R, 16596
R, 16600
R, 16604
R, 16608
R, 16612
R, 16616
R, 16620
R, 16624
R, 16628
R, 16632
R, 16636
R, 16640
R, 16644
R, 16648
R, 16652
R, 16656
R, 16660
R, 16664
R, 16668
R, 16672
R, 16676
R, 16680
R, 16684
R, 16688
R, 16692
R, 16692
R, 16696
R, 16700
R, 16704
R, 16708
R, 16712
R, 16716
R, 16720
R, 16724
R, 16728
R, 16732
R, 16736
R, 16736
R, 16740
R, 16744
R, 16748
R, 16752
R, 16756
R, 16760
R, 16764
R, 16768
R, 16772
R, 16776
R, 16780
R, 16784
R, 16788
R, 16792
R, 16796
R, 16800
R, 16804
R, 16808
R, 16812
R, 16816
R, 16820
R, 16824
R, 16828
R, 16832
R, 16836
R, 16840
R, 16844
R, 16848
R, 16852
R, 16856
R, 16860
R, 16864
R, 16868
R, 16872
R, 16876
R, 16880
W, 16736, 1683
W, 16380, -98
R, 16384
R, 16388
R, 16388
R, 16392
R, 16396
R, 16400
R, 16404
R, 16408
R, 16412
R, 16416
R, 16420
R, 16424
R, 16424
R, 16428
R, 16432
R, 16436
R, 16440
R, 16444
R, 16448
R, 16452
R, 16456
R, 16456
R, 16460
R, 16464
R, 16468
R, 16472
R, 16476
R, 16480
R, 16484
R, 16488
R, 16492
R, 16496
R, 16496
R, 16500
R, 16504
R, 16508
R, 16512
R, 16516
R, 16520
R, 16524
R, 16528
R, 16532
R, 16536
R, 16540
R, 16544
R, 16548
R, 16552
R, 16556
R, 16560
R, 16564
R, 16568
R, 16572
R, 16576
R, 16580
R, 16584
R, 16588
R, 16592
R, 16596
R, 16600
R, 16604
R, 16608
R, 16612
R, 16616
R, 16620
R, 16624
R, 16628
R, 16632
R, 16636
R, 16640
R, 16644
R, 16648
R, 16652
R, 16656
R, 16660
R, 16664
R, 16668
R, 16672
R, 16676
R, 16680
R, 16684
R, 16688
R, 16692
R, 16692
R, 16696
R, 16700
R, 16704
R, 16708
R, 16712
R, 16716
R, 16720
R, 16724
R, 16728
R, 16732
R, 16736
R, 16740
R, 16744
R, 16748
R, 16752
R, 16756
R, 16760
R, 16764
R, 16768
R, 16772
R, 16776
R, 16780
R, 16784
R, 16788
R, 16792
R, 16796
R, 16800
R, 16804
R, 16808
R, 16812
R, 16816
R, 16820
R, 16824
R, 16828
R, 16832
R, 16836
R, 16840
R, 16844
R, 16848
R, 16852
R, 16856
R, 16860
R, 16864
R, 16868
R, 16868
R, 16872
R, 16876
R, 16880
W, 16868, 4358
W, 16384, -70
R, 16388
R, 16392
R, 16396
R, 16400
R, 16404
R, 16408
R, 16412
R, 16416
R, 16420
R, 16424
R, 16424
R, 16428
R, 16432
R, 16436
R, 16440
R, 16444
R, 16448
R, 16452
R, 16456
R, 16456
R, 16460
R, 16464
R, 16468
R, 16472
R, 16476
R, 16480
R, 16484
R, 16488
R, 16492
R, 16496
R, 16496
R, 16500
R, 16504
R, 16508
R, 16512
R, 16516
R, 16520
R, 16524
R, 16528
R, 16532
R, 16536
R, 16540
R, 16544
R, 16548
R, 16552
R, 16556
R, 16560
R, 16564
R, 16568
R, 16572
R, 16576
R, 16580
R, 16584
R, 16588
R, 16592
R, 16596
R, 16600
R, 16604
R, 16608
R, 16612
R, 16616
R, 16620
R, 16624
R, 16628
R, 16632
R, 16636
R, 16640
R, 16644
R, 16648
R, 16652
R, 16656
R, 16660
R, 16664
R, 16668
R, 16672
R, 16676
R, 16680
R, 16684
R, 16688
R, 16692
R, 16692
R, 16696
R, 16700
R, 16704
R, 16708
R, 16712
R, 16716
R, 16720
R, 16724
R, 16728
R, 16732
R, 16736
R, 16740
R, 16744
R, 16748
R, 16752
R, 16756
R, 16760
R, 16764
R, 16768
R, 16772
R, 16776
R, 16780
R, 16784
R, 16788
R, 16792
R, 16796
R, 16800
R, 16804
R, 16808
R, 16812
R, 16816
R, 16820
R, 16824
R, 16828
R, 16832
R, 16836
R, 16840
R, 16844
R, 16848
R, 16852
R, 16856
R, 16860
R, 16864
R, 16868
R, 16872
R, 16876
R, 16880
W, 16692, 1033
W, 16388, -50
R, 16392
R, 16396
R, 16400
R, 16404
R, 16408
R, 16412
R, 16416
R, 16420
R, 16424
R, 16424
R, 16428
R, 16432
R, 16436
R, 16440
R, 16444
R, 16448
R, 16452
R, 16456
R, 16456
R, 16460
R, 16464
R, 16468
R, 16472
R, 16476
R, 16480
R, 16484
R, 16488
R, 16492
R, 16496
R, 16496
R, 16500
R, 16504
R, 16508
R, 16512
R, 16516
R, 16520
R, 16524
R, 16528
R, 16532
R, 16536
R, 16540
R, 16544
R, 16548
R, 16552
R, 16556
R, 16560
R, 16564
R, 16568
R, 16572
R, 16576
R, 16580
R, 16584
R, 16588
R, 16592
R, 16596
R, 16600
R, 16604
R, 16608
R, 16612
R, 16616
R, 16620
R, 16624
R, 16628
R, 16632
R, 16636
R, 16640
R, 16644
R, 16648
R, 16652
R, 16656
R, 16660
R, 16664
R, 16668
R, 16672
R, 16676
R, 16680
R, 16684
R, 16688
R, 16692
R, 16696
R, 16696
R, 16700
R, 16704
R, 16708
R, 16708
R, 16712
R, 16716
R, 16720
R, 16724
R, 16728
R, 16732
R, 16736
R, 16740
R, 16744
R, 16748
R, 16752
R, 16756
R, 16760
R, 16764
R, 16768
R, 16772
R, 16776
R, 16780
R, 16784
R, 16788
R, 16792
R, 16796
R, 16800
R, 16804
R, 16808
R, 16812
R, 16816
R, 16820
R, 16824
R, 16828
R, 16832
R, 16836
R, 16840
R, 16844
R, 16848
R, 16852
R, 16856
R, 16860
R, 16864
R, 16868
R, 16872
R, 16876
R, 16880
W, 16708, 1817
W, 16392, 89
R, 16396
R, 16400
R, 16400
R, 16404
R, 16408
R, 16408
R, 16412
R, 16416
R, 16420
R, 16424
R, 16424
R, 16428
R, 16432
R, 16436
R, 16440
R, 16444
R, 16448
R, 16452
R, 16456
R, 16456
R, 16460
R, 16464
R, 16468
R, 16472
R, 16476
R, 16480
R, 16484
R, 16488
R, 16492
R, 16496
R, 16496
R, 16500
R, 16504
R, 16508
R, 16512
R, 16516
R, 16520
R, 16524
R, 16528
R, 16532
R, 16536
R, 16540
R, 16544
R, 16548
R, 16552
R, 16556
R, 16560
R, 16564
R, 16568
R, 16572
R, 16576
R, 16580
R, 16584
R, 16588
R, 16592
R, 16596
R, 16600
R, 16604
R, 16608
R, 16612
R, 16616
R, 16620
R, 16624
R, 16628
R, 16632
R, 16636
R, 16640
R, 16644
R, 16648
R, 16652
R, 16656
R, 16660
R, 16664
R, 16668
R, 16672
R, 16676
R, 16680
R, 16684
R, 16688
R, 16692
R, 16696
R, 16696
R, 16700
R, 16704
R, 16708
R, 16712
R, 16716
R, 16720
R, 16724
R, 16728
R, 16732
R, 16736
R, 16740
R, 16744
R, 16748
R, 16752
R, 16756
R, 16760
R, 16764
R, 16768
R, 16772
R, 16776
R, 16780
R, 16784
R, 16788
R, 16792
R, 16796
R, 16800
R, 16804
R, 16808
R, 16812
R, 16816
R, 16820
R, 16824
R, 16828
R, 16832
R, 16836
R, 16840
R, 16844
R, 16848
R, 16852
R, 16856
R, 16860
R, 16864
R, 16868
R, 16872
R, 16876
R, 16880
W, 16696, 3670
W, 16396, 310
R, 16400
R, 16404
R, 16408
R, 16408
R, 16412
R, 16416
R, 16420
R, 16424
R, 16424
R, 16428
R, 16432
R, 16436
R, 16440
R, 16444
R, 16448
R, 16452
R, 16456
R, 16456
R, 16460
R, 16464
R, 16468
R, 16472
R, 16476
R, 16480
R, 16484
R, 16488
R, 16492
R, 16496
R, 16496
R, 16500
R, 16504
R, 16508
R, 16512
R, 16516
R, 16520
R, 16524
R, 16528
R, 16532
R, 16536
R, 16540
R, 16544
R, 16548
R, 16552
R, 16556
R, 16560
R, 16564
R, 16568
R, 16572
R, 16576
R, 16580
R, 16584
R, 16588
R, 16592
R, 16596
R, 16600
R, 16604
R, 16608
R, 16612
R, 16616
R, 16620
R, 16624
R, 16628
R, 16632
R, 16636
R, 16640
R, 16644
R, 16648
R, 16652
R, 16656
R, 16660
R, 16664
R, 16668
R, 16672
R, 16676
R, 16680
R, 16684
R, 16688
R, 16692
R, 16696
R, 16700
R, 16700
R, 16704
R, 16708
R, 16712
R, 16716
R, 16720
R, 16724
R, 16728
R, 16732
R, 16736
R, 16740
R, 16744
R, 16748
R, 16752
R, 16756
R, 16760
R, 16764
R, 16768
R, 16772
R, 16776
R, 16780
R, 16784
R, 16788
R, 16792
R, 16796
R, 16800
R, 16804
R, 16808
R, 16812
R, 16816
R, 16820
R, 16824
R, 16828
R, 16832
R, 16836
R, 16840
R, 16844
R, 16848
R, 16852
R, 16856
R, 16860
R, 16864
R, 16868
R, 16872
R, 16876
R, 16880
W, 16700, 2324
W, 16400, 461
R, 16404
R, 16408
R, 16408
R, 16412
R, 16416
R, 16420
R, 16424
R, 16424
R, 16428
R, 16432
R, 16436
R, 16440
R, 16444
R, 16448
R, 16452
R, 16456
R, 16456
R, 16460
R, 16464
R, 16468
R, 16472
R, 16476
R, 16480
R, 16484
R, 16488
R, 16492
R, 16496
R, 16496
R, 16500
R, 16504
R, 16508
R, 16512
R, 16516
R, 16520
R, 16524
R, 16528
R, 16532
R, 16536
R, 16540
R, 16544
R, 16548
R, 16552
R, 16556
R, 16560
R, 16564
R, 16568
R, 16572
R, 16576
R, 16580
R, 16584
R, 16588
R, 16592
R, 16596
R, 16600
R, 16604
R, 16608
R, 16612
R, 16616
R, 16620
R, 16624
R, 16628
R, 16632
R, 16636
R, 16640
R, 16644
R, 16648
R, 16652
R, 16656
R, 16660
R, 16664
R, 16668
R, 16672
R, 16676
R, 16680
R, 16684
R, 16688
R, 16692
R, 16696
R, 16700
R, 16704
R, 16708
R, 16712
R, 16716
R, 16720
R, 16724
R, 16728
R, 16732
R, 16736
R, 16740
R, 16744
R, 16748
R, 16752
R, 16756
R, 16760
R, 16764
R, 16768
R, 16772
R, 16776
R, 16780
R, 16784
R, 16788
R, 16792
R, 16796
R, 16800
R, 16804
R, 16808
R, 16812
R, 16816
R, 16820
R, 16824
R, 16828
R, 16832
R, 16836
R, 16840
R, 16844
R, 16848
R, 16852
R, 16856
R, 16860
R, 16864
R, 16868
R, 16872
R, 16876
R, 16880
W, 16496, 2831
W, 16404, 480
R, 16408
R, 16412
R, 16416
R, 16420
R, 16424
R, 16424
R, 16428
R, 16432
R, 16436
R, 16440
R, 16444
R, 16448
R, 16452
R, 16456
R, 16456
R, 16460
R, 16464
R, 16468
R, 16472
R, 16476
R, 16480
R, 16484
R, 16488
R, 16492
R, 16496
R, 16500
R, 16504
R, 16508
R, 16508
R, 16512
R, 16516
R, 16520
R, 16524
R, 16528
R, 16532
R, 16536
R, 16540
R, 16540
R, 16544
R, 16548
R, 16552
R, 16556
R, 16560
R, 16564
R, 16568
R, 16572
R, 16576
R, 16580
R, 16584
R, 16588
R, 16592
R, 16596
R, 16600
R, 16604
R, 16608
R, 16612
R, 16616
R, 16620
R, 16624
R, 16624
R, 16628
R, 16632
R, 16636
R, 16640
R, 16644
R, 16648
R, 16652
R, 16656
R, 16660
R, 16664
R, 16668
R, 16672
R, 16676
R, 16680
R, 16684
R, 16688
R, 16692
R, 16696
R, 16700
R, 16704
R, 16708
R, 16712
R, 16716
R, 16720
R, 16724
R, 16728
R, 16732
R, 16736
R, 16740
R, 16744
R, 16748
R, 16752
R, 16756
R, 16760
R, 16764
R, 16768
R, 16772
R, 16776
R, 16780
R, 16784
R, 16788
R, 16792
R, 16796
R, 16800
R, 16804
R, 16808
R, 16812
R, 16816
R, 16820
R, 16824
R, 16828
R, 16832
R, 16836
R, 16840
R, 16844
R, 16848
R, 16852
R, 16856
R, 16860
R, 16864
R, 16868
R, 16872
R, 16876
R, 16880
W, 16624, 1900
W, 16408, 488
R, 16412
R, 16416
R, 16420
R, 16424
R, 16424
R, 16428
R, 16432
R, 16436
R, 16440
R, 16444
R, 16448
R, 16452
R, 16456
R, 16456
R, 16460
R, 16464
R, 16468
R, 16472
R, 16476
R, 16480
R, 16484
R, 16488
R, 16492
R, 16496
R, 16500
R, 16504
R, 16508
R, 16508
R, 16512
R, 16516
R, 16520
R, 16524
R, 16528
R, 16532
R, 16536
R, 16540
R, 16540
R, 16544
R, 16548
R, 16552
R, 16556
R, 16560
R, 16564
R, 16568
R, 16572
R, 16576
R, 16580
R, 16584
R, 16588
R, 16592
R, 16596
R, 16600
R, 16604
R, 16608
R, 16612
R, 16616
R, 16620
R, 16624
R, 16628
R, 16632
R, 16636
R, 16640
R, 16644
R, 16648
R, 16652
R, 16656
R, 16660
R, 16664
R, 16668
R, 16672
R, 16676
R, 16680
R, 16684
R, 16688
R, 16692
R, 16696
R, 16700
R, 16704
R, 16708
R, 16712
R, 16716
R, 16720
R, 16724
R, 16728
R, 16732
R, 16736
R, 16740
R, 16744
R, 16748
R, 16752
R, 16756
R, 16760
R, 16764
R, 16768
R, 16772
R, 16776
R, 16780
R, 16784
R, 16788
R, 16792
R, 16796
R, 16800
R, 16804
R, 16808
R, 16812
R, 16816
R, 16820
R, 16824
R, 16828
R, 16832
R, 16836
R, 16840
R, 16844
R, 16848
R, 16852
R, 16856
R, 16860
R, 16864
R, 16868
R, 16872
R, 16876
R, 16880
W, 16540, 2340
W, 16412, 523
R, 16416
R, 16420
R, 16420
R, 16424
R, 16424
R, 16428
R, 16432
R, 16436
R, 16440
R, 16444
R, 16448
R, 16452
R, 16456
R, 16456
R, 16460
R, 16464
R, 16468
R, 16472
R, 16476
R, 16480
R, 16484
R, 16488
R, 16492
R, 16496
R, 16500
R, 16504
R, 16508
R, 16508
R, 16512
R, 16516
R, 16520
R, 16524
R, 16528
R, 16532
R, 16536
R, 16540
R, 16544
R, 16548
R, 16552
R, 16556
R, 16560
R, 16564
R, 16568
R, 16572
R, 16576
R, 16580
R, 16584
R, 16588
R, 16592
R, 16596
R, 16600
R, 16604
R, 16608
R, 16612
R, 16616
R, 16620
R, 16624
R, 16628
R, 16632
R, 16636
R, 16640
R, 16644
R, 16648
R, 16652
R, 16656
R, 16660
R, 16664
R, 16668
R, 16672
R, 16676
R, 16680
R, 16684
R, 16688
R, 16692
R, 16696
R, 16700
R, 16704
R, 16708
R, 16712
R, 16716
R, 16720
R, 16724
R, 16728
R, 16732
R, 16736
R, 16740
R, 16744
R, 16748
R, 16752
R, 16756
R, 16760
R, 16764
R, 16768
R, 16772
R, 16776
R, 16780
R, 16784
R, 16788
R, 16792
R, 16796
R, 16800
R, 16804
R, 16808
R, 16812
R, 16816
R, 16820
R, 16824
R, 16828
R, 16832
R, 16836
R, 16840
R, 16844
R, 16848
R, 16852
R, 16852
R, 16856
R, 16860
R, 16864
R, 16868
R, 16872
R, 16876
R, 16880
W, 16852, 4575
W, 16416, 532
R, 16420
R, 16424
R, 16424
R, 16428
R, 16432
R, 16436
R, 16440
R, 16444
R, 16448
R, 16452
R, 16456
R, 16456
R, 16460
R, 16464
R, 16468
R, 16472
R, 16476
R, 16480
R, 16484
R, 16488
R, 16492
R, 16496
R, 16500
R, 16504
R, 16508
R, 16508
R, 16512
R, 16516
R, 16520
R, 16524
R, 16528
R, 16532
R, 16536
R, 16540
R, 16544
R, 16548
R, 16552
R, 16556
R, 16560
R, 16564
R, 16568
R, 16572
R, 16576
R, 16580
R, 16584
R, 16588
R, 16592
R, 16596
R, 16600
R, 16604
R, 16608
R, 16612
R, 16616
R, 16620
R, 16624
R, 16628
R, 16632
R, 16636
R, 16640
R, 16644
R, 16648
R, 16652
R, 16656
R, 16660
R, 16664
R, 16668
R, 16672
R, 16676
R, 16680
R, 16684
R, 16688
R, 16692
R, 16696
R, 16700
R, 16704
R, 16708
R, 16712
R, 16716
R, 16720
R, 16724
R, 16728
R, 16732
R, 16736
R, 16740
R, 16744
R, 16748
R, 16752
R, 16756
R, 16760
R, 16764
R, 16768
R, 16772
R, 16776
R, 16780
R, 16784
R, 16788
R, 16792
R, 16796
R, 16800
R, 16804
R, 16808
R, 16812
R, 16816
R, 16820
R, 16824
R, 16828
R, 16832
R, 16836
R, 16840
R, 16844
R, 16848
R, 16852
R, 16856
R, 16860
R, 16864
R, 16868
R, 16872
R, 16876
R, 16880
W, 16508, 3720
W, 16420, 533
R, 16424
R, 16428
R, 16432
R, 16436
R, 16440
R, 16444
R, 16448
R, 16452
R, 16456
R, 16456
R, 16460
R, 16464
R, 16468
R, 16472
R, 16476
R, 16480
R, 16484
R, 16488
R, 16492
R, 16496
R, 16500
R, 16504
R, 16508
R, 16512
R, 16516
R, 16520
R, 16524
R, 16528
R, 16528
R, 16532
R, 16536
R, 16540
R, 16544
R, 16548
R, 16552
R, 16556
R, 16560
R, 16564
R, 16568
R, 16572
R, 16576
R, 16580
R, 16584
R, 16588
R, 16592
R, 16596
R, 16600
R, 16604
R, 16608
R, 16612
R, 16616
R, 16620
R, 16624
R, 16628
R, 16632
R, 16636
R, 16640
R, 16644
R, 16648
R, 16652
R, 16656
R, 16660
R, 16664
R, 16668
R, 16672
R, 16676
R, 16680
R, 16684
R, 16688
R, 16692
R, 16696
R, 16700
R, 16704
R, 16704
R, 16708
R, 16712
R, 16716
R, 16720
R, 16724
R, 16728
R, 16732
R, 16736
R, 16740
R, 16744
R, 16748
R, 16752
R, 16756
R, 16760
R, 16764
R, 16768
R, 16772
R, 16776
R, 16780
R, 16784
R, 16788
R, 16792
R, 16796
R, 16800
R, 16804
R, 16808
R, 16812
R, 16816
R, 16820
R, 16824
R, 16828
R, 16832
R, 16836
R, 16840
R, 16844
R, 16848
R, 16852
R, 16856
R, 16860
R, 16864
R, 16868
R, 16872
R, 16876
R, 16880
W, 16704, 865
W, 16424, 533
R, 16428
R, 16432
R, 16432
R, 16436
R, 16440
R, 16440
R, 16444
R, 16444
R, 16448
R, 16452
R, 16456
R, 16456
R, 16460
R, 16464
R, 16468
R, 16472
R, 16476
R, 16480
R, 16484
R, 16488
R, 16492
R, 16496
R, 16500
R, 16504
R, 16508
R, 16512
R, 16516
R, 16520
R, 16524
R, 16528
R, 16528
R, 16532
R, 16536
R, 16540
R, 16544
R, 16548
R, 16552
R, 16556
R, 16560
R, 16564
R, 16568
R, 16572
R, 16576
R, 16580
R, 16584
R, 16588
R, 16592
R, 16596
R, 16600
R, 16604
R, 16608
R, 16612
R, 16616
R, 16620
R, 16624
R, 16628
R, 16632
R, 16636
R, 16640
R, 16644
R, 16648
R, 16652
R, 16656
R, 16660
R, 16664
R, 16668
R, 16672
R, 16676
R, 16680
R, 16684
R, 16688
R, 16692
R, 16696
R, 16700
R, 16704
R, 16708
R, 16712
R, 16716
R, 16720
R, 16724
R, 16728
R, 16732
R, 16736
R, 16740
R, 16744
R, 16748
R, 16752
R, 16756
R, 16760
R, 16764
R, 16768
R, 16772
R, 16776
R, 16780
R, 16784
R, 16788
R, 16788
R, 16792
R, 16796
R, 16800
R, 16804
R, 16808
R, 16812
R, 16816
R, 16820
R, 16824
R, 16828
R, 16832
R, 16836
R, 16840
R, 16844
R, 16848
R, 16852
R, 16856
R, 16860
R, 16864
R, 16868
R, 16872
R, 16876
R, 16880
W, 16788, 3885
W, 16428, 549
R, 16432
R, 16436
R, 16440
R, 16440
R, 16444
R, 16444
R, 16448
R, 16452
R, 16456
R, 16456
R, 16460
R, 16464
R, 16468
R, 16472
R, 16476
R, 16480
R, 16484
R, 16488
R, 16492
R, 16496
R, 16500
R, 16504
R, 16508
R, 16512
R, 16516
R, 16520
R, 16524
R, 16528
R, 16528
R, 16532
R, 16536
R, 16540
R, 16544
R, 16548
R, 16552
R, 16556
R, 16560
R, 16564
R, 16568
R, 16572
R, 16576
R, 16580
R, 16584
R, 16588
R, 16592
R, 16596
R, 16600
R, 16604
R, 16608
R, 16612
R, 16616
R, 16620
R, 16624
R, 16628
R, 16632
R, 16636
R, 16640
R, 16644
R, 16648
R, 16652
R, 16656
R, 16660
R, 16664
R, 16668
R, 16672
R, 16676
R, 16680
R, 16684
R, 16688
R, 16692
R, 16696
R, 16700
R, 16704
R, 16708
R, 16712
R, 16716
R, 16720
R, 16724
R, 16728
R, 16732
R, 16736
R, 16740
R, 16744
R, 16748
R, 16752
R, 16756
R, 16760
R, 16764
R, 16768
R, 16772
R, 16776
R, 16780
R, 16784
R, 16788
R, 16792
R, 16796
R, 16800
R, 16804
R, 16808
R, 16812
R, 16816
R, 16820
R, 16824
R, 16828
R, 16832
R, 16836
R, 16840
R, 16844
R, 16848
R, 16852
R, 16856
R, 16860
R, 16864
R, 16868
R, 16872
R, 16876
R, 16880
W, 16528, 3444
W, 16432, 577
R, 16436
R, 16440
R, 16440
R, 16444
R, 16444
R, 16448
R, 16452
R, 16456
R, 16456
R, 16460
R, 16464
R, 16468
R, 16472
R, 16476
R, 16480
R, 16484
R, 16488
R, 16492
R, 16496
R, 16500
R, 16504
R, 16508
R, 16512
R, 16516
R, 16520
R, 16524
R, 16528
R, 16532
R, 16536
R, 16540
R, 16544
R, 16548
R, 16552
R, 16556
R, 16560
R, 16564
R, 16568
R, 16572
R, 16576
R, 16580
R, 16584
R, 16588
R, 16592
R, 16596
R, 16600
R, 16604
R, 16608
R, 16612
R, 16616
R, 16620
R, 16624
R, 16628
R, 16632
R, 16636
R, 16640
R, 16644
R, 16648
R, 16652
R, 16656
R, 16660
R, 16660
R, 16664
R, 16668
R, 16672
R, 16676
R, 16680
R, 16684
R, 16688
R, 16692
R, 16696
R, 16700
R, 16704
R, 16708
R, 16712
R, 16716
R, 16720
R, 16724
R, 16728
R, 16732
R, 16736
R, 16740
R, 16744
R, 16748
R, 16752
R, 16756
R, 16760
R, 16764
R, 16768
R, 16772
R, 16776
R, 16780
R, 16784
R, 16788
R, 16792
R, 16796
R, 16800
R, 16804
R, 16808
R, 16812
R, 16816
R, 16820
R, 16824
R, 16828
R, 16832
R, 16836
R, 16840
R, 16844
R, 16848
R, 16852
R, 16856
R, 16860
R, 16864
R, 16868
R, 16872
R, 16876
R, 16880
W, 16660, 3779
W, 16436, 628
R, 16440
R, 16444
R, 16444
R, 16448
R, 16452
R, 16456
R, 16456
R, 16460
R, 16464
R, 16468
R, 16472
R, 16476
R, 16480
R, 16484
R, 16488
R, 16492
R, 16496
R, 16500
R, 16504
R, 16508
R, 16512
R, 16516
R, 16520
R, 16524
R, 16528
R, 16532
R, 16536
R, 16540
R, 16544
R, 16548
R, 16552
R, 16556
R, 16560
R, 16564
R, 16568
R, 16572
R, 16576
R, 16580
R, 16584
R, 16588
R, 16592
R, 16596
R, 16600
R, 16604
R, 16608
R, 16612
R, 16616
R, 16620
R, 16624
R, 16628
R, 16632
R, 16636
R, 16640
R, 16644
R, 16648
R, 16652
R, 16656
R, 16660
R, 16664
R, 16668
R, 16672
R, 16676
R, 16680
R, 16684
R, 16688
R, 16692
R, 16696
R, 16700
R, 16704
R, 16708
R, 16712
R, 16716
R, 16720
R, 16724
R, 16728
R, 16732
R, 16736
R, 16740
R, 16744
R, 16748
R, 16752
R, 16756
R, 16760
R, 16764
R, 16768
R, 16772
R, 16776
R, 16780
R, 16784
R, 16788
R, 16792
R, 16796
R, 16800
R, 16804
R, 16808
R, 16812
R, 16816
R, 16820
R, 16824
R, 16828
R, 16832
R, 16836
R, 16840
R, 16844
R, 16848
R, 16852
R, 16856
R, 16860
R, 16864
R, 16868
R, 16872
R, 16876
R, 16880
W, 16456, 2900
W, 16440, 688
R, 16444
R, 16448
R, 16452
R, 16456
R, 16460
R, 16464
R, 16468
R, 16472
R, 16476
R, 16480
R, 16484
R, 16488
R, 16492
R, 16496
R, 16500
R, 16504
R, 16508
R, 16512
R, 16516
R, 16520
R, 16524
R, 16528
R, 16532
R, 16536
R, 16540
R, 16544
R, 16548
R, 16552
R, 16556
R, 16560
R, 16564
R, 16568
R, 16572
R, 16576
R, 16580
R, 16580
R, 16584
R, 16588
R, 16592
R, 16596
R, 16600
R, 16604
R, 16608
R, 16612
R, 16616
R, 16620
R, 16624
R, 16628
R, 16632
R, 16636
R, 16640
R, 16644
R, 16648
R, 16652
R, 16656
R, 16660
R, 16664
R, 16668
R, 16672
R, 16676
R, 16680
R, 16680
R, 16684
R, 16688
R, 16692
R, 16696
R, 16700
R, 16704
R, 16708
R, 16712
R, 16716
R, 16720
R, 16724
R, 16728
R, 16732
R, 16736
R, 16740
R, 16744
R, 16748
R, 16752
R, 16756
R, 16760
R, 16764
R, 16768
R, 16772
R, 16776
R, 16780
R, 16784
R, 16788
R, 16792
R, 16796
R, 16800
R, 16804
R, 16808
R, 16812
R, 16816
R, 16820
R, 16824
R, 16828
R, 16832
R, 16836
R, 16840
R, 16844
R, 16848
R, 16852
R, 16856
R, 16860
R, 16864
R, 16868
R, 16872
R, 16876
R, 16880
W, 16680, 1027
W, 16444, 712
R, 16448
R, 16452
R, 16452
R, 16456
R, 16460
R, 16460
R, 16464
R, 16468
R, 16472
R, 16476
R, 16480
R, 16484
R, 16488
R, 16492
R, 16496
R, 16500
R, 16504
R, 16508
R, 16512
R, 16516
R, 16520
R, 16524
R, 16528
R, 16532
R, 16536
R, 16540
R, 16544
R, 16548
R, 16552
R, 16556
R, 16556
R, 16560
R, 16564
R, 16568
R, 16572
R, 16576
R, 16580
R, 16580
R, 16584
R, 16588
R, 16592
R, 16596
R, 16600
R, 16604
R, 16608
R, 16612
R, 16616
R, 16620
R, 16624
R, 16628
R, 16632
R, 16636
R, 16640
R, 16644
R, 16648
R, 16652
R, 16656
R, 16660
R, 16664
R, 16668
R, 16672
R, 16676
R, 16680
R, 16684
R, 16688
R, 16692
R, 16696
R, 16700
R, 16704
R, 16708
R, 16712
R, 16716
R, 16720
R, 16724
R, 16728
R, 16732
R, 16736
R, 16740
R, 16744
R, 16748
R, 16752
R, 16756
R, 16760
R, 16764
R, 16768
R, 16772
R, 16776
R, 16780
R, 16784
R, 16788
R, 16792
R, 16796
R, 16800
R, 16804
R, 16808
R, 16812
R, 16816
R, 16820
R, 16824
R, 16828
R, 16832
R, 16836
R, 16840
R, 16844
R, 16848
R, 16852
R, 16856
R, 16860
R, 16864
R, 16868
R, 16872
R, 16876
R, 16880
W, 16580, 3255
W, 16448, 738
R, 16452
R, 16456
R, 16460
R, 16460
R, 16464
R, 16468
R, 16472
R, 16476
R, 16480
R, 16484
R, 16488
R, 16492
R, 16496
R, 16500
R, 16504
R, 16508
R, 16512
R, 16516
R, 16520
R, 16524
R, 16528
R, 16532
R, 16536
R, 16540
R, 16544
R, 16548
R, 16552
R, 16556
R, 16556
R, 16560
R, 16564
R, 16568
R, 16572
R, 16576
R, 16580
R, 16584
R, 16588
R, 16592
R, 16596
R, 16600
R, 16600
R, 16604
R, 16608
R, 16612
R, 16616
R, 16620
R, 16624
R, 16628
R, 16632
R, 16636
R, 16640
R, 16644
R, 16648
R, 16652
R, 16656
R, 16660
R, 16664
R, 16668
R, 16672
R, 16676
R, 16680
R, 16684
R, 16688
R, 16692
R, 16696
R, 16700
R, 16704
R, 16708
R, 16712
R, 16716
R, 16720
R, 16724
R, 16728
R, 16732
R, 16736
R, 16740
R, 16744
R, 16748
R, 16752
R, 16756
R, 16760
R, 16764
R, 16768
R, 16772
R, 16776
R, 16780
R, 16784
R, 16788
R, 16792
R, 16796
R, 16800
R, 16804
R, 16808
R, 16812
R, 16816
R, 16820
R, 16824
R, 16828
R, 16832
R, 16836
R, 16840
R, 16844
R, 16848
R, 16852
R, 16856
R, 16860
R, 16864
R, 16868
R, 16872
R, 16876
R, 16880
W, 16600, 1884
W, 16452, 748
R, 16456
R, 16460
R, 16460
R, 16464
R, 16468
R, 16472
R, 16476
R, 16480
R, 16484
R, 16488
R, 16492
R, 16496
R, 16500
R, 16504
R, 16508
R, 16512
R, 16516
R, 16520
R, 16524
R, 16528
R, 16532
R, 16536
R, 16540
R, 16544
R, 16548
R, 16552
R, 16556
R, 16556
R, 16560
R, 16564
R, 16568
R, 16572
R, 16576
R, 16580
R, 16584
R, 16588
R, 16592
R, 16596
R, 16600
R, 16604
R, 16608
R, 16612
R, 16616
R, 16620
R, 16624
R, 16628
R, 16632
R, 16636
R, 16640
R, 16644
R, 16648
R, 16652
R, 16652
R, 16656
R, 16660
R, 16664
R, 16668
R, 16672
R, 16676
R, 16680
R, 16680
R, 16684
R, 16688
R, 16692
R, 16696
R, 16700
R, 16704
R, 16704
R, 16708
R, 16712
R, 16716
R, 16720
R, 16724
R, 16728
R, 16732
R, 16736
R, 16740
R, 16740
R, 16744
R, 16748
R, 16752
R, 16756
R, 16760
R, 16764
R, 16768
R, 16772
R, 16776
R, 16780
R, 16784
R, 16788
R, 16792
R, 16796
R, 16800
R, 16804
R, 16808
R, 16812
R, 16816
R, 16820
R, 16824
R, 16828
R, 16832
R, 16836
R, 16840
R, 16844
R, 16848
R, 16852
R, 16856
R, 16860
R, 16864
R, 16868
R, 16872
R, 16876
R, 16880
W, 16740, 2900
W, 16456, 832
R, 16460
R, 16464
R, 16468
R, 16472
R, 16476
R, 16480
R, 16484
R, 16488
R, 16492
R, 16496
R, 16500
R, 16504
R, 16508
R, 16512
R, 16516
R, 16520
R, 16524
R, 16528
R, 16532
R, 16536
R, 16540
R, 16544
R, 16548
R, 16552
R, 16556
R, 16556
R, 16560
R, 16564
R, 16568
R, 16572
R, 16576
R, 16580
R, 16584
R, 16588
R, 16592
R, 16596
R, 16600
R, 16604
R, 16608
R, 16612
R, 16616
R, 16620
R, 16624
R, 16628
R, 16632
R, 16636
R, 16640
R, 16644
R, 16648
R, 16652
R, 16652
R, 16656
R, 16660
R, 16664
R, 16668
R, 16672
R, 16676
R, 16680
R, 16680
R, 16684
R, 16688
R, 16692
R, 16696
R, 16700
R, 16704
R, 16704
R, 16708
R, 16712
R, 16716
R, 16720
R, 16724
R, 16728
R, 16732
R, 16736
R, 16740
R, 16744
R, 16748
R, 16752
R, 16756
R, 16760
R, 16764
R, 16768
R, 16772
R, 16776
R, 16780
R, 16784
R, 16788
R, 16792
R, 16796
R, 16800
R, 16804
R, 16808
R, 16812
R, 16816
R, 16820
R, 16824
R, 16828
R, 16832
R, 16836
R, 16840
R, 16844
R, 16848
R, 16852
R, 16856
R, 16860
R, 16864
R, 16868
R, 16872
R, 16876
R, 16880
W, 16704, 1236
W, 16460, 865
R, 16464
R, 16468
R, 16468
R, 16472
R, 16476
R, 16480
R, 16484
R, 16488
R, 16492
R, 16496
R, 16500
R, 16500
R, 16504
R, 16508
R, 16512
R, 16516
R, 16520
R, 16524
R, 16524
R, 16528
R, 16532
R, 16532
R, 16536
R, 16540
R, 16544
R, 16548
R, 16552
R, 16556
R, 16556
R, 16560
R, 16564
R, 16568
R, 16572
R, 16576
R, 16580
R, 16584
R, 16588
R, 16592
R, 16596
R, 16600
R, 16604
R, 16608
R, 16612
R, 16616
R, 16620
R, 16624
R, 16628
R, 16632
R, 16636
R, 16640
R, 16644
R, 16648
R, 16652
R, 16652
R, 16656
R, 16660
R, 16664
R, 16668
R, 16672
R, 16676
R, 16680
R, 16680
R, 16684
R, 16688
R, 16692
R, 16696
R, 16700
R, 16704
R, 16708
R, 16712
R, 16716
R, 16720
R, 16724
R, 16728
R, 16732
R, 16736
R, 16740
R, 16744
R, 16748
R, 16752
R, 16756
R, 16760
R, 16764
R, 16768
R, 16772
R, 16776
R, 16780
R, 16784
R, 16788
R, 16792
R, 16796
R, 16800
R, 16804
R, 16808
R, 16812
R, 16816
R, 16820
R, 16824
R, 16828
R, 16832
R, 16836
R, 16840
R, 16844
R, 16848
R, 16852
R, 16856
R, 16860
R, 16864
R, 16868
R, 16872
R, 16876
R, 16880
W, 16680, 2659
W, 16464, 1027
R, 16468
R, 16472
R, 16476
R, 16480
R, 16484
R, 16488
R, 16492
R, 16496
R, 16500
R, 16500
R, 16504
R, 16508
R, 16512
R, 16516
R, 16520
R, 16524
R, 16524
R, 16528
R, 16532
R, 16532
R, 16536
R, 16540
R, 16544
R, 16548
R, 16552
R, 16556
R, 16556
R, 16560
R, 16564
R, 16568
R, 16572
R, 16576
R, 16580
R, 16584
R, 16588
R, 16592
R, 16596
R, 16600
R, 16604
R, 16608
R, 16612
R, 16616
R, 16620
R, 16624
R, 16628
R, 16632
R, 16636
R, 16640
R, 16644
R, 16648
R, 16652
R, 16652
R, 16656
R, 16660
R, 16664
R, 16668
R, 16672
R, 16676
R, 16680
R, 16684
R, 16688
R, 16692
R, 16692
R, 16696
R, 16700
R, 16704
R, 16708
R, 16712
R, 16716
R, 16720
R, 16724
R, 16728
R, 16732
R, 16736
R, 16740
R, 16744
R, 16748
R, 16752
R, 16756
R, 16760
R, 16764
R, 16768
R, 16772
R, 16776
R, 16780
R, 16784
R, 16788
R, 16792
R, 16796
R, 16800
R, 16804
R, 16808
R, 16812
R, 16816
R, 16820
R, 16824
R, 16828
R, 16832
R, 16836
R, 16840
R, 16844
R, 16848
R, 16852
R, 16856
R, 16860
R, 16864
R, 16868
R, 16872
R, 16876
R, 16880
W, 16692, 1853
W, 16468, 1033
R, 16472
R, 16476
R, 16476
R, 16480
R, 16480
R, 16484
R, 16484
R, 16488
R, 16488
R, 16492
R, 16496
R, 16500
R, 16500
R, 16504
R, 16508
R, 16512
R, 16516
R, 16520
R, 16524
R, 16524
R, 16528
R, 16532
R, 16532
R, 16536
R, 16540
R, 16544
R, 16548
R, 16552
R, 16556
R, 16556
R, 16560
R, 16564
R, 16568
R, 16572
R, 16576
R, 16580
R, 16584
R, 16588
R, 16592
R, 16596
R, 16600
R, 16604
R, 16608
R, 16612
R, 16616
R, 16620
R, 16624
R, 16628
R, 16632
R, 16636
R, 16640
R, 16644
R, 16648
R, 16652
R, 16652
R, 16656
R, 16660
R, 16664
R, 16668
R, 16672
R, 16676
R, 16680
R, 16684
R, 16688
R, 16692
R, 16696
R, 16700
R, 16704
R, 16708
R, 16712
R, 16716
R, 16720
R, 16724
R, 16728
R, 16732
R, 16736
R, 16740
R, 16744
R, 16748
R, 16752
R, 16756
R, 16760
R, 16764
R, 16768
R, 16772
R, 16776
R, 16780
R, 16784
R, 16788
R, 16792
R, 16796
R, 16800
R, 16804
R, 16808
R, 16812
R, 16816
R, 16820
R, 16824
R, 16828
R, 16832
R, 16836
R, 16840
R, 16844
R, 16848
R, 16852
R, 16856
R, 16860
R, 16864
R, 16868
R, 16872
R, 16876
R, 16880
R, 16880
W, 16880, 4711
W, 16472, 1045
R, 16476
R, 16480
R, 16480
R, 16484
R, 16484
R, 16488
R, 16488
R, 16492
R, 16496
R, 16500
R, 16500
R, 16504
R, 16508
R, 16512
R, 16516
R, 16520
R, 16524
R, 16524
R, 16528
R, 16532
R, 16532
R, 16536
R, 16540
R, 16544
R, 16548
R, 16552
R, 16556
R, 16556
R, 16560
R, 16564
R, 16568
R, 16572
R, 16576
R, 16580
R, 16584
R, 16588
R, 16592
R, 16596
R, 16600
R, 16604
R, 16608
R, 16612
R, 16616
R, 16620
R, 16624
R, 16628
R, 16632
R, 16636
R, 16640
R, 16644
R, 16648
R, 16652
R, 16652
R, 16656
R, 16660
R, 16664
R, 16668
R, 16672
R, 16676
R, 16680
R, 16684
R, 16688
R, 16692
R, 16696
R, 16700
R, 16704
R, 16708
R, 16712
R, 16716
R, 16720
R, 16724
R, 16728
R, 16732
R, 16736
R, 16740
R, 16744
R, 16748
R, 16752
R, 16756
R, 16760
R, 16764
R, 16768
R, 16772
R, 16776
R, 16780
R, 16784
R, 16788
R, 16792
R, 16796
R, 16800
R, 16804
R, 16808
R, 16812
R, 16816
R, 16820
R, 16824
R, 16828
R, 16832
R, 16836
R, 16840
R, 16844
R, 16848
R, 16852
R, 16856
R, 16860
R, 16864
R, 16868
R, 16872
R, 16876
R, 16880
W, 16652, 4523
W, 16476, 1046
R, 16480
R, 16484
R, 16484
R, 16488
R, 16488
R, 16492
R, 16496
R, 16500
R, 16500
R, 16504
R, 16508
R, 16512
R, 16516
R, 16520
R, 16524
R, 16524
R, 16528
R, 16532
R, 16532
R, 16536
R, 16540
R, 16544
R, 16548
R, 16552
R, 16556
R, 16556
R, 16560
R, 16564
R, 16568
R, 16572
R, 16576
R, 16580
R, 16584
R, 16588
R, 16592
R, 16596
R, 16600
R, 16604
R, 16608
R, 16612
R, 16616
R, 16620
R, 16624
R, 16628
R, 16632
R, 16636
R, 16640
R, 16644
R, 16648
R, 16652
R, 16656
R, 16660
R, 16664
R, 16668
R, 16668
R, 16672
R, 16676
R, 16680
R, 16684
R, 16688
R, 16692
R, 16696
R, 16700
R, 16704
R, 16708
R, 16712
R, 16716
R, 16720
R, 16724
R, 16728
R, 16732
R, 16736
R, 16740
R, 16744
R, 16748
R, 16752
R, 16756
R, 16760
R, 16764
R, 16768
R, 16772
R, 16776
R, 16780
R, 16784
R, 16788
R, 16792
R, 16792
R, 16796
R, 16800
R, 16804
R, 16808
R, 16812
R, 16816
R, 16820
R, 16824
R, 16828
R, 16832
R, 16836
R, 16840
R, 16844
R, 16848
R, 16852
R, 16856
R, 16860
R, 16864
R, 16868
R, 16872
R, 16876
R, 16880
W, 16792, 3654
W, 16480, 1068
R, 16484
R, 16488
R, 16488
R, 16492
R, 16496
R, 16500
R, 16500
R, 16504
R, 16508
R, 16512
R, 16516
R, 16520
R, 16524
R, 16524
R, 16528
R, 16532
R, 16532
R, 16536
R, 16540
R, 16544
R, 16548
R, 16552
R, 16556
R, 16556
R, 16560
R, 16564
R, 16568
R, 16572
R, 16576
R, 16580
R, 16584
R, 16588
R, 16592
R, 16596
R, 16600
R, 16604
R, 16608
R, 16612
R, 16616
R, 16620
R, 16624
R, 16628
R, 16632
R, 16636
R, 16640
R, 16644
R, 16648
R, 16652
R, 16656
R, 16660
R, 16664
R, 16668
R, 16668
R, 16672
R, 16676
R, 16680
R, 16684
R, 16688
R, 16692
R, 16696
R, 16700
R, 16704
R, 16708
R, 16712
R, 16716
R, 16720
R, 16724
R, 16728
R, 16732
R, 16736
R, 16740
R, 16744
R, 16748
R, 16752
R, 16756
R, 16760
R, 16764
R, 16768
R, 16772
R, 16776
R, 16780
R, 16784
R, 16788
R, 16792
R, 16796
R, 16800
R, 16804
R, 16808
R, 16812
R, 16816
R, 16820
R, 16824
R, 16828
R, 16832
R, 16836
R, 16840
R, 16844
R, 16848
R, 16852
R, 16856
R, 16860
R, 16864
R, 16868
R, 16872
R, 16876
R, 16880
W, 16668, 2722
W, 16484, 1105
R, 16488
R, 16492
R, 16496
R, 16500
R, 16500
R, 16504
R, 16508
R, 16512
R, 16516
R, 16520
R, 16524
R, 16524
R, 16528
R, 16532
R, 16532
R, 16536
R, 16540
R, 16544
R, 16548
R, 16552
R, 16556
R, 16556
R, 16560
R, 16564
R, 16568
R, 16572
R, 16576
R, 16580
R, 16584
R, 16588
R, 16592
R, 16596
R, 16600
R, 16604
R, 16608
R, 16612
R, 16616
R, 16620
R, 16624
R, 16628
R, 16632
R, 16636
R, 16640
R, 16644
R, 16648
R, 16652
R, 16656
R, 16660
R, 16664
R, 16668
R, 16672
R, 16676
R, 16680
R, 16684
R, 16688
R, 16692
R, 16696
R, 16700
R, 16704
R, 16708
R, 16712
R, 16716
R, 16720
R, 16724
R, 16728
R, 16732
R, 16736
R, 16740
R, 16744
R, 16748
R, 16752
R, 16756
R, 16760
R, 16764
R, 16768
R, 16772
R, 16776
R, 16780
R, 16784
R, 16788
R, 16792
R, 16796
R, 16800
R, 16804
R, 16808
R, 16812
R, 16816
R, 16820
R, 16824
R, 16828
R, 16832
R, 16836
R, 16840
R, 16844
R, 16848
R, 16852
R, 16856
R, 16860
R, 16864
R, 16868
R, 16872
R, 16876
R, 16880
W, 16556, 2015
W, 16488, 1154
R, 16492
R, 16496
R, 16496
R, 16500
R, 16500
R, 16504
R, 16508
R, 16512
R, 16516
R, 16520
R, 16524
R, 16524
R, 16528
R, 16532
R, 16532
R, 16536
R, 16540
R, 16544
R, 16548
R, 16552
R, 16556
R, 16560
R, 16564
R, 16568
R, 16572
R, 16576
R, 16580
R, 16584
R, 16588
R, 16592
R, 16596
R, 16600
R, 16604
R, 16608
R, 16612
R, 16616
R, 16620
R, 16624
R, 16628
R, 16632
R, 16636
R, 16640
R, 16644
R, 16648
R, 16648
R, 16652
R, 16656
R, 16660
R, 16664
R, 16668
R, 16672
R, 16676
R, 16680
R, 16684
R, 16684
R, 16688
R, 16692
R, 16696
R, 16700
R, 16704
R, 16704
R, 16708
R, 16712
R, 16716
R, 16720
R, 16724
R, 16728
R, 16732
R, 16736
R, 16740
R, 16744
R, 16744
R, 16748
R, 16752
R, 16756
R, 16760
R, 16764
R, 16768
R, 16772
R, 16776
R, 16780
R, 16784
R, 16788
R, 16792
R, 16796
R, 16800
R, 16804
R, 16808
R, 16812
R, 16816
R, 16820
R, 16824
R, 16828
R, 16832
R, 16836
R, 16840
R, 16844
R, 16848
R, 16852
R, 16856
R, 16860
R, 16864
R, 16868
R, 16872
R, 16876
R, 16880
W, 16744, 4648
W, 16492, 1194
R, 16496
R, 16500
R, 16500
R, 16504
R, 16508
R, 16512
R, 16516
R, 16520
R, 16524
R, 16524
R, 16528
R, 16532
R, 16532
R, 16536
R, 16540
R, 16544
R, 16548
R, 16552
R, 16556
R, 16560
R, 16564
R, 16568
R, 16572
R, 16576
R, 16580
R, 16584
R, 16588
R, 16592
R, 16596
R, 16600
R, 16604
R, 16608
R, 16612
R, 16616
R, 16620
R, 16624
R, 16628
R, 16632
R, 16636
R, 16640
R, 16644
R, 16648
R, 16648
R, 16652
R, 16656
R, 16660
R, 16664
R, 16668
R, 16672
R, 16676
R, 16680
R, 16684
R, 16684
R, 16688
R, 16692
R, 16696
R, 16700
R, 16704
R, 16704
R, 16708
R, 16712
R, 16716
R, 16720
R, 16724
R, 16728
R, 16732
R, 16736
R, 16740
R, 16744
R, 16748
R, 16752
R, 16756
R, 16760
R, 16764
R, 16768
R, 16772
R, 16776
R, 16780
R, 16784
R, 16788
R, 16792
R, 16796
R, 16800
R, 16804
R, 16808
R, 16812
R, 16816
R, 16820
R, 16824
R, 16828
R, 16832
R, 16836
R, 16840
R, 16844
R, 16848
R, 16852
R, 16856
R, 16860
R, 16864
R, 16868
R, 16872
R, 16876
R, 16880
W, 16704, 2831
W, 16496, 1236
R, 16500
R, 16504
R, 16508
R, 16512
R, 16516
R, 16520
R, 16524
R, 16524
R, 16528
R, 16532
R, 16532
R, 16536
R, 16540
R, 16544
R, 16548
R, 16552
R, 16556
R, 16560
R, 16564
R, 16568
R, 16572
R, 16576
R, 16580
R, 16584
R, 16588
R, 16592
R, 16596
R, 16600
R, 16604
R, 16608
R, 16612
R, 16616
R, 16620
R, 16624
R, 16628
R, 16632
R, 16636
R, 16640
R, 16644
R, 16648
R, 16648
R, 16652
R, 16656
R, 16660
R, 16664
R, 16668
R, 16672
R, 16676
R, 16680
R, 16684
R, 16684
R, 16688
R, 16692
R, 16696
R, 16700
R, 16704
R, 16708
R, 16712
R, 16716
R, 16720
R, 16724
R, 16724
R, 16728
R, 16732
R, 16736
R, 16740
R, 16744
R, 16748
R, 16752
R, 16756
R, 16760
R, 16764
R, 16764
R, 16768
R, 16772
R, 16776
R, 16780
R, 16784
R, 16788
R, 16792
R, 16796
R, 16800
R, 16804
R, 16808
R, 16812
R, 16816
R, 16820
R, 16824
R, 16828
R, 16832
R, 16836
R, 16840
R, 16844
R, 16848
R, 16852
R, 16856
R, 16860
R, 16864
R, 16868
R, 16872
R, 16876
R, 16880
W, 16764, 1791
W, 16500, 1272
R, 16504
R, 16508
R, 16512
R, 16516
R, 16520
R, 16524
R, 16524
R, 16528
R, 16532
R, 16532
R, 16536
R, 16540
R, 16544
R, 16548
R, 16552
R, 16556
R, 16560
R, 16564
R, 16568
R, 16572
R, 16576
R, 16580
R, 16584
R, 16588
R, 16592
R, 16596
R, 16600
R, 16604
R, 16608
R, 16612
R, 16616
R, 16620
R, 16624
R, 16628
R, 16632
R, 16636
R, 16640
R, 16644
R, 16648
R, 16648
R, 16652
R, 16656
R, 16660
R, 16664
R, 16668
R, 16672
R, 16676
R, 16680
R, 16684
R, 16684
R, 16688
R, 16692
R, 16696
R, 16700
R, 16704
R, 16708
R, 16712
R, 16716
R, 16720
R, 16724
R, 16724
R, 16728
R, 16732
R, 16736
R, 16740
R, 16744
R, 16748
R, 16752
R, 16756
R, 16760
R, 16764
R, 16768
R, 16772
R, 16776
R, 16780
R, 16784
R, 16788
R, 16792
R, 16796
R, 16800
R, 16804
R, 16808
R, 16812
R, 16816
R, 16820
R, 16824
R, 16828
R, 16832
R, 16836
R, 16840
R, 16844
R, 16848
R, 16852
R, 16856
R, 16860
R, 16864
R, 16868
R, 16872
R, 16876
R, 16880
W, 16724, 2294
W, 16504, 1314
R, 16508
R, 16512
R, 16516
R, 16520
R, 16524
R, 16524
R, 16528
R, 16532
R, 16532
R, 16536
R, 16540
R, 16544
R, 16548
R, 16552
R, 16556
R, 16560
R, 16564
R, 16568
R, 16572
R, 16576
R, 16580
R, 16584
R, 16588
R, 16592
R, 16596
R, 16600
R, 16604
R, 16608
R, 16612
R, 16616
R, 16620
R, 16624
R, 16628
R, 16632
R, 16636
R, 16640
R, 16644
R, 16648
R, 16648
R, 16652
R, 16656
R, 16660
R, 16664
R, 16668
R, 16672
R, 16676
R, 16680
R, 16684
R, 16684
R, 16688
R, 16692
R, 16696
R, 16700
R, 16704
R, 16708
R, 16712
R, 16716
R, 16720
R, 16724
R, 16728
R, 16732
R, 16736
R, 16740
R, 16744
R, 16748
R, 16752
R, 16756
R, 16760
R, 16764
R, 16768
R, 16772
R, 16776
R, 16780
R, 16784
R, 16788
R, 16792
R, 16796
R, 16800
R, 16804
R, 16808
R, 16812
R, 16816
R, 16820
R, 16824
R, 16828
R, 16832
R, 16836
R, 16840
R, 16844
R, 16848
R, 16852
R, 16856
R, 16860
R, 16864
R, 16868
R, 16872
R, 16876
R, 16880
W, 16684, 3720
W, 16508, 1413
R, 16512
R, 16516
R, 16520
R, 16520
R, 16524
R, 16524
R, 16528
R, 16532
R, 16532
R, 16536
R, 16540
R, 16544
R, 16548
R, 16552
R, 16556
R, 16560
R, 16564
R, 16568
R, 16572
R, 16576
R, 16580
R, 16584
R, 16588
R, 16592
R, 16596
R, 16600
R, 16604
R, 16608
R, 16612
R, 16616
R, 16620
R, 16624
R, 16628
R, 16632
R, 16636
R, 16640
R, 16644
R, 16648
R, 16648
R, 16652
R, 16656
R, 16660
R, 16664
R, 16668
R, 16672
R, 16676
R, 16680
R, 16684
R, 16688
R, 16688
R, 16692
R, 16696
R, 16700
R, 16704
R, 16708
R, 16712
R, 16716
R, 16720
R, 16724
R, 16728
R, 16732
R, 16736
R, 16740
R, 16744
R, 16748
R, 16752
R, 16756
R, 16756
R, 16760
R, 16764
R, 16768
R, 16768
R, 16772
R, 16776
R, 16780
R, 16784
R, 16788
R, 16792
R, 16796
R, 16800
R, 16804
R, 16808
R, 16812
R, 16816
R, 16820
R, 16824
R, 16828
R, 16832
R, 16836
R, 16840
R, 16844
R, 16848
R, 16852
R, 16856
R, 16860
R, 16864
R, 16868
R, 16872
R, 16876
R, 16880
W, 16768, 4422
W, 16512, 1430
R, 16516
R, 16520
R, 16520
R, 16524
R, 16524
R, 16528
R, 16532
R, 16532
R, 16536
R, 16540
R, 16544
R, 16548
R, 16552
R, 16556
R, 16560
R, 16564
R, 16568
R, 16572
R, 16576
R, 16580
R, 16584
R, 16588
R, 16592
R, 16596
R, 16600
R, 16604
R, 16608
R, 16612
R, 16616
R, 16620
R, 16624
R, 16628
R, 16632
R, 16636
R, 16640
R, 16644
R, 16648
R, 16648
R, 16652
R, 16656
R, 16660
R, 16664
R, 16668
R, 16672
R, 16676
R, 16680
R, 16684
R, 16688
R, 16688
R, 16692
R, 16696
R, 16700
R, 16704
R, 16708
R, 16712
R, 16716
R, 16720
R, 16724
R, 16728
R, 16732
R, 16736
R, 16740
R, 16744
R, 16748
R, 16752
R, 16756
R, 16756
R, 16760
R, 16764
R, 16768
R, 16772
R, 16776
R, 16780
R, 16784
R, 16788
R, 16792
R, 16796
R, 16800
R, 16804
R, 16808
R, 16812
R, 16816
R, 16820
R, 16824
R, 16828
R, 16832
R, 16836
R, 16840
R, 16844
R, 16848
R, 16852
R, 16856
R, 16860
R, 16864
R, 16868
R, 16872
R, 16876
R, 16880
W, 16756, 4474
W, 16516, 1456
R, 16520
R, 16524
R, 16524
R, 16528
R, 16532
R, 16532
R, 16536
R, 16540
R, 16544
R, 16548
R, 16552
R, 16556
R, 16560
R, 16564
R, 16568
R, 16572
R, 16576
R, 16580
R, 16584
R, 16588
R, 16592
R, 16596
R, 16600
R, 16604
R, 16608
R, 16612
R, 16616
R, 16620
R, 16624
R, 16628
R, 16632
R, 16636
R, 16640
R, 16644
R, 16648
R, 16648
R, 16652
R, 16656
R, 16660
R, 16664
R, 16668
R, 16672
R, 16676
R, 16680
R, 16684
R, 16688
R, 16688
R, 16692
R, 16696
R, 16700
R, 16704
R, 16708
R, 16712
R, 16716
R, 16720
R, 16724
R, 16728
R, 16732
R, 16736
R, 16740
R, 16744
R, 16748
R, 16752
R, 16756
R, 16760
R, 16764
R, 16768
R, 16772
R, 16776
R, 16780
R, 16784
R, 16788
R, 16792
R, 16796
R, 16800
R, 16804
R, 16808
R, 16812
R, 16816
R, 16820
R, 16824
R, 16828
R, 16832
R, 16836
R, 16840
R, 16844
R, 16848
R, 16852
R, 16856
R, 16860
R, 16864
R, 16868
R, 16872
R, 16876
R, 16880
W, 16688, 3924
W, 16520, 1469
R, 16524
R, 16528
R, 16532
R, 16532
R, 16536
R, 16540
R, 16544
R, 16548
R, 16552
R, 16556
R, 16560
R, 16564
R, 16568
R, 16572
R, 16576
R, 16580
R, 16584
R, 16588
R, 16592
R, 16596
R, 16600
R, 16604
R, 16608
R, 16612
R, 16616
R, 16620
R, 16624
R, 16628
R, 16632
R, 16636
R, 16640
R, 16644
R, 16648
R, 16648
R, 16652
R, 16656
R, 16660
R, 16664
R, 16668
R, 16672
R, 16676
R, 16680
R, 16684
R, 16688
R, 16692
R, 16696
R, 16700
R, 16704
R, 16708
R, 16712
R, 16716
R, 16720
R, 16724
R, 16728
R, 16732
R, 16736
R, 16740
R, 16744
R, 16748
R, 16752
R, 16756
R, 16760
R, 16764
R, 16768
R, 16772
R, 16776
R, 16780
R, 16784
R, 16788
R, 16792
R, 16796
R, 16800
R, 16804
R, 16808
R, 16812
R, 16816
R, 16820
R, 16824
R, 16828
R, 16832
R, 16836
R, 16840
R, 16840
R, 16844
R, 16848
R, 16852
R, 16856
R, 16860
R, 16864
R, 16868
R, 16872
R, 16876
R, 16880
W, 16840, 1771
W, 16524, 1497
R, 16528
R, 16532
R, 16532
R, 16536
R, 16540
R, 16544
R, 16548
R, 16552
R, 16556
R, 16560
R, 16564
R, 16568
R, 16572
R, 16576
R, 16580
R, 16584
R, 16588
R, 16592
R, 16596
R, 16600
R, 16604
R, 16608
R, 16612
R, 16616
R, 16620
R, 16624
R, 16628
R, 16632
R, 16636
R, 16640
R, 16644
R, 16648
R, 16648
R, 16652
R, 16656
R, 16660
R, 16664
R, 16668
R, 16672
R, 16676
R, 16680
R, 16684
R, 16688
R, 16692
R, 16696
R, 16700
R, 16704
R, 16708
R, 16712
R, 16716
R, 16720
R, 16724
R, 16728
R, 16732
R, 16736
R, 16740
R, 16744
R, 16748
R, 16752
R, 16756
R, 16760
R, 16764
R, 16768
R, 16772
R, 16776
R, 16780
R, 16784
R, 16788
R, 16792
R, 16796
R, 16800
R, 16804
R, 16808
R, 16812
R, 16816
R, 16820
R, 16824
R, 16828
R, 16832
R, 16836
R, 16840
R, 16844
R, 16848
R, 16852
R, 16856
R, 16860
R, 16864
R, 16868
R, 16872
R, 16876
R, 16880
W, 16648, 3444
W, 16528, 1520
R, 16532
R, 16536
R, 16540
R, 16544
R, 16548
R, 16552
R, 16556
R, 16560
R, 16564
R, 16568
R, 16572
R, 16576
R, 16580
R, 16584
R, 16588
R, 16592
R, 16596
R, 16600
R, 16604
R, 16608
R, 16612
R, 16616
R, 16620
R, 16624
R, 16628
R, 16632
R, 16636
R, 16640
R, 16644
R, 16648
R, 16652
R, 16656
R, 16660
R, 16664
R, 16668
R, 16672
R, 16676
R, 16680
R, 16684
R, 16688
R, 16692
R, 16696
R, 16700
R, 16704
R, 16708
R, 16712
R, 16716
R, 16720
R, 16724
R, 16728
R, 16732
R, 16736
R, 16740
R, 16744
R, 16748
R, 16748
R, 16752
R, 16752
R, 16756
R, 16760
R, 16764
R, 16768
R, 16772
R, 16776
R, 16780
R, 16780
R, 16784
R, 16788
R, 16792
R, 16796
R, 16800
R, 16804
R, 16808
R, 16812
R, 16816
R, 16820
R, 16824
R, 16828
R, 16832
R, 16836
R, 16840
R, 16844
R, 16848
R, 16852
R, 16856
R, 16860
R, 16864
R, 16868
R, 16872
R, 16876
R, 16880
W, 16780, 1662
W, 16532, 1524
R, 16536
R, 16540
R, 16540
R, 16544
R, 16548
R, 16552
R, 16556
R, 16556
R, 16560
R, 16564
R, 16568
R, 16572
R, 16576
R, 16580
R, 16584
R, 16588
R, 16592
R, 16596
R, 16600
R, 16600
R, 16604
R, 16608
R, 16612
R, 16612
R, 16616
R, 16620
R, 16624
R, 16628
R, 16632
R, 16636
R, 16640
R, 16644
R, 16648
R, 16652
R, 16656
R, 16660
R, 16664
R, 16668
R, 16672
R, 16676
R, 16680
R, 16684
R, 16688
R, 16692
R, 16696
R, 16700
R, 16704
R, 16708
R, 16712
R, 16716
R, 16720
R, 16724
R, 16728
R, 16732
R, 16736
R, 16736
R, 16740
R, 16744
R, 16748
R, 16748
R, 16752
R, 16752
R, 16756
R, 16760
R, 16764
R, 16768
R, 16772
R, 16776
R, 16780
R, 16784
R, 16788
R, 16792
R, 16796
R, 16800
R, 16804
R, 16808
R, 16812
R, 16816
R, 16820
R, 16824
R, 16828
R, 16832
R, 16836
R, 16840
R, 16844
R, 16848
R, 16852
R, 16856
R, 16860
R, 16864
R, 16868
R, 16872
R, 16872
R, 16876
R, 16880
W, 16872, 2638
W, 16536, 1588
R, 16540
R, 16544
R, 16548
R, 16552
R, 16556
R, 16556
R, 16560
R, 16564
R, 16568
R, 16572
R, 16576
R, 16580
R, 16584
R, 16588
R, 16592
R, 16596
R, 16600
R, 16600
R, 16604
R, 16608
R, 16612
R, 16612
R, 16616
R, 16620
R, 16624
R, 16628
R, 16632
R, 16636
R, 16640
R, 16644
R, 16648
R, 16652
R, 16656
R, 16660
R, 16664
R, 16668
R, 16672
R, 16676
R, 16680
R, 16684
R, 16688
R, 16692
R, 16696
R, 16700
R, 16704
R, 16708
R, 16712
R, 16716
R, 16720
R, 16724
R, 16728
R, 16732
R, 16736
R, 16736
R, 16740
R, 16744
R, 16748
R, 16748
R, 16752
R, 16752
R, 16756
R, 16760
R, 16764
R, 16768
R, 16772
R, 16776
R, 16780
R, 16784
R, 16788
R, 16792
R, 16796
R, 16800
R, 16804
R, 16808
R, 16812
R, 16816
R, 16820
R, 16824
R, 16828
R, 16832
R, 16836
R, 16840
R, 16844
R, 16848
R, 16852
R, 16856
R, 16860
R, 16864
R, 16868
R, 16872
R, 16876
R, 16880
W, 16752, 2340
W, 16540, 1639
R, 16544
R, 16548
R, 16552
R, 16556
R, 16556
R, 16560
R, 16564
R, 16568
R, 16572
R, 16576
R, 16580
R, 16584
R, 16588
R, 16592
R, 16596
R, 16600
R, 16600
R, 16604
R, 16608
R, 16612
R, 16612
R, 16616
R, 16620
R, 16624
R, 16628
R, 16632
R, 16636
R, 16640
R, 16644
R, 16648
R, 16652
R, 16656
R, 16660
R, 16664
R, 16668
R, 16672
R, 16676
R, 16680
R, 16684
R, 16688
R, 16692
R, 16696
R, 16700
R, 16704
R, 16708
R, 16712
R, 16716
R, 16720
R, 16724
R, 16728
R, 16732
R, 16736
R, 16736
R, 16740
R, 16744
R, 16748
R, 16748
R, 16752
R, 16756
R, 16760
R, 16764
R, 16768
R, 16772
R, 16776
R, 16780
R, 16784
R, 16788
R, 16792
R, 16796
R, 16800
R, 16804
R, 16808
R, 16812
R, 16816
R, 16820
R, 16824
R, 16828
R, 16832
R, 16836
R, 16840
R, 16844
R, 16848
R, 16852
R, 16856
R, 16860
R, 16864
R, 16868
R, 16872
R, 16876
R, 16880
W, 16748, 3762
W, 16544, 1653
R, 16548
R, 16552
R, 16556
R, 16556
R, 16560
R, 16564
R, 16568
R, 16572
R, 16576
R, 16580
R, 16584
R, 16588
R, 16592
R, 16596
R, 16600
R, 16600
R, 16604
R, 16608
R, 16612
R, 16612
R, 16616
R, 16620
R, 16624
R, 16628
R, 16632
R, 16636
R, 16640
R, 16644
R, 16648
R, 16652
R, 16656
R, 16660
R, 16664
R, 16668
R, 16672
R, 16676
R, 16680
R, 16684
R, 16688
R, 16692
R, 16696
R, 16700
R, 16704
R, 16708
R, 16712
R, 16716
R, 16720
R, 16724
R, 16728
R, 16732
R, 16736
R, 16736
R, 16740
R, 16744
R, 16748
R, 16752
R, 16756
R, 16760
R, 16764
R, 16768
R, 16772
R, 16776
R, 16780
R, 16780
R, 16784
R, 16788
R, 16792
R, 16796
R, 16800
R, 16804
R, 16808
R, 16812
R, 16816
R, 16820
R, 16824
R, 16828
R, 16832
R, 16836
R, 16840
R, 16844
R, 16848
R, 16852
R, 16856
R, 16860
R, 16864
R, 16868
R, 16872
R, 16876
R, 16880
W, 16780, 4214
W, 16548, 1662
R, 16552
R, 16556
R, 16556
R, 16560
R, 16564
R, 16568
R, 16572
R, 16576
R, 16580
R, 16584
R, 16588
R, 16592
R, 16596
R, 16600
R, 16600
R, 16604
R, 16608
R, 16612
R, 16612
R, 16616
R, 16620
R, 16624
R, 16628
R, 16632
R, 16636
R, 16640
R, 16644
R, 16648
R, 16652
R, 16656
R, 16660
R, 16664
R, 16668
R, 16672
R, 16676
R, 16680
R, 16684
R, 16688
R, 16692
R, 16696
R, 16700
R, 16704
R, 16708
R, 16712
R, 16716
R, 16720
R, 16724
R, 16728
R, 16732
R, 16736
R, 16736
R, 16740
R, 16744
R, 16748
R, 16752
R, 16756
R, 16760
R, 16764
R, 16768
R, 16772
R, 16776
R, 16780
R, 16784
R, 16788
R, 16792
R, 16796
R, 16800
R, 16804
R, 16808
R, 16812
R, 16816
R, 16820
R, 16824
R, 16828
R, 16832
R, 16836
R, 16840
R, 16844
R, 16848
R, 16852
R, 16856
R, 16860
R, 16864
R, 16868
R, 16872
R, 16876
R, 16880
W, 16736, 4576
W, 16552, 1683
R, 16556
R, 16560
R, 16564
R, 16568
R, 16572
R, 16576
R, 16580
R, 16584
R, 16588
R, 16592
R, 16596
R, 16600
R, 16600
R, 16604
R, 16608
R, 16612
R, 16612
R, 16616
R, 16620
R, 16624
R, 16628
R, 16632
R, 16636
R, 16640
R, 16644
R, 16648
R, 16652
R, 16656
R, 16660
R, 16664
R, 16668
R, 16672
R, 16676
R, 16680
R, 16684
R, 16688
R, 16692
R, 16696
R, 16700
R, 16704
R, 16708
R, 16712
R, 16716
R, 16720
R, 16724
R, 16728
R, 16732
R, 16736
R, 16740
R, 16744
R, 16748
R, 16752
R, 16756
R, 16760
R, 16764
R, 16768
R, 16772
R, 16776
R, 16780
R, 16784
R, 16788
R, 16792
R, 16796
R, 16800
R, 16804
R, 16808
R, 16812
R, 16816
R, 16820
R, 16824
R, 16828
R, 16832
R, 16836
R, 16840
R, 16844
R, 16848
R, 16852
R, 16856
R, 16860
R, 16864
R, 16868
R, 16872
R, 16876
R, 16880
W, 16612, 2015
W, 16556, 1748
R, 16560
R, 16564
R, 16564
R, 16568
R, 16572
R, 16576
R, 16576
R, 16580
R, 16584
R, 16588
R, 16592
R, 16592
R, 16596
R, 16600
R, 16600
R, 16604
R, 16608
R, 16612
R, 16616
R, 16620
R, 16624
R, 16628
R, 16632
R, 16636
R, 16640
R, 16644
R, 16648
R, 16652
R, 16656
R, 16660
R, 16664
R, 16668
R, 16672
R, 16676
R, 16676
R, 16680
R, 16684
R, 16688
R, 16692
R, 16696
R, 16700
R, 16704
R, 16708
R, 16708
R, 16712
R, 16716
R, 16720
R, 16724
R, 16728
R, 16732
R, 16736
R, 16740
R, 16744
R, 16748
R, 16752
R, 16756
R, 16760
R, 16764
R, 16764
R, 16768
R, 16772
R, 16776
R, 16780
R, 16784
R, 16788
R, 16792
R, 16796
R, 16800
R, 16804
R, 16808
R, 16812
R, 16816
R, 16820
R, 16824
R, 16828
R, 16832
R, 16836
R, 16840
R, 16840
R, 16844
R, 16848
R, 16852
R, 16856
R, 16860
R, 16864
R, 16868
R, 16872
R, 16876
R, 16880
W, 16840, 4030
W, 16560, 1771
R, 16564
R, 16568
R, 16572
R, 16576
R, 16576
R, 16580
R, 16584
R, 16588
R, 16592
R, 16592
R, 16596
R, 16600
R, 16600
R, 16604
R, 16608
R, 16612
R, 16616
R, 16620
R, 16624
R, 16628
R, 16632
R, 16636
R, 16640
R, 16644
R, 16648
R, 16652
R, 16656
R, 16660
R, 16664
R, 16668
R, 16672
R, 16676
R, 16676
R, 16680
R, 16684
R, 16688
R, 16692
R, 16696
R, 16700
R, 16704
R, 16708
R, 16708
R, 16712
R, 16716
R, 16720
R, 16724
R, 16728
R, 16732
R, 16736
R, 16740
R, 16744
R, 16748
R, 16752
R, 16756
R, 16760
R, 16764
R, 16764
R, 16768
R, 16772
R, 16776
R, 16780
R, 16784
R, 16788
R, 16792
R, 16796
R, 16800
R, 16804
R, 16808
R, 16812
R, 16816
R, 16820
R, 16824
R, 16828
R, 16832
R, 16836
R, 16840
R, 16844
R, 16848
R, 16852
R, 16856
R, 16860
R, 16864
R, 16868
R, 16872
R, 16876
R, 16880
W, 16764, 2406
W, 16564, 1791
R, 16568
R, 16572
R, 16572
R, 16576
R, 16576
R, 16580
R, 16584
R, 16588
R, 16592
R, 16592
R, 16596
R, 16600
R, 16600
R, 16604
R, 16608
R, 16612
R, 16616
R, 16620
R, 16624
R, 16628
R, 16632
R, 16636
R, 16640
R, 16644
R, 16648
R, 16652
R, 16656
R, 16660
R, 16664
R, 16668
R, 16672
R, 16676
R, 16676
R, 16680
R, 16684
R, 16688
R, 16692
R, 16696
R, 16700
R, 16704
R, 16708
R, 16708
R, 16712
R, 16716
R, 16720
R, 16724
R, 16728
R, 16732
R, 16736
R, 16740
R, 16744
R, 16748
R, 16752
R, 16756
R, 16760
R, 16764
R, 16768
R, 16772
R, 16776
R, 16780
R, 16784
R, 16788
R, 16792
R, 16796
R, 16800
R, 16804
R, 16808
R, 16812
R, 16816
R, 16816
R, 16820
R, 16824
R, 16828
R, 16832
R, 16836
R, 16840
R, 16844
R, 16848
R, 16852
R, 16856
R, 16860
R, 16864
R, 16868
R, 16872
R, 16876
R, 16880
W, 16816, 4738
W, 16568, 1791
R, 16572
R, 16576
R, 16576
R, 16580
R, 16584
R, 16588
R, 16592
R, 16592
R, 16596
R, 16600
R, 16600
R, 16604
R, 16608
R, 16612
R, 16616
R, 16620
R, 16624
R, 16628
R, 16632
R, 16636
R, 16640
R, 16644
R, 16648
R, 16652
R, 16656
R, 16660
R, 16664
R, 16668
R, 16672
R, 16676
R, 16676
R, 16680
R, 16684
R, 16688
R, 16692
R, 16696
R, 16700
R, 16704
R, 16708
R, 16708
R, 16712
R, 16716
R, 16720
R, 16724
R, 16728
R, 16732
R, 16736
R, 16740
R, 16744
R, 16748
R, 16752
R, 16756
R, 16760
R, 16764
R, 16768
R, 16772
R, 16776
R, 16780
R, 16784
R, 16788
R, 16792
R, 16796
R, 16800
R, 16804
R, 16808
R, 16812
R, 16816
R, 16820
R, 16824
R, 16828
R, 16832
R, 16836
R, 16840
R, 16844
R, 16848
R, 16852
R, 16856
R, 16860
R, 16864
R, 16868
R, 16872
R, 16876
R, 16880
W, 16708, 3437
W, 16572, 1817
R, 16576
R, 16580
R, 16584
R, 16588
R, 16592
R, 16592
R, 16596
R, 16600
R, 16600
R, 16604
R, 16608
R, 16612
R, 16616
R, 16620
R, 16624
R, 16628
R, 16632
R, 16636
R, 16640
R, 16644
R, 16648
R, 16652
R, 16656
R, 16660
R, 16664
R, 16668
R, 16672
R, 16676
R, 16676
R, 16680
R, 16684
R, 16688
R, 16692
R, 16696
R, 16700
R, 16704
R, 16708
R, 16712
R, 16716
R, 16720
R, 16724
R, 16728
R, 16732
R, 16736
R, 16740
R, 16744
R, 16748
R, 16752
R, 16756
R, 16760
R, 16764
R, 16768
R, 16772
R, 16776
R, 16780
R, 16784
R, 16788
R, 16792
R, 16796
R, 16800
R, 16804
R, 16808
R, 16812
R, 16816
R, 16820
R, 16824
R, 16828
R, 16832
R, 16836
R, 16840
R, 16844
R, 16848
R, 16852
R, 16856
R, 16860
R, 16864
R, 16868
R, 16872
R, 16876
R, 16880
W, 16676, 2270
W, 16576, 1850
R, 16580
R, 16584
R, 16588
R, 16588
R, 16592
R, 16592
R, 16596
R, 16600
R, 16600
R, 16604
R, 16608
R, 16612
R, 16616
R, 16620
R, 16624
R, 16628
R, 16632
R, 16636
R, 16640
R, 16644
R, 16648
R, 16652
R, 16656
R, 16660
R, 16664
R, 16668
R, 16672
R, 16676
R, 16680
R, 16684
R, 16688
R, 16692
R, 16692
R, 16696
R, 16700
R, 16704
R, 16708
R, 16712
R, 16716
R, 16720
R, 16724
R, 16728
R, 16732
R, 16736
R, 16740
R, 16744
R, 16748
R, 16752
R, 16756
R, 16760
R, 16764
R, 16768
R, 16772
R, 16776
R, 16780
R, 16784
R, 16788
R, 16792
R, 16796
R, 16800
R, 16804
R, 16808
R, 16812
R, 16816
R, 16820
R, 16824
R, 16828
R, 16832
R, 16836
R, 16840
R, 16844
R, 16848
R, 16852
R, 16856
R, 16860
R, 16864
R, 16868
R, 16872
R, 16876
R, 16880
W, 16692, 3255
W, 16580, 1853
R, 16584
R, 16588
R, 16588
R, 16592
R, 16592
R, 16596
R, 16600
R, 16600
R, 16604
R, 16608
R, 16612
R, 16616
R, 16620
R, 16624
R, 16628
R, 16632
R, 16636
R, 16640
R, 16644
R, 16648
R, 16652
R, 16656
R, 16660
R, 16664
R, 16668
R, 16672
R, 16676
R, 16680
R, 16684
R, 16688
R, 16692
R, 16696
R, 16700
R, 16704
R, 16708
R, 16712
R, 16716
R, 16720
R, 16724
R, 16728
R, 16732
R, 16736
R, 16740
R, 16744
R, 16748
R, 16752
R, 16756
R, 16760
R, 16764
R, 16768
R, 16772
R, 16776
R, 16780
R, 16784
R, 16788
R, 16792
R, 16796
R, 16800
R, 16804
R, 16808
R, 16812
R, 16816
R, 16820
R, 16824
R, 16828
R, 16832
R, 16836
R, 16840
R, 16844
R, 16848
R, 16852
R, 16856
R, 16860
R, 16864
R, 16868
R, 16872
R, 16876
R, 16880
W, 16600, 4651
W, 16584, 1884
R, 16588
R, 16592
R, 16592
R, 16596
R, 16600
R, 16604
R, 16608
R, 16612
R, 16612
R, 16616
R, 16620
R, 16624
R, 16624
R, 16628
R, 16632
R, 16636
R, 16640
R, 16644
R, 16648
R, 16652
R, 16656
R, 16660
R, 16664
R, 16668
R, 16672
R, 16676
R, 16680
R, 16684
R, 16688
R, 16692
R, 16696
R, 16700
R, 16704
R, 16708
R, 16712
R, 16716
R, 16720
R, 16724
R, 16728
R, 16732
R, 16736
R, 16740
R, 16744
R, 16748
R, 16752
R, 16756
R, 16760
R, 16764
R, 16768
R, 16772
R, 16776
R, 16780
R, 16784
R, 16788
R, 16792
R, 16796
R, 16800
R, 16804
R, 16808
R, 16812
R, 16816
R, 16820
R, 16824
R, 16828
R, 16832
R, 16836
R, 16840
R, 16844
R, 16848
R, 16852
R, 16856
R, 16860
R, 16864
R, 16868
R, 16872
R, 16876
R, 16880
W, 16624, 2514
W, 16588, 1900
R, 16592
R, 16596
R, 16600
R, 16604
R, 16608
R, 16612
R, 16612
R, 16616
R, 16620
R, 16624
R, 16628
R, 16632
R, 16636
R, 16640
R, 16640
R, 16644
R, 16648
R, 16652
R, 16656
R, 16660
R, 16664
R, 16668
R, 16672
R, 16676
R, 16680
R, 16684
R, 16688
R, 16692
R, 16696
R, 16700
R, 16704
R, 16708
R, 16712
R, 16716
R, 16720
R, 16724
R, 16728
R, 16732
R, 16736
R, 16740
R, 16744
R, 16748
R, 16752
R, 16756
R, 16760
R, 16764
R, 16768
R, 16772
R, 16776
R, 16780
R, 16784
R, 16788
R, 16792
R, 16796
R, 16800
R, 16804
R, 16808
R, 16812
R, 16816
R, 16820
R, 16824
R, 16828
R, 16832
R, 16836
R, 16840
R, 16844
R, 16848
R, 16852
R, 16856
R, 16860
R, 16864
R, 16868
R, 16872
R, 16876
R, 16880
W, 16640, 2155
W, 16592, 1928
R, 16596
R, 16600
R, 16604
R, 16604
R, 16608
R, 16612
R, 16612
R, 16616
R, 16620
R, 16624
R, 16628
R, 16632
R, 16636
R, 16640
R, 16644
R, 16644
R, 16648
R, 16652
R, 16656
R, 16660
R, 16664
R, 16668
R, 16672
R, 16676
R, 16680
R, 16684
R, 16688
R, 16692
R, 16696
R, 16700
R, 16704
R, 16708
R, 16712
R, 16716
R, 16716
R, 16720
R, 16724
R, 16728
R, 16732
R, 16736
R, 16740
R, 16744
R, 16748
R, 16752
R, 16756
R, 16760
R, 16764
R, 16768
R, 16772
R, 16776
R, 16780
R, 16784
R, 16788
R, 16792
R, 16796
R, 16800
R, 16804
R, 16808
R, 16812
R, 16816
R, 16820
R, 16824
R, 16828
R, 16832
R, 16836
R, 16840
R, 16844
R, 16848
R, 16852
R, 16856
R, 16860
R, 16864
R, 16868
R, 16872
R, 16876
R, 16880
W, 16716, 4526
W, 16596, 1995
R, 16600
R, 16604
R, 16604
R, 16608
R, 16612
R, 16612
R, 16616
R, 16620
R, 16624
R, 16628
R, 16632
R, 16636
R, 16640
R, 16644
R, 16644
R, 16648
R, 16652
R, 16656
R, 16660
R, 16664
R, 16668
R, 16672
R, 16676
R, 16680
R, 16684
R, 16688
R, 16692
R, 16696
R, 16700
R, 16704
R, 16708
R, 16712
R, 16716
R, 16720
R, 16724
R, 16728
R, 16732
R, 16736
R, 16740
R, 16744
R, 16748
R, 16752
R, 16756
R, 16760
R, 16764
R, 16768
R, 16772
R, 16776
R, 16780
R, 16784
R, 16788
R, 16792
R, 16796
R, 16800
R, 16804
R, 16808
R, 16812
R, 16816
R, 16820
R, 16824
R, 16828
R, 16832
R, 16836
R, 16840
R, 16844
R, 16848
R, 16852
R, 16856
R, 16860
R, 16864
R, 16868
R, 16872
R, 16876
R, 16880
W, 16644, 4651
W, 16600, 2002
R, 16604
R, 16608
R, 16612
R, 16612
R, 16616
R, 16620
R, 16624
R, 16628
R, 16632
R, 16636
R, 16640
R, 16644
R, 16648
R, 16652
R, 16656
R, 16660
R, 16664
R, 16668
R, 16672
R, 16676
R, 16680
R, 16684
R, 16688
R, 16692
R, 16696
R, 16700
R, 16704
R, 16708
R, 16712
R, 16716
R, 16720
R, 16724
R, 16728
R, 16732
R, 16736
R, 16740
R, 16744
R, 16748
R, 16752
R, 16756
R, 16760
R, 16764
R, 16768
R, 16772
R, 16776
R, 16780
R, 16784
R, 16788
R, 16792
R, 16796
R, 16800
R, 16804
R, 16808
R, 16812
R, 16816
R, 16820
R, 16824
R, 16828
R, 16832
R, 16836
R, 16840
R, 16844
R, 16848
R, 16852
R, 16856
R, 16860
R, 16864
R, 16868
R, 16872
R, 16876
R, 16880
W, 16612, 3914
W, 16604, 2015
R, 16608
R, 16612
R, 16612
R, 16616
R, 16616
R, 16620
R, 16624
R, 16628
R, 16632
R, 16636
R, 16640
R, 16640
R, 16644
R, 16648
R, 16652
R, 16656
R, 16660
R, 16664
R, 16668
R, 16672
R, 16672
R, 16676
R, 16680
R, 16684
R, 16688
R, 16692
R, 16696
R, 16700
R, 16704
R, 16708
R, 16712
R, 16716
R, 16720
R, 16724
R, 16728
R, 16732
R, 16736
R, 16740
R, 16744
R, 16748
R, 16752
R, 16756
R, 16760
R, 16764
R, 16768
R, 16772
R, 16776
R, 16780
R, 16784
R, 16788
R, 16792
R, 16796
R, 16800
R, 16804
R, 16808
R, 16812
R, 16816
R, 16820
R, 16824
R, 16828
R, 16832
R, 16836
R, 16840
R, 16844
R, 16848
R, 16852
R, 16856
R, 16860
R, 16864
R, 16868
R, 16872
R, 16876
R, 16880
W, 16672, 4250
W, 16608, 2091
R, 16612
R, 16616
R, 16616
R, 16620
R, 16624
R, 16628
R, 16632
R, 16636
R, 16640
R, 16640
R, 16644
R, 16648
R, 16652
R, 16656
R, 16660
R, 16664
R, 16668
R, 16672
R, 16676
R, 16680
R, 16684
R, 16688
R, 16692
R, 16696
R, 16700
R, 16704
R, 16708
R, 16712
R, 16716
R, 16720
R, 16724
R, 16728
R, 16732
R, 16732
R, 16736
R, 16740
R, 16744
R, 16748
R, 16752
R, 16756
R, 16760
R, 16764
R, 16768
R, 16772
R, 16776
R, 16780
R, 16784
R, 16788
R, 16792
R, 16796
R, 16800
R, 16804
R, 16808
R, 16812
R, 16816
R, 16820
R, 16824
R, 16828
R, 16832
R, 16836
R, 16840
R, 16844
R, 16848
R, 16852
R, 16856
R, 16860
R, 16864
R, 16868
R, 16872
R, 16876
R, 16880
W, 16732, 3914
W, 16612, 2092
R, 16616
R, 16620
R, 16624
R, 16628
R, 16632
R, 16636
R, 16640
R, 16640
R, 16644
R, 16648
R, 16652
R, 16656
R, 16660
R, 16664
R, 16668
R, 16672
R, 16676
R, 16680
R, 16684
R, 16688
R, 16692
R, 16696
R, 16700
R, 16704
R, 16708
R, 16712
R, 16716
R, 16720
R, 16724
R, 16728
R, 16732
R, 16736
R, 16740
R, 16744
R, 16748
R, 16752
R, 16756
R, 16760
R, 16764
R, 16768
R, 16772
R, 16776
R, 16780
R, 16784
R, 16788
R, 16792
R, 16796
R, 16800
R, 16804
R, 16808
R, 16812
R, 16816
R, 16820
R, 16824
R, 16828
R, 16832
R, 16836
R, 16840
R, 16844
R, 16848
R, 16852
R, 16856
R, 16860
R, 16864
R, 16868
R, 16872
R, 16876
R, 16880
W, 16640, 2430
W, 16616, 2155
R, 16620
R, 16624
R, 16624
R, 16628
R, 16632
R, 16636
R, 16640
R, 16640
R, 16644
R, 16648
R, 16652
R, 16656
R, 16660
R, 16664
R, 16668
R, 16672
R, 16676
R, 16676
R, 16680
R, 16684
R, 16688
R, 16692
R, 16696
R, 16700
R, 16704
R, 16708
R, 16712
R, 16716
R, 16720
R, 16724
R, 16728
R, 16732
R, 16736
R, 16740
R, 16744
R, 16748
R, 16752
R, 16756
R, 16760
R, 16764
R, 16768
R, 16772
R, 16772
R, 16776
R, 16780
R, 16784
R, 16788
R, 16792
R, 16796
R, 16800
R, 16804
R, 16808
R, 16812
R, 16816
R, 16820
R, 16824
R, 16828
R, 16832
R, 16836
R, 16840
R, 16844
R, 16844
R, 16848
R, 16852
R, 16856
R, 16860
R, 16864
R, 16868
R, 16872
R, 16876
R, 16880
W, 16844, 3706
W, 16620, 2173
R, 16624
R, 16628
R, 16632
R, 16636
R, 16640
R, 16640
R, 16644
R, 16648
R, 16652
R, 16656
R, 16660
R, 16664
R, 16668
R, 16672
R, 16676
R, 16676
R, 16680
R, 16684
R, 16688
R, 16692
R, 16696
R, 16700
R, 16704
R, 16708
R, 16712
R, 16716
R, 16720
R, 16724
R, 16728
R, 16732
R, 16736
R, 16740
R, 16744
R, 16748
R, 16752
R, 16756
R, 16760
R, 16764
R, 16768
R, 16772
R, 16772
R, 16776
R, 16780
R, 16784
R, 16788
R, 16792
R, 16796
R, 16800
R, 16804
R, 16808
R, 16812
R, 16816
R, 16820
R, 16824
R, 16828
R, 16832
R, 16836
R, 16840
R, 16844
R, 16848
R, 16852
R, 16856
R, 16860
R, 16864
R, 16868
R, 16872
R, 16876
R, 16880
W, 16772, 2514
W, 16624, 2175
R, 16628
R, 16632
R, 16636
R, 16636
R, 16640
R, 16640
R, 16644
R, 16648
R, 16652
R, 16656
R, 16660
R, 16664
R, 16668
R, 16672
R, 16676
R, 16676
R, 16680
R, 16684
R, 16688
R, 16692
R, 16696
R, 16700
R, 16704
R, 16708
R, 16712
R, 16716
R, 16720
R, 16724
R, 16728
R, 16732
R, 16736
R, 16740
R, 16744
R, 16748
R, 16752
R, 16756
R, 16760
R, 16764
R, 16768
R, 16772
R, 16776
R, 16780
R, 16784
R, 16788
R, 16792
R, 16796
R, 16800
R, 16804
R, 16804
R, 16808
R, 16812
R, 16816
R, 16820
R, 16824
R, 16828
R, 16832
R, 16836
R, 16840
R, 16844
R, 16848
R, 16852
R, 16856
R, 16860
R, 16864
R, 16868
R, 16872
R, 16876
R, 16880
W, 16804, 3922
W, 16628, 2232
R, 16632
R, 16636
R, 16636
R, 16640
R, 16640
R, 16644
R, 16648
R, 16652
R, 16656
R, 16660
R, 16664
R, 16668
R, 16672
R, 16676
R, 16676
R, 16680
R, 16684
R, 16688
R, 16692
R, 16696
R, 16700
R, 16704
R, 16708
R, 16712
R, 16716
R, 16720
R, 16724
R, 16728
R, 16732
R, 16736
R, 16740
R, 16744
R, 16748
R, 16752
R, 16756
R, 16760
R, 16764
R, 16768
R, 16772
R, 16776
R, 16780
R, 16784
R, 16788
R, 16792
R, 16796
R, 16800
R, 16804
R, 16808
R, 16812
R, 16816
R, 16820
R, 16824
R, 16828
R, 16832
R, 16836
R, 16840
R, 16844
R, 16848
R, 16852
R, 16856
R, 16860
R, 16864
R, 16868
R, 16872
R, 16876
R, 16880
W, 16676, 4572
W, 16632, 2270
R, 16636
R, 16640
R, 16640
R, 16644
R, 16648
R, 16652
R, 16656
R, 16660
R, 16664
R, 16668
R, 16672
R, 16676
R, 16680
R, 16684
R, 16688
R, 16692
R, 16696
R, 16700
R, 16700
R, 16704
R, 16708
R, 16712
R, 16716
R, 16720
R, 16724
R, 16724
R, 16728
R, 16732
R, 16736
R, 16740
R, 16744
R, 16748
R, 16752
R, 16756
R, 16760
R, 16764
R, 16768
R, 16772
R, 16776
R, 16780
R, 16784
R, 16788
R, 16792
R, 16796
R, 16800
R, 16804
R, 16808
R, 16812
R, 16816
R, 16820
R, 16824
R, 16828
R, 16832
R, 16836
R, 16840
R, 16844
R, 16848
R, 16852
R, 16856
R, 16860
R, 16864
R, 16868
R, 16872
R, 16876
R, 16880
W, 16724, 3232
W, 16636, 2294
R, 16640
R, 16644
R, 16648
R, 16652
R, 16656
R, 16660
R, 16664
R, 16668
R, 16672
R, 16676
R, 16680
R, 16684
R, 16688
R, 16692
R, 16696
R, 16700
R, 16700
R, 16704
R, 16708
R, 16712
R, 16716
R, 16720
R, 16724
R, 16728
R, 16732
R, 16736
R, 16740
R, 16744
R, 16748
R, 16752
R, 16756
R, 16760
R, 16764
R, 16768
R, 16772
R, 16776
R, 16780
R, 16784
R, 16788
R, 16792
R, 16796
R, 16800
R, 16804
R, 16808
R, 16812
R, 16816
R, 16820
R, 16824
R, 16828
R, 16832
R, 16836
R, 16840
R, 16844
R, 16848
R, 16852
R, 16856
R, 16860
R, 16864
R, 16868
R, 16872
R, 16876
R, 16880
W, 16700, 2430
W, 16640, 2324
R, 16644
R, 16648
R, 16648
R, 16652
R, 16656
R, 16656
R, 16660
R, 16664
R, 16668
R, 16672
R, 16676
R, 16680
R, 16684
R, 16688
R, 16692
R, 16696
R, 16700
R, 16700
R, 16704
R, 16708
R, 16712
R, 16716
R, 16720
R, 16724
R, 16728
R, 16732
R, 16736
R, 16740
R, 16744
R, 16748
R, 16752
R, 16752
R, 16756
R, 16760
R, 16764
R, 16768
R, 16772
R, 16776
R, 16780
R, 16784
R, 16788
R, 16792
R, 16796
R, 16800
R, 16804
R, 16808
R, 16812
R, 16816
R, 16820
R, 16824
R, 16828
R, 16832
R, 16836
R, 16840
R, 16844
R, 16848
R, 16852
R, 16856
R, 16860
R, 16864
R, 16868
R, 16872
R, 16876
R, 16880
W, 16752, 4651
W, 16644, 2340
R, 16648
R, 16652
R, 16656
R, 16656
R, 16660
R, 16664
R, 16668
R, 16672
R, 16676
R, 16680
R, 16684
R, 16688
R, 16692
R, 16696
R, 16700
R, 16700
R, 16704
R, 16708
R, 16712
R, 16716
R, 16720
R, 16724
R, 16728
R, 16732
R, 16736
R, 16740
R, 16744
R, 16748
R, 16752
R, 16756
R, 16760
R, 16764
R, 16764
R, 16768
R, 16772
R, 16776
R, 16780
R, 16784
R, 16788
R, 16792
R, 16796
R, 16800
R, 16804
R, 16808
R, 16812
R, 16816
R, 16820
R, 16824
R, 16828
R, 16832
R, 16836
R, 16840
R, 16844
R, 16848
R, 16852
R, 16856
R, 16860
R, 16864
R, 16864
R, 16868
R, 16872
R, 16876
R, 16880
W, 16864, 3444
W, 16648, 2405
R, 16652
R, 16656
R, 16656
R, 16660
R, 16664
R, 16668
R, 16672
R, 16676
R, 16680
R, 16684
R, 16688
R, 16692
R, 16696
R, 16700
R, 16700
R, 16704
R, 16708
R, 16712
R, 16716
R, 16720
R, 16724
R, 16728
R, 16732
R, 16736
R, 16740
R, 16744
R, 16748
R, 16752
R, 16756
R, 16760
R, 16764
R, 16764
R, 16768
R, 16772
R, 16776
R, 16780
R, 16784
R, 16788
R, 16792
R, 16796
R, 16800
R, 16804
R, 16808
R, 16812
R, 16816
R, 16820
R, 16824
R, 16828
R, 16832
R, 16836
R, 16840
R, 16844
R, 16848
R, 16852
R, 16856
R, 16860
R, 16864
R, 16868
R, 16872
R, 16876
R, 16880
W, 16764, 4523
W, 16652, 2406
R, 16656
R, 16660
R, 16664
R, 16668
R, 16672
R, 16676
R, 16680
R, 16684
R, 16688
R, 16692
R, 16696
R, 16700
R, 16700
R, 16704
R, 16708
R, 16712
R, 16716
R, 16720
R, 16724
R, 16728
R, 16732
R, 16736
R, 16740
R, 16744
R, 16748
R, 16752
R, 16756
R, 16760
R, 16764
R, 16768
R, 16772
R, 16776
R, 16780
R, 16784
R, 16788
R, 16792
R, 16796
R, 16800
R, 16804
R, 16808
R, 16812
R, 16816
R, 16820
R, 16824
R, 16828
R, 16832
R, 16836
R, 16840
R, 16844
R, 16848
R, 16852
R, 16856
R, 16860
R, 16864
R, 16868
R, 16872
R, 16876
R, 16880
W, 16700, 2593
W, 16656, 2430
R, 16660
R, 16664
R, 16668
R, 16668
R, 16672
R, 16676
R, 16680
R, 16680
R, 16684
R, 16688
R, 16692
R, 16696
R, 16700
R, 16700
R, 16704
R, 16708
R, 16712
R, 16716
R, 16720
R, 16724
R, 16728
R, 16732
R, 16736
R, 16740
R, 16744
R, 16748
R, 16752
R, 16756
R, 16760
R, 16764
R, 16768
R, 16772
R, 16772
R, 16776
R, 16780
R, 16784
R, 16788
R, 16792
R, 16796
R, 16800
R, 16804
R, 16808
R, 16812
R, 16816
R, 16820
R, 16824
R, 16828
R, 16832
R, 16836
R, 16840
R, 16844
R, 16848
R, 16852
R, 16856
R, 16860
R, 16860
R, 16864
R, 16868
R, 16872
R, 16876
R, 16880
W, 16860, 3779
W, 16660, 2478
R, 16664
R, 16668
R, 16668
R, 16672
R, 16676
R, 16680
R, 16680
R, 16684
R, 16688
R, 16692
R, 16696
R, 16700
R, 16700
R, 16704
R, 16708
R, 16712
R, 16716
R, 16720
R, 16724
R, 16728
R, 16732
R, 16736
R, 16740
R, 16744
R, 16748
R, 16752
R, 16756
R, 16760
R, 16764
R, 16768
R, 16772
R, 16772
R, 16776
R, 16780
R, 16784
R, 16788
R, 16792
R, 16796
R, 16800
R, 16804
R, 16808
R, 16812
R, 16816
R, 16820
R, 16824
R, 16828
R, 16832
R, 16836
R, 16840
R, 16844
R, 16848
R, 16852
R, 16856
R, 16860
R, 16864
R, 16868
R, 16872
R, 16876
R, 16880
W, 16772, 4538
W, 16664, 2514
R, 16668
R, 16672
R, 16676
R, 16680
R, 16680
R, 16684
R, 16688
R, 16692
R, 16696
R, 16700
R, 16700
R, 16704
R, 16708
R, 16712
R, 16716
R, 16720
R, 16724
R, 16728
R, 16732
R, 16736
R, 16740
R, 16744
R, 16748
R, 16752
R, 16756
R, 16760
R, 16764
R, 16768
R, 16772
R, 16776
R, 16780
R, 16784
R, 16788
R, 16792
R, 16796
R, 16800
R, 16804
R, 16808
R, 16812
R, 16816
R, 16820
R, 16824
R, 16824
R, 16828
R, 16832
R, 16836
R, 16840
R, 16844
R, 16848
R, 16852
R, 16856
R, 16860
R, 16864
R, 16868
R, 16872
R, 16876
R, 16880
W, 16824, 2722
W, 16668, 2560
R, 16672
R, 16676
R, 16680
R, 16680
R, 16684
R, 16688
R, 16692
R, 16696
R, 16700
R, 16700
R, 16704
R, 16708
R, 16712
R, 16716
R, 16720
R, 16724
R, 16728
R, 16732
R, 16736
R, 16740
R, 16744
R, 16748
R, 16752
R, 16756
R, 16760
R, 16764
R, 16768
R, 16772
R, 16776
R, 16780
R, 16784
R, 16788
R, 16792
R, 16796
R, 16800
R, 16804
R, 16808
R, 16812
R, 16816
R, 16820
R, 16824
R, 16828
R, 16832
R, 16836
R, 16840
R, 16844
R, 16848
R, 16852
R, 16856
R, 16860
R, 16864
R, 16868
R, 16872
R, 16876
R, 16880
W, 16700, 4250
W, 16672, 2593
R, 16676
R, 16680
R, 16680
R, 16684
R, 16688
R, 16692
R, 16696
R, 16700
R, 16704
R, 16708
R, 16712
R, 16716
R, 16720
R, 16724
R, 16728
R, 16732
R, 16736
R, 16740
R, 16744
R, 16748
R, 16752
R, 16756
R, 16760
R, 16764
R, 16768
R, 16772
R, 16776
R, 16780
R, 16784
R, 16788
R, 16792
R, 16796
R, 16800
R, 16804
R, 16808
R, 16812
R, 16816
R, 16820
R, 16824
R, 16828
R, 16832
R, 16836
R, 16840
R, 16844
R, 16848
R, 16848
R, 16852
R, 16856
R, 16860
R, 16864
R, 16868
R, 16872
R, 16876
R, 16880
W, 16848, 4572
W, 16676, 2615
R, 16680
R, 16684
R, 16688
R, 16692
R, 16696
R, 16700
R, 16704
R, 16708
R, 16712
R, 16716
R, 16720
R, 16724
R, 16728
R, 16732
R, 16736
R, 16740
R, 16744
R, 16748
R, 16752
R, 16756
R, 16760
R, 16764
R, 16768
R, 16772
R, 16776
R, 16780
R, 16784
R, 16788
R, 16792
R, 16796
R, 16800
R, 16804
R, 16808
R, 16812
R, 16816
R, 16820
R, 16824
R, 16828
R, 16832
R, 16836
R, 16840
R, 16844
R, 16848
R, 16852
R, 16856
R, 16860
R, 16864
R, 16868
R, 16872
R, 16872
R, 16876
R, 16880
W, 16872, 2659
W, 16680, 2638
R, 16684
R, 16688
R, 16692
R, 16692
R, 16696
R, 16700
R, 16704
R, 16704
R, 16708
R, 16712
R, 16716
R, 16720
R, 16720
R, 16724
R, 16728
R, 16732
R, 16736
R, 16740
R, 16744
R, 16748
R, 16752
R, 16756
R, 16760
R, 16764
R, 16768
R, 16772
R, 16776
R, 16780
R, 16784
R, 16788
R, 16792
R, 16796
R, 16800
R, 16804
R, 16808
R, 16812
R, 16816
R, 16820
R, 16824
R, 16824
R, 16828
R, 16832
R, 16836
R, 16840
R, 16844
R, 16848
R, 16852
R, 16856
R, 16860
R, 16864
R, 16868
R, 16872
R, 16872
R, 16876
R, 16880
W, 16872, 3720
W, 16684, 2659
R, 16688
R, 16692
R, 16692
R, 16696
R, 16700
R, 16704
R, 16704
R, 16708
R, 16712
R, 16716
R, 16720
R, 16720
R, 16724
R, 16728
R, 16732
R, 16736
R, 16740
R, 16744
R, 16748
R, 16752
R, 16756
R, 16760
R, 16764
R, 16768
R, 16772
R, 16776
R, 16780
R, 16784
R, 16788
R, 16792
R, 16796
R, 16800
R, 16804
R, 16808
R, 16812
R, 16816
R, 16820
R, 16824
R, 16824
R, 16828
R, 16832
R, 16836
R, 16840
R, 16844
R, 16848
R, 16852
R, 16856
R, 16860
R, 16864
R, 16868
R, 16872
R, 16876
R, 16880
W, 16824, 3924
W, 16688, 2722
R, 16692
R, 16696
R, 16700
R, 16704
R, 16704
R, 16708
R, 16712
R, 16716
R, 16720
R, 16720
R, 16724
R, 16728
R, 16732
R, 16736
R, 16740
R, 16744
R, 16748
R, 16752
R, 16756
R, 16760
R, 16764
R, 16768
R, 16772
R, 16776
R, 16780
R, 16784
R, 16788
R, 16792
R, 16796
R, 16800
R, 16804
R, 16808
R, 16812
R, 16816
R, 16820
R, 16824
R, 16828
R, 16832
R, 16836
R, 16840
R, 16844
R, 16848
R, 16852
R, 16856
R, 16860
R, 16864
R, 16868
R, 16872
R, 16876
R, 16880
W, 16720, 3255
W, 16692, 2797
R, 16696
R, 16700
R, 16704
R, 16704
R, 16708
R, 16712
R, 16716
R, 16720
R, 16724
R, 16728
R, 16732
R, 16736
R, 16740
R, 16744
R, 16748
R, 16752
R, 16756
R, 16760
R, 16764
R, 16768
R, 16772
R, 16776
R, 16780
R, 16784
R, 16788
R, 16792
R, 16796
R, 16800
R, 16804
R, 16808
R, 16812
R, 16816
R, 16820
R, 16824
R, 16828
R, 16832
R, 16836
R, 16840
R, 16844
R, 16848
R, 16852
R, 16856
R, 16860
R, 16864
R, 16868
R, 16872
R, 16876
R, 16880
W, 16704, 3670
W, 16696, 2831
R, 16700
R, 16704
R, 16704
R, 16708
R, 16708
R, 16712
R, 16712
R, 16716
R, 16720
R, 16724
R, 16728
R, 16732
R, 16736
R, 16740
R, 16740
R, 16744
R, 16748
R, 16752
R, 16756
R, 16760
R, 16764
R, 16768
R, 16772
R, 16776
R, 16780
R, 16784
R, 16788
R, 16792
R, 16796
R, 16800
R, 16804
R, 16808
R, 16812
R, 16816
R, 16820
R, 16824
R, 16828
R, 16832
R, 16836
R, 16840
R, 16844
R, 16848
R, 16852
R, 16856
R, 16860
R, 16864
R, 16868
R, 16872
R, 16876
R, 16880
W, 16740, 4250
W, 16700, 2900
R, 16704
R, 16708
R, 16708
R, 16712
R, 16712
R, 16716
R, 16720
R, 16724
R, 16728
R, 16732
R, 16736
R, 16740
R, 16744
R, 16748
R, 16752
R, 16756
R, 16760
R, 16764
R, 16768
R, 16772
R, 16776
R, 16776
R, 16780
R, 16784
R, 16788
R, 16792
R, 16796
R, 16800
R, 16804
R, 16808
R, 16812
R, 16816
R, 16820
R, 16820
R, 16824
R, 16828
R, 16832
R, 16836
R, 16840
R, 16844
R, 16848
R, 16852
R, 16856
R, 16860
R, 16864
R, 16868
R, 16872
R, 16876
R, 16880
W, 16820, 3670
W, 16704, 2973
R, 16708
R, 16712
R, 16712
R, 16716
R, 16720
R, 16724
R, 16728
R, 16732
R, 16736
R, 16740
R, 16744
R, 16748
R, 16752
R, 16756
R, 16760
R, 16764
R, 16768
R, 16772
R, 16776
R, 16776
R, 16780
R, 16784
R, 16788
R, 16792
R, 16796
R, 16800
R, 16804
R, 16808
R, 16812
R, 16816
R, 16820
R, 16824
R, 16828
R, 16832
R, 16836
R, 16840
R, 16844
R, 16848
R, 16852
R, 16856
R, 16860
R, 16864
R, 16868
R, 16872
R, 16876
R, 16880
W, 16776, 3437
W, 16708, 3118
R, 16712
R, 16716
R, 16720
R, 16724
R, 16728
R, 16732
R, 16736
R, 16740
R, 16744
R, 16748
R, 16752
R, 16756
R, 16760
R, 16764
R, 16768
R, 16772
R, 16776
R, 16780
R, 16784
R, 16788
R, 16792
R, 16796
R, 16800
R, 16804
R, 16808
R, 16812
R, 16816
R, 16820
R, 16824
R, 16828
R, 16832
R, 16836
R, 16840
R, 16844
R, 16848
R, 16852
R, 16856
R, 16860
R, 16864
R, 16868
R, 16872
R, 16876
R, 16880
R, 16716
R, 16720
R, 16720
R, 16724
R, 16724
R, 16728
R, 16732
R, 16736
R, 16740
R, 16744
R, 16748
R, 16752
R, 16756
R, 16760
R, 16764
R, 16768
R, 16772
R, 16776
R, 16780
R, 16784
R, 16784
R, 16788
R, 16792
R, 16796
R, 16800
R, 16804
R, 16808
R, 16812
R, 16816
R, 16820
R, 16824
R, 16828
R, 16832
R, 16836
R, 16836
R, 16840
R, 16844
R, 16848
R, 16852
R, 16856
R, 16860
R, 16864
R, 16868
R, 16872
R, 16876
R, 16880
W, 16836, 4526
W, 16716, 3184
R, 16720
R, 16724
R, 16724
R, 16728
R, 16732
R, 16736
R, 16740
R, 16744
R, 16748
R, 16752
R, 16756
R, 16760
R, 16764
R, 16768
R, 16772
R, 16776
R, 16780
R, 16784
R, 16784
R, 16788
R, 16792
R, 16796
R, 16800
R, 16804
R, 16808
R, 16812
R, 16816
R, 16820
R, 16824
R, 16828
R, 16832
R, 16836
R, 16840
R, 16844
R, 16848
R, 16852
R, 16856
R, 16860
R, 16864
R, 16868
R, 16872
R, 16876
R, 16880
W, 16784, 3255
W, 16720, 3201
R, 16724
R, 16728
R, 16732
R, 16736
R, 16740
R, 16744
R, 16748
R, 16752
R, 16756
R, 16760
R, 16764
R, 16768
R, 16772
R, 16776
R, 16780
R, 16784
R, 16788
R, 16792
R, 16796
R, 16800
R, 16804
R, 16808
R, 16812
R, 16816
R, 16820
R, 16824
R, 16828
R, 16832
R, 16836
R, 16840
R, 16844
R, 16848
R, 16852
R, 16856
R, 16860
R, 16864
R, 16868
R, 16872
R, 16876
R, 16880
R, 16728
R, 16732
R, 16732
R, 16736
R, 16740
R, 16744
R, 16748
R, 16748
R, 16752
R, 16756
R, 16760
R, 16760
R, 16764
R, 16768
R, 16772
R, 16776
R, 16776
R, 16780
R, 16784
R, 16784
R, 16788
R, 16792
R, 16796
R, 16800
R, 16804
R, 16808
R, 16812
R, 16816
R, 16820
R, 16824
R, 16828
R, 16832
R, 16836
R, 16840
R, 16844
R, 16848
R, 16852
R, 16856
R, 16860
R, 16864
R, 16868
R, 16872
R, 16876
R, 16880
W, 16784, 4393
W, 16728, 3255
R, 16732
R, 16736
R, 16740
R, 16744
R, 16748
R, 16748
R, 16752
R, 16756
R, 16760
R, 16760
R, 16764
R, 16768
R, 16772
R, 16776
R, 16776
R, 16780
R, 16784
R, 16788
R, 16792
R, 16796
R, 16800
R, 16804
R, 16808
R, 16808
R, 16812
R, 16816
R, 16820
R, 16824
R, 16828
R, 16832
R, 16836
R, 16840
R, 16844
R, 16848
R, 16852
R, 16856
R, 16860
R, 16864
R, 16868
R, 16872
R, 16876
R, 16880
W, 16808, 3914
W, 16732, 3426
R, 16736
R, 16740
R, 16740
R, 16744
R, 16748
R, 16748
R, 16752
R, 16756
R, 16760
R, 16760
R, 16764
R, 16768
R, 16772
R, 16776
R, 16776
R, 16780
R, 16784
R, 16788
R, 16792
R, 16796
R, 16800
R, 16804
R, 16808
R, 16812
R, 16816
R, 16820
R, 16824
R, 16828
R, 16832
R, 16836
R, 16840
R, 16844
R, 16848
R, 16852
R, 16856
R, 16860
R, 16864
R, 16868
R, 16872
R, 16876
R, 16880
W, 16776, 4576
W, 16736, 3437
R, 16740
R, 16744
R, 16748
R, 16748
R, 16752
R, 16756
R, 16760
R, 16760
R, 16764
R, 16768
R, 16772
R, 16776
R, 16780
R, 16784
R, 16788
R, 16792
R, 16792
R, 16796
R, 16800
R, 16804
R, 16808
R, 16812
R, 16816
R, 16820
R, 16824
R, 16828
R, 16832
R, 16836
R, 16840
R, 16844
R, 16848
R, 16852
R, 16856
R, 16860
R, 16864
R, 16864
R, 16868
R, 16872
R, 16876
R, 16880
W, 16864, 4250
W, 16740, 3444
R, 16744
R, 16748
R, 16748
R, 16752
R, 16756
R, 16760
R, 16760
R, 16764
R, 16768
R, 16772
R, 16776
R, 16780
R, 16784
R, 16788
R, 16792
R, 16792
R, 16796
R, 16800
R, 16804
R, 16808
R, 16812
R, 16816
R, 16820
R, 16824
R, 16828
R, 16832
R, 16836
R, 16840
R, 16844
R, 16848
R, 16852
R, 16856
R, 16860
R, 16864
R, 16868
R, 16872
R, 16876
R, 16880
W, 16792, 4648
W, 16744, 3654
R, 16748
R, 16752
R, 16756
R, 16760
R, 16760
R, 16764
R, 16768
R, 16772
R, 16776
R, 16780
R, 16784
R, 16788
R, 16792
R, 16796
R, 16800
R, 16804
R, 16808
R, 16812
R, 16816
R, 16820
R, 16820
R, 16824
R, 16828
R, 16832
R, 16836
R, 16840
R, 16844
R, 16848
R, 16852
R, 16856
R, 16860
R, 16864
R, 16868
R, 16872
R, 16876
R, 16880
W, 16820, 3762
W, 16748, 3670
R, 16752
R, 16756
R, 16756
R, 16760
R, 16760
R, 16764
R, 16768
R, 16772
R, 16776
R, 16780
R, 16784
R, 16788
R, 16792
R, 16796
R, 16800
R, 16804
R, 16808
R, 16812
R, 16816
R, 16820
R, 16824
R, 16828
R, 16832
R, 16836
R, 16840
R, 16844
R, 16848
R, 16852
R, 16856
R, 16860
R, 16864
R, 16868
R, 16872
R, 16876
R, 16880
W, 16760, 4651
W, 16752, 3687
R, 16756
R, 16760
R, 16764
R, 16768
R, 16768
R, 16772
R, 16776
R, 16780
R, 16780
R, 16784
R, 16788
R, 16788
R, 16792
R, 16796
R, 16796
R, 16800
R, 16804
R, 16808
R, 16812
R, 16812
R, 16816
R, 16820
R, 16820
R, 16824
R, 16828
R, 16832
R, 16836
R, 16840
R, 16844
R, 16844
R, 16848
R, 16852
R, 16856
R, 16860
R, 16864
R, 16868
R, 16872
R, 16876
R, 16880
W, 16844, 4474
W, 16756, 3706
R, 16760
R, 16764
R, 16764
R, 16768
R, 16768
R, 16772
R, 16776
R, 16780
R, 16780
R, 16784
R, 16788
R, 16788
R, 16792
R, 16796
R, 16796
R, 16800
R, 16804
R, 16808
R, 16812
R, 16812
R, 16816
R, 16820
R, 16820
R, 16824
R, 16828
R, 16832
R, 16836
R, 16840
R, 16844
R, 16848
R, 16852
R, 16856
R, 16860
R, 16864
R, 16868
R, 16872
R, 16872
R, 16876
R, 16880
W, 16872, 4651
W, 16760, 3720
R, 16764
R, 16768
R, 16768
R, 16772
R, 16776
R, 16780
R, 16780
R, 16784
R, 16788
R, 16788
R, 16792
R, 16796
R, 16796
R, 16800
R, 16804
R, 16808
R, 16812
R, 16812
R, 16816
R, 16820
R, 16820
R, 16824
R, 16828
R, 16832
R, 16836
R, 16840
R, 16844
R, 16848
R, 16852
R, 16856
R, 16860
R, 16864
R, 16868
R, 16872
R, 16876
R, 16880
W, 16820, 4523
W, 16764, 3762
R, 16768
R, 16772
R, 16776
R, 16780
R, 16780
R, 16784
R, 16788
R, 16788
R, 16792
R, 16796
R, 16796
R, 16800
R, 16804
R, 16808
R, 16812
R, 16812
R, 16816
R, 16820
R, 16824
R, 16828
R, 16832
R, 16836
R, 16840
R, 16844
R, 16848
R, 16852
R, 16856
R, 16860
R, 16860
R, 16864
R, 16868
R, 16872
R, 16876
R, 16880
W, 16860, 4422
W, 16768, 3779
R, 16772
R, 16776
R, 16780
R, 16780
R, 16784
R, 16788
R, 16788
R, 16792
R, 16796
R, 16796
R, 16800
R, 16804
R, 16808
R, 16812
R, 16812
R, 16816
R, 16820
R, 16824
R, 16828
R, 16832
R, 16836
R, 16840
R, 16844
R, 16848
R, 16852
R, 16856
R, 16860
R, 16864
R, 16868
R, 16872
R, 16876
R, 16880
W, 16812, 4538
W, 16772, 3780
R, 16776
R, 16780
R, 16780
R, 16784
R, 16788
R, 16788
R, 16792
R, 16796
R, 16796
R, 16800
R, 16804
R, 16808
R, 16812
R, 16816
R, 16820
R, 16824
R, 16828
R, 16832
R, 16832
R, 16836
R, 16840
R, 16844
R, 16848
R, 16852
R, 16856
R, 16860
R, 16864
R, 16868
R, 16872
R, 16876
R, 16880
W, 16832, 4576
W, 16776, 3802
R, 16780
R, 16784
R, 16788
R, 16788
R, 16792
R, 16796
R, 16796
R, 16800
R, 16804
R, 16808
R, 16812
R, 16816
R, 16820
R, 16824
R, 16828
R, 16832
R, 16836
R, 16840
R, 16844
R, 16848
R, 16852
R, 16856
R, 16860
R, 16864
R, 16868
R, 16872
R, 16876
R, 16880
W, 16796, 4214
W, 16780, 3877
R, 16784
R, 16788
R, 16788
R, 16792
R, 16796
R, 16800
R, 16804
R, 16808
R, 16812
R, 16816
R, 16820
R, 16824
R, 16828
R, 16832
R, 16836
R, 16840
R, 16844
R, 16848
R, 16852
R, 16856
R, 16860
R, 16864
R, 16868
R, 16872
R, 16876
R, 16880
W, 16788, 4393
W, 16784, 3885
R, 16788
R, 16792
R, 16796
R, 16796
R, 16800
R, 16800
R, 16804
R, 16804
R, 16808
R, 16808
R, 16812
R, 16816
R, 16820
R, 16824
R, 16828
R, 16832
R, 16836
R, 16840
R, 16844
R, 16848
R, 16852
R, 16856
R, 16860
R, 16864
R, 16868
R, 16872
R, 16876
R, 16880
W, 16808, 4393
W, 16788, 3914
R, 16792
R, 16796
R, 16796
R, 16800
R, 16800
R, 16804
R, 16804
R, 16808
R, 16812
R, 16816
R, 16820
R, 16824
R, 16828
R, 16832
R, 16836
R, 16840
R, 16844
R, 16848
R, 16852
R, 16856
R, 16860
R, 16864
R, 16868
R, 16872
R, 16876
R, 16880
W, 16804, 4648
W, 16792, 3922
R, 16796
R, 16800
R, 16800
R, 16804
R, 16808
R, 16812
R, 16816
R, 16820
R, 16824
R, 16824
R, 16828
R, 16832
R, 16836
R, 16840
R, 16844
R, 16848
R, 16852
R, 16856
R, 16860
R, 16864
R, 16868
R, 16872
R, 16876
R, 16880
W, 16824, 4214
W, 16796, 3924
R, 16800
R, 16804
R, 16808
R, 16812
R, 16816
R, 16820
R, 16824
R, 16828
R, 16828
R, 16832
R, 16836
R, 16840
R, 16840
R, 16844
R, 16848
R, 16852
R, 16856
R, 16860
R, 16864
R, 16868
R, 16872
R, 16876
R, 16880
W, 16840, 4149
W, 16800, 4030
R, 16804
R, 16808
R, 16808
R, 16812
R, 16816
R, 16820
R, 16824
R, 16824
R, 16828
R, 16828
R, 16832
R, 16836
R, 16840
R, 16844
R, 16848
R, 16852
R, 16856
R, 16860
R, 16864
R, 16868
R, 16872
R, 16876
R, 16880
W, 16828, 4648
W, 16804, 4032
R, 16808
R, 16812
R, 16816
R, 16820
R, 16824
R, 16824
R, 16828
R, 16832
R, 16836
R, 16840
R, 16840
R, 16844
R, 16848
R, 16852
R, 16856
R, 16860
R, 16864
R, 16868
R, 16872
R, 16876
R, 16880
W, 16840, 4393
W, 16808, 4149
R, 16812
R, 16816
R, 16820
R, 16820
R, 16824
R, 16824
R, 16828
R, 16832
R, 16836
R, 16840
R, 16844
R, 16848
R, 16852
R, 16856
R, 16860
R, 16864
R, 16868
R, 16872
R, 16876
R, 16880
W, 16824, 4538
W, 16812, 4214
R, 16816
R, 16820
R, 16820
R, 16824
R, 16828
R, 16832
R, 16836
R, 16840
R, 16840
R, 16844
R, 16848
R, 16852
R, 16856
R, 16860
R, 16864
R, 16864
R, 16868
R, 16872
R, 16876
R, 16876
R, 16880
W, 16876, 4738
W, 16816, 4240
R, 16820
R, 16824
R, 16828
R, 16832
R, 16836
R, 16840
R, 16840
R, 16844
R, 16848
R, 16852
R, 16856
R, 16860
R, 16864
R, 16864
R, 16868
R, 16872
R, 16876
R, 16880
W, 16864, 4523
W, 16820, 4250
R, 16824
R, 16828
R, 16832
R, 16836
R, 16836
R, 16840
R, 16840
R, 16844
R, 16848
R, 16852
R, 16856
R, 16860
R, 16864
R, 16868
R, 16868
R, 16872
R, 16876
R, 16880
W, 16868, 4538
W, 16824, 4358
R, 16828
R, 16832
R, 16832
R, 16836
R, 16836
R, 16840
R, 16840
R, 16844
R, 16848
R, 16852
R, 16856
R, 16860
R, 16864
R, 16868
R, 16872
R, 16876
R, 16880
W, 16840, 4648
W, 16828, 4393
R, 16832
R, 16836
R, 16836
R, 16840
R, 16844
R, 16844
R, 16848
R, 16852
R, 16856
R, 16860
R, 16860
R, 16864
R, 16868
R, 16872
R, 16876
R, 16880
W, 16860, 4576
W, 16832, 4422
R, 16836
R, 16840
R, 16844
R, 16844
R, 16848
R, 16852
R, 16856
R, 16860
R, 16864
R, 16868
R, 16872
R, 16876
R, 16880
W, 16844, 4526
W, 16836, 4474
R, 16840
R, 16844
R, 16844
R, 16848
R, 16852
R, 16856
R, 16860
R, 16864
R, 16864
R, 16868
R, 16872
R, 16876
R, 16880
W, 16864, 4648
W, 16840, 4523
R, 16844
R, 16848
R, 16852
R, 16856
R, 16860
R, 16864
R, 16868
R, 16872
R, 16876
R, 16880
R, 16848
R, 16852
R, 16856
R, 16860
R, 16864
R, 16868
R, 16868
R, 16872
R, 16876
R, 16880
W, 16868, 4572
W, 16848, 4538
R, 16852
R, 16856
R, 16860
R, 16864
R, 16868
R, 16868
R, 16872
R, 16876
R, 16880
W, 16868, 4575
W, 16852, 4572
R, 16856
R, 16860
R, 16860
R, 16864
R, 16868
R, 16868
R, 16872
R, 16876
R, 16880
W, 16868, 4647
W, 16856, 4575
R, 16860
R, 16864
R, 16868
R, 16872
R, 16876
R, 16880
R, 16864
R, 16868
R, 16868
R, 16872
R, 16876
R, 16880
W, 16868, 4648
W, 16864, 4647
R, 16868
R, 16872
R, 16876
R, 16880
R, 16872
R, 16876
R, 16880
R, 16876
R, 16880
R, 16880
W, 16880, 4738
W, 16876, 4711